place_id,name,address,cuisine,parent_friendly_level,google_maps_url,phone,website_url,reservation_url
manual-little-tree-food-0km,小小樹食 0km 山物所,台北市大安區金山南路二段203巷34號,蔬食料理,高,https://www.google.com/maps/search/?api=1&query=%E5%B0%8F%E5%B0%8F%E6%A8%B9%E9%A3%9F%200km%20%E5%B1%B1%E7%89%A9%E6%89%80%20%E5%8F%B0%E5%8C%97%E5%B8%82%E5%A4%A7%E5%AE%89%E5%8D%80%E9%87%91%E5%B1%B1%E5%8D%97%E8%B7%AF%E4%BA%8C%E6%AE%B5203%E5%B7%B734%E8%99%9F,,,
manual-little-tree-food-daan,小小樹食 大安店,台北市大安區大安路一段116巷17號,蔬食料理,高,https://www.google.com/maps/search/?api=1&query=%E5%B0%8F%E5%B0%8F%E6%A8%B9%E9%A3%9F%20%E5%A4%A7%E5%AE%89%E5%BA%97%20%E5%8F%B0%E5%8C%97%E5%B8%82%E5%A4%A7%E5%AE%89%E5%8D%80%E5%A4%A7%E5%AE%89%E8%B7%AF%E4%B8%80%E6%AE%B5116%E5%B7%B717%E8%99%9F,,,
manual-little-tree-food-noke,小小樹食 忠泰店 NOKE,台北市中山區樂群三路200號4樓,蔬食料理,高,https://www.google.com/maps/search/?api=1&query=%E5%B0%8F%E5%B0%8F%E6%A8%B9%E9%A3%9F%20%E5%BF%A0%E6%B3%B0%E5%BA%97%20NOKE%20%E5%8F%B0%E5%8C%97%E5%B8%82%E4%B8%AD%E5%B1%B1%E5%8D%80%E6%A8%82%E7%BE%A4%E4%B8%89%E8%B7%AF200%E8%99%9F4%E6%A8%93,,,
manual-little-tree-food-dunnan,小小樹食 敦南店,台北市大安區敦化南路二段39-1號,蔬食料理,高,https://www.google.com/maps/search/?api=1&query=%E5%B0%8F%E5%B0%8F%E6%A8%B9%E9%A3%9F%20%E6%95%A6%E5%8D%97%E5%BA%97%20%E5%8F%B0%E5%8C%97%E5%B8%82%E5%A4%A7%E5%AE%89%E5%8D%80%E6%95%A6%E5%8C%96%E5%8D%97%E8%B7%AF%E4%BA%8C%E6%AE%B539-1%E8%99%9F,,,
manual-little-tree-food-breeze-nanshan,小小樹食 微風南山店,台北市信義區松智路17號6樓,蔬食料理,高,https://www.google.com/maps/search/?api=1&query=%E5%B0%8F%E5%B0%8F%E6%A8%B9%E9%A3%9F%20%E5%BE%AE%E9%A2%A8%E5%8D%97%E5%B1%B1%E5%BA%97%20%E5%8F%B0%E5%8C%97%E5%B8%82%E4%BF%A1%E7%BE%A9%E5%8D%80%E6%9D%BE%E6%99%BA%E8%B7%AF17%E8%99%9F6%E6%A8%93,,,
manual-little-tree-food-diamond-towers,小小樹食 Diamond Towers 店,台北市大安區忠孝東路三段268號4樓,蔬食料理,高,https://www.google.com/maps/search/?api=1&query=%E5%B0%8F%E5%B0%8F%E6%A8%B9%E9%A3%9F%20Diamond%20Towers%20%E5%8F%B0%E5%8C%97%E5%B8%82%E5%A4%A7%E5%AE%89%E5%8D%80%E5%BF%A0%E5%AD%9D%E6%9D%B1%E8%B7%AF%E4%B8%89%E6%AE%B5268%E8%99%9F4%E6%A8%93,,,
ChIJn56GqSWpQjQRWNpfqjw-qE8,小仺館ココクラ,108台灣臺北市萬華區西門里西寧南路88-1號2樓,日式料理,高,https://www.google.com/maps/search/?api=1&query=%E5%B0%8F%E4%BB%BA%E9%A4%A8%E3%82%B3%E3%82%B3%E3%82%AF%E3%83%A9&query_place_id=ChIJn56GqSWpQjQRWNpfqjw-qE8,,,
ChIJ-8zkfACvQjQRtnDVLroN020,小廚房,112台灣臺北市北投區立賢里承德路七段280巷11號,中式料理,高,https://www.google.com/maps/search/?api=1&query=%E5%B0%8F%E5%BB%9A%E6%88%BF&query_place_id=ChIJ-8zkfACvQjQRtnDVLroN020,,,
ChIJxyg5guSvQjQR3e_FtvpF9AU,瓦非屋,111台灣臺北市士林區福佳里承德路五段55號3F,咖啡廳,高,https://www.google.com/maps/search/?api=1&query=%E7%93%A6%E9%9D%9E%E5%B1%8B&query_place_id=ChIJxyg5guSvQjQR3e_FtvpF9AU,,,
ChIJTx9g6ImqQjQRS0zkHp2PCwM,老虎店,116台灣臺北市文山區萬興里新光路二段30號,咖啡廳,高,https://www.google.com/maps/search/?api=1&query=%E8%80%81%E8%99%8E%E5%BA%97&query_place_id=ChIJTx9g6ImqQjQRS0zkHp2PCwM,,,
ChIJNztb8TOvQjQR-JKZTFYMiPA,肉醬bar 披薩熱狗堡義大利麵（聚食光店B1）,111台灣臺北市士林區福佳里士商路189號B1,美式料理,高,https://www.google.com/maps/search/?api=1&query=%E8%82%89%E9%86%ACbar%20%E6%8A%AB%E8%96%A9%E7%86%B1%E7%8B%97%E5%A0%A1%E7%BE%A9%E5%A4%A7%E5%88%A9%E9%BA%B5%EF%BC%88%E8%81%9A%E9%A3%9F%E5%85%89%E5%BA%97B1%EF%BC%89&query_place_id=ChIJNztb8TOvQjQR-JKZTFYMiPA,,,
ChIJJXfzUy-vQjQRnDMCtQN-g_U,呀咪食堂,111台灣臺北市士林區福佳里承德路五段55號,中式料理,高,https://www.google.com/maps/search/?api=1&query=%E5%91%80%E5%92%AA%E9%A3%9F%E5%A0%82&query_place_id=ChIJJXfzUy-vQjQRnDMCtQN-g_U,,,
ChIJr1zL6w6pQjQR7vQtUE63e14,季然食事,"60之4號, 濟南路二段幸市里中正區臺北市台灣 100023",其他,高,https://www.google.com/maps/search/?api=1&query=%E5%AD%A3%E7%84%B6%E9%A3%9F%E4%BA%8B&query_place_id=ChIJr1zL6w6pQjQR7vQtUE63e14,,,
manual-jinguobei-hotpot-neihu,金鍋盃小火鍋,11452臺北市內湖區港華里環山路二段37號,火鍋,高,https://www.google.com/maps/search/?api=1&query=%E9%87%91%E9%8D%8B%E7%9B%83%E5%B0%8F%E7%81%AB%E9%8D%8B%2011452%E8%87%BA%E5%8C%97%E5%B8%82%E5%85%A7%E6%B9%96%E5%8D%80%E6%B8%AF%E8%8F%AF%E9%87%8C%E7%92%B0%E5%B1%B1%E8%B7%AF%E4%BA%8C%E6%AE%B537%E8%99%9F,,,
ChIJyRj-s-2pQjQR_24Q7W3V3l4,紅磡 新飲茶 （林森店）,10491台灣臺北市中山區林森北路263號2樓之1,港式料理,高,https://www.google.com/maps/place/%E7%B4%85%E7%A3%A1+%E6%96%B0%E9%A3%B2%E8%8C%B6/data=!4m2!3m1!1s0x3442a967d62b0b97:0xca98949838299fb1?sa=X&ved=1t:242&ictx=111,,,
ChIJ-V91x1auQjQR3ig2R0QvPLM,淳覺植饌咖啡坊,112台灣台北市北投区大同里育仁路16號3樓,咖啡廳,高,https://www.google.com/maps/search/?api=1&query=%E6%B7%B3%E8%A6%BA%E6%A4%8D%E9%A5%8C%E5%92%96%E5%95%A1%E5%9D%8A&query_place_id=ChIJ-V91x1auQjQR3ig2R0QvPLM,,,
manual-mwd-dazhi-zhifu,麥味登 大直植福店,台北市中山區北安路608巷5弄7號,早午餐,高,https://www.google.com/maps/search/?api=1&query=%E9%BA%A5%E5%91%B3%E7%99%BB%20%E5%A4%A7%E7%9B%B4%E6%A4%8D%E7%A6%8F%E5%BA%97,,,
ChIJpSEs6gCtQjQRG-t-O5vmldk,喜相逢麵館,114台灣臺北市內湖區五分里東湖路106巷7弄3號,中式料理,高,https://www.google.com/maps/search/?api=1&query=%E5%96%9C%E7%9B%B8%E9%80%A2%E9%BA%B5%E9%A4%A8&query_place_id=ChIJpSEs6gCtQjQRG-t-O5vmldk,,,
ChIJh09PZ5-pQjQRvA-lfoisNwc,晴朝本味,111台灣臺北市士林區仁勇里文林路80號1樓,早午餐,高,https://www.google.com/maps/search/?api=1&query=%E6%99%B4%E6%9C%9D%E6%9C%AC%E5%91%B3&query_place_id=ChIJh09PZ5-pQjQRvA-lfoisNwc,,,
ChIJU_siVgCpQjQRVOP33fclDeg,想家•饗家 家庭料理,100台灣臺北市中正區黎明里信陽街26-10號,中式料理,高,https://www.google.com/maps/search/?api=1&query=%E6%83%B3%E5%AE%B6%E2%80%A2%E9%A5%97%E5%AE%B6%20%E5%AE%B6%E5%BA%AD%E6%96%99%E7%90%86&query_place_id=ChIJU_siVgCpQjQRVOP33fclDeg,,,
ChIJybpQZV2vQjQRGEIYQ6T7QOk,義品院義大利麵,111台灣臺北市士林區福佳里承德路五段55號2樓,義大利料理,高,https://www.google.com/maps/search/?api=1&query=%E7%BE%A9%E5%93%81%E9%99%A2%E7%BE%A9%E5%A4%A7%E5%88%A9%E9%BA%B5&query_place_id=ChIJybpQZV2vQjQRGEIYQ6T7QOk,,,
ChIJ4f0XTJyvQjQRkZbOhd6LqgM,鼎豐FOOD,111台灣臺北市士林區福佳里承德路五段55號,吃到飽,高,https://www.google.com/maps/search/?api=1&query=%E9%BC%8E%E8%B1%90FOOD&query_place_id=ChIJ4f0XTJyvQjQRkZbOhd6LqgM,,,
ChIJzbdQk3SrQjQR3tQSV3Xo0Wg,暫停歇業,106台灣臺北市大安區光武里大安路一段31巷42號1樓,早午餐,高,https://www.google.com/maps/search/?api=1&query=%E6%9A%AB%E5%81%9C%E6%AD%87%E6%A5%AD&query_place_id=ChIJzbdQk3SrQjQR3tQSV3Xo0Wg,,,
ChIJf4_MRW6pQjQRQPr0ZtXPyHg,隨意小吃,10491台灣臺北市中山區正得里中山北路一段33巷10號,中式料理,高,https://www.google.com/maps/search/?api=1&query=%E9%9A%A8%E6%84%8F%E5%B0%8F%E5%90%83&query_place_id=ChIJf4_MRW6pQjQRQPr0ZtXPyHg,,,
ChIJ_wm5zH6pQjQReWdYJzi5AxY,隨意吧-公企店 Sui Business Lounge,106台灣臺北市大安區永康里金華街187號,義大利料理,高,https://www.google.com/maps/search/?api=1&query=%E9%9A%A8%E6%84%8F%E5%90%A7-%E5%85%AC%E4%BC%81%E5%BA%97%20Sui%20Business%20Lounge&query_place_id=ChIJ_wm5zH6pQjQReWdYJzi5AxY,,,
ChIJo1AkxEerQjQRqZifoDTKgEw,靜心苑,115台灣臺北市南港區昆陽街164號,茶館/輕食,高,https://www.google.com/maps/search/?api=1&query=%E9%9D%9C%E5%BF%83%E8%8B%91&query_place_id=ChIJo1AkxEerQjQRqZifoDTKgEw,,,
ChIJFe7qqgCrQjQRzlALrqyVN24,鴨覓 烤鴨餐廳 - 信義南山店,110台灣臺北市信義區西村里松智路17號B1,中式料理,高,https://www.google.com/maps/search/?api=1&query=%E9%B4%A8%E8%A6%93%20%E7%83%A4%E9%B4%A8%E9%A4%90%E5%BB%B3%20-%20%E4%BF%A1%E7%BE%A9%E5%8D%97%E5%B1%B1%E5%BA%97&query_place_id=ChIJFe7qqgCrQjQRzlALrqyVN24,,,
ChIJ6RM4d9-pQjQRKqFhR_gCMdI,默爾 pasta pizza(台北誠品南西店),10444台灣臺北市中山區民安里南京西路14號3樓,義大利料理,高,https://www.google.com/maps/search/?api=1&query=%E9%BB%98%E7%88%BE%20pasta%20pizza(%E5%8F%B0%E5%8C%97%E8%AA%A0%E5%93%81%E5%8D%97%E8%A5%BF%E5%BA%97)&query_place_id=ChIJ6RM4d9-pQjQRKqFhR_gCMdI,,,
ChIJeV5-UgCrQjQR_0JeHWyEkyg,默爾 pasta pizza(松山車站店),105台灣臺北市信義區慈祐里松山路11號,義大利料理,高,https://www.google.com/maps/search/?api=1&query=%E9%BB%98%E7%88%BE%20pasta%20pizza(%E6%9D%BE%E5%B1%B1%E8%BB%8A%E7%AB%99%E5%BA%97)&query_place_id=ChIJeV5-UgCrQjQR_0JeHWyEkyg,,,
ChIJA5yzqgGqQjQRCdLMEefq3TQ,龍哥食堂,116台灣臺北市文山區萬慶街17號,中式料理,高,https://www.google.com/maps/search/?api=1&query=%E9%BE%8D%E5%93%A5%E9%A3%9F%E5%A0%82&query_place_id=ChIJA5yzqgGqQjQRCdLMEefq3TQ,,,
ChIJGWgKS3SpQjQROonnyuoCVOk,龍爺鳳娘湯品 圓山店,10365台灣臺北市大同區至聖里民族西路63號,中式湯品,高,https://www.google.com/maps/search/?api=1&query=%E9%BE%8D%E7%88%BA%E9%B3%B3%E5%A8%98%E6%B9%AF%E5%93%81%20%E5%9C%93%E5%B1%B1%E5%BA%97&query_place_id=ChIJGWgKS3SpQjQROonnyuoCVOk,,,
ChIJrdjU38ipQjQRTAHafEjbUvY,優鮮主意 Premium Fruits · Private Members' Club,106台灣臺北市大安區民炤里信義路三段65號1樓,咖啡廳,高,https://www.google.com/maps/search/?api=1&query=%E5%84%AA%E9%AE%AE%E4%B8%BB%E6%84%8F%20Premium%20Fruits%20%C2%B7%20Private%20Members'%20Club&query_place_id=ChIJrdjU38ipQjQRTAHafEjbUvY,,,
ChIJXybHeYypQjQRDh4ENE2aX7g,嶼木islandwood,104001台灣臺北市中山區民安里華陰街26號,早午餐,高,https://www.google.com/maps/search/?api=1&query=%E5%B6%BC%E6%9C%A8islandwood&query_place_id=ChIJXybHeYypQjQRDh4ENE2aX7g,,,
ChIJ7aTC9I6pQjQRKtS6QmUbOvI,擱再來海鮮快炒店,100台灣台北市中正区文盛里罗斯福路三段244巷12-1號1樓,中式料理,高,https://www.google.com/maps/search/?api=1&query=%E6%93%B1%E5%86%8D%E4%BE%86%E6%B5%B7%E9%AE%AE%E5%BF%AB%E7%82%92%E5%BA%97&query_place_id=ChIJ7aTC9I6pQjQRKtS6QmUbOvI,,,
ChIJI3KteYKvQjQRqZbMhmM8xH8,櫛瓜咖啡 Zucchini Café,111台灣臺北市士林區天玉里天母西路35 號,咖啡廳,高,https://www.google.com/maps/search/?api=1&query=%E6%AB%9B%E7%93%9C%E5%92%96%E5%95%A1%20Zucchini%20Caf%C3%A9&query_place_id=ChIJI3KteYKvQjQRqZbMhmM8xH8,,,
ChIJtelRH0ipQjQRzR_TEitNmxM,蕗蕗花嘴 漢堡 附近早餐店,104台灣臺北市中山區松江路140巷12號,早午餐,高,https://www.google.com/maps/search/?api=1&query=%E8%95%97%E8%95%97%E8%8A%B1%E5%98%B4%20%E6%BC%A2%E5%A0%A1%20%E9%99%84%E8%BF%91%E6%97%A9%E9%A4%90%E5%BA%97&query_place_id=ChIJtelRH0ipQjQRzR_TEitNmxM,,,
ChIJweTZLl2rQjQRcPtOFR7TP4Q,薄多義 Bite2Eat 微風南山店,110台灣臺北市信義區西村里松智路17號5 樓,義大利料理,高,https://www.google.com/maps/search/?api=1&query=%E8%96%84%E5%A4%9A%E7%BE%A9%20Bite2Eat%20%E5%BE%AE%E9%A2%A8%E5%8D%97%E5%B1%B1%E5%BA%97&query_place_id=ChIJweTZLl2rQjQRcPtOFR7TP4Q,,,
ChIJNfAt5MSrQjQR-Z8NpMSCkjk,霞飛驛歐法西餐,106台灣臺北市大安區大學里新生南路三段60巷8號,義大利料理,高,https://www.google.com/maps/search/?api=1&query=%E9%9C%9E%E9%A3%9B%E9%A9%9B%E6%AD%90%E6%B3%95%E8%A5%BF%E9%A4%90&query_place_id=ChIJNfAt5MSrQjQR-Z8NpMSCkjk,,,
ChIJi0cR2fSvQjQRNuwpK9fh3ec,韓義廚房義大利麵,111台灣臺北市士林區文林路49號2樓,義大利料理,高,https://www.google.com/maps/search/?api=1&query=%E9%9F%93%E7%BE%A9%E5%BB%9A%E6%88%BF%E7%BE%A9%E5%A4%A7%E5%88%A9%E9%BA%B5&query_place_id=ChIJi0cR2fSvQjQRNuwpK9fh3ec,,,
ChIJ77D-LtWrQjQR3d0eh3LrLU4,餵我早餐 The Whale 公園店,106台灣臺北市大安區龍圖里建國南路二段11巷28號1樓,早午餐,高,https://www.google.com/maps/search/?api=1&query=%E9%A4%B5%E6%88%91%E6%97%A9%E9%A4%90%20The%20Whale%20%E5%85%AC%E5%9C%92%E5%BA%97&query_place_id=ChIJ77D-LtWrQjQR3d0eh3LrLU4,,,
ChIJdRzXYourQjQR1Gd-rRhgg3c,餵我早餐 The Whale 忠孝店,110台灣臺北市信義區廣居里忠孝東路五段252號,早午餐,高,https://www.google.com/maps/search/?api=1&query=%E9%A4%B5%E6%88%91%E6%97%A9%E9%A4%90%20The%20Whale%20%E5%BF%A0%E5%AD%9D%E5%BA%97&query_place_id=ChIJdRzXYourQjQR1Gd-rRhgg3c,,,
ChIJvZnB61etQjQRIWNoq4VhjOQ,鮮食早午餐,114台灣臺北市內湖區港富里內湖路二段51號,早午餐,高,https://www.google.com/maps/search/?api=1&query=%E9%AE%AE%E9%A3%9F%E6%97%A9%E5%8D%88%E9%A4%90&query_place_id=ChIJvZnB61etQjQRIWNoq4VhjOQ,,,
ChIJp3mUMN6tQjQR35PJqtDtbg4,鮮廚房,114台灣臺北市內湖區港富里內湖路一段737巷19弄4號,複合式餐廳,高,https://www.google.com/maps/search/?api=1&query=%E9%AE%AE%E5%BB%9A%E6%88%BF&query_place_id=ChIJp3mUMN6tQjQR35PJqtDtbg4,,,
ChIJCwY8XimvQjQRHq9RBs16-0Y,鴻屋蛋包飯,111台灣臺北市士林區福佳里承德路五段55號,日式料理,高,https://www.google.com/maps/search/?api=1&query=%E9%B4%BB%E5%B1%8B%E8%9B%8B%E5%8C%85%E9%A3%AF&query_place_id=ChIJCwY8XimvQjQRHq9RBs16-0Y,,,
ChIJ6Y9IWGCpQjQR_ca8Bpep1Ps,麋鹿祕密,104台灣臺北市中山區中央里伊通街66巷3-2號,義大利料理,高,https://www.google.com/maps/search/?api=1&query=%E9%BA%8B%E9%B9%BF%E7%A5%95%E5%AF%86&query_place_id=ChIJ6Y9IWGCpQjQR_ca8Bpep1Ps,,,
ChIJZ-xSZQ-rQjQRSYbXgt0Ka9A,擺渡冰室,116台灣臺北市文山區景華里景興路174號,中式料理,高,https://www.google.com/maps/search/?api=1&query=%E6%93%BA%E6%B8%A1%E5%86%B0%E5%AE%A4&query_place_id=ChIJZ-xSZQ-rQjQRSYbXgt0Ka9A,,,
ChIJfUVrPMarQjQRmQ87n-OVulo,薩朵披薩餐酒館,110台灣臺北市信義區松光里忠孝東路五段524巷26號,披薩,高,https://www.google.com/maps/search/?api=1&query=%E8%96%A9%E6%9C%B5%E6%8A%AB%E8%96%A9%E9%A4%90%E9%85%92%E9%A4%A8&query_place_id=ChIJfUVrPMarQjQRmQ87n-OVulo,,,
ChIJwx7gHg6pQjQRFOgurpQo4ew,薩莉亞 中山南京店,10444台灣臺北市中山區民安里中山北路一段152號地下1樓,義大利料理,高,https://www.google.com/maps/search/?api=1&query=%E8%96%A9%E8%8E%89%E4%BA%9E%20%E4%B8%AD%E5%B1%B1%E5%8D%97%E4%BA%AC%E5%BA%97&query_place_id=ChIJwx7gHg6pQjQRFOgurpQo4ew,,,
ChIJ5bobdoeuQjQRgaQTKLQaAkQ,薩莉亞 天母西路店,111台灣臺北市士林區天玉里天母西路13巷6號,義大利料理,高,https://www.google.com/maps/search/?api=1&query=%E8%96%A9%E8%8E%89%E4%BA%9E%20%E5%A4%A9%E6%AF%8D%E8%A5%BF%E8%B7%AF%E5%BA%97&query_place_id=ChIJ5bobdoeuQjQRgaQTKLQaAkQ,,,
ChIJqdsDgUmpQjQR2C7KTyATAqw,薩莉亞 台北館前店,100台灣臺北市中正區館前路6號3樓,義大利料理,高,https://www.google.com/maps/search/?api=1&query=%E8%96%A9%E8%8E%89%E4%BA%9E%20%E5%8F%B0%E5%8C%97%E9%A4%A8%E5%89%8D%E5%BA%97&query_place_id=ChIJqdsDgUmpQjQR2C7KTyATAqw,,,
ChIJC9sUawmpQjQRgZ9zXjfIOGs,薩莉亞 西門店,108台灣臺北市萬華區萬壽里峨眉街37號2樓,義大利料理,高,https://www.google.com/maps/search/?api=1&query=%E8%96%A9%E8%8E%89%E4%BA%9E%20%E8%A5%BF%E9%96%80%E5%BA%97&query_place_id=ChIJC9sUawmpQjQRgZ9zXjfIOGs,,,
ChIJY3elPuirQjQREatp4yzQoHY,薺元小館,105台灣臺北市松山區中華里南京東路四段19號,中式料理,高,https://www.google.com/maps/search/?api=1&query=%E8%96%BA%E5%85%83%E5%B0%8F%E9%A4%A8&query_place_id=ChIJY3elPuirQjQREatp4yzQoHY,,,
ChIJ9fOjOhKsQjQRL6BiIDTYm2M,豐 FOOD 海陸百匯,10491台灣臺北市中山區成功里植福路8號1樓,自助餐,高,https://www.google.com/maps/search/?api=1&query=%E8%B1%90%20FOOD%20%E6%B5%B7%E9%99%B8%E7%99%BE%E5%8C%AF&query_place_id=ChIJ9fOjOhKsQjQRL6BiIDTYm2M,,,
ChIJJwtHk5-pQjQR7H93GQhLUAk,豐田早餐店,100台灣臺北市中正區文盛里汀州路三段165號,早午餐,高,https://www.google.com/maps/search/?api=1&query=%E8%B1%90%E7%94%B0%E6%97%A9%E9%A4%90%E5%BA%97&query_place_id=ChIJJwtHk5-pQjQR7H93GQhLUAk,,,
ChIJ97_CUYKpQjQRoiw8x6BqopA,豐盛食堂,106台灣臺北市大安區永康里麗水街1之3號,中式料理,高,https://www.google.com/maps/search/?api=1&query=%E8%B1%90%E7%9B%9B%E9%A3%9F%E5%A0%82&query_place_id=ChIJ97_CUYKpQjQRoiw8x6BqopA,,,
ChIJK6DAeVCuQjQRaf0HHeCGHfc,轉角小市場,112台灣臺北市北投區長安里光明路148-1號,複合式料理,高,https://www.google.com/maps/search/?api=1&query=%E8%BD%89%E8%A7%92%E5%B0%8F%E5%B8%82%E5%A0%B4&query_place_id=ChIJK6DAeVCuQjQRaf0HHeCGHfc,,,
ChIJzTVNXFKrQjQRQwfTbuPs03w,轉角阿伯早餐店,116台灣臺北市文山區興得里興隆路三段36巷17弄1號,早午餐,高,https://www.google.com/maps/search/?api=1&query=%E8%BD%89%E8%A7%92%E9%98%BF%E4%BC%AF%E6%97%A9%E9%A4%90%E5%BA%97&query_place_id=ChIJzTVNXFKrQjQRQwfTbuPs03w,,,
ChIJKcS7n-6tQjQRbJt52ZpsE9A,轉角貓,114台灣臺北市內湖區紫星里成功路三段187巷3弄2號,複合式料理,高,https://www.google.com/maps/search/?api=1&query=%E8%BD%89%E8%A7%92%E8%B2%93&query_place_id=ChIJKcS7n-6tQjQRbJt52ZpsE9A,,,
ChIJzeidCZWrQjQRy9APT4x8Fb4,醬吃Brunch,104台灣臺北市中山區力行里朱崙街77號,早午餐,高,https://www.google.com/maps/search/?api=1&query=%E9%86%AC%E5%90%83Brunch&query_place_id=ChIJzeidCZWrQjQRy9APT4x8Fb4,,,
ChIJtdMuivSuQjQR3DBRxR2paUw,醬弄食居,112台灣臺北市北投區關渡里知行路293巷9弄25號,日式料理,高,https://www.google.com/maps/search/?api=1&query=%E9%86%AC%E5%BC%84%E9%A3%9F%E5%B1%85&query_place_id=ChIJtdMuivSuQjQR3DBRxR2paUw,,,
ChIJgbsfD3GpQjQR7z5ZO22KdVQ,雙月食品社 青島店,100台灣臺北市中正區青島東路6之2號,中式料理,高,https://www.google.com/maps/search/?api=1&query=%E9%9B%99%E6%9C%88%E9%A3%9F%E5%93%81%E7%A4%BE%20%E9%9D%92%E5%B3%B6%E5%BA%97&query_place_id=ChIJgbsfD3GpQjQR7z5ZO22KdVQ,,,
ChIJu98loqipQjQRF3IXpB6aGI8,雙月食品社 濟南店,100台灣臺北市中正區濟南路一段7號1樓,中式料理,高,https://www.google.com/maps/search/?api=1&query=%E9%9B%99%E6%9C%88%E9%A3%9F%E5%93%81%E7%A4%BE%20%E6%BF%9F%E5%8D%97%E5%BA%97&query_place_id=ChIJu98loqipQjQRF3IXpB6aGI8,,,
ChIJXSmvd0WvQjQR2Fnf2iVqdig,雙喵星球蔬食日常,111台灣臺北市士林區舊佳里美德街104號,蔬食料理,高,https://www.google.com/maps/search/?api=1&query=%E9%9B%99%E5%96%B5%E6%98%9F%E7%90%83%E8%94%AC%E9%A3%9F%E6%97%A5%E5%B8%B8&query_place_id=ChIJXSmvd0WvQjQR2Fnf2iVqdig,,,
ChIJU09lSJqpQjQR0DsiKqtRtGY,雙囍家常料理,100台灣臺北市中正區南福里羅斯福路二段48巷2號,中式料理,高,https://www.google.com/maps/search/?api=1&query=%E9%9B%99%E5%9B%8D%E5%AE%B6%E5%B8%B8%E6%96%99%E7%90%86&query_place_id=ChIJU09lSJqpQjQR0DsiKqtRtGY,,,
ChIJ6yJJIGWqQjQRk0JZXZX_-p0,龎家肉羹,116台灣臺北市文山區萬興里新光路一段193號,台式小吃,高,https://www.google.com/maps/search/?api=1&query=%E9%BE%8E%E5%AE%B6%E8%82%89%E7%BE%B9&query_place_id=ChIJ6yJJIGWqQjQRk0JZXZX_-p0,,,
ChIJ9SDLtY-tQjQRdnGfty7CCds,懶的鳥小姐,114台灣臺北市內湖區安湖里東湖路113巷5弄21號,早午餐,高,https://www.google.com/maps/search/?api=1&query=%E6%87%B6%E7%9A%84%E9%B3%A5%E5%B0%8F%E5%A7%90&query_place_id=ChIJ9SDLtY-tQjQRdnGfty7CCds,,,
ChIJjaBD1pesQjQR5kh7-GQFnDU,羅丹薩咖啡,114台灣臺北市內湖區葫洲里康寧路三段16巷28號隔壁,咖啡廳,高,https://www.google.com/maps/search/?api=1&query=%E7%BE%85%E4%B8%B9%E8%96%A9%E5%92%96%E5%95%A1&query_place_id=ChIJjaBD1pesQjQR5kh7-GQFnDU,,,
ChIJ38GxM02pQjQR73l9MlYgclQ,羅素義式簡餐,100台灣臺北市中正區羅斯福路四段92號1號樓80號攤位,義大利料理,高,https://www.google.com/maps/search/?api=1&query=%E7%BE%85%E7%B4%A0%E7%BE%A9%E5%BC%8F%E7%B0%A1%E9%A4%90&query_place_id=ChIJ38GxM02pQjQR73l9MlYgclQ,,,
ChIJ4aYSmbevQjQR1oC9MclnE58,關渡 宇弘越南美食,112台灣臺北市北投區一德里大度路三段296巷5號,越南料理,高,https://www.google.com/maps/search/?api=1&query=%E9%97%9C%E6%B8%A1%20%E5%AE%87%E5%BC%98%E8%B6%8A%E5%8D%97%E7%BE%8E%E9%A3%9F&query_place_id=ChIJ4aYSmbevQjQR1oC9MclnE58,,,
ChIJnxbWNYypQjQR2K598VfD3D4,麗江雲南美食小館,100台灣臺北市中正區文盛里汀州路三段83號,中式料理,高,https://www.google.com/maps/search/?api=1&query=%E9%BA%97%E6%B1%9F%E9%9B%B2%E5%8D%97%E7%BE%8E%E9%A3%9F%E5%B0%8F%E9%A4%A8&query_place_id=ChIJnxbWNYypQjQR2K598VfD3D4,,,
ChIJVSlgImqtQjQRbQdqBcuQMuo,寶貝餓餓,114台灣臺北市內湖區紫雲里康寧路一段153號1樓,早午餐,高,https://www.google.com/maps/search/?api=1&query=%E5%AF%B6%E8%B2%9D%E9%A4%93%E9%A4%93&query_place_id=ChIJVSlgImqtQjQRbQdqBcuQMuo,,,
ChIJi-PW0vauQjQRfLRA18PEfyM,寶堡飽複合式早餐,112台灣臺北市北投區立農里立農街一段279巷2弄1號,早午餐,高,https://www.google.com/maps/search/?api=1&query=%E5%AF%B6%E5%A0%A1%E9%A3%BD%E8%A4%87%E5%90%88%E5%BC%8F%E6%97%A9%E9%A4%90&query_place_id=ChIJi-PW0vauQjQRfLRA18PEfyM,,,
ChIJJwMI43OpQjQRwwiSvnmKVyk,蘇杭餐廳 濟南店,100台灣臺北市中正區濟南路一段2-1號,中式料理,高,https://www.google.com/maps/search/?api=1&query=%E8%98%87%E6%9D%AD%E9%A4%90%E5%BB%B3%20%E6%BF%9F%E5%8D%97%E5%BA%97&query_place_id=ChIJJwMI43OpQjQRwwiSvnmKVyk,,,
ChIJYUGWzJupQjQR30LzEzBzJFM,蘇杭點心店,100台灣臺北市中正區羅斯福路二段14號,中式料理,高,https://www.google.com/maps/search/?api=1&query=%E8%98%87%E6%9D%AD%E9%BB%9E%E5%BF%83%E5%BA%97&query_place_id=ChIJYUGWzJupQjQR30LzEzBzJFM,,,
ChIJucJi0cerQjQRFkntsjnV2U8,蘇阿姨比薩屋,106台灣臺北市大安區正聲里光復南路300號,披薩,高,https://www.google.com/maps/search/?api=1&query=%E8%98%87%E9%98%BF%E5%A7%A8%E6%AF%94%E8%96%A9%E5%B1%8B&query_place_id=ChIJucJi0cerQjQRFkntsjnV2U8,,,
ChIJw5OJncirQjQR0tZoHi8PCDI,蘑蔬室 素食窯烤披薩 PIZZA,110台灣臺北市信義區景勤里吳興街156巷7弄6號,蔬食料理,高,https://www.google.com/maps/search/?api=1&query=%E8%98%91%E8%94%AC%E5%AE%A4%20%E7%B4%A0%E9%A3%9F%E7%AA%AF%E7%83%A4%E6%8A%AB%E8%96%A9%20PIZZA&query_place_id=ChIJw5OJncirQjQR0tZoHi8PCDI,,,
ChIJB0PpcUKrQjQRuJ-11m16YlU,覺旅咖啡 Journey Kaffe 南京復興店,105台灣臺北市松山區中正里南京東路三段303巷8弄7號1樓,咖啡廳,高,https://www.google.com/maps/search/?api=1&query=%E8%A6%BA%E6%97%85%E5%92%96%E5%95%A1%20Journey%20Kaffe%20%E5%8D%97%E4%BA%AC%E5%BE%A9%E8%88%88%E5%BA%97&query_place_id=ChIJB0PpcUKrQjQRuJ-11m16YlU,,,
ChIJu9DoyWKrQjQRMeB_-K04hSg,麵匡匡拉麵食堂 台北光復北店,105台灣臺北市松山區吉祥里光復北路11巷76號,拉麵,高,https://www.google.com/maps/search/?api=1&query=%E9%BA%B5%E5%8C%A1%E5%8C%A1%E6%8B%89%E9%BA%B5%E9%A3%9F%E5%A0%82%20%E5%8F%B0%E5%8C%97%E5%85%89%E5%BE%A9%E5%8C%97%E5%BA%97&query_place_id=ChIJu9DoyWKrQjQRMeB_-K04hSg,,,
ChIJY9f_UFqrQjQR42JiINXHQjY,麵匡匡拉麵食堂 捷運景美店,116台灣臺北市文山區景文街21號,拉麵,高,https://www.google.com/maps/search/?api=1&query=%E9%BA%B5%E5%8C%A1%E5%8C%A1%E6%8B%89%E9%BA%B5%E9%A3%9F%E5%A0%82%20%E6%8D%B7%E9%81%8B%E6%99%AF%E7%BE%8E%E5%BA%97&query_place_id=ChIJY9f_UFqrQjQR42JiINXHQjY,,,
ChIJl3xKnbyrQjQRB6B3FOtFnjA,麵食主義 KIRIN PASTA 忠孝店,110台灣臺北市信義區興雅里忠孝東路五段181號,義大利料理,高,https://www.google.com/maps/search/?api=1&query=%E9%BA%B5%E9%A3%9F%E4%B8%BB%E7%BE%A9%20KIRIN%20PASTA%20%E5%BF%A0%E5%AD%9D%E5%BA%97&query_place_id=ChIJl3xKnbyrQjQRB6B3FOtFnjA,,,
ChIJj4yDEWipQjQRRkwWJ-SFBOM,露天早午餐,10491台灣臺北市中山區中山里中山北路二段65巷20號,早午餐,高,https://www.google.com/maps/search/?api=1&query=%E9%9C%B2%E5%A4%A9%E6%97%A9%E5%8D%88%E9%A4%90&query_place_id=ChIJj4yDEWipQjQRRkwWJ-SFBOM,,,
ChIJjfzEsLCrQjQRVcQNcIk94A8,饗食天堂 台北信義店,110台灣臺北市信義區松壽路12號ATT 4 FUN百貨6樓,自助餐,高,https://www.google.com/maps/search/?api=1&query=%E9%A5%97%E9%A3%9F%E5%A4%A9%E5%A0%82%20%E5%8F%B0%E5%8C%97%E4%BF%A1%E7%BE%A9%E5%BA%97&query_place_id=ChIJjfzEsLCrQjQRVcQNcIk94A8,,,
ChIJv2DKasSrQjQRuOouZgxHSMQ,饗食雪屋,116台灣臺北市文山區興得里興隆路三段112巷2弄2號1樓,中式料理,高,https://www.google.com/maps/search/?api=1&query=%E9%A5%97%E9%A3%9F%E9%9B%AA%E5%B1%8B&query_place_id=ChIJv2DKasSrQjQRuOouZgxHSMQ,,,
ChIJnWx4X8apQjQRj_SrSZQBNZA,饗旅,104台灣臺北市中山區正得里天津街18號,早午餐,高,https://www.google.com/maps/search/?api=1&query=%E9%A5%97%E6%97%85&query_place_id=ChIJnWx4X8apQjQRj_SrSZQBNZA,,,
ChIJL25qhuqsQjQR7JV6vxpbgok,饗趣31義式景觀餐廳,114台灣臺北市內湖區秀湖里成功路五段31號,披薩,高,https://www.google.com/maps/search/?api=1&query=%E9%A5%97%E8%B6%A331%E7%BE%A9%E5%BC%8F%E6%99%AF%E8%A7%80%E9%A4%90%E5%BB%B3&query_place_id=ChIJL25qhuqsQjQR7JV6vxpbgok,,,
ChIJyZA0vg2pQjQRbQk24f9KUHE,魔法咖哩 台北站前店,100台灣臺北市中正區黎明里許昌街30號2樓,日式料理,高,https://www.google.com/maps/search/?api=1&query=%E9%AD%94%E6%B3%95%E5%92%96%E5%93%A9%20%E5%8F%B0%E5%8C%97%E7%AB%99%E5%89%8D%E5%BA%97&query_place_id=ChIJyZA0vg2pQjQRbQk24f9KUHE,,,
ChIJd9QKFaWuQjQRLPGO-ltaXj4,歡樂便所主題餐廳,111台灣臺北市士林區仁勇里文林路173號2F,主題餐廳,高,https://www.google.com/maps/search/?api=1&query=%E6%AD%A1%E6%A8%82%E4%BE%BF%E6%89%80%E4%B8%BB%E9%A1%8C%E9%A4%90%E5%BB%B3&query_place_id=ChIJd9QKFaWuQjQRLPGO-ltaXj4,,,
ChIJD_RlHEOuQjQR3oz88b8C2eU,蘿特思咖啡簡餐,112台灣臺北市北投區林泉里溫泉路110-1號,咖啡廳,高,https://www.google.com/maps/search/?api=1&query=%E8%98%BF%E7%89%B9%E6%80%9D%E5%92%96%E5%95%A1%E7%B0%A1%E9%A4%90&query_place_id=ChIJD_RlHEOuQjQR3oz88b8C2eU,,,
ChIJ9QaFVImpQjQRNp2gEkhxhc4,蠶居生活美食,106台灣臺北市大安區大學里羅斯福路三段283巷7弄2號,中式料理,高,https://www.google.com/maps/search/?api=1&query=%E8%A0%B6%E5%B1%85%E7%94%9F%E6%B4%BB%E7%BE%8E%E9%A3%9F&query_place_id=ChIJ9QaFVImpQjQRNp2gEkhxhc4,,,
ChIJ4cI98NepQjQR3Uy-HdOy5k8,鱷吐司 A Toast,100台灣臺北市中正區文盛里羅斯福路三段316巷8弄7號,早午餐,高,https://www.google.com/maps/search/?api=1&query=%E9%B1%B7%E5%90%90%E5%8F%B8%20A%20Toast&query_place_id=ChIJ4cI98NepQjQR3Uy-HdOy5k8,,,
ChIJXXUDzR6rQjQRCGaBO4jf58A,鱷吐司 A Toast 南京三民,105台灣臺北市松山區新聚里南京東路五段210號1樓,早午餐,高,https://www.google.com/maps/search/?api=1&query=%E9%B1%B7%E5%90%90%E5%8F%B8%20A%20Toast%20%E5%8D%97%E4%BA%AC%E4%B8%89%E6%B0%91&query_place_id=ChIJXXUDzR6rQjQRCGaBO4jf58A,,,
ChIJeYBhGberQjQRAH3dKYsaHtc,A Beach 101&Pizza,110台灣臺北市信義區景新里信義路五段18號B1,早午餐,高,https://www.google.com/maps/search/?api=1&query=A%20Beach%20101%26Pizza&query_place_id=ChIJeYBhGberQjQRAH3dKYsaHtc,,,
ChIJ_QYiGnupQjQRC8BOTkFJuHs,Alleycat's Pizza,100台灣臺北市中正區梅花里八德路一段1號華山文創園區 中3A-2,披薩,高,https://www.google.com/maps/search/?api=1&query=Alleycat's%20Pizza&query_place_id=ChIJ_QYiGnupQjQRC8BOTkFJuHs,,,
ChIJPXI-Hk2pQjQRI_SAfW2WACk,Angel 5 Pizzeria,10651台灣臺北市大安區福住里永康街23巷6號1樓,披薩,高,https://www.google.com/maps/search/?api=1&query=Angel%205%20Pizzeria&query_place_id=ChIJPXI-Hk2pQjQRI_SAfW2WACk,,,
ChIJs7UtRQCpQjQRSjtJ4uj8tes,Angelo kitchen （安吉樂叔叔 ）異國料理 義大利麵 自製生面披薩 炸物 輕食,10491台灣臺北市中山區新福里吉林路299巷6號,披薩,高,https://www.google.com/maps/search/?api=1&query=Angelo%20kitchen%20%EF%BC%88%E5%AE%89%E5%90%89%E6%A8%82%E5%8F%94%E5%8F%94%20%EF%BC%89%E7%95%B0%E5%9C%8B%E6%96%99%E7%90%86%20%E7%BE%A9%E5%A4%A7%E5%88%A9%E9%BA%B5%20%E8%87%AA%E8%A3%BD%E7%94%9F%E9%9D%A2%E6%8A%AB%E8%96%A9%20%E7%82%B8%E7%89%A9%20%E8%BC%95%E9%A3%9F&query_place_id=ChIJs7UtRQCpQjQRSjtJ4uj8tes,,,
ChIJqdvkmMCrQjQR3IIJsoKt0Mk,At.First_More早寓,106台灣臺北市大安區車層里仁愛路四段345巷4弄3號,早午餐,高,https://www.google.com/maps/search/?api=1&query=At.First_More%E6%97%A9%E5%AF%93&query_place_id=ChIJqdvkmMCrQjQR3IIJsoKt0Mk,,,
ChIJ6ZLHHYmrQjQRKeVAlEcW3Jk,BACKMOUNT.後山咖啡,115台灣臺北市南港區仁福里福德街373巷23號,咖啡廳,高,https://www.google.com/maps/search/?api=1&query=BACKMOUNT.%E5%BE%8C%E5%B1%B1%E5%92%96%E5%95%A1&query_place_id=ChIJ6ZLHHYmrQjQRKeVAlEcW3Jk,,,
ChIJn71CL8KrQjQRmU_Q4Fo0Wg4,BANCO 窯烤 Pizza 八德門市,105台灣臺北市松山區吉仁里八德路三段108號,義大利料理,高,https://www.google.com/maps/search/?api=1&query=BANCO%20%E7%AA%AF%E7%83%A4%20Pizza%20%E5%85%AB%E5%BE%B7%E9%96%80%E5%B8%82&query_place_id=ChIJn71CL8KrQjQRmU_Q4Fo0Wg4,,,
ChIJhY8_8b-rQjQRC-AX8k3jPSs,BANCO棒可 窯烤PIZZA . 自製生麵 世貿店,11052台灣臺北市信義區景聯里基隆路二段13-1號,義大利料理,高,https://www.google.com/maps/search/?api=1&query=BANCO%E6%A3%92%E5%8F%AF%20%E7%AA%AF%E7%83%A4PIZZA%20.%20%E8%87%AA%E8%A3%BD%E7%94%9F%E9%BA%B5%20%E4%B8%96%E8%B2%BF%E5%BA%97&query_place_id=ChIJhY8_8b-rQjQRC-AX8k3jPSs,,,
ChIJW5thyWOpQjQRU5JJgEIIVl0,BANCO棒可 窯烤PIZZA . 自製生麵 長安店,10491台灣臺北市中山區朱園里長安東路二段106號,義大利料理,高,https://www.google.com/maps/search/?api=1&query=BANCO%E6%A3%92%E5%8F%AF%20%E7%AA%AF%E7%83%A4PIZZA%20.%20%E8%87%AA%E8%A3%BD%E7%94%9F%E9%BA%B5%20%E9%95%B7%E5%AE%89%E5%BA%97&query_place_id=ChIJW5thyWOpQjQRU5JJgEIIVl0,,,
ChIJy8IZTV2tQjQRGUgoyrd-7Kk,Bear Brunch(熊熊早午餐),114台灣臺北市內湖區紫陽里文德路210巷30弄45號1樓,早午餐,高,https://www.google.com/maps/search/?api=1&query=Bear%20Brunch(%E7%86%8A%E7%86%8A%E6%97%A9%E5%8D%88%E9%A4%90)&query_place_id=ChIJy8IZTV2tQjQRGUgoyrd-7Kk,,,
ChIJxfXbxfSuQjQRcIA5w6XinqM,BEATA餐廳,112台灣臺北市北投區東華里立農街二段學生餐廳,中式料理,高,https://www.google.com/maps/search/?api=1&query=BEATA%E9%A4%90%E5%BB%B3&query_place_id=ChIJxfXbxfSuQjQRcIA5w6XinqM,,,
ChIJry0MnyepQjQRvWrS909CcXQ,BeGood Bakery,10491台灣臺北市中山區興亞里松江路116號2樓,烘焙/甜點,高,https://www.google.com/maps/search/?api=1&query=BeGood%20Bakery&query_place_id=ChIJry0MnyepQjQRvWrS909CcXQ,,,
ChIJgWQQdtKrQjQRbFaQKi3iYJk,BELLINI CAFFE 台北敦南店,106台灣台北市大安区德安里敦化南路1段370號B1.B2,義大利料理,高,https://www.google.com/maps/search/?api=1&query=BELLINI%20CAFFE%20%E5%8F%B0%E5%8C%97%E6%95%A6%E5%8D%97%E5%BA%97&query_place_id=ChIJgWQQdtKrQjQRbFaQKi3iYJk,,,
ChIJk7mhJNirQjQRukXA362LDGU,BELLINI Pasta Pasta 南港潤泰店,"忠孝東路七段369號 CityLink南港店, C棟 8樓南港區臺北市台灣 11561",義大利料理,高,https://www.google.com/maps/search/?api=1&query=BELLINI%20Pasta%20Pasta%20%E5%8D%97%E6%B8%AF%E6%BD%A4%E6%B3%B0%E5%BA%97&query_place_id=ChIJk7mhJNirQjQRukXA362LDGU,,,
ChIJzwp4oA6tQjQREDQBvyIbhqI,BEPPIN PASTA 義大利麵 美麗華店,104台灣臺北市中山區金泰里敬業三路20號5樓,義大利料理,高,https://www.google.com/maps/search/?api=1&query=BEPPIN%20PASTA%20%E7%BE%A9%E5%A4%A7%E5%88%A9%E9%BA%B5%20%E7%BE%8E%E9%BA%97%E8%8F%AF%E5%BA%97&query_place_id=ChIJzwp4oA6tQjQREDQBvyIbhqI,,,
ChIJVQnxOt6rQjQRJJWVZGGumA4,BEPPIN PASTA 義大利麵 龍江店,10491台灣臺北市中山區復華里龍江路96號,義大利料理,高,https://www.google.com/maps/search/?api=1&query=BEPPIN%20PASTA%20%E7%BE%A9%E5%A4%A7%E5%88%A9%E9%BA%B5%20%E9%BE%8D%E6%B1%9F%E5%BA%97&query_place_id=ChIJVQnxOt6rQjQRJJWVZGGumA4,,,
ChIJT0TvcQepQjQRt0kh1lZlz4Y,BEPPIN PASTA EXPRESS 義大利麵京站店,103台灣臺北市大同區建明里承德路一段1號號B3,義大利料理,高,https://www.google.com/maps/search/?api=1&query=BEPPIN%20PASTA%20EXPRESS%20%E7%BE%A9%E5%A4%A7%E5%88%A9%E9%BA%B5%E4%BA%AC%E7%AB%99%E5%BA%97&query_place_id=ChIJT0TvcQepQjQRt0kh1lZlz4Y,,,
ChIJ24ETXymtQjQRznH-ZnUhaK8,BirDining蔦飼料餐食料理,10491台灣臺北市中山區大直里大直街32號,日式料理,高,https://www.google.com/maps/search/?api=1&query=BirDining%E8%94%A6%E9%A3%BC%E6%96%99%E9%A4%90%E9%A3%9F%E6%96%99%E7%90%86&query_place_id=ChIJ24ETXymtQjQRznH-ZnUhaK8,,,
ChIJrzD82IWpQjQRn9Sg813dzQU,Block & Cafe. 町咖啡,103013台灣臺北市大同區建明里太原路50號2樓,咖啡廳,高,https://www.google.com/maps/search/?api=1&query=Block%20%26%20Cafe.%20%E7%94%BA%E5%92%96%E5%95%A1&query_place_id=ChIJrzD82IWpQjQRn9Sg813dzQU,,,
ChIJbe2hrQyvQjQRRntz_54mX3U,Bonita廚房,112台灣臺北市北投區一德里中央北路四段515巷3弄1號1樓,咖啡廳,高,https://www.google.com/maps/search/?api=1&query=Bonita%E5%BB%9A%E6%88%BF&query_place_id=ChIJbe2hrQyvQjQRRntz_54mX3U,,,
ChIJecc4RGKsQjQRqBL26F3o7UQ,Bonjour 日安,114台灣臺北市內湖區港富里內湖路二段56號,早午餐,高,https://www.google.com/maps/search/?api=1&query=Bonjour%20%E6%97%A5%E5%AE%89&query_place_id=ChIJecc4RGKsQjQRqBL26F3o7UQ,,,
ChIJvwDbIb2uQjQRZDfl_UYYHkE,Bremen不萊梅,111台灣臺北市士林區文林路514-1號,義大利料理,高,https://www.google.com/maps/search/?api=1&query=Bremen%E4%B8%8D%E8%90%8A%E6%A2%85&query_place_id=ChIJvwDbIb2uQjQRZDfl_UYYHkE,,,
ChIJcblq2TivQjQRjWGXiLkHG1M,BRUN不然-天母店,111台灣臺北市士林區天玉里天玉街38巷18弄6號,早午餐,高,https://www.google.com/maps/search/?api=1&query=BRUN%E4%B8%8D%E7%84%B6-%E5%A4%A9%E6%AF%8D%E5%BA%97&query_place_id=ChIJcblq2TivQjQRjWGXiLkHG1M,,,
ChIJF0vFuO2rQjQRWB6d1NTlV_k,BRUN不然-安和店,106台灣臺北市大安區建倫里安和路一段7號,早午餐,高,https://www.google.com/maps/search/?api=1&query=BRUN%E4%B8%8D%E7%84%B6-%E5%AE%89%E5%92%8C%E5%BA%97&query_place_id=ChIJF0vFuO2rQjQRWB6d1NTlV_k,,,
ChIJ1x_RyCyrQjQRFeMwfE9teds,BRUN不然-信義店,106台灣臺北市大安區信義路四段103號2F,早午餐,高,https://www.google.com/maps/search/?api=1&query=BRUN%E4%B8%8D%E7%84%B6-%E4%BF%A1%E7%BE%A9%E5%BA%97&query_place_id=ChIJ1x_RyCyrQjQRFeMwfE9teds,,,
ChIJgU0snm6pQjQRmpAKNURzvss,Bun Bun 棒棒 中山店,103台灣臺北市大同區建泰里南京西路18巷20號,美式餐廳,高,https://www.google.com/maps/search/?api=1&query=Bun%20Bun%20%E6%A3%92%E6%A3%92%20%E4%B8%AD%E5%B1%B1%E5%BA%97&query_place_id=ChIJgU0snm6pQjQRmpAKNURzvss,,,
ChIJ0Qqw8bqsQjQRd69kaDjB-ag,Buono Pizza布諾手工窯烤披薩,114台灣臺北市內湖區安湖里東湖路113巷49弄43-1號,披薩,高,https://www.google.com/maps/search/?api=1&query=Buono%20Pizza%E5%B8%83%E8%AB%BE%E6%89%8B%E5%B7%A5%E7%AA%AF%E7%83%A4%E6%8A%AB%E8%96%A9&query_place_id=ChIJ0Qqw8bqsQjQRd69kaDjB-ag,,,
ChIJJW6UVRmpQjQR2c93wFm4EWs,C：柒家珈琲（燉飯&義大利麵）,106台灣臺北市大安區和安里信義路三段147巷15弄1-1號,小酒館/餐酒館,高,https://www.google.com/maps/search/?api=1&query=C%EF%BC%9A%E6%9F%92%E5%AE%B6%E7%8F%88%E7%90%B2%EF%BC%88%E7%87%89%E9%A3%AF%26%E7%BE%A9%E5%A4%A7%E5%88%A9%E9%BA%B5%EF%BC%89&query_place_id=ChIJJW6UVRmpQjQR2c93wFm4EWs,,,
ChIJyekOec-rQjQRE3MGd5lZJGs,C25度咖啡館,106台灣臺北市大安區建倫里安和路一段21巷23號,咖啡廳,高,https://www.google.com/maps/search/?api=1&query=C25%E5%BA%A6%E5%92%96%E5%95%A1%E9%A4%A8&query_place_id=ChIJyekOec-rQjQRE3MGd5lZJGs,,,
ChIJUTEhZjupQjQRniIWhMxZKDQ,CAFE ACME,10491台灣臺北市中山區圓山里中山北路三段181-1號,早午餐,高,https://www.google.com/maps/search/?api=1&query=CAFE%20ACME&query_place_id=ChIJUTEhZjupQjQRniIWhMxZKDQ,,,
ChIJN_NxPkWvQjQR1u2UC7jT6S0,CAFE ACME mini,104台灣臺北市中山區中央里松江路169號,咖啡廳,高,https://www.google.com/maps/search/?api=1&query=CAFE%20ACME%20mini&query_place_id=ChIJN_NxPkWvQjQR1u2UC7jT6S0,,,
ChIJc-oaHuepQjQRy7uYRlb_b8E,Cafe Ark,104台灣臺北市中山區中庄里松江路226巷16號之2一樓,早午餐,高,https://www.google.com/maps/search/?api=1&query=Cafe%20Ark&query_place_id=ChIJc-oaHuepQjQRy7uYRlb_b8E,,,
ChIJUWioQs6rQjQR7gtiF30Rg-8,cafe BOMBOM,105台灣臺北市松山區延壽街386號,咖啡廳,高,https://www.google.com/maps/search/?api=1&query=cafe%20BOMBOM&query_place_id=ChIJUWioQs6rQjQR7gtiF30Rg-8,,,
ChIJmd5Mp-irQjQRsuDYdZhMwb0,Café de LUGANO,105台灣臺北市松山區敦化北路166號1樓,小酒館/餐酒館,高,https://www.google.com/maps/search/?api=1&query=Caf%C3%A9%20de%20LUGANO&query_place_id=ChIJmd5Mp-irQjQRsuDYdZhMwb0,,,
ChIJ-ytmryetQjQRT-jLNPzoTXs,Café Kitsuné LaLaport 南港,115台灣臺北市南港區環河里經貿二路131號1樓,早午餐,高,https://www.google.com/maps/search/?api=1&query=Caf%C3%A9%20Kitsun%C3%A9%20LaLaport%20%E5%8D%97%E6%B8%AF&query_place_id=ChIJ-ytmryetQjQRT-jLNPzoTXs,,,
ChIJnZy-IMqvQjQRhdX2w_4HcKs,Cafe La Connection,111台灣臺北市士林區福佳里華聲街87號,咖啡廳,高,https://www.google.com/maps/search/?api=1&query=Cafe%20La%20Connection&query_place_id=ChIJnZy-IMqvQjQRhdX2w_4HcKs,,,
ChIJF8QE8ESrQjQR54Q3gYiJ2yw,CAFE LE MAHE,106台灣臺北市大安區住安里信義路四段30巷7弄9號,早午餐,高,https://www.google.com/maps/search/?api=1&query=CAFE%20LE%20MAHE&query_place_id=ChIJF8QE8ESrQjQR54Q3gYiJ2yw,,,
ChIJs3-UuY-rQjQRp8aPL06uJnM,CAFÉ PADRINO教父咖啡,105016台灣臺北市松山區光復北路175號1F,義大利料理,高,https://www.google.com/maps/search/?api=1&query=CAF%C3%89%20PADRINO%E6%95%99%E7%88%B6%E5%92%96%E5%95%A1&query_place_id=ChIJs3-UuY-rQjQRp8aPL06uJnM,,,
ChIJvWmFPV-pQjQRu_TYuwH_cBo,CAFE RACO,10491台灣臺北市中山區松江里民生東路二段147巷1號號1樓,咖啡廳,高,https://www.google.com/maps/search/?api=1&query=CAFE%20RACO&query_place_id=ChIJvWmFPV-pQjQRu_TYuwH_cBo,,,
ChIJb7wiEWmpQjQR2s-iHiPv944,Cafe' a' la mode 中山店,10491台灣臺北市中山區民安里中山北路二段26巷11號,咖啡廳,高,https://www.google.com/maps/search/?api=1&query=Cafe'%20a'%20la%20mode%20%E4%B8%AD%E5%B1%B1%E5%BA%97&query_place_id=ChIJb7wiEWmpQjQR2s-iHiPv944,,,
ChIJ6wfdtaapQjQRkrOS7r-qOMU,Cafe365咖啡館,100台灣台北市中正区广州街10-4號號 & 2樓座位區,咖啡廳,高,https://www.google.com/maps/search/?api=1&query=Cafe365%E5%92%96%E5%95%A1%E9%A4%A8&query_place_id=ChIJ6wfdtaapQjQRkrOS7r-qOMU,,,
ChIJXV3RZsOrQjQRQvdi_pCOSvM,CAFEPRO職人咖啡商行敦化店,105台灣臺北市松山區八德路三段12巷52弄13號1樓CAFEPRO,咖啡廳,高,https://www.google.com/maps/search/?api=1&query=CAFEPRO%E8%81%B7%E4%BA%BA%E5%92%96%E5%95%A1%E5%95%86%E8%A1%8C%E6%95%A6%E5%8C%96%E5%BA%97&query_place_id=ChIJXV3RZsOrQjQRQvdi_pCOSvM,,,
ChIJZ3DVR3OpQjQR0hH_RqtbCgs,CAMPUS CAFE 站前店,100台灣臺北市中正區黎明里館前路36號2 樓,咖啡廳,高,https://www.google.com/maps/search/?api=1&query=CAMPUS%20CAFE%20%E7%AB%99%E5%89%8D%E5%BA%97&query_place_id=ChIJZ3DVR3OpQjQR0hH_RqtbCgs,,,
ChIJXRs81GmrQjQRzAhgKrD7NOo,Casanova 義大利餐廳,"1樓, No. 12號忠孝東路四段170巷6弄 Da'an District, 大安區臺北市台灣 10688",義大利料理,高,https://www.google.com/maps/search/?api=1&query=Casanova%20%E7%BE%A9%E5%A4%A7%E5%88%A9%E9%A4%90%E5%BB%B3&query_place_id=ChIJXRs81GmrQjQRzAhgKrD7NOo,,,
ChIJJ9B5dH6tQjQR3OOyP64Uals,CHALET V,104台灣臺北市中山區成功里植福路8號入口於典華停車場後方木門處,早午餐,高,https://www.google.com/maps/search/?api=1&query=CHALET%20V&query_place_id=ChIJJ9B5dH6tQjQR3OOyP64Uals,,,
ChIJcSTTfwOqQjQReskPxion2iQ,Chaup ! 轉角冰,116台灣臺北市文山區景華里景興路42巷8弄1號,烘焙/甜點,高,https://www.google.com/maps/search/?api=1&query=Chaup%20!%20%E8%BD%89%E8%A7%92%E5%86%B0&query_place_id=ChIJcSTTfwOqQjQReskPxion2iQ,,,
ChIJcwBznOerQjQRw3kEBKhioPo,Cin Cin Osteria請請義大利餐廳 (慶城店),105台灣臺北市松山區中正里慶城街16巷16號1F,義大利料理,高,https://www.google.com/maps/search/?api=1&query=Cin%20Cin%20Osteria%E8%AB%8B%E8%AB%8B%E7%BE%A9%E5%A4%A7%E5%88%A9%E9%A4%90%E5%BB%B3%20(%E6%85%B6%E5%9F%8E%E5%BA%97)&query_place_id=ChIJcwBznOerQjQRw3kEBKhioPo,,,
ChIJW9eMArmrQjQRu01QlV9Ome8,Cin Cin Osteria請請義大利餐廳(逸仙店),110台灣臺北市信義區興隆里逸仙路50巷22號,義大利料理,高,https://www.google.com/maps/search/?api=1&query=Cin%20Cin%20Osteria%E8%AB%8B%E8%AB%8B%E7%BE%A9%E5%A4%A7%E5%88%A9%E9%A4%90%E5%BB%B3(%E9%80%B8%E4%BB%99%E5%BA%97)&query_place_id=ChIJW9eMArmrQjQRu01QlV9Ome8,,,
ChIJuXVSfgGqQjQRRIWs4BiIN2s,Close to 早餐店,116台灣臺北市文山區景仁里溪口街32之1號,早午餐,高,https://www.google.com/maps/search/?api=1&query=Close%20to%20%E6%97%A9%E9%A4%90%E5%BA%97&query_place_id=ChIJuXVSfgGqQjQRRIWs4BiIN2s,,,
ChIJn3Ejo7WrQjQRNGr6hd6YrsA,Cloud 9 Cafe 信義店,110台灣臺北市信義區景新里莊敬路208號1樓,咖啡廳,高,https://www.google.com/maps/search/?api=1&query=Cloud%209%20Cafe%20%E4%BF%A1%E7%BE%A9%E5%BA%97&query_place_id=ChIJn3Ejo7WrQjQRNGr6hd6YrsA,,,
ChIJDy5K6GurQjQRwCnRqYoXBpo,Coffee blablabla 松德,110台灣臺北市信義區安康里松德路169號,咖啡廳,高,https://www.google.com/maps/search/?api=1&query=Coffee%20blablabla%20%E6%9D%BE%E5%BE%B7&query_place_id=ChIJDy5K6GurQjQRwCnRqYoXBpo,,,
ChIJewavdIyuQjQR2GQkxk-ZSgo,Coffee Smith 早午餐、義大利麵、咖啡、甜點石牌店,112台灣臺北市北投區振華里明德路333巷31號,義大利料理,高,https://www.google.com/maps/search/?api=1&query=Coffee%20Smith%20%E6%97%A9%E5%8D%88%E9%A4%90%E3%80%81%E7%BE%A9%E5%A4%A7%E5%88%A9%E9%BA%B5%E3%80%81%E5%92%96%E5%95%A1%E3%80%81%E7%94%9C%E9%BB%9E%E7%9F%B3%E7%89%8C%E5%BA%97&query_place_id=ChIJewavdIyuQjQR2GQkxk-ZSgo,,,
ChIJw5-D6-apQjQRjXh0VqdClgw,COFFEE TO (國家攝影文化中心門市),100台灣臺北市中正區黎明里忠孝西路一段70號1樓,咖啡廳,高,https://www.google.com/maps/search/?api=1&query=COFFEE%20TO%20(%E5%9C%8B%E5%AE%B6%E6%94%9D%E5%BD%B1%E6%96%87%E5%8C%96%E4%B8%AD%E5%BF%83%E9%96%80%E5%B8%82)&query_place_id=ChIJw5-D6-apQjQRjXh0VqdClgw,,,
ChIJYRppk-arQjQRRIg-7royHuY,Compas Pasta House 康帕斯義麵屋,105台灣臺北市松山區復源里八德路三段106巷69號,義大利料理,高,https://www.google.com/maps/search/?api=1&query=Compas%20Pasta%20House%20%E5%BA%B7%E5%B8%95%E6%96%AF%E7%BE%A9%E9%BA%B5%E5%B1%8B&query_place_id=ChIJYRppk-arQjQRRIg-7royHuY,,,
ChIJ51ckrG2rQjQRMY8TOluuHNU,ConfitRémi 黑米,116台灣臺北市文山區羅斯福路五段269巷16號,義大利料理,高,https://www.google.com/maps/search/?api=1&query=ConfitR%C3%A9mi%20%E9%BB%91%E7%B1%B3&query_place_id=ChIJ51ckrG2rQjQRMY8TOluuHNU,,,
ChIJF2YM7y-pQjQRTVf-NWfqKJw,ConfitRémi 黑米(忠孝店),106台灣臺北市大安區誠安里忠孝東路三段251巷2弄15號,義大利料理,高,https://www.google.com/maps/search/?api=1&query=ConfitR%C3%A9mi%20%E9%BB%91%E7%B1%B3(%E5%BF%A0%E5%AD%9D%E5%BA%97)&query_place_id=ChIJF2YM7y-pQjQRTVf-NWfqKJw,,,
ChIJBZN05OepQjQR_17BxHgcKJg,Copoka PIZZA 酷薄咖,106台灣臺北市大安區永康里金山南路二段85巷7-4號,披薩,高,https://www.google.com/maps/search/?api=1&query=Copoka%20PIZZA%20%E9%85%B7%E8%96%84%E5%92%96&query_place_id=ChIJBZN05OepQjQR_17BxHgcKJg,,,
ChIJV34M8y-rQjQRqTdvBoHQId8,Could be café 庫比咖啡小巨蛋店,"38號, No. 38號北寧路美仁里松山區臺北市台灣 105",美式料理,高,https://www.google.com/maps/search/?api=1&query=Could%20be%20caf%C3%A9%20%E5%BA%AB%E6%AF%94%E5%92%96%E5%95%A1%E5%B0%8F%E5%B7%A8%E8%9B%8B%E5%BA%97&query_place_id=ChIJV34M8y-rQjQRqTdvBoHQId8,,,
ChIJ_RUAfoOrQjQRT22njKfmM6c,Cozy Quail Cafe 懶惰鳥咖啡,"1樓, No. 15號敦化北路165巷中華里松山區臺北市台灣 105",咖啡廳,高,https://www.google.com/maps/search/?api=1&query=Cozy%20Quail%20Cafe%20%E6%87%B6%E6%83%B0%E9%B3%A5%E5%92%96%E5%95%A1&query_place_id=ChIJ_RUAfoOrQjQRT22njKfmM6c,,,
ChIJ8d31sryuQjQRYRWoyUaa2YM,Creative Pasta 創義麵 士林店,111台灣臺北市士林區美德街32號近士林捷運站1號出口,義大利料理,高,https://www.google.com/maps/search/?api=1&query=Creative%20Pasta%20%E5%89%B5%E7%BE%A9%E9%BA%B5%20%E5%A3%AB%E6%9E%97%E5%BA%97&query_place_id=ChIJ8d31sryuQjQRYRWoyUaa2YM,,,
ChIJx1ZlCtavQjQRS-739JkUhvQ,Creative Pasta 創義麵 石牌店,112台灣臺北市北投區振華里石牌路二段88號,義大利料理,高,https://www.google.com/maps/search/?api=1&query=Creative%20Pasta%20%E5%89%B5%E7%BE%A9%E9%BA%B5%20%E7%9F%B3%E7%89%8C%E5%BA%97&query_place_id=ChIJx1ZlCtavQjQRS-739JkUhvQ,,,
ChIJrZFzMHqrQjQR98C0iNNjYRM,Creative Pasta 創義麵 忠孝店,106台灣臺北市大安區光武里敦化南路一段160巷62號,義大利料理,高,https://www.google.com/maps/search/?api=1&query=Creative%20Pasta%20%E5%89%B5%E7%BE%A9%E9%BA%B5%20%E5%BF%A0%E5%AD%9D%E5%BA%97&query_place_id=ChIJrZFzMHqrQjQR98C0iNNjYRM,,,
ChIJkSEK_betQjQRMVWFqFYB3gE,Creative Pasta 創義麵 東湖店,114台灣臺北市內湖區東湖里東湖路119巷10號,義大利料理,高,https://www.google.com/maps/search/?api=1&query=Creative%20Pasta%20%E5%89%B5%E7%BE%A9%E9%BA%B5%20%E6%9D%B1%E6%B9%96%E5%BA%97&query_place_id=ChIJkSEK_betQjQRMVWFqFYB3gE,,,
ChIJ7U8sZhurQjQR0rcBdoxIUH4,Creative Pasta 創義麵 松山店,110台灣臺北市信義區慈祐里松山路11號,義大利料理,高,https://www.google.com/maps/search/?api=1&query=Creative%20Pasta%20%E5%89%B5%E7%BE%A9%E9%BA%B5%20%E6%9D%BE%E5%B1%B1%E5%BA%97&query_place_id=ChIJ7U8sZhurQjQR0rcBdoxIUH4,,,
ChIJFSbe67SrQjQRclTQpMiSzVA,Creative Pasta 創義麵 信義店,110台灣臺北市信義區三張里莊敬路327號,義大利料理,高,https://www.google.com/maps/search/?api=1&query=Creative%20Pasta%20%E5%89%B5%E7%BE%A9%E9%BA%B5%20%E4%BF%A1%E7%BE%A9%E5%BA%97&query_place_id=ChIJFSbe67SrQjQRclTQpMiSzVA,,,
ChIJAUidpBOqQjQRTALxmhFJ-Ak,Creative Pasta 創義麵 萬芳店,116台灣臺北市文山區興光里興隆路三段67號2樓,義大利料理,高,https://www.google.com/maps/search/?api=1&query=Creative%20Pasta%20%E5%89%B5%E7%BE%A9%E9%BA%B5%20%E8%90%AC%E8%8A%B3%E5%BA%97&query_place_id=ChIJAUidpBOqQjQRTALxmhFJ-Ak,,,
ChIJizl1cj6pQjQR9pTlph-UU7s,D.G. Café,103台灣臺北市大同區南芳里迪化街一段334號,咖啡廳,高,https://www.google.com/maps/search/?api=1&query=D.G.%20Caf%C3%A9&query_place_id=ChIJizl1cj6pQjQR9pTlph-UU7s,,,
ChIJbWpWMryrQjQRILgcJwRpwKo,da Giovanni 喬凡尼小廚,110台灣臺北市信義區嘉興里嘉興街129號,義大利料理,高,https://www.google.com/maps/search/?api=1&query=da%20Giovanni%20%E5%96%AC%E5%87%A1%E5%B0%BC%E5%B0%8F%E5%BB%9A&query_place_id=ChIJbWpWMryrQjQRILgcJwRpwKo,,,
ChIJQySYqMmpQjQRDakmCh2ws6k,Danny’s cafe toast 早餐,104台灣臺北市中山區中央里建國北路二段6巷23號,早午餐,高,https://www.google.com/maps/search/?api=1&query=Danny%E2%80%99s%20cafe%20toast%20%E6%97%A9%E9%A4%90&query_place_id=ChIJQySYqMmpQjQRDakmCh2ws6k,,,
ChIJsejDS-irQjQRx1pISkZN5Ns,Darci's Italian Kitchen,105台灣臺北市松山區中華里南京東路四段53巷3弄1號,義大利料理,高,https://www.google.com/maps/search/?api=1&query=Darci's%20Italian%20Kitchen&query_place_id=ChIJsejDS-irQjQRx1pISkZN5Ns,,,
ChIJXyGibjjFDRQRnkyzLjhA__o,Day Nice 日久阿囉哈早午餐 - 立農店,112台灣臺北市北投區東華里立農街二段283號,早午餐,高,https://www.google.com/maps/search/?api=1&query=Day%20Nice%20%E6%97%A5%E4%B9%85%E9%98%BF%E5%9B%89%E5%93%88%E6%97%A9%E5%8D%88%E9%A4%90%20-%20%E7%AB%8B%E8%BE%B2%E5%BA%97&query_place_id=ChIJXyGibjjFDRQRnkyzLjhA__o,,,
ChIJAcCoqdCtQjQR-Rd7FCFiqts,Day Nice 日久阿囉哈早餐 - 台北西湖店,114台灣臺北市內湖區西湖里內湖路一段285巷65弄1號,早午餐,高,https://www.google.com/maps/search/?api=1&query=Day%20Nice%20%E6%97%A5%E4%B9%85%E9%98%BF%E5%9B%89%E5%93%88%E6%97%A9%E9%A4%90%20-%20%E5%8F%B0%E5%8C%97%E8%A5%BF%E6%B9%96%E5%BA%97&query_place_id=ChIJAcCoqdCtQjQR-Rd7FCFiqts,,,
ChIJAfy-YY-vQjQR7wXH79wC2po,Day Nice日久阿囉哈早午餐-天母北店,111050台灣臺北市士林區天玉里天母北路24號,早午餐,高,https://www.google.com/maps/search/?api=1&query=Day%20Nice%E6%97%A5%E4%B9%85%E9%98%BF%E5%9B%89%E5%93%88%E6%97%A9%E5%8D%88%E9%A4%90-%E5%A4%A9%E6%AF%8D%E5%8C%97%E5%BA%97&query_place_id=ChIJAfy-YY-vQjQR7wXH79wC2po,,,
ChIJuSw-F3KpQjQRefGJLJvpPko,DayDayJamu Cafe 香料草本飲,100台灣臺北市中正區黎明里忠孝西路一段29巷9號捷運M7口,咖啡廳,高,https://www.google.com/maps/search/?api=1&query=DayDayJamu%20Cafe%20%E9%A6%99%E6%96%99%E8%8D%89%E6%9C%AC%E9%A3%B2&query_place_id=ChIJuSw-F3KpQjQRefGJLJvpPko,,,
ChIJnVCcwqypQjQRunZOaoCjiTo,Daylight光合箱子-站前店,100台灣臺北市中正區黎明里南陽街1號2樓,早午餐,高,https://www.google.com/maps/search/?api=1&query=Daylight%E5%85%89%E5%90%88%E7%AE%B1%E5%AD%90-%E7%AB%99%E5%89%8D%E5%BA%97&query_place_id=ChIJnVCcwqypQjQRunZOaoCjiTo,,,
ChIJp0JDQmmpQjQR7wjch6kWbC4,Dine in cafe,10491台灣臺北市中山區民安里中山北路二段36巷11號1樓,咖啡廳,高,https://www.google.com/maps/search/?api=1&query=Dine%20in%20cafe&query_place_id=ChIJp0JDQmmpQjQR7wjch6kWbC4,,,
ChIJG_aE5O2pQjQRu3kBAu_hgcE,Dino Brunch 迪諾早午餐,104台灣臺北市中山區新庄里德惠街95號1樓,早午餐,高,https://www.google.com/maps/search/?api=1&query=Dino%20Brunch%20%E8%BF%AA%E8%AB%BE%E6%97%A9%E5%8D%88%E9%A4%90&query_place_id=ChIJG_aE5O2pQjQRu3kBAu_hgcE,,,
ChIJ4z24mX2uQjQR9k3BQHdoBb4,DOORS 門片咖啡,111台灣臺北市士林區天玉里天玉街38巷7號,咖啡廳,高,https://www.google.com/maps/search/?api=1&query=DOORS%20%E9%96%80%E7%89%87%E5%92%96%E5%95%A1&query_place_id=ChIJ4z24mX2uQjQR9k3BQHdoBb4,,,
ChIJDSlwx7qvQjQRp7bf8lUGnaU,Dreamers Coffee Roasters,111台灣臺北市士林區忠誠里忠誠路一段40號,咖啡廳,高,https://www.google.com/maps/search/?api=1&query=Dreamers%20Coffee%20Roasters&query_place_id=ChIJDSlwx7qvQjQRp7bf8lUGnaU,,,
ChIJPU4clZyrQjQRHS9-VPPe3Bk,DREAMERS COFFEE ROASTERS 仁愛店,106台灣臺北市大安區仁愛路四段145號,早午餐,高,https://www.google.com/maps/search/?api=1&query=DREAMERS%20COFFEE%20ROASTERS%20%E4%BB%81%E6%84%9B%E5%BA%97&query_place_id=ChIJPU4clZyrQjQRHS9-VPPe3Bk,,,
ChIJI0uEHKapQjQR2BkeB9Nid7U,Dreamers Coffee Roasters 永康店,10651台灣臺北市大安區福住里信義路二段204號,咖啡廳,高,https://www.google.com/maps/search/?api=1&query=Dreamers%20Coffee%20Roasters%20%E6%B0%B8%E5%BA%B7%E5%BA%97&query_place_id=ChIJI0uEHKapQjQR2BkeB9Nid7U,,,
ChIJP3oQE6GrQjQRAw1q2novHV8,e91義大利麵屋,110台灣臺北市信義區松光里忠孝東路五段508-7號,義大利料理,高,https://www.google.com/maps/search/?api=1&query=e91%E7%BE%A9%E5%A4%A7%E5%88%A9%E9%BA%B5%E5%B1%8B&query_place_id=ChIJP3oQE6GrQjQRAw1q2novHV8,,,
ChIJ_7HV8qSpQjQR6RP9c4jRftE,EatFat Pasta,106台灣臺北市大安區龍泉里師大路49巷10號,義大利料理,高,https://www.google.com/maps/search/?api=1&query=EatFat%20Pasta&query_place_id=ChIJ_7HV8qSpQjQR6RP9c4jRftE,,,
ChIJndYs4vmpQjQRZvt83Zqhzbg,EATPIZZA 易披薩 【師大店】,106台灣臺北市大安區龍泉里師大路65號1樓,披薩,高,https://www.google.com/maps/search/?api=1&query=EATPIZZA%20%E6%98%93%E6%8A%AB%E8%96%A9%20%E3%80%90%E5%B8%AB%E5%A4%A7%E5%BA%97%E3%80%91&query_place_id=ChIJndYs4vmpQjQRZvt83Zqhzbg,,,
ChIJr0WRyb6vQjQR4tTYJ1-8P28,EGG BRUNCH 小蛋布朗奇,112台灣臺北市北投區八仙里中央南路二段33-1號,早午餐,高,https://www.google.com/maps/search/?api=1&query=EGG%20BRUNCH%20%E5%B0%8F%E8%9B%8B%E5%B8%83%E6%9C%97%E5%A5%87&query_place_id=ChIJr0WRyb6vQjQR4tTYJ1-8P28,,,
ChIJIUkXjuqtQjQRLBE3mWjaKvI,EJ-Enjoy Life Brunch & Cafe,104台灣臺北市中山區永安里明水路397巷12號1樓,早午餐,高,https://www.google.com/maps/search/?api=1&query=EJ-Enjoy%20Life%20Brunch%20%26%20Cafe&query_place_id=ChIJIUkXjuqtQjQRLBE3mWjaKvI,,,
ChIJ407ieRGpQjQRI_PKSoESqLg,Engolili 英格莉莉 (微風北車),100024台灣臺北市中正區黎明里北平西路3號2樓,英式料理,高,https://www.google.com/maps/search/?api=1&query=Engolili%20%E8%8B%B1%E6%A0%BC%E8%8E%89%E8%8E%89%20(%E5%BE%AE%E9%A2%A8%E5%8C%97%E8%BB%8A)&query_place_id=ChIJ407ieRGpQjQRI_PKSoESqLg,,,
ChIJb0GlSuWpQjQRsLNZ_aN7Nac,Felice饗樂 Pasta&Dessert &鍋物,10491台灣臺北市中山區中山里中山北路二段59巷16號,義大利料理,高,https://www.google.com/maps/search/?api=1&query=Felice%E9%A5%97%E6%A8%82%20Pasta%26Dessert%20%26%E9%8D%8B%E7%89%A9&query_place_id=ChIJb0GlSuWpQjQRsLNZ_aN7Nac,,,
ChIJZXNQAsWpQjQRIG1yCIQV7rw,FINE PASTA,103台灣臺北市大同區永樂里西寧北路84-3號1樓,義大利料理,高,https://www.google.com/maps/search/?api=1&query=FINE%20PASTA&query_place_id=ChIJZXNQAsWpQjQRIG1yCIQV7rw,,,
ChIJhXR3KPCpQjQRFabjlWCoWNI,Flag只見 西門。生Pasta,"2樓, No. 88號昆明街萬壽里萬華區臺北市台灣 108",義大利料理,高,https://www.google.com/maps/search/?api=1&query=Flag%E5%8F%AA%E8%A6%8B%20%E8%A5%BF%E9%96%80%E3%80%82%E7%94%9FPasta&query_place_id=ChIJhXR3KPCpQjQRFabjlWCoWNI,,,
ChIJ8eWRPYKpQjQRuXQ3tGY9wKo,Focus kitchen肯恩廚房,106台灣臺北市大安區福住里信義路二段198巷6號,小酒館/餐酒館,高,https://www.google.com/maps/search/?api=1&query=Focus%20kitchen%E8%82%AF%E6%81%A9%E5%BB%9A%E6%88%BF&query_place_id=ChIJ8eWRPYKpQjQRuXQ3tGY9wKo,,,
ChIJ_WBqlpauQjQR2A8lpSjc9o8,For you 早午餐,111台灣臺北市士林區蘭興里德行西路109號,早午餐,高,https://www.google.com/maps/search/?api=1&query=For%20you%20%E6%97%A9%E5%8D%88%E9%A4%90&query_place_id=ChIJ_WBqlpauQjQR2A8lpSjc9o8,,,
ChIJE6didaGtQjQR1fFRaq4lQdE,Funny拾光 親子感官互動空間 咖啡廳,114台灣臺北市內湖區港墘里瑞光路358巷30弄8號1樓,咖啡廳,高,https://www.google.com/maps/search/?api=1&query=Funny%E6%8B%BE%E5%85%89%20%E8%A6%AA%E5%AD%90%E6%84%9F%E5%AE%98%E4%BA%92%E5%8B%95%E7%A9%BA%E9%96%93%20%E5%92%96%E5%95%A1%E5%BB%B3&query_place_id=ChIJE6didaGtQjQR1fFRaq4lQdE,,,
ChIJY1XfgzypQjQRD-YiW1Z8Iuw,FUNPASTO 放鬆吃-行天宮店 地中海飲食&早午餐&晚餐&咖啡,104台灣臺北市中山區中吉里民生東路二段138號,早午餐,高,https://www.google.com/maps/search/?api=1&query=FUNPASTO%20%E6%94%BE%E9%AC%86%E5%90%83-%E8%A1%8C%E5%A4%A9%E5%AE%AE%E5%BA%97%20%E5%9C%B0%E4%B8%AD%E6%B5%B7%E9%A3%B2%E9%A3%9F%26%E6%97%A9%E5%8D%88%E9%A4%90%26%E6%99%9A%E9%A4%90%26%E5%92%96%E5%95%A1&query_place_id=ChIJY1XfgzypQjQRD-YiW1Z8Iuw,,,
ChIJkwhy1ZKrQjQR7TwgoE858CE,GiraPizza 旋轉披薩,105台灣臺北市松山區中華里敦化北路165巷6號,披薩,高,https://www.google.com/maps/search/?api=1&query=GiraPizza%20%E6%97%8B%E8%BD%89%E6%8A%AB%E8%96%A9&query_place_id=ChIJkwhy1ZKrQjQR7TwgoE858CE,,,
ChIJeewawLWrQjQRndmzbVEaSDI,GMS coffee 特波咖啡,115台灣臺北市南港區西新里南港路三段16巷18弄2號,咖啡廳,高,https://www.google.com/maps/search/?api=1&query=GMS%20coffee%20%E7%89%B9%E6%B3%A2%E5%92%96%E5%95%A1&query_place_id=ChIJeewawLWrQjQRndmzbVEaSDI,,,
ChIJy-wfvAmpQjQRUizTD5r4PDg,Go義式西門店(紅樓),108台灣臺北市萬華區西門里內江街5號,義大利料理,高,https://www.google.com/maps/search/?api=1&query=Go%E7%BE%A9%E5%BC%8F%E8%A5%BF%E9%96%80%E5%BA%97(%E7%B4%85%E6%A8%93)&query_place_id=ChIJy-wfvAmpQjQRUizTD5r4PDg,,,
ChIJZxHWZiCrQjQRAdt0K4KjLmw,gonnaEAT 仁愛店,106台灣臺北市大安區仁愛路四段109號,早午餐,高,https://www.google.com/maps/search/?api=1&query=gonnaEAT%20%E4%BB%81%E6%84%9B%E5%BA%97&query_place_id=ChIJZxHWZiCrQjQRAdt0K4KjLmw,,,
ChIJxd2CXIypQjQRDilKuXoB97Q,gonnaEAT 京站店,103台灣台北市大同区承德路一段1號1F經典大道,早午餐,高,https://www.google.com/maps/search/?api=1&query=gonnaEAT%20%E4%BA%AC%E7%AB%99%E5%BA%97&query_place_id=ChIJxd2CXIypQjQRDilKuXoB97Q,,,
ChIJgbDnHYytQjQRXFUA67jfRe8,gonnaEAT 南港店,115台灣台北市南港区三重里经贸二路186-1號中信金融園區C栋1F,早午餐,高,https://www.google.com/maps/search/?api=1&query=gonnaEAT%20%E5%8D%97%E6%B8%AF%E5%BA%97&query_place_id=ChIJgbDnHYytQjQRXFUA67jfRe8,,,
ChIJ22KOy-irQjQRnrFOQj_aanw,gonnaPLUS地中海健康旗艦餐廳,110台灣臺北市信義區新仁里光復南路133號松山文創園區生態池畔旁,地中海料理,高,https://www.google.com/maps/search/?api=1&query=gonnaPLUS%E5%9C%B0%E4%B8%AD%E6%B5%B7%E5%81%A5%E5%BA%B7%E6%97%97%E8%89%A6%E9%A4%90%E5%BB%B3&query_place_id=ChIJ22KOy-irQjQRnrFOQj_aanw,,,
ChIJIf-zrMyrQjQR_itasHwIbkc,Grab a Bite 幸福提食,106台灣臺北市大安區通安里通化街150號,早午餐,高,https://www.google.com/maps/search/?api=1&query=Grab%20a%20Bite%20%E5%B9%B8%E7%A6%8F%E6%8F%90%E9%A3%9F&query_place_id=ChIJIf-zrMyrQjQR_itasHwIbkc,,,
ChIJlSAfC4KpQjQRPK_o-n52sn0,Gusto Pizza,100台灣臺北市中正區民炤里連雲街74之1號,披薩,高,https://www.google.com/maps/search/?api=1&query=Gusto%20Pizza&query_place_id=ChIJlSAfC4KpQjQRPK_o-n52sn0,,,
ChIJz26kS7itQjQR1JhpoEVAXkM,Hao & TOAST 豪吐司,11449台灣臺北市內湖區港華里港華街127號,早午餐,高,https://www.google.com/maps/search/?api=1&query=Hao%20%26%20TOAST%20%E8%B1%AA%E5%90%90%E5%8F%B8&query_place_id=ChIJz26kS7itQjQR1JhpoEVAXkM,,,
ChIJpUct45qtQjQRPud36sdNn7Y,Hearty Sandwich 哈媞手作三明治-內湖店,114台灣臺北市內湖區內湖路一段591巷15弄1號,早午餐,高,https://www.google.com/maps/search/?api=1&query=Hearty%20Sandwich%20%E5%93%88%E5%AA%9E%E6%89%8B%E4%BD%9C%E4%B8%89%E6%98%8E%E6%B2%BB-%E5%85%A7%E6%B9%96%E5%BA%97&query_place_id=ChIJpUct45qtQjQRPud36sdNn7Y,,,
ChIJtSptShKtQjQRYdGlg9uR6Xk,Herbar 喝吧BPA樂活店,114台灣臺北市內湖區五分里五分街60號,小酒館/餐酒館,高,https://www.google.com/maps/search/?api=1&query=Herbar%20%E5%96%9D%E5%90%A7BPA%E6%A8%82%E6%B4%BB%E5%BA%97&query_place_id=ChIJtSptShKtQjQRYdGlg9uR6Xk,,,
ChIJ-xu50L6rQjQR-80MoLznv44,Hërs biströ她,110台灣臺北市信義區新仁里忠孝東路四段553巷22弄4號,早午餐,高,https://www.google.com/maps/search/?api=1&query=H%C3%ABrs%20bistr%C3%B6%E5%A5%B9&query_place_id=ChIJ-xu50L6rQjQR-80MoLznv44,,,
ChIJoTpjJACvQjQRp1eoECTEak4,HeyBrown 嘿布朗咖啡館,112台灣臺北市北投區振華里石牌路二段68巷1號,咖啡廳,高,https://www.google.com/maps/search/?api=1&query=HeyBrown%20%E5%98%BF%E5%B8%83%E6%9C%97%E5%92%96%E5%95%A1%E9%A4%A8&query_place_id=ChIJoTpjJACvQjQRp1eoECTEak4,,,
ChIJ30htQ9SrQjQRYDoLUkQf9vk,hi kidsroom 하이키즈룸 嗨有趣,10491台灣臺北市中山區民權東路三段60巷5號,親子餐廳,高,https://www.google.com/maps/search/?api=1&query=hi%20kidsroom%20%ED%95%98%EC%9D%B4%ED%82%A4%EC%A6%88%EB%A3%B8%20%E5%97%A8%E6%9C%89%E8%B6%A3&query_place_id=ChIJ30htQ9SrQjQRYDoLUkQf9vk,,,
ChIJSQGJ-umrQjQRRfk3xwerc-s,Hibi 日々咖啡,106台灣台北市大安区黎孝里安居街8巷19號1樓,早午餐,高,https://www.google.com/maps/search/?api=1&query=Hibi%20%E6%97%A5%E3%80%85%E5%92%96%E5%95%A1&query_place_id=ChIJSQGJ-umrQjQRRfk3xwerc-s,,,
ChIJgZeTeMqrQjQRBURzXcm8ChU,Ho Kitchen,110台灣臺北市信義區景聯里基隆路二段39巷29號,義大利料理,高,https://www.google.com/maps/search/?api=1&query=Ho%20Kitchen&query_place_id=ChIJgZeTeMqrQjQRBURzXcm8ChU,,,
ChIJVQR_uWusQjQRYNp5Wdmei40,Ho'me廚房&親子友善餐廳,"79號, 文湖街內湖區臺北市台灣 11445",親子餐廳,高,https://www.google.com/maps/search/?api=1&query=Ho'me%E5%BB%9A%E6%88%BF%26%E8%A6%AA%E5%AD%90%E5%8F%8B%E5%96%84%E9%A4%90%E5%BB%B3&query_place_id=ChIJVQR_uWusQjQRYNp5Wdmei40,,,
ChIJ7wHLoAWsQjQRSAO5dEd3Yw4,Housebistro好適廚坊,10463台灣臺北市中山區大直里大直街9巷1號,美式料理,高,https://www.google.com/maps/search/?api=1&query=Housebistro%E5%A5%BD%E9%81%A9%E5%BB%9A%E5%9D%8A&query_place_id=ChIJ7wHLoAWsQjQRSAO5dEd3Yw4,,,
ChIJkyaT41arQjQRclmpIHfVzYA,HOW齊早午餐,105台灣臺北市松山區復勢里八德路三段155巷1號號1,早午餐,高,https://www.google.com/maps/search/?api=1&query=HOW%E9%BD%8A%E6%97%A9%E5%8D%88%E9%A4%90&query_place_id=ChIJkyaT41arQjQRclmpIHfVzYA,,,
ChIJbWZdoXypQjQRdEGjQX80M18,I'M PASTA 光華店,100台灣臺北市中正區梅花里八德路一段82巷9弄7號,義大利料理,高,https://www.google.com/maps/search/?api=1&query=I'M%20PASTA%20%E5%85%89%E8%8F%AF%E5%BA%97&query_place_id=ChIJbWZdoXypQjQRdEGjQX80M18,,,
ChIJiX_KAgCvQjQR2ZQV-QpyxsY,I'm Pasta士林店,111台灣臺北市士林區承德里後港街2號,義大利料理,高,https://www.google.com/maps/search/?api=1&query=I'm%20Pasta%E5%A3%AB%E6%9E%97%E5%BA%97&query_place_id=ChIJiX_KAgCvQjQR2ZQV-QpyxsY,,,
ChIJybXm82CpQjQRz8GJIZTlc9Y,i'm pasta松江店,104台灣臺北市中山區中央里南京東路二段115巷3弄2-1號,義大利料理,高,https://www.google.com/maps/search/?api=1&query=i'm%20pasta%E6%9D%BE%E6%B1%9F%E5%BA%97&query_place_id=ChIJybXm82CpQjQRz8GJIZTlc9Y,,,
ChIJFWU-qxOqQjQRO3K39porruo,I'm PASTA萬芳店,116台灣臺北市文山區興得里興隆路三段112巷2弄11號,義大利料理,高,https://www.google.com/maps/search/?api=1&query=I'm%20PASTA%E8%90%AC%E8%8A%B3%E5%BA%97&query_place_id=ChIJFWU-qxOqQjQRO3K39porruo,,,
ChIJyb4-A6GrQjQR3qyOaip3b7s,iCC囍咖啡義式餐廳忠孝店,110台灣臺北市信義區松光里忠孝東路五段524巷8號,咖啡廳,高,https://www.google.com/maps/search/?api=1&query=iCC%E5%9B%8D%E5%92%96%E5%95%A1%E7%BE%A9%E5%BC%8F%E9%A4%90%E5%BB%B3%E5%BF%A0%E5%AD%9D%E5%BA%97&query_place_id=ChIJyb4-A6GrQjQR3qyOaip3b7s,,,
ChIJV6bN8L2sQjQR30dxySApQzM,ieat早午餐,114台灣臺北市內湖區金湖里成功路五段69號號,早午餐,高,https://www.google.com/maps/search/?api=1&query=ieat%E6%97%A9%E5%8D%88%E9%A4%90&query_place_id=ChIJV6bN8L2sQjQR30dxySApQzM,,,
ChIJjZr8CaipQjQRcnGTYBoMjMQ,iHERE tea&cafe 西門頂級奶茶專家 X 冬仙堂,108台灣臺北市萬華區福音里貴陽街二段112號,咖啡廳,高,https://www.google.com/maps/search/?api=1&query=iHERE%20tea%26cafe%20%E8%A5%BF%E9%96%80%E9%A0%82%E7%B4%9A%E5%A5%B6%E8%8C%B6%E5%B0%88%E5%AE%B6%20X%20%E5%86%AC%E4%BB%99%E5%A0%82&query_place_id=ChIJjZr8CaipQjQRcnGTYBoMjMQ,,,
ChIJ6RTf4eerQjQReMf8R80ZZsU,IKEA 瑞典餐廳 台北城市店 小巨蛋,105台灣臺北市松山區中正里敦化北路100號B1,早午餐,高,https://www.google.com/maps/search/?api=1&query=IKEA%20%E7%91%9E%E5%85%B8%E9%A4%90%E5%BB%B3%20%E5%8F%B0%E5%8C%97%E5%9F%8E%E5%B8%82%E5%BA%97%20%E5%B0%8F%E5%B7%A8%E8%9B%8B&query_place_id=ChIJ6RTf4eerQjQReMf8R80ZZsU,,,
ChIJu-P6-H2rQjQRWseKixF7B-Y,IKEA瑞典餐廳 內湖店,114台灣臺北市內湖區舊宗路一段128號,瑞典料理,高,https://www.google.com/maps/search/?api=1&query=IKEA%E7%91%9E%E5%85%B8%E9%A4%90%E5%BB%B3%20%E5%85%A7%E6%B9%96%E5%BA%97&query_place_id=ChIJu-P6-H2rQjQRWseKixF7B-Y,,,
ChIJeegCW7ivQjQR-ECgwsUzRSY,iL Vicino 奇諾義式餐廳,111台灣臺北市士林區天玉里中山北路七段59號,義大利料理,高,https://www.google.com/maps/search/?api=1&query=iL%20Vicino%20%E5%A5%87%E8%AB%BE%E7%BE%A9%E5%BC%8F%E9%A4%90%E5%BB%B3&query_place_id=ChIJeegCW7ivQjQR-ECgwsUzRSY,,,
ChIJw2A9BK2pQjQRg6KC98gL3co,inn cafe 西門店,108台灣臺北市萬華區西門里成都路27巷8號,咖啡廳,高,https://www.google.com/maps/search/?api=1&query=inn%20cafe%20%E8%A5%BF%E9%96%80%E5%BA%97&query_place_id=ChIJw2A9BK2pQjQRg6KC98gL3co,,,
ChIJLddjuoWpQjQR305xoI6W43Y,inn cafe 師大店,106台灣臺北市大安區龍泉里龍泉街7號,咖啡廳,高,https://www.google.com/maps/search/?api=1&query=inn%20cafe%20%E5%B8%AB%E5%A4%A7%E5%BA%97&query_place_id=ChIJLddjuoWpQjQR305xoI6W43Y,,,
ChIJ6ere6rurQjQRCmicPiS523g,INPARADISE 饗饗 微風信義店,110台灣台北市信义区忠孝東路五段68號46樓微風信義,吃到飽,高,https://www.google.com/maps/search/?api=1&query=INPARADISE%20%E9%A5%97%E9%A5%97%20%E5%BE%AE%E9%A2%A8%E4%BF%A1%E7%BE%A9%E5%BA%97&query_place_id=ChIJ6ere6rurQjQRCmicPiS523g,,,
ChIJt7vNFFSvQjQRp-Cw_uCjY8k,INTRO Kitchen,11162台灣臺北市士林區福佳里基河路300巷21號,早午餐,高,https://www.google.com/maps/search/?api=1&query=INTRO%20Kitchen&query_place_id=ChIJt7vNFFSvQjQRp-Cw_uCjY8k,,,
ChIJBZALI_irQjQRxCx2wn6okX0,ivette Da An,106台灣臺北市大安區仁愛里敦化南路一段270巷21號,咖啡廳,高,https://www.google.com/maps/search/?api=1&query=ivette%20Da%20An&query_place_id=ChIJBZALI_irQjQRxCx2wn6okX0,,,
ChIJv2EeWrGvQjQRN758oKP7KUg,J’adore pasta,111台灣臺北市士林區前港里後港街177號1樓,義大利料理,高,https://www.google.com/maps/search/?api=1&query=J%E2%80%99adore%20pasta&query_place_id=ChIJv2EeWrGvQjQRN758oKP7KUg,,,
ChIJk8-Zk9mrQjQRBEnxj2z9AG0,J&R義法,106台灣臺北市大安區誠安里忠孝東路三段251巷13弄2號1樓,義大利料理,高,https://www.google.com/maps/search/?api=1&query=J%26R%E7%BE%A9%E6%B3%95&query_place_id=ChIJk8-Zk9mrQjQRBEnxj2z9AG0,,,
ChIJ9ToZ2JKrQjQRQ3vAM8GGvls,J12 Caf'e 有機咖啡,105台灣臺北市松山區自強里延壽街324號,咖啡廳,高,https://www.google.com/maps/search/?api=1&query=J12%20Caf'e%20%E6%9C%89%E6%A9%9F%E5%92%96%E5%95%A1&query_place_id=ChIJ9ToZ2JKrQjQRQ3vAM8GGvls,,,
ChIJ5xyebaypQjQRKeqNEK_tcRc,Jana café 嚼咖啡餐廳,106台灣臺北市大安區古風里泰順街60巷27號1樓,義大利料理,高,https://www.google.com/maps/search/?api=1&query=Jana%20caf%C3%A9%20%E5%9A%BC%E5%92%96%E5%95%A1%E9%A4%90%E5%BB%B3&query_place_id=ChIJ5xyebaypQjQRKeqNEK_tcRc,,,
ChIJafvjYtqrQjQR1qe5eQ4T84w,JAPOLI義大利餐酒館,106台灣台北市大安区忠孝东路四段49巷2號 B1F,義大利料理,高,https://www.google.com/maps/search/?api=1&query=JAPOLI%E7%BE%A9%E5%A4%A7%E5%88%A9%E9%A4%90%E9%85%92%E9%A4%A8&query_place_id=ChIJafvjYtqrQjQR1qe5eQ4T84w,,,
ChIJpyXLkYCuQjQRWFAV7u5zS1o,JB's Diner,111台灣臺北市士林區天玉里天玉街38巷16弄2號,美式料理,高,https://www.google.com/maps/search/?api=1&query=JB's%20Diner&query_place_id=ChIJpyXLkYCuQjQRWFAV7u5zS1o,,,
ChIJTRQvKDeqQjQRVsS5R68NLUU,Jn'F 義大利麵 比薩 安居店,106台灣臺北市大安區黎孝里安居街34巷5號,義大利料理,高,https://www.google.com/maps/search/?api=1&query=Jn'F%20%E7%BE%A9%E5%A4%A7%E5%88%A9%E9%BA%B5%20%E6%AF%94%E8%96%A9%20%E5%AE%89%E5%B1%85%E5%BA%97&query_place_id=ChIJTRQvKDeqQjQRVsS5R68NLUU,,,
ChIJJXnWJ3mrQjQRhAAAseqeQss,JODA CAFE 松山八德店,10563台灣臺北市松山區復盛里八德路四段16號1樓,咖啡廳,高,https://www.google.com/maps/search/?api=1&query=JODA%20CAFE%20%E6%9D%BE%E5%B1%B1%E5%85%AB%E5%BE%B7%E5%BA%97&query_place_id=ChIJJXnWJ3mrQjQRhAAAseqeQss,,,
ChIJGb41NLupQjQRIfpcZcaILGs,JODO 飯糰咖啡手作專門店 台北汀州店,100台灣臺北市中正區文盛里汀州路三段131號,咖啡廳,高,https://www.google.com/maps/search/?api=1&query=JODO%20%E9%A3%AF%E7%B3%B0%E5%92%96%E5%95%A1%E6%89%8B%E4%BD%9C%E5%B0%88%E9%96%80%E5%BA%97%20%E5%8F%B0%E5%8C%97%E6%B1%80%E5%B7%9E%E5%BA%97&query_place_id=ChIJGb41NLupQjQRIfpcZcaILGs,,,
ChIJ_8Sdei6tQjQRhVPMy3kSdGM,John's Pizzeria 小約翰手工披薩-西湖店,114台灣臺北市內湖區西湖里內湖路一段285號2樓,披薩,高,https://www.google.com/maps/search/?api=1&query=John's%20Pizzeria%20%E5%B0%8F%E7%B4%84%E7%BF%B0%E6%89%8B%E5%B7%A5%E6%8A%AB%E8%96%A9-%E8%A5%BF%E6%B9%96%E5%BA%97&query_place_id=ChIJ_8Sdei6tQjQRhVPMy3kSdGM,,,
ChIJZ9CRgSCrQjQRj6jvOMwic5A,John's Pizzeria 小約翰手工披薩(三民店),105台灣臺北市松山區三民里三民路151號1樓,披薩,高,https://www.google.com/maps/search/?api=1&query=John's%20Pizzeria%20%E5%B0%8F%E7%B4%84%E7%BF%B0%E6%89%8B%E5%B7%A5%E6%8A%AB%E8%96%A9(%E4%B8%89%E6%B0%91%E5%BA%97)&query_place_id=ChIJZ9CRgSCrQjQRj6jvOMwic5A,,,
ChIJ1W2EMSCpQjQRe7XFB7_R9Ak,JONAJA就那家早午餐,104台灣臺北市中山區行政里農安街231號,早午餐,高,https://www.google.com/maps/search/?api=1&query=JONAJA%E5%B0%B1%E9%82%A3%E5%AE%B6%E6%97%A9%E5%8D%88%E9%A4%90&query_place_id=ChIJ1W2EMSCpQjQRe7XFB7_R9Ak,,,
ChIJVZ7NeK-pQjQRL8Jd_o9Ck6s,JSP 呷尚寶艋舺店,108台灣臺北市萬華區頂碩里艋舺大道118號,早午餐,高,https://www.google.com/maps/search/?api=1&query=JSP%20%E5%91%B7%E5%B0%9A%E5%AF%B6%E8%89%8B%E8%88%BA%E5%BA%97&query_place_id=ChIJVZ7NeK-pQjQRL8Jd_o9Ck6s,,,
ChIJJUA-xZKuQjQROpFGdtdB2z0,JSP呷尚宝北投石牌致遠店（自強街）,112台灣臺北市北投區福興里自強街67號,早午餐,高,https://www.google.com/maps/search/?api=1&query=JSP%E5%91%B7%E5%B0%9A%E5%AE%9D%E5%8C%97%E6%8A%95%E7%9F%B3%E7%89%8C%E8%87%B4%E9%81%A0%E5%BA%97%EF%BC%88%E8%87%AA%E5%BC%B7%E8%A1%97%EF%BC%89&query_place_id=ChIJJUA-xZKuQjQROpFGdtdB2z0,,,
ChIJ-VvoIo-rQjQRB8OR5p2yJD0,Kaffi Bakki（咖啡、早午餐）,"1樓, No. 19之2號虎林街164巷安康里信義區臺北市台灣 110",咖啡廳,高,https://www.google.com/maps/search/?api=1&query=Kaffi%20Bakki%EF%BC%88%E5%92%96%E5%95%A1%E3%80%81%E6%97%A9%E5%8D%88%E9%A4%90%EF%BC%89&query_place_id=ChIJ-VvoIo-rQjQRB8OR5p2yJD0,,,
ChIJHy61KmerQjQR8yhICwzF4lI,Kingmauii 金茂宜咖啡 台北小巨蛋直營店,10595台灣臺北市松山區東勢里南京東路四段75巷14弄1號1樓,早午餐,高,https://www.google.com/maps/search/?api=1&query=Kingmauii%20%E9%87%91%E8%8C%82%E5%AE%9C%E5%92%96%E5%95%A1%20%E5%8F%B0%E5%8C%97%E5%B0%8F%E5%B7%A8%E8%9B%8B%E7%9B%B4%E7%87%9F%E5%BA%97&query_place_id=ChIJHy61KmerQjQR8yhICwzF4lI,,,
ChIJkTQqSterQjQRHj5tRQ5XgO0,Kitchen Island 中島,106台灣臺北市大安區義村里忠孝東路三段276巷12號,美式料理,高,https://www.google.com/maps/search/?api=1&query=Kitchen%20Island%20%E4%B8%AD%E5%B3%B6&query_place_id=ChIJkTQqSterQjQRHj5tRQ5XgO0,,,
ChIJG1cduBerQjQRm_ttQ09Tn6U,Kitkit創意川食（東豐店),106台灣臺北市大安區德安里東豐街51號號1樓,中式料理,高,https://www.google.com/maps/search/?api=1&query=Kitkit%E5%89%B5%E6%84%8F%E5%B7%9D%E9%A3%9F%EF%BC%88%E6%9D%B1%E8%B1%90%E5%BA%97)&query_place_id=ChIJG1cduBerQjQRm_ttQ09Tn6U,,,
ChIJ2d3veACrQjQR6mOAd8KhS8g,KK PASTA義大利麵餐盒、醬料包販售（預訂為主、五六日公休）,110台灣臺北市信義區三張里莊敬路325巷32號巷子右轉後方1樓,義大利料理,高,https://www.google.com/maps/search/?api=1&query=KK%20PASTA%E7%BE%A9%E5%A4%A7%E5%88%A9%E9%BA%B5%E9%A4%90%E7%9B%92%E3%80%81%E9%86%AC%E6%96%99%E5%8C%85%E8%B2%A9%E5%94%AE%EF%BC%88%E9%A0%90%E8%A8%82%E7%82%BA%E4%B8%BB%E3%80%81%E4%BA%94%E5%85%AD%E6%97%A5%E5%85%AC%E4%BC%91%EF%BC%89&query_place_id=ChIJ2d3veACrQjQR6mOAd8KhS8g,,,
ChIJhVCbiuKrQjQRsOhnYoL8Ipg,la mole taipei,10491台灣臺北市中山區江寧里建國北路二段151巷12號,義大利料理,高,https://www.google.com/maps/search/?api=1&query=la%20mole%20taipei&query_place_id=ChIJhVCbiuKrQjQRsOhnYoL8Ipg,,,
ChIJ3eVGaACtQjQRgQvpyfaX5Fs,La Ohana (LaLaport南港店),115台灣臺北市南港區經貿二路131號5 樓,美式料理,高,https://www.google.com/maps/search/?api=1&query=La%20Ohana%20(LaLaport%E5%8D%97%E6%B8%AF%E5%BA%97)&query_place_id=ChIJ3eVGaACtQjQRgQvpyfaX5Fs,,,
ChIJ3V_A_X-uQjQRsJD4Uk8blAw,LA PASTA 義麵屋 天母店,111台灣臺北市士林區天玉里中山北路七段31號,義大利料理,高,https://www.google.com/maps/search/?api=1&query=LA%20PASTA%20%E7%BE%A9%E9%BA%B5%E5%B1%8B%20%E5%A4%A9%E6%AF%8D%E5%BA%97&query_place_id=ChIJ3V_A_X-uQjQRsJD4Uk8blAw,,,
ChIJlww7h4KpQjQRB0h1cf2HWQQ,Labu cafe,100台灣臺北市中正區三愛里信義路二段161巷2弄7號,咖啡廳,高,https://www.google.com/maps/search/?api=1&query=Labu%20cafe&query_place_id=ChIJlww7h4KpQjQRB0h1cf2HWQQ,,,
ChIJvyEm0oarQjQRBvWRQRu1aCE,Lady nara曼谷新泰式料理 台北南港CITYLINK店,115台灣臺北市南港區新光里忠孝東路七段299號C棟10樓,泰式料理,高,https://www.google.com/maps/search/?api=1&query=Lady%20nara%E6%9B%BC%E8%B0%B7%E6%96%B0%E6%B3%B0%E5%BC%8F%E6%96%99%E7%90%86%20%E5%8F%B0%E5%8C%97%E5%8D%97%E6%B8%AFCITYLINK%E5%BA%97&query_place_id=ChIJvyEm0oarQjQRBvWRQRu1aCE,,,
ChIJYZET8h2rQjQRm4P2CFs6c_c,Lazy Pasta 慵懶義式廚房大安國館店,106台灣臺北市大安區正聲里光復南路346巷22號1樓,義大利料理,高,https://www.google.com/maps/search/?api=1&query=Lazy%20Pasta%20%E6%85%B5%E6%87%B6%E7%BE%A9%E5%BC%8F%E5%BB%9A%E6%88%BF%E5%A4%A7%E5%AE%89%E5%9C%8B%E9%A4%A8%E5%BA%97&query_place_id=ChIJYZET8h2rQjQRm4P2CFs6c_c,,,
ChIJCzyqUWurQjQR3tguNgmGM3A,Lazy Pasta 慵懶義式廚房文山萬芳店,116台灣臺北市文山區興隆路三段36巷16弄2號1樓,義大利料理,高,https://www.google.com/maps/search/?api=1&query=Lazy%20Pasta%20%E6%85%B5%E6%87%B6%E7%BE%A9%E5%BC%8F%E5%BB%9A%E6%88%BF%E6%96%87%E5%B1%B1%E8%90%AC%E8%8A%B3%E5%BA%97&query_place_id=ChIJCzyqUWurQjQR3tguNgmGM3A,,,
ChIJ0_vBimarQjQRaWXEDcDd5qw,Lazy Pasta 慵懶義式廚房信義市府店,110台灣臺北市信義區忠孝東路五段71巷30號1樓,義大利料理,高,https://www.google.com/maps/search/?api=1&query=Lazy%20Pasta%20%E6%85%B5%E6%87%B6%E7%BE%A9%E5%BC%8F%E5%BB%9A%E6%88%BF%E4%BF%A1%E7%BE%A9%E5%B8%82%E5%BA%9C%E5%BA%97&query_place_id=ChIJ0_vBimarQjQRaWXEDcDd5qw,,,
ChIJB7UeZ9OrQjQR12B2cDQbVTY,Le Corner早餐,106台灣臺北市大安區龍圖里復興南路二段12巷1號,早午餐,高,https://www.google.com/maps/search/?api=1&query=Le%20Corner%E6%97%A9%E9%A4%90&query_place_id=ChIJB7UeZ9OrQjQR12B2cDQbVTY,,,
ChIJEWcWs66rQjQRPSid4xgfr8A,Le Mani 琢手咖啡 信義店,11064台灣臺北市信義區廣居里忠孝東路五段236巷2弄23號,咖啡廳,高,https://www.google.com/maps/search/?api=1&query=Le%20Mani%20%E7%90%A2%E6%89%8B%E5%92%96%E5%95%A1%20%E4%BF%A1%E7%BE%A9%E5%BA%97&query_place_id=ChIJEWcWs66rQjQRPSid4xgfr8A,,,
ChIJnwpmyIWtQjQReryoq_5_csE,LEAVES Cafe 午葉內湖旗艦店,114台灣臺北市內湖區瑞光路168號1樓,早午餐,高,https://www.google.com/maps/search/?api=1&query=LEAVES%20Cafe%20%E5%8D%88%E8%91%89%E5%85%A7%E6%B9%96%E6%97%97%E8%89%A6%E5%BA%97&query_place_id=ChIJnwpmyIWtQjQReryoq_5_csE,,,
ChIJLfHPyr2rQjQRSM3hOuLzSKg,LEAVES Cafe 午葉信義,110台灣臺北市信義區興雅里永吉路30巷167弄3號,早午餐,高,https://www.google.com/maps/search/?api=1&query=LEAVES%20Cafe%20%E5%8D%88%E8%91%89%E4%BF%A1%E7%BE%A9&query_place_id=ChIJLfHPyr2rQjQRSM3hOuLzSKg,,,
ChIJ4aw6bemrQjQRRiUUYLpmuC4,Leisure Cafe,105台灣臺北市松山區中華里敦化北路145巷44號,咖啡廳,高,https://www.google.com/maps/search/?api=1&query=Leisure%20Cafe&query_place_id=ChIJ4aw6bemrQjQRRiUUYLpmuC4,,,
ChIJ4xM-YwCrQjQRaOHEVzMZ1B8,Lille M 信義DREAM PLAZA店,110台灣台北市信义区兴雅里松高路11號3 樓,早午餐,高,https://www.google.com/maps/search/?api=1&query=Lille%20M%20%E4%BF%A1%E7%BE%A9DREAM%20PLAZA%E5%BA%97&query_place_id=ChIJ4xM-YwCrQjQRaOHEVzMZ1B8,,,
ChIJjy1NS7yrQjQRX7HAkCWE2e4,Lille M. Cafe & Restaurant 中山店,110台灣臺北市中山區民安里中山北路二段36巷18號,咖啡廳,高,https://www.google.com/maps/search/?api=1&query=Lille%20M.%20Cafe%20%26%20Restaurant%20%E4%B8%AD%E5%B1%B1%E5%BA%97&query_place_id=ChIJjy1NS7yrQjQRX7HAkCWE2e4,,,
ChIJ92SpoUurQjQRTaQJBo0Q-Eg,Lo&Lin July18th,105台灣臺北市松山區三民里延壽街147號1樓左側,早午餐,高,https://www.google.com/maps/search/?api=1&query=Lo%26Lin%20July18th&query_place_id=ChIJ92SpoUurQjQRTaQJBo0Q-Eg,,,
ChIJj9j7W2WrQjQR_UgmSg_0jkw,LOST and Found,106台灣臺北市大安區義安里敦化南路二段11巷50號,早午餐,高,https://www.google.com/maps/search/?api=1&query=LOST%20and%20Found&query_place_id=ChIJj9j7W2WrQjQR_UgmSg_0jkw,,,
ChIJf-0aYgCpQjQRSar_fY4Ax64,LOST and Found 西門,108台灣臺北市萬華區仁德里柳州街92號,早午餐,高,https://www.google.com/maps/search/?api=1&query=LOST%20and%20Found%20%E8%A5%BF%E9%96%80&query_place_id=ChIJf-0aYgCpQjQRSar_fY4Ax64,,,
ChIJ6X1N3VqpQjQRlkSMtKRmfmw,Lotty Café,104台灣臺北市中山區晴光里農安街53號,咖啡廳,高,https://www.google.com/maps/search/?api=1&query=Lotty%20Caf%C3%A9&query_place_id=ChIJ6X1N3VqpQjQRlkSMtKRmfmw,,,
ChIJ3c4ZUkKpQjQRiXYo-JxWufI,Luna咖啡簡餐,10491台灣臺北市中山區集英里中山北路二段96巷13號,中式料理,高,https://www.google.com/maps/search/?api=1&query=Luna%E5%92%96%E5%95%A1%E7%B0%A1%E9%A4%90&query_place_id=ChIJ3c4ZUkKpQjQRiXYo-JxWufI,,,
ChIJeQf0EKSrQjQR74UixvTor74,M One Cafe A11,110台灣臺北市信義區西村里松壽路11號3樓,咖啡廳,高,https://www.google.com/maps/search/?api=1&query=M%20One%20Cafe%20A11&query_place_id=ChIJeQf0EKSrQjQR74UixvTor74,,,
ChIJg9pN0z6pQjQRixoPBIGd_m4,Ma C So Yo 築夢韓食,104台灣臺北市中山區正得里中山北路一段121巷15號,韓式料理,高,https://www.google.com/maps/search/?api=1&query=Ma%20C%20So%20Yo%20%E7%AF%89%E5%A4%A2%E9%9F%93%E9%A3%9F&query_place_id=ChIJg9pN0z6pQjQRixoPBIGd_m4,,,
ChIJQ6qFRCSrQjQRf5i_pjyKv0M,MA CAFE,106台灣臺北市大安區義安里敦化南路二段11巷1號,咖啡廳,高,https://www.google.com/maps/search/?api=1&query=MA%20CAFE&query_place_id=ChIJQ6qFRCSrQjQRf5i_pjyKv0M,,,
ChIJX-MVHgurQjQRsHkHoe1Lc6Q,MAMA'S 鐵鍋早午餐 南京店,105台灣臺北市松山區東勢里南京東路四段133巷8弄3號,早午餐,高,https://www.google.com/maps/search/?api=1&query=MAMA'S%20%E9%90%B5%E9%8D%8B%E6%97%A9%E5%8D%88%E9%A4%90%20%E5%8D%97%E4%BA%AC%E5%BA%97&query_place_id=ChIJX-MVHgurQjQRsHkHoe1Lc6Q,,,
ChIJfzCuAQ8BaDQRz885zkbg0dI,MAOLAN 貓懶 景觀茶屋,116台灣臺北市文山區指南里指南路三段38巷16-2號3樓,中式料理,高,https://www.google.com/maps/search/?api=1&query=MAOLAN%20%E8%B2%93%E6%87%B6%20%E6%99%AF%E8%A7%80%E8%8C%B6%E5%B1%8B&query_place_id=ChIJfzCuAQ8BaDQRz885zkbg0dI,,,
ChIJ27QZUW6sQjQRKdZidoV-nAY,Marcus老倉庫內湖店,114台灣臺北市內湖區西湖里瑞光路583巷25號1樓,早午餐,高,https://www.google.com/maps/search/?api=1&query=Marcus%E8%80%81%E5%80%89%E5%BA%AB%E5%85%A7%E6%B9%96%E5%BA%97&query_place_id=ChIJ27QZUW6sQjQRKdZidoV-nAY,,,
ChIJ6UOhWBqrQjQRQqcIfv1K1NE,Marinheiro No.9 水手9號,10583台灣臺北市松山區東榮里富錦街389號1樓,歐陸料理,高,https://www.google.com/maps/search/?api=1&query=Marinheiro%20No.9%20%E6%B0%B4%E6%89%8B9%E8%99%9F&query_place_id=ChIJ6UOhWBqrQjQRQqcIfv1K1NE,,,
ChIJSe_oXK2vQjQRizPuUyZeI4c,McCafé 咖啡-台北大業店,112台灣臺北市北投區大同里北投路二段15號,咖啡廳,高,https://www.google.com/maps/search/?api=1&query=McCaf%C3%A9%20%E5%92%96%E5%95%A1-%E5%8F%B0%E5%8C%97%E5%A4%A7%E6%A5%AD%E5%BA%97&query_place_id=ChIJSe_oXK2vQjQRizPuUyZeI4c,,,
ChIJd74HkWOrQjQRZNFAGVcOls8,McCafé 咖啡-台北研究院店,115台灣臺北市南港區新富里研究院路一段99號,早午餐,高,https://www.google.com/maps/search/?api=1&query=McCaf%C3%A9%20%E5%92%96%E5%95%A1-%E5%8F%B0%E5%8C%97%E7%A0%94%E7%A9%B6%E9%99%A2%E5%BA%97&query_place_id=ChIJd74HkWOrQjQRZNFAGVcOls8,,,
ChIJZ9MKt2yrQjQRQtYkwMyqC7Y,McCafé 咖啡-松山車站店,"110台灣台北市信义区永吉里松山路11號, 號 一 樓, 商場",早午餐,高,https://www.google.com/maps/search/?api=1&query=McCaf%C3%A9%20%E5%92%96%E5%95%A1-%E6%9D%BE%E5%B1%B1%E8%BB%8A%E7%AB%99%E5%BA%97&query_place_id=ChIJZ9MKt2yrQjQRQtYkwMyqC7Y,,,
ChIJgUx6gWCpQjQRAH03RdFplIg,McCafé 咖啡-長春店,104台灣臺北市中山區中央里長春路172號,早午餐,高,https://www.google.com/maps/search/?api=1&query=McCaf%C3%A9%20%E5%92%96%E5%95%A1-%E9%95%B7%E6%98%A5%E5%BA%97&query_place_id=ChIJgUx6gWCpQjQRAH03RdFplIg,,,
ChIJ3SNvoc-pQjQRiuqTMkCBrEE,Meat Up 覓晌 中山店,104台灣臺北市中山區民安里中山北路二段84巷6號1樓,美式料理,高,https://www.google.com/maps/search/?api=1&query=Meat%20Up%20%E8%A6%93%E6%99%8C%20%E4%B8%AD%E5%B1%B1%E5%BA%97&query_place_id=ChIJ3SNvoc-pQjQRiuqTMkCBrEE,,,
ChIJFaZWtwipQjQRXuH_MONw7II,Meat Up 覓晌 台北西門店,108台灣臺北市萬華區萬壽里武昌街二段37號6樓,美式料理,高,https://www.google.com/maps/search/?api=1&query=Meat%20Up%20%E8%A6%93%E6%99%8C%20%E5%8F%B0%E5%8C%97%E8%A5%BF%E9%96%80%E5%BA%97&query_place_id=ChIJFaZWtwipQjQRXuH_MONw7II,,,
ChIJy7z1FYWvQjQR9cjUzhxiTs0,MeJA Cafe（咖啡 甜點 早午餐）,112台灣臺北市北投區中央里光明路2巷21號,烘焙/甜點,高,https://www.google.com/maps/search/?api=1&query=MeJA%20Cafe%EF%BC%88%E5%92%96%E5%95%A1%20%E7%94%9C%E9%BB%9E%20%E6%97%A9%E5%8D%88%E9%A4%90%EF%BC%89&query_place_id=ChIJy7z1FYWvQjQR9cjUzhxiTs0,,,
ChIJJcSnH3qrQjQRkILCobXDncE,memo café,104台灣臺北市中山區江寧里合江街182號,早午餐,高,https://www.google.com/maps/search/?api=1&query=memo%20caf%C3%A9&query_place_id=ChIJJcSnH3qrQjQRkILCobXDncE,,,
ChIJKzW4LpeuQjQRtUJWIWWMOKI,Miacucina 天母,111台灣臺北市士林區德行里德行西路48號,蔬食料理,高,https://www.google.com/maps/search/?api=1&query=Miacucina%20%E5%A4%A9%E6%AF%8D&query_place_id=ChIJKzW4LpeuQjQRtUJWIWWMOKI,,,
ChIJsz2dsm6pQjQR2-B455o0IzU,Miacucina 南西店,10491台灣臺北市中山區民安里南京西路12號2樓,蔬食料理,高,https://www.google.com/maps/search/?api=1&query=Miacucina%20%E5%8D%97%E8%A5%BF%E5%BA%97&query_place_id=ChIJsz2dsm6pQjQR2-B455o0IzU,,,
ChIJ0YnMT9qrQjQRkB7Le9GP8rU,Miacucina 復興店,106台灣臺北市大安區光武里復興南路一段107巷11號,蔬食料理,高,https://www.google.com/maps/search/?api=1&query=Miacucina%20%E5%BE%A9%E8%88%88%E5%BA%97&query_place_id=ChIJ0YnMT9qrQjQRkB7Le9GP8rU,,,
ChIJMxoKdLqrQjQRiFDQr8nIhug,Miacucina信義店,110台灣臺北市信義區松壽路11號2 樓,蔬食料理,高,https://www.google.com/maps/search/?api=1&query=Miacucina%E4%BF%A1%E7%BE%A9%E5%BA%97&query_place_id=ChIJMxoKdLqrQjQRiFDQr8nIhug,,,
ChIJTUlTB42pQjQRbd5hGtyCAc0,MILI 米麗廚房,103台灣臺北市大同區至聖里承德路三段208巷41號,早午餐,高,https://www.google.com/maps/search/?api=1&query=MILI%20%E7%B1%B3%E9%BA%97%E5%BB%9A%E6%88%BF&query_place_id=ChIJTUlTB42pQjQRbd5hGtyCAc0,,,
ChIJTxZvioStQjQRnhz-x1rJLx8,Mini Club,10491台灣臺北市中山區區樂群三路200號 3F,親子餐廳,高,https://www.google.com/maps/search/?api=1&query=Mini%20Club&query_place_id=ChIJTxZvioStQjQRnhz-x1rJLx8,,,
ChIJswp0NJCpQjQRXCIZhrkhW7E,MiSTA House 一人焗烤店,100台灣臺北市中正區頂東里金門街7-1號,義大利料理,高,https://www.google.com/maps/search/?api=1&query=MiSTA%20House%20%E4%B8%80%E4%BA%BA%E7%84%97%E7%83%A4%E5%BA%97&query_place_id=ChIJswp0NJCpQjQRXCIZhrkhW7E,,,
ChIJbQdCfnyrQjQRoCTy-sMteqU,MJ 餐酒館,10478台灣臺北市中山區江山里建國北路二段121號,小酒館/餐酒館,高,https://www.google.com/maps/search/?api=1&query=MJ%20%E9%A4%90%E9%85%92%E9%A4%A8&query_place_id=ChIJbQdCfnyrQjQRoCTy-sMteqU,,,
ChIJs7XxOgCvQjQRy1EiIEzj1Kk,MK Pizza Bar,112台灣臺北市北投區關渡里知行路360-1號,披薩,高,https://www.google.com/maps/search/?api=1&query=MK%20Pizza%20Bar&query_place_id=ChIJs7XxOgCvQjQRy1EiIEzj1Kk,,,
ChIJ4flPjVqvQjQR3upFxD7s3bI,Mog cafe墨閣咖啡藝文空間,111台灣臺北市士林區德行里福國路31號,咖啡廳,高,https://www.google.com/maps/search/?api=1&query=Mog%20cafe%E5%A2%A8%E9%96%A3%E5%92%96%E5%95%A1%E8%97%9D%E6%96%87%E7%A9%BA%E9%96%93&query_place_id=ChIJ4flPjVqvQjQR3upFxD7s3bI,,,
ChIJ95o_HvGpQjQRLgjt5v6gmak,MOJO 1921,10351台灣臺北市大同區建泰里長安西路39號台北當代藝術館右側門,咖啡廳,高,https://www.google.com/maps/search/?api=1&query=MOJO%201921&query_place_id=ChIJ95o_HvGpQjQRLgjt5v6gmak,,,
ChIJ-0RmN6ipQjQRqi63u5sB0Y8,MONGA161,108台灣臺北市萬華區菜園里貴陽街二段177號,義大利料理,高,https://www.google.com/maps/search/?api=1&query=MONGA161&query_place_id=ChIJ-0RmN6ipQjQRqi63u5sB0Y8,,,
ChIJk26mBvipQjQRJa9nZYSYXvo,Moon Baking studio 松山店,105台灣臺北市松山區民有里復興北路313巷47號,早午餐,高,https://www.google.com/maps/search/?api=1&query=Moon%20Baking%20studio%20%E6%9D%BE%E5%B1%B1%E5%BA%97&query_place_id=ChIJk26mBvipQjQRJa9nZYSYXvo,,,
ChIJdXKaPPCrQjQRZTb25vIzVUY,Moore&moore摩爾摩爾早午餐點餐,105台灣臺北市松山區東勢里健康路60號1樓,早午餐,高,https://www.google.com/maps/search/?api=1&query=Moore%26moore%E6%91%A9%E7%88%BE%E6%91%A9%E7%88%BE%E6%97%A9%E5%8D%88%E9%A4%90%E9%BB%9E%E9%A4%90&query_place_id=ChIJdXKaPPCrQjQRZTb25vIzVUY,,,
ChIJgzGaspGpQjQRFGy1wbG9YWQ,Morning Love,100台灣臺北市中正區河堤里汀州路二段204號,早午餐,高,https://www.google.com/maps/search/?api=1&query=Morning%20Love&query_place_id=ChIJgzGaspGpQjQRFGy1wbG9YWQ,,,
ChIJR5YsDBqpQjQRY2LIzbAu4ew,Mövenpick Café -莫凡彼台北三創店,10058台灣臺北市中正區梅花里市民大道三段2號9樓,咖啡廳,高,https://www.google.com/maps/search/?api=1&query=M%C3%B6venpick%20Caf%C3%A9%20-%E8%8E%AB%E5%87%A1%E5%BD%BC%E5%8F%B0%E5%8C%97%E4%B8%89%E5%89%B5%E5%BA%97&query_place_id=ChIJR5YsDBqpQjQRY2LIzbAu4ew,,,
ChIJ761qaVWrQjQRbGTuPrvZHy8,Mövenpick Café -莫凡彼南港車站店,115台灣臺北市南港區忠孝東路七段369號CITYLINK南港店A棟3F (南港3F,咖啡廳,高,https://www.google.com/maps/search/?api=1&query=M%C3%B6venpick%20Caf%C3%A9%20-%E8%8E%AB%E5%87%A1%E5%BD%BC%E5%8D%97%E6%B8%AF%E8%BB%8A%E7%AB%99%E5%BA%97&query_place_id=ChIJ761qaVWrQjQRbGTuPrvZHy8,,,
ChIJ31fQYu6rQjQR6mdLBud5IYE,Mövenpick Café-莫凡彼台北民生店,105台灣臺北市松山區精忠里民生東路四段119號,咖啡廳,高,https://www.google.com/maps/search/?api=1&query=M%C3%B6venpick%20Caf%C3%A9-%E8%8E%AB%E5%87%A1%E5%BD%BC%E5%8F%B0%E5%8C%97%E6%B0%91%E7%94%9F%E5%BA%97&query_place_id=ChIJ31fQYu6rQjQR6mdLBud5IYE,,,
ChIJtczSR--rQjQRHLBL3YF8mJU,Mövenpick Café-莫凡彼台北微風松高店,"3樓, No. 16號松高路西村里信義區臺北市台灣 110",義大利料理,高,https://www.google.com/maps/search/?api=1&query=M%C3%B6venpick%20Caf%C3%A9-%E8%8E%AB%E5%87%A1%E5%BD%BC%E5%8F%B0%E5%8C%97%E5%BE%AE%E9%A2%A8%E6%9D%BE%E9%AB%98%E5%BA%97&query_place_id=ChIJtczSR--rQjQRHLBL3YF8mJU,,,
ChIJDZHrcOerQjQRfAnvL0NntRE,Mövenpick Café-莫凡彼台北慶城店,105台灣臺北市松山區中正里慶城街12-1號,咖啡廳,高,https://www.google.com/maps/search/?api=1&query=M%C3%B6venpick%20Caf%C3%A9-%E8%8E%AB%E5%87%A1%E5%BD%BC%E5%8F%B0%E5%8C%97%E6%85%B6%E5%9F%8E%E5%BA%97&query_place_id=ChIJDZHrcOerQjQRfAnvL0NntRE,,,
ChIJDXJsr3ivQjQRNoCXn_E8sHU,MR.TSUO Cafe 左爺爺咖啡廳,112台灣臺北市北投區石牌里明德路61號明德國中對面1樓,咖啡廳,高,https://www.google.com/maps/search/?api=1&query=MR.TSUO%20Cafe%20%E5%B7%A6%E7%88%BA%E7%88%BA%E5%92%96%E5%95%A1%E5%BB%B3&query_place_id=ChIJDXJsr3ivQjQRNoCXn_E8sHU,,,
ChIJKZ6oCACvQjQREDmdwyyaHWw,MU Patisserie 沐林甜點烘焙坊明德店,112台灣臺北市北投區榮華里東華街一段28號,烘焙/甜點,高,https://www.google.com/maps/search/?api=1&query=MU%20Patisserie%20%E6%B2%90%E6%9E%97%E7%94%9C%E9%BB%9E%E7%83%98%E7%84%99%E5%9D%8A%E6%98%8E%E5%BE%B7%E5%BA%97&query_place_id=ChIJKZ6oCACvQjQREDmdwyyaHWw,,,
ChIJRVJvk9upQjQRAMrzOi3Zph0,Muko Brunch,106台灣臺北市大安區永康里金華街183巷8號,早午餐,高,https://www.google.com/maps/search/?api=1&query=Muko%20Brunch&query_place_id=ChIJRVJvk9upQjQRAMrzOi3Zph0,,,
ChIJ2ftTNACrQjQRg-ropAhxozg,Muko Brunch 信義店,110台灣臺北市信義區景新里松勤街51號,早午餐,高,https://www.google.com/maps/search/?api=1&query=Muko%20Brunch%20%E4%BF%A1%E7%BE%A9%E5%BA%97&query_place_id=ChIJ2ftTNACrQjQRg-ropAhxozg,,,
ChIJ1WU2R1GuQjQRxC5o3mWPKfs,N Café,112台灣臺北市北投區大同里育仁路18號,咖啡廳,高,https://www.google.com/maps/search/?api=1&query=N%20Caf%C3%A9&query_place_id=ChIJ1WU2R1GuQjQRxC5o3mWPKfs,,,
ChIJ6-evMKGrQjQRBIHGtJOsP9M,N+n 喫早餐,11083台灣臺北市信義區松山路465巷12號,早午餐,高,https://www.google.com/maps/search/?api=1&query=N%2Bn%20%E5%96%AB%E6%97%A9%E9%A4%90&query_place_id=ChIJ6-evMKGrQjQRBIHGtJOsP9M,,,
ChIJXaHrnrCuQjQRLNhBJTlEtmo,Naissance Coffee 士運門市,111台灣臺北市士林區福德里士商路1號,咖啡廳,高,https://www.google.com/maps/search/?api=1&query=Naissance%20Coffee%20%E5%A3%AB%E9%81%8B%E9%96%80%E5%B8%82&query_place_id=ChIJXaHrnrCuQjQRLNhBJTlEtmo,,,
ChIJpQWI816rQjQRKtdvTeHmpcA,Neverland Noodle Bar,115台灣臺北市南港區南港里南港路一段271號,小酒館/餐酒館,高,https://www.google.com/maps/search/?api=1&query=Neverland%20Noodle%20Bar&query_place_id=ChIJpQWI816rQjQRKtdvTeHmpcA,,,
manual-nice-to-meet-u-newborn-cafe,NICE to MEET U newborn & café 寶寶友善咖啡廳（預約制）,111臺北市士林區天福里忠誠路二段166巷28弄1號,咖啡廳,高,https://www.google.com/maps/search/?api=1&query=NICE%20to%20MEET%20U%20newborn%20%26%20caf%C3%A9%20%E5%AF%B6%E5%AF%B6%E5%8F%8B%E5%96%84%E5%92%96%E5%95%A1%E5%BB%B3%20111%E8%87%BA%E5%8C%97%E5%B8%82%E5%A3%AB%E6%9E%97%E5%8D%80%E5%A4%A9%E7%A6%8F%E9%87%8C%E5%BF%A0%E8%AA%A0%E8%B7%AF%E4%BA%8C%E6%AE%B5166%E5%B7%B728%E5%BC%841%E8%99%9F,,,
ChIJbUvMt5KrQjQRLw2pyzajsGY,NORI BRUNCH,105台灣臺北市松山區介壽里民生東路五段36巷4弄24-2號,早午餐,高,https://www.google.com/maps/search/?api=1&query=NORI%20BRUNCH&query_place_id=ChIJbUvMt5KrQjQRLw2pyzajsGY,,,
ChIJzce3pkSpQjQRtzalaUwLsgA,O'tree Cafe 歐樹咖啡（中山區）,10491台灣臺北市中山區聚葉里民權東路一段56號,咖啡廳,高,https://www.google.com/maps/search/?api=1&query=O'tree%20Cafe%20%E6%AD%90%E6%A8%B9%E5%92%96%E5%95%A1%EF%BC%88%E4%B8%AD%E5%B1%B1%E5%8D%80%EF%BC%89&query_place_id=ChIJzce3pkSpQjQRtzalaUwLsgA,,,
ChIJf6FaKTirQjQRVWaZiD55weI,Oguri Coffee 小栗原珈琲 · 咖啡,110台灣臺北市信義區永春里松山路221號,咖啡廳,高,https://www.google.com/maps/search/?api=1&query=Oguri%20Coffee%20%E5%B0%8F%E6%A0%97%E5%8E%9F%E7%8F%88%E7%90%B2%20%C2%B7%20%E5%92%96%E5%95%A1&query_place_id=ChIJf6FaKTirQjQRVWaZiD55weI,,,
ChIJz9YRa9apQjQRRvkaval6qgw,OJ Morning 早午餐,103台灣臺北市大同區揚雅里昌吉街116號,早午餐,高,https://www.google.com/maps/search/?api=1&query=OJ%20Morning%20%E6%97%A9%E5%8D%88%E9%A4%90&query_place_id=ChIJz9YRa9apQjQRRvkaval6qgw,,,
ChIJA3Tar4StQjQRADi3HQvT3ZM,Omnivore,"No. 57號, 金湖路內湖區臺北市台灣 114",早午餐,高,https://www.google.com/maps/search/?api=1&query=Omnivore&query_place_id=ChIJA3Tar4StQjQRADi3HQvT3ZM,,,
ChIJYbRuh9KrQjQR97QVMLEicQs,Oregano奧瑞岡義式餐廳,106台灣臺北市大安區住安里四維路96號,義大利料理,高,https://www.google.com/maps/search/?api=1&query=Oregano%E5%A5%A7%E7%91%9E%E5%B2%A1%E7%BE%A9%E5%BC%8F%E9%A4%90%E5%BB%B3&query_place_id=ChIJYbRuh9KrQjQR97QVMLEicQs,,,
ChIJoQJDvpSrQjQROX-evGUkrRo,Osteria Rialto 雅朵義大利餐館(新光三越A4店)-台北信義餐酒館,110台灣臺北市信義區興雅里松高路19號地下一樓,義大利料理,高,https://www.google.com/maps/search/?api=1&query=Osteria%20Rialto%20%E9%9B%85%E6%9C%B5%E7%BE%A9%E5%A4%A7%E5%88%A9%E9%A4%90%E9%A4%A8(%E6%96%B0%E5%85%89%E4%B8%89%E8%B6%8AA4%E5%BA%97)-%E5%8F%B0%E5%8C%97%E4%BF%A1%E7%BE%A9%E9%A4%90%E9%85%92%E9%A4%A8&query_place_id=ChIJoQJDvpSrQjQROX-evGUkrRo,,,
ChIJ_arDipWpQjQR2q2yV467ABY,overthink 餐飲小吃部,100台灣臺北市中正區螢圃里廈門街34巷2號1樓,小酒館/餐酒館,高,https://www.google.com/maps/search/?api=1&query=overthink%20%E9%A4%90%E9%A3%B2%E5%B0%8F%E5%90%83%E9%83%A8&query_place_id=ChIJ_arDipWpQjQR2q2yV467ABY,,,
ChIJd7Je6IKrQjQRkggz9pRntLI,PAI CAFÉ & BRUNCH 八德店,10556台灣臺北市松山區中崙里八德路二段366巷11號,早午餐,高,https://www.google.com/maps/search/?api=1&query=PAI%20CAF%C3%89%20%26%20BRUNCH%20%E5%85%AB%E5%BE%B7%E5%BA%97&query_place_id=ChIJd7Je6IKrQjQRkggz9pRntLI,,,
ChIJp8v5hn6uQjQRLgmb6XWi6dU,Papa Vito Pizzeria 饌義德披薩 天母店,111台灣臺北市士林區中山北路七段92號,披薩,高,https://www.google.com/maps/search/?api=1&query=Papa%20Vito%20Pizzeria%20%E9%A5%8C%E7%BE%A9%E5%BE%B7%E6%8A%AB%E8%96%A9%20%E5%A4%A9%E6%AF%8D%E5%BA%97&query_place_id=ChIJp8v5hn6uQjQRLgmb6XWi6dU,,,
ChIJiRlJKMWpQjQRV3mMe4Dgjqk,Papa Vito Pizzeria 饌義德披薩 昌吉店,103025台灣臺北市大同區蓬萊里昌吉街90號92號,披薩,高,https://www.google.com/maps/search/?api=1&query=Papa%20Vito%20Pizzeria%20%E9%A5%8C%E7%BE%A9%E5%BE%B7%E6%8A%AB%E8%96%A9%20%E6%98%8C%E5%90%89%E5%BA%97&query_place_id=ChIJiRlJKMWpQjQRV3mMe4Dgjqk,,,
ChIJf9I0P9SrQjQRhIIDDEjwvfA,PapaRoy Italian Cuisine,110台灣臺北市信義區新仁里忠孝東路四段553巷16號,披薩,高,https://www.google.com/maps/search/?api=1&query=PapaRoy%20Italian%20Cuisine&query_place_id=ChIJf9I0P9SrQjQRhIIDDEjwvfA,,,
ChIJWUhu1qesQjQRuDKEkbrAZ1g,PappaRich金爸爸-南港中信店,115台灣臺北市南港區三重里經貿二路166號中國信託金融園區1樓,馬來西亞料理,高,https://www.google.com/maps/search/?api=1&query=PappaRich%E9%87%91%E7%88%B8%E7%88%B8-%E5%8D%97%E6%B8%AF%E4%B8%AD%E4%BF%A1%E5%BA%97&query_place_id=ChIJWUhu1qesQjQRuDKEkbrAZ1g,,,
ChIJH65AbO2rQjQRp0rJ5SFEpD8,parco義大利麵店,105台灣臺北市松山區東榮里民生東路五段59號,義大利料理,高,https://www.google.com/maps/search/?api=1&query=parco%E7%BE%A9%E5%A4%A7%E5%88%A9%E9%BA%B5%E5%BA%97&query_place_id=ChIJH65AbO2rQjQRp0rJ5SFEpD8,,,
ChIJP10wpNmrQjQR4_EXiW2NOso,Pasta & Co.,104台灣臺北市中山區復華里南京東路三段9號,美式料理,高,https://www.google.com/maps/search/?api=1&query=Pasta%20%26%20Co.&query_place_id=ChIJP10wpNmrQjQR4_EXiW2NOso,,,
ChIJGR0BXNutQjQRaEy687v-u78,Pasta à Pepe 佩佩奶奶大份量義大利麵 內科港墘店,114台灣臺北市內湖區港墘里港墘路161號,義大利料理,高,https://www.google.com/maps/search/?api=1&query=Pasta%20%C3%A0%20Pepe%20%E4%BD%A9%E4%BD%A9%E5%A5%B6%E5%A5%B6%E5%A4%A7%E4%BB%BD%E9%87%8F%E7%BE%A9%E5%A4%A7%E5%88%A9%E9%BA%B5%20%E5%85%A7%E7%A7%91%E6%B8%AF%E5%A2%98%E5%BA%97&query_place_id=ChIJGR0BXNutQjQRaEy687v-u78,,,
ChIJwwu-NQCrQjQRLUx08vHy8ZE,Pasta à Pepe 佩佩奶奶大份量義大利麵 民生敦化店,105台灣臺北市松山區精忠里民生東路四段61號,義大利料理,高,https://www.google.com/maps/search/?api=1&query=Pasta%20%C3%A0%20Pepe%20%E4%BD%A9%E4%BD%A9%E5%A5%B6%E5%A5%B6%E5%A4%A7%E4%BB%BD%E9%87%8F%E7%BE%A9%E5%A4%A7%E5%88%A9%E9%BA%B5%20%E6%B0%91%E7%94%9F%E6%95%A6%E5%8C%96%E5%BA%97&query_place_id=ChIJwwu-NQCrQjQRLUx08vHy8ZE,,,
ChIJx1VAeLypQjQRiXj4ymgtReM,Pasta bar 喬喬義式廚房,100台灣臺北市中正區永昌里中華路二段417號,義大利料理,高,https://www.google.com/maps/search/?api=1&query=Pasta%20bar%20%E5%96%AC%E5%96%AC%E7%BE%A9%E5%BC%8F%E5%BB%9A%E6%88%BF&query_place_id=ChIJx1VAeLypQjQRiXj4ymgtReM,,,
ChIJoWstbC6rQjQRS5JYXUqAzAU,PASTAIO 手工義大利麵 光復店,106台灣臺北市大安區正聲里光復南路290巷32號,美式料理,高,https://www.google.com/maps/search/?api=1&query=PASTAIO%20%E6%89%8B%E5%B7%A5%E7%BE%A9%E5%A4%A7%E5%88%A9%E9%BA%B5%20%E5%85%89%E5%BE%A9%E5%BA%97&query_place_id=ChIJoWstbC6rQjQRS5JYXUqAzAU,,,
ChIJ9Y1eI4KpQjQRO9xqg1e_1oA,petit doux 微兜 永康店,106台灣臺北市大安區福住里信義路二段198巷7之3號,義大利料理,高,https://www.google.com/maps/search/?api=1&query=petit%20doux%20%E5%BE%AE%E5%85%9C%20%E6%B0%B8%E5%BA%B7%E5%BA%97&query_place_id=ChIJ9Y1eI4KpQjQRO9xqg1e_1oA,,,
ChIJQ0-esS-rQjQRkhlLBOl0tY4,PINK SVLT,110台灣臺北市信義區長春里忠孝東路五段423巷28號,義大利料理,高,https://www.google.com/maps/search/?api=1&query=PINK%20SVLT&query_place_id=ChIJQ0-esS-rQjQRkhlLBOl0tY4,,,
ChIJwRP6mJCuQjQRg4aEsO3XQZ4,Pino Pizza,111台灣臺北市士林區中山北路六段140號,披薩,高,https://www.google.com/maps/search/?api=1&query=Pino%20Pizza&query_place_id=ChIJwRP6mJCuQjQRg4aEsO3XQZ4,,,
ChIJc2bzzPCrQjQRLbtiNwu4-Rg,Pizza,110台灣臺北市信義區大仁里林口街16號,披薩,高,https://www.google.com/maps/search/?api=1&query=Pizza&query_place_id=ChIJc2bzzPCrQjQRLbtiNwu4-Rg,,,
ChIJjXFeXwCrQjQRMOHtCYyJACo,PIZZA BEAR 披薩熊 延吉店,10551台灣臺北市松山區吉仁里延吉街30巷5號1樓,披薩,高,https://www.google.com/maps/search/?api=1&query=PIZZA%20BEAR%20%E6%8A%AB%E8%96%A9%E7%86%8A%20%E5%BB%B6%E5%90%89%E5%BA%97&query_place_id=ChIJjXFeXwCrQjQRMOHtCYyJACo,,,
ChIJ1w34Oh2qQjQRAQsA1KtkXWQ,Pizza Hut 必勝客-景美萬隆店,11675台灣臺北市文山區萬隆里羅斯福路五段242號,披薩,高,https://www.google.com/maps/search/?api=1&query=Pizza%20Hut%20%E5%BF%85%E5%8B%9D%E5%AE%A2-%E6%99%AF%E7%BE%8E%E8%90%AC%E9%9A%86%E5%BA%97&query_place_id=ChIJ1w34Oh2qQjQRAQsA1KtkXWQ,,,
ChIJ1VeuFu2sQjQREEXQacsNtVU,Pizza Mia 窯烤披薩,114台灣臺北市內湖區清白里成功路四段201號,披薩,高,https://www.google.com/maps/search/?api=1&query=Pizza%20Mia%20%E7%AA%AF%E7%83%A4%E6%8A%AB%E8%96%A9&query_place_id=ChIJ1VeuFu2sQjQREEXQacsNtVU,,,
ChIJ_RJ5-aypQjQR8C2beKXJ7fw,Pizza Rock 古亭店,106台灣臺北市大安區古莊里羅斯福路三段25號,披薩,高,https://www.google.com/maps/search/?api=1&query=Pizza%20Rock%20%E5%8F%A4%E4%BA%AD%E5%BA%97&query_place_id=ChIJ_RJ5-aypQjQR8C2beKXJ7fw,,,
ChIJty8w6sytQjQRO7KSXg2x1As,PM PASTA 義大利麵專賣 （Promettente),114台灣台北市内湖区明湖里康宁路三段189巷11弄10號1樓,義大利料理,高,https://www.google.com/maps/search/?api=1&query=PM%20PASTA%20%E7%BE%A9%E5%A4%A7%E5%88%A9%E9%BA%B5%E5%B0%88%E8%B3%A3%20%EF%BC%88Promettente)&query_place_id=ChIJty8w6sytQjQRO7KSXg2x1As,,,
ChIJudLHAwCtQjQR0feRwZ68rZw,Poetry 如詩,10491台灣臺北市中山區金泰里堤頂大道二段466號,小酒館/餐酒館,高,https://www.google.com/maps/search/?api=1&query=Poetry%20%E5%A6%82%E8%A9%A9&query_place_id=ChIJudLHAwCtQjQR0feRwZ68rZw,,,
ChIJk__NE46vQjQR5eRNwrrUl_I,POKE Lee 夏威夷丼飯 (芝山店),111台灣臺北市士林區蘭雅里中山北路六段168號1樓,美式料理,高,https://www.google.com/maps/search/?api=1&query=POKE%20Lee%20%E5%A4%8F%E5%A8%81%E5%A4%B7%E4%B8%BC%E9%A3%AF%20(%E8%8A%9D%E5%B1%B1%E5%BA%97)&query_place_id=ChIJk__NE46vQjQR5eRNwrrUl_I,,,
ChIJ_1vCIlWvQjQRjo4z7gh-Gf8,PRESERVE天母東店,111台灣臺北市士林區天山里天母東路43巷3號,蔬食料理,高,https://www.google.com/maps/search/?api=1&query=PRESERVE%E5%A4%A9%E6%AF%8D%E6%9D%B1%E5%BA%97&query_place_id=ChIJ_1vCIlWvQjQRjo4z7gh-Gf8,,,
ChIJuavLVYOrQjQRRXDx4bIkuds,PROMETTENTE 義大利麵 永春店,11060台灣臺北市信義區廣居里忠孝東路五段372巷27弄75號1樓,義大利料理,高,https://www.google.com/maps/search/?api=1&query=PROMETTENTE%20%E7%BE%A9%E5%A4%A7%E5%88%A9%E9%BA%B5%20%E6%B0%B8%E6%98%A5%E5%BA%97&query_place_id=ChIJuavLVYOrQjQRRXDx4bIkuds,,,
ChIJu7jm2m6pQjQRUGurGMKbbdc,PS BUBU 金屋藏車食堂,11112台灣臺北市士林區天山里中山北路七段140巷1號1樓,義大利料理,高,https://www.google.com/maps/search/?api=1&query=PS%20BUBU%20%E9%87%91%E5%B1%8B%E8%97%8F%E8%BB%8A%E9%A3%9F%E5%A0%82&query_place_id=ChIJu7jm2m6pQjQRUGurGMKbbdc,,,
ChIJhdUJQkWuQjQRBjl-hfM5hUo,PURE CUISINE,112台灣臺北市北投區中和街2號1F,西式料理,高,https://www.google.com/maps/search/?api=1&query=PURE%20CUISINE&query_place_id=ChIJhdUJQkWuQjQRBjl-hfM5hUo,,,
ChIJs3uWUmSpQjQRnZdSKz6jS0g,Puzzle Kitchen 味道拼圖 西寧店,108台灣臺北市萬華區萬壽里西寧南路46號2樓,家庭料理,高,https://www.google.com/maps/search/?api=1&query=Puzzle%20Kitchen%20%E5%91%B3%E9%81%93%E6%8B%BC%E5%9C%96%20%E8%A5%BF%E5%AF%A7%E5%BA%97&query_place_id=ChIJs3uWUmSpQjQRnZdSKz6jS0g,,,
ChIJB3tqu_WpQjQR4k8D1g1BPUI,Q Burger 中山農安店(直營),104台灣臺北市中山區行政里農安街170號,早午餐,高,https://www.google.com/maps/search/?api=1&query=Q%20Burger%20%E4%B8%AD%E5%B1%B1%E8%BE%B2%E5%AE%89%E5%BA%97(%E7%9B%B4%E7%87%9F)&query_place_id=ChIJB3tqu_WpQjQR4k8D1g1BPUI,,,
ChIJY9AYuMatQjQRwOZA2LK2-lc,Q Burger 內湖港墘店,114台灣臺北市內湖區港富里麗山街68巷16號,早午餐,高,https://www.google.com/maps/search/?api=1&query=Q%20Burger%20%E5%85%A7%E6%B9%96%E6%B8%AF%E5%A2%98%E5%BA%97&query_place_id=ChIJY9AYuMatQjQRwOZA2LK2-lc,,,
ChIJnwyoigutQjQRnzlcQozPggc,Q Burger 內湖達人店(直營),114台灣臺北市內湖區湖濱里內湖路二段326號,早午餐,高,https://www.google.com/maps/search/?api=1&query=Q%20Burger%20%E5%85%A7%E6%B9%96%E9%81%94%E4%BA%BA%E5%BA%97(%E7%9B%B4%E7%87%9F)&query_place_id=ChIJnwyoigutQjQRnzlcQozPggc,,,
ChIJbYmKA_itQjQR40b3POfYGRM,Q Burger 內湖麗山店(直營),114台灣臺北市內湖區港都里內湖路一段629巷41號1樓,早午餐,高,https://www.google.com/maps/search/?api=1&query=Q%20Burger%20%E5%85%A7%E6%B9%96%E9%BA%97%E5%B1%B1%E5%BA%97(%E7%9B%B4%E7%87%9F)&query_place_id=ChIJbYmKA_itQjQR40b3POfYGRM,,,
ChIJt9lxKeivQjQRt6dWq_QH0XI,Q Burger 北投知行店,112台灣臺北市北投區關渡里知行路249號,早午餐,高,https://www.google.com/maps/search/?api=1&query=Q%20Burger%20%E5%8C%97%E6%8A%95%E7%9F%A5%E8%A1%8C%E5%BA%97&query_place_id=ChIJt9lxKeivQjQRt6dWq_QH0XI,,,
ChIJbQ8WoaCvQjQRHpA0WJ7lhbc,Q Burger 北投唭哩岸店(直營),112台灣臺北市北投區立農里立農街一段277號一樓,早午餐,高,https://www.google.com/maps/search/?api=1&query=Q%20Burger%20%E5%8C%97%E6%8A%95%E5%94%AD%E5%93%A9%E5%B2%B8%E5%BA%97(%E7%9B%B4%E7%87%9F)&query_place_id=ChIJbQ8WoaCvQjQRHpA0WJ7lhbc,,,
ChIJOcpmy1CrQjQRaXE3LRFRgDI,Q Burger 松山民生店(直營),105台灣臺北市松山區精忠里民生東路四段103號,早午餐,高,https://www.google.com/maps/search/?api=1&query=Q%20Burger%20%E6%9D%BE%E5%B1%B1%E6%B0%91%E7%94%9F%E5%BA%97(%E7%9B%B4%E7%87%9F)&query_place_id=ChIJOcpmy1CrQjQRaXE3LRFRgDI,,,
ChIJVX1hmimrQjQRsH_lXK-TOiw,Q Burger 信義松仁店(直營),110台灣臺北市信義區三犁里松仁路227號,早午餐,高,https://www.google.com/maps/search/?api=1&query=Q%20Burger%20%E4%BF%A1%E7%BE%A9%E6%9D%BE%E4%BB%81%E5%BA%97(%E7%9B%B4%E7%87%9F)&query_place_id=ChIJVX1hmimrQjQRsH_lXK-TOiw,,,
ChIJqSxecQCpQjQRLeK26e0YusI,Q21 cafe,103台灣臺北市大同區建泰里南京西路190號,咖啡廳,高,https://www.google.com/maps/search/?api=1&query=Q21%20cafe&query_place_id=ChIJqSxecQCpQjQRLeK26e0YusI,,,
ChIJzU46prutQjQR3zJt5i61m6M,Qburger內湖星雲店,114台灣臺北市內湖區紫星里星雲街14號,早午餐,高,https://www.google.com/maps/search/?api=1&query=Qburger%E5%85%A7%E6%B9%96%E6%98%9F%E9%9B%B2%E5%BA%97&query_place_id=ChIJzU46prutQjQR3zJt5i61m6M,,,
ChIJZ9fqmf6pQjQRZOahfHvsvz0,Ramble Cafe 漫步藍咖啡台北北門店,100001台灣臺北市中正區延平南路13-1號號(位於開封街上,咖啡廳,高,https://www.google.com/maps/search/?api=1&query=Ramble%20Cafe%20%E6%BC%AB%E6%AD%A5%E8%97%8D%E5%92%96%E5%95%A1%E5%8F%B0%E5%8C%97%E5%8C%97%E9%96%80%E5%BA%97&query_place_id=ChIJZ9fqmf6pQjQRZOahfHvsvz0,,,
ChIJv26AB6isQjQRFYRlw7bXGrU,REAL真烘焙坊(南港展覽館1店),115台灣臺北市南港區三重里經貿二路1號,烘焙/甜點,高,https://www.google.com/maps/search/?api=1&query=REAL%E7%9C%9F%E7%83%98%E7%84%99%E5%9D%8A(%E5%8D%97%E6%B8%AF%E5%B1%95%E8%A6%BD%E9%A4%A81%E5%BA%97)&query_place_id=ChIJv26AB6isQjQRFYRlw7bXGrU,,,
ChIJSa1zFYysQjQRCQI-kl6iSVE,Reeds Coffee & Bakery,114台灣臺北市內湖區湖濱里成功路三段146號,咖啡廳,高,https://www.google.com/maps/search/?api=1&query=Reeds%20Coffee%20%26%20Bakery&query_place_id=ChIJSa1zFYysQjQRCQI-kl6iSVE,,,
ChIJqZiptBivQjQRmdV-u5szbtA,Reeds Coffee & Bakery Beitou,112台灣臺北市北投區中央里磺港路6號,咖啡廳,高,https://www.google.com/maps/search/?api=1&query=Reeds%20Coffee%20%26%20Bakery%20Beitou&query_place_id=ChIJqZiptBivQjQRmdV-u5szbtA,,,
ChIJTUbg6H6pQjQR7KMT4toFcQI,RGB Eatery,104台灣臺北市中山區聚葉里林森北路487號1樓225室,早午餐,高,https://www.google.com/maps/search/?api=1&query=RGB%20Eatery&query_place_id=ChIJTUbg6H6pQjQR7KMT4toFcQI,,,
ChIJ_encAUCvQjQR7vWIhnfZTuk,Rhyme Café 韻咖啡,112台灣臺北市北投區中央里大興街52號,早午餐,高,https://www.google.com/maps/search/?api=1&query=Rhyme%20Caf%C3%A9%20%E9%9F%BB%E5%92%96%E5%95%A1&query_place_id=ChIJ_encAUCvQjQR7vWIhnfZTuk,,,
ChIJle9teRGqQjQR_D9yOFFqhcI,RICO'小廚 萬芳一店,"1F, No. 22號興隆路三段112巷2弄興得里文山區臺北市台灣 116",義大利料理,高,https://www.google.com/maps/search/?api=1&query=RICO'%E5%B0%8F%E5%BB%9A%20%E8%90%AC%E8%8A%B3%E4%B8%80%E5%BA%97&query_place_id=ChIJle9teRGqQjQR_D9yOFFqhcI,,,
ChIJK5fCcqepQjQRYX2sCPRjWAo,Roos Pizza Bar,10491台灣臺北市中山區圓山里玉門街1號,披薩,高,https://www.google.com/maps/search/?api=1&query=Roos%20Pizza%20Bar&query_place_id=ChIJK5fCcqepQjQRYX2sCPRjWAo,,,
ChIJw1tWDcKrQjQRnEyEKW3eLdU,Salad Den,105台灣臺北市松山區復勢里南京東路四段168號1F,蔬食料理,高,https://www.google.com/maps/search/?api=1&query=Salad%20Den&query_place_id=ChIJw1tWDcKrQjQRnEyEKW3eLdU,,,
ChIJc_6fMzerQjQRHcqXwpPVxFo,SALT&STONE 台北101餐廳,110台灣臺北市信義區市府路45號4樓,烘焙/甜點,高,https://www.google.com/maps/search/?api=1&query=SALT%26STONE%20%E5%8F%B0%E5%8C%97101%E9%A4%90%E5%BB%B3&query_place_id=ChIJc_6fMzerQjQRHcqXwpPVxFo,,,
ChIJO1lQbwCtQjQRHSxoPz3smt0,SALT&STONE 南港Lalaport餐廳,11568台灣臺北市南港區經貿二路131號1樓,美式料理,高,https://www.google.com/maps/search/?api=1&query=SALT%26STONE%20%E5%8D%97%E6%B8%AFLalaport%E9%A4%90%E5%BB%B3&query_place_id=ChIJO1lQbwCtQjQRHSxoPz3smt0,,,
ChIJjQVas5CuQjQR1tHUX2BwOvM,Sarabeth's 台北天母SOGO店,111台灣臺北市士林區德行里中山北路六段77號2樓,美式料理,高,https://www.google.com/maps/search/?api=1&query=Sarabeth's%20%E5%8F%B0%E5%8C%97%E5%A4%A9%E6%AF%8DSOGO%E5%BA%97&query_place_id=ChIJjQVas5CuQjQR1tHUX2BwOvM,,,
ChIJHdyrxrWpQjQRVUx2nUhAuPs,Second Floor 貳樓中山南西店,104台灣臺北市中山區中山北路二段16巷22號,美式料理,高,https://www.google.com/maps/search/?api=1&query=Second%20Floor%20%E8%B2%B3%E6%A8%93%E4%B8%AD%E5%B1%B1%E5%8D%97%E8%A5%BF%E5%BA%97&query_place_id=ChIJHdyrxrWpQjQRVUx2nUhAuPs,,,
ChIJe-Zpv36pQjQRcIveo24nBg8,Second Floor 貳樓仁愛店,100台灣臺北市中正區三愛里仁愛路二段108號,美式料理,高,https://www.google.com/maps/search/?api=1&query=Second%20Floor%20%E8%B2%B3%E6%A8%93%E4%BB%81%E6%84%9B%E5%BA%97&query_place_id=ChIJe-Zpv36pQjQRcIveo24nBg8,,,
ChIJCyKuHW-sQjQRLbLgae6QWSU,Second Floor 貳樓西湖店,114台灣臺北市內湖區西湖里內湖路一段300號,美式料理,高,https://www.google.com/maps/search/?api=1&query=Second%20Floor%20%E8%B2%B3%E6%A8%93%E8%A5%BF%E6%B9%96%E5%BA%97&query_place_id=ChIJCyKuHW-sQjQRLbLgae6QWSU,,,
ChIJyWRT3mWrQjQRFOM_DSk68CE,Second Floor 貳樓南港車站店,115台灣臺北市南港區忠孝東路七段359號 City LinkB棟 2樓,美式料理,高,https://www.google.com/maps/search/?api=1&query=Second%20Floor%20%E8%B2%B3%E6%A8%93%E5%8D%97%E6%B8%AF%E8%BB%8A%E7%AB%99%E5%BA%97&query_place_id=ChIJyWRT3mWrQjQRFOM_DSk68CE,,,
ChIJneUTn3KpQjQR8_eBLgiNFMU,Second Floor 貳樓微風台北車站店,100台灣臺北市中正區北平西路3號2樓,美式料理,高,https://www.google.com/maps/search/?api=1&query=Second%20Floor%20%E8%B2%B3%E6%A8%93%E5%BE%AE%E9%A2%A8%E5%8F%B0%E5%8C%97%E8%BB%8A%E7%AB%99%E5%BA%97&query_place_id=ChIJneUTn3KpQjQR8_eBLgiNFMU,,,
ChIJiwbs0gGrQjQRHo5yLLB1zH8,Second Floor 貳樓微風南山店,110台灣臺北市信義區西村里松智路17號7樓,美式料理,高,https://www.google.com/maps/search/?api=1&query=Second%20Floor%20%E8%B2%B3%E6%A8%93%E5%BE%AE%E9%A2%A8%E5%8D%97%E5%B1%B1%E5%BA%97&query_place_id=ChIJiwbs0gGrQjQRHo5yLLB1zH8,,,
ChIJ76kFpkqpQjQRuJGhwXRk-QY,Shaunifay Diner 尚尼菲餐館,103台灣臺北市大同區斯文里承德路三段143巷22號1樓,美式料理,高,https://www.google.com/maps/search/?api=1&query=Shaunifay%20Diner%20%E5%B0%9A%E5%B0%BC%E8%8F%B2%E9%A4%90%E9%A4%A8&query_place_id=ChIJ76kFpkqpQjQRuJGhwXRk-QY,,,
ChIJQ0kUxlmrQjQREKYIn9W6_e0,Simp簡單早午餐 cafe&brunch,110台灣臺北市信義區永春里松山路241號,早午餐,高,https://www.google.com/maps/search/?api=1&query=Simp%E7%B0%A1%E5%96%AE%E6%97%A9%E5%8D%88%E9%A4%90%20cafe%26brunch&query_place_id=ChIJQ0kUxlmrQjQREKYIn9W6_e0,,,
ChIJ2VWqSkKuQjQRuQkg3lsruls,Skylark洋食‧芳鄰 士林中山北店,111台灣臺北市士林區中山北路五段565號,美式料理,高,https://www.google.com/maps/search/?api=1&query=Skylark%E6%B4%8B%E9%A3%9F%E2%80%A7%E8%8A%B3%E9%84%B0%20%E5%A3%AB%E6%9E%97%E4%B8%AD%E5%B1%B1%E5%8C%97%E5%BA%97&query_place_id=ChIJ2VWqSkKuQjQRuQkg3lsruls,,,
ChIJh8HAJFGuQjQRTdJEMlGhRbc,Slipper Cafe 拖鞋咖啡,112台灣臺北市北投區大同里大同街15號,咖啡廳,高,https://www.google.com/maps/search/?api=1&query=Slipper%20Cafe%20%E6%8B%96%E9%9E%8B%E5%92%96%E5%95%A1&query_place_id=ChIJh8HAJFGuQjQRTdJEMlGhRbc,,,
ChIJk2mnnEKrQjQR-x8iV1ShyaQ,Sol e Lua-松山,105台灣臺北市松山區復勢里八德路三段155巷2號1樓,披薩,高,https://www.google.com/maps/search/?api=1&query=Sol%20e%20Lua-%E6%9D%BE%E5%B1%B1&query_place_id=ChIJk2mnnEKrQjQR-x8iV1ShyaQ,,,
ChIJLYtm72upQjQRyfkzTzy4Gsk,Solo Pizza Napoletana 台北店,103台灣臺北市大同區至聖里酒泉街10巷9號,披薩,高,https://www.google.com/maps/search/?api=1&query=Solo%20Pizza%20Napoletana%20%E5%8F%B0%E5%8C%97%E5%BA%97&query_place_id=ChIJLYtm72upQjQRyfkzTzy4Gsk,,,
ChIJ8z_haZmsQjQRKtLWjqavTa4,Sophie Kitchen 幸福窯烤,105台灣台北市松山區富锦里富锦街492號1樓,早午餐,高,https://www.google.com/maps/search/?api=1&query=Sophie%20Kitchen%20%E5%B9%B8%E7%A6%8F%E7%AA%AF%E7%83%A4&query_place_id=ChIJ8z_haZmsQjQRKtLWjqavTa4,,,
ChIJ6ed5D7upQjQR_mMtLKqvIjw,Stan & Cat 史丹貓美式餐廳 西門店,108台灣臺北市萬華區西門里昆明街138號,美式料理,高,https://www.google.com/maps/search/?api=1&query=Stan%20%26%20Cat%20%E5%8F%B2%E4%B8%B9%E8%B2%93%E7%BE%8E%E5%BC%8F%E9%A4%90%E5%BB%B3%20%E8%A5%BF%E9%96%80%E5%BA%97&query_place_id=ChIJ6ed5D7upQjQR_mMtLKqvIjw,,,
ChIJ4W2klXKvQjQROVWqIYuP950,Starbucks星巴克 關渡門市,112台灣臺北市北投區一德里大度路三段296巷45號,咖啡廳,高,https://www.google.com/maps/search/?api=1&query=Starbucks%E6%98%9F%E5%B7%B4%E5%85%8B%20%E9%97%9C%E6%B8%A1%E9%96%80%E5%B8%82&query_place_id=ChIJ4W2klXKvQjQROVWqIYuP950,,,
ChIJxUlI1ZCuQjQRmhTI36h17So,SUBBER,111台灣臺北市士林區德行里德行西路60之1號,美式料理,高,https://www.google.com/maps/search/?api=1&query=SUBBER&query_place_id=ChIJxUlI1ZCuQjQRmhTI36h17So,,,
ChIJqeYY1JupQjQRNPFIqkre_C4,Sugar Cafe Bar,103台灣臺北市大同區永樂里民生西路350號2樓,咖啡廳,高,https://www.google.com/maps/search/?api=1&query=Sugar%20Cafe%20Bar&query_place_id=ChIJqeYY1JupQjQRNPFIqkre_C4,,,
ChIJfyatdoKpQjQRIGP49wVWMIQ,SUGARbISTRO（小食糖）,100台灣臺北市中正區三愛里信義路二段181巷3號,烘焙/甜點,高,https://www.google.com/maps/search/?api=1&query=SUGARbISTRO%EF%BC%88%E5%B0%8F%E9%A3%9F%E7%B3%96%EF%BC%89&query_place_id=ChIJfyatdoKpQjQRIGP49wVWMIQ,,,
ChIJfQRJr76tQjQRh7tlpj60G4Y,Super麵 現煮義大利麵,114台灣臺北市內湖區紫星里康寧路一段26巷,義大利料理,高,https://www.google.com/maps/search/?api=1&query=Super%E9%BA%B5%20%E7%8F%BE%E7%85%AE%E7%BE%A9%E5%A4%A7%E5%88%A9%E9%BA%B5&query_place_id=ChIJfQRJr76tQjQRh7tlpj60G4Y,,,
ChIJjfk1QDarQjQRczrP0ay8bRU,SWENSEN'S 双聖大安店,106台灣臺北市大安區仁慈里復興南路一段317號1樓,美式料理,高,https://www.google.com/maps/search/?api=1&query=SWENSEN'S%20%E5%8F%8C%E8%81%96%E5%A4%A7%E5%AE%89%E5%BA%97&query_place_id=ChIJjfk1QDarQjQRczrP0ay8bRU,,,
ChIJcxZJwc2rQjQRfe2e1DlV-ek,TAMED FOX 大安店,106台灣臺北市大安區德安里四維路76巷5號,早午餐,高,https://www.google.com/maps/search/?api=1&query=TAMED%20FOX%20%E5%A4%A7%E5%AE%89%E5%BA%97&query_place_id=ChIJcxZJwc2rQjQRfe2e1DlV-ek,,,
ChIJaZeoEK6vQjQRRBc-MC-InuU,TAMED FOX 天母店,111台灣臺北市士林區天福里忠誠路二段184號一樓,早午餐,高,https://www.google.com/maps/search/?api=1&query=TAMED%20FOX%20%E5%A4%A9%E6%AF%8D%E5%BA%97&query_place_id=ChIJaZeoEK6vQjQRRBc-MC-InuU,,,
ChIJJ7Mq3qOrQjQRNqK7VSkGFKc,TAMED FOX 信義店,110台灣臺北市信義區安康里松仁路91號B1,早午餐,高,https://www.google.com/maps/search/?api=1&query=TAMED%20FOX%20%E4%BF%A1%E7%BE%A9%E5%BA%97&query_place_id=ChIJJ7Mq3qOrQjQRNqK7VSkGFKc,,,
ChIJM8BvRWGpQjQR8bRf97kUcyk,TankQ cafe&Bar忠孝敦化店,106台灣臺北市大安區建安里忠孝東路四段181巷40弄7號,早午餐,高,https://www.google.com/maps/search/?api=1&query=TankQ%20cafe%26Bar%E5%BF%A0%E5%AD%9D%E6%95%A6%E5%8C%96%E5%BA%97&query_place_id=ChIJM8BvRWGpQjQR8bRf97kUcyk,,,
ChIJsWsw0pCvQjQRZLTNGrOgg3Y,Tea Lab茶坊,11141台灣臺北市士林區福林里中山北路五段470巷8號1樓,咖啡廳,高,https://www.google.com/maps/search/?api=1&query=Tea%20Lab%E8%8C%B6%E5%9D%8A&query_place_id=ChIJsWsw0pCvQjQRZLTNGrOgg3Y,,,
ChIJ_RA6XQGqQjQRRwNNst0r6F4,Tenshima 天島咖啡,116台灣臺北市文山區景華里羅斯福路六段311號,咖啡廳,高,https://www.google.com/maps/search/?api=1&query=Tenshima%20%E5%A4%A9%E5%B3%B6%E5%92%96%E5%95%A1&query_place_id=ChIJ_RA6XQGqQjQRRwNNst0r6F4,,,
ChIJ_bpJRJqpQjQRXz73PDJ74XA,TGI FRIDAYS 星期五美式餐廳 古亭餐廳,100台灣臺北市中正區南福里羅斯福路二段60號,美式料理,高,https://www.google.com/maps/search/?api=1&query=TGI%20FRIDAYS%20%E6%98%9F%E6%9C%9F%E4%BA%94%E7%BE%8E%E5%BC%8F%E9%A4%90%E5%BB%B3%20%E5%8F%A4%E4%BA%AD%E9%A4%90%E5%BB%B3&query_place_id=ChIJ_bpJRJqpQjQRXz73PDJ74XA,,,
ChIJs3sNJLKrQjQRDUEcLymNsx8,The Antipodean (富錦店),105台灣臺北市松山區東榮里民生東路五段27巷10號,早午餐,高,https://www.google.com/maps/search/?api=1&query=The%20Antipodean%20(%E5%AF%8C%E9%8C%A6%E5%BA%97)&query_place_id=ChIJs3sNJLKrQjQRDUEcLymNsx8,,,
ChIJHd7EPMarQjQRNjXqec_9Cys,The Chips 信義店,110台灣臺北市信義區西村里松壽路12號5 樓,美式料理,高,https://www.google.com/maps/search/?api=1&query=The%20Chips%20%E4%BF%A1%E7%BE%A9%E5%BA%97&query_place_id=ChIJHd7EPMarQjQRNjXqec_9Cys,,,
ChIJixmYF46uQjQRlpCpN0SXIhM,The HUB - Where people meet,112台灣臺北市北投區裕民里明德路161號B1,咖啡廳,高,https://www.google.com/maps/search/?api=1&query=The%20HUB%20-%20Where%20people%20meet&query_place_id=ChIJixmYF46uQjQRlpCpN0SXIhM,,,
ChIJ_fiu6l2rQjQRDO3sQXN-2EI,THE LOUNGE 大廳酒吧-台北六福萬怡酒店,115台灣臺北市南港區中南里忠孝東路七段359號7樓,酒吧/餐酒館,高,https://www.google.com/maps/search/?api=1&query=THE%20LOUNGE%20%E5%A4%A7%E5%BB%B3%E9%85%92%E5%90%A7-%E5%8F%B0%E5%8C%97%E5%85%AD%E7%A6%8F%E8%90%AC%E6%80%A1%E9%85%92%E5%BA%97&query_place_id=ChIJ_fiu6l2rQjQRDO3sQXN-2EI,,,
ChIJcdguChCrQjQR8jOmAGPBHGo,THE SHIN 初心-南京復興捷運站,105台灣臺北市松山區松基里復興北路223號,義大利料理,高,https://www.google.com/maps/search/?api=1&query=THE%20SHIN%20%E5%88%9D%E5%BF%83-%E5%8D%97%E4%BA%AC%E5%BE%A9%E8%88%88%E6%8D%B7%E9%81%8B%E7%AB%99&query_place_id=ChIJcdguChCrQjQR8jOmAGPBHGo,,,
ChIJ5-09PB2tQjQRxn5hRz87wV4,Tierra Casa Restaurant-台北內湖西餐廳,114台灣臺北市內湖區金龍路177號,西式料理,高,https://www.google.com/maps/search/?api=1&query=Tierra%20Casa%20Restaurant-%E5%8F%B0%E5%8C%97%E5%85%A7%E6%B9%96%E8%A5%BF%E9%A4%90%E5%BB%B3%20%E5%9C%A8%E5%9C%B0%E9%A3%9F%E6%9D%90%E5%89%B5%E6%84%8F%E6%96%99%E7%90%86%20%E5%83%B9%E6%A0%BC%E8%A8%82%E4%BD%8D%E6%8E%A8%E8%96%A6%20%E7%BE%A9%E5%BC%8F%E6%B3%95%E5%BC%8F%E6%96%99%E7%90%86%202026%E4%BA%BA%E6%B0%A3%E5%BF%85%E5%90%83%E7%BE%8E%E9%A3%9F%20%E7%B2%BE%E5%93%81%E8%8C%B6%E8%91%89%E5%92%96%E5%95%A1%20%E8%81%9A%E9%A4%90%E8%A6%AA%E5%AD%90%E9%A4%90%E5%BB%B3%20PTT%20Dcard&query_place_id=ChIJ5-09PB2tQjQRxn5hRz87wV4,,,
ChIJd8JMXwKtQjQRtcgmBVKpiOs,Timama kitchen,114台灣臺北市內湖區港墘里江南街71巷16弄32號,咖啡廳,高,https://www.google.com/maps/search/?api=1&query=Timama%20kitchen&query_place_id=ChIJd8JMXwKtQjQRtcgmBVKpiOs,,,
ChIJgRqoY8KvQjQRCC2Eh_QOz94,Together Cafe 士林,111台灣臺北市士林區後港里大南路302號,咖啡廳,高,https://www.google.com/maps/search/?api=1&query=Together%20Cafe%20%E5%A3%AB%E6%9E%97&query_place_id=ChIJgRqoY8KvQjQRCC2Eh_QOz94,,,
ChIJi5bMYlKuQjQRfjvPUwafSQM,Toscana Café 托斯卡尼咖啡,112台灣臺北市北投區立功街80巷1號,咖啡廳,高,https://www.google.com/maps/search/?api=1&query=Toscana%20Caf%C3%A9%20%E6%89%98%E6%96%AF%E5%8D%A1%E5%B0%BC%E5%92%96%E5%95%A1&query_place_id=ChIJi5bMYlKuQjQRfjvPUwafSQM,,,
ChIJuSpxMsCsQjQRKRZLC-9NCmQ,Triple Cafe,114台灣臺北市內湖區大湖里成功路五段118號,美式料理,高,https://www.google.com/maps/search/?api=1&query=Triple%20Cafe&query_place_id=ChIJuSpxMsCsQjQRKRZLC-9NCmQ,,,
ChIJn9NXj66tQjQRlkXWUCY-vXg,TUMAZ 黑熊咖啡『瑰夏專賣店』,"561號, No. 561重陽路三重里南港區臺北市台灣 115",咖啡廳,高,https://www.google.com/maps/search/?api=1&query=TUMAZ%20%E9%BB%91%E7%86%8A%E5%92%96%E5%95%A1%E3%80%8E%E7%91%B0%E5%A4%8F%E5%B0%88%E8%B3%A3%E5%BA%97%E3%80%8F&query_place_id=ChIJn9NXj66tQjQRlkXWUCY-vXg,,,
ChIJl2NC-COpQjQRdZmgrZeaUrc,TWATUTIA Coffee & Co.,103台灣臺北市大同區永樂里南京西路279號,咖啡廳,高,https://www.google.com/maps/search/?api=1&query=TWATUTIA%20Coffee%20%26%20Co.&query_place_id=ChIJl2NC-COpQjQRdZmgrZeaUrc,,,
ChIJzf7RSMGpQjQRHo5NlOYGPIQ,TWATUTIAN Coffee & Co.,104台灣臺北市中山區朱園里建國北路一段136號,咖啡廳,高,https://www.google.com/maps/search/?api=1&query=TWATUTIAN%20Coffee%20%26%20Co.&query_place_id=ChIJzf7RSMGpQjQRHo5NlOYGPIQ,,,
ChIJKcM2uWSrQjQRfon8d41sbGo,UMAMI 金色三麥,110台灣臺北市信義區西村里松智路17號7樓,酒吧/餐酒館,高,https://www.google.com/maps/search/?api=1&query=UMAMI%20%E9%87%91%E8%89%B2%E4%B8%89%E9%BA%A5&query_place_id=ChIJKcM2uWSrQjQRfon8d41sbGo,,,
ChIJvS0scJ-tQjQRrZXTJtWMRw8,Uncle-K 火烤店 아저씨감자탕,114017台灣臺北市內湖區清白里成功路四段147號,韓式料理,高,https://www.google.com/maps/search/?api=1&query=Uncle-K%20%E7%81%AB%E7%83%A4%E5%BA%97%20%EC%95%84%EC%A0%80%EC%94%A8%EA%B0%90%EC%9E%90%ED%83%95&query_place_id=ChIJvS0scJ-tQjQRrZXTJtWMRw8,,,
ChIJq1qle9GrQjQRWr4qbaBVS5k,Uranium Cafe 鈾咖啡餐酒館,106台灣臺北市大安區復興南路一段253巷32號1樓,小酒館/餐酒館,高,https://www.google.com/maps/search/?api=1&query=Uranium%20Cafe%20%E9%88%BE%E5%92%96%E5%95%A1%E9%A4%90%E9%85%92%E9%A4%A8&query_place_id=ChIJq1qle9GrQjQRWr4qbaBVS5k,,,
ChIJtQtRfW6sQjQRzjpE_jb97ag,VASA 瓦薩美式餐廳 - 內科門市,11493台灣臺北市內湖區西湖里洲子街183號,美式料理,高,https://www.google.com/maps/search/?api=1&query=VASA%20%E7%93%A6%E8%96%A9%E7%BE%8E%E5%BC%8F%E9%A4%90%E5%BB%B3%20-%20%E5%85%A7%E7%A7%91%E9%96%80%E5%B8%82&query_place_id=ChIJtQtRfW6sQjQRzjpE_jb97ag,,,
ChIJJ5AnkSatQjQRD25lCSosD20,VEGE CREEK蔬河 南港中信店,115台灣臺北市南港區三重里經貿二路186-1號C棟2樓,蔬食料理,高,https://www.google.com/maps/search/?api=1&query=VEGE%20CREEK%E8%94%AC%E6%B2%B3%20%E5%8D%97%E6%B8%AF%E4%B8%AD%E4%BF%A1%E5%BA%97&query_place_id=ChIJJ5AnkSatQjQRD25lCSosD20,,,
ChIJ__AhubWrQjQRTdR1EdLlW7A,Verona Kitchen & Space,110台灣臺北市信義區景新里莊敬路197巷6號,早午餐,高,https://www.google.com/maps/search/?api=1&query=Verona%20Kitchen%20%26%20Space&query_place_id=ChIJ__AhubWrQjQRTdR1EdLlW7A,,,
ChIJr7TGi1yrQjQRInnz9AHC1cA,Waku ⁺,10694台灣臺北市大安區正聲里光復南路294巷21號,日式料理,高,https://www.google.com/maps/search/?api=1&query=Waku%20%E2%81%BA&query_place_id=ChIJr7TGi1yrQjQRInnz9AHC1cA,,,
ChIJlyoJRvKuQjQRrHnwM63EbOU,Wall.e 活力漢堡店,11276台灣臺北市北投區吉利里實踐街69號,早午餐,高,https://www.google.com/maps/search/?api=1&query=Wall.e%20%E6%B4%BB%E5%8A%9B%E6%BC%A2%E5%A0%A1%E5%BA%97&query_place_id=ChIJlyoJRvKuQjQRrHnwM63EbOU,,,
ChIJaW5qRZeuQjQRXS0fztFQle8,Want More,111台灣臺北市士林區德行里中山北路六段43-2號,咖啡廳,高,https://www.google.com/maps/search/?api=1&query=Want%20More&query_place_id=ChIJaW5qRZeuQjQRXS0fztFQle8,,,
ChIJO_MDTbmrQjQR9kY38FEBbro,We&Me Cafe好好文化創意,110台灣臺北市信義區新仁里基隆路一段188-2號,早午餐,高,https://www.google.com/maps/search/?api=1&query=We%26Me%20Cafe%E5%A5%BD%E5%A5%BD%E6%96%87%E5%8C%96%E5%89%B5%E6%84%8F&query_place_id=ChIJO_MDTbmrQjQR9kY38FEBbro,,,
ChIJybGQCXCvQjQRX1vw0Wi0ue4,WENISM CAFE 走馬啡 北投老爺,112台灣臺北市北投區中心里中和街2號,咖啡廳,高,https://www.google.com/maps/search/?api=1&query=WENISM%20CAFE%20%E8%B5%B0%E9%A6%AC%E5%95%A1%20%E5%8C%97%E6%8A%95%E8%80%81%E7%88%BA&query_place_id=ChIJybGQCXCvQjQRX1vw0Wi0ue4,,,
ChIJLw4hCvWpQjQRacZRKoRxVnE,Wild Open Space 北美館,104台灣臺北市中山區圓山里中山北路三段181號B2,咖啡廳,高,https://www.google.com/maps/search/?api=1&query=Wild%20Open%20Space%20%E5%8C%97%E7%BE%8E%E9%A4%A8&query_place_id=ChIJLw4hCvWpQjQRacZRKoRxVnE,,,
ChIJfzjbheitQjQRa3PNwDBxq6E,WilsonPark 威爾森公園 （Steak & Wine）,114台灣臺北市內湖區寶湖里民權東路六段125之1號,牛排館,高,https://www.google.com/maps/search/?api=1&query=WilsonPark%20%E5%A8%81%E7%88%BE%E6%A3%AE%E5%85%AC%E5%9C%92%20%EF%BC%88Steak%20%26%20Wine%EF%BC%89&query_place_id=ChIJfzjbheitQjQRa3PNwDBxq6E,,,
ChIJ7ZXcIA-rQjQRIFMAOLXqt14,WIRED CHAYA茶屋 南港店,115台灣臺北市南港區東明里忠孝東路七段369號2F,日式料理,高,https://www.google.com/maps/search/?api=1&query=WIRED%20CHAYA%E8%8C%B6%E5%B1%8B%20%E5%8D%97%E6%B8%AF%E5%BA%97&query_place_id=ChIJ7ZXcIA-rQjQRIFMAOLXqt14,,,
ChIJlxI4ismrQjQRnmAHnozDIug,Woolloomooloo,110台灣臺北市信義區中興里信義路四段379號,咖啡廳,高,https://www.google.com/maps/search/?api=1&query=Woolloomooloo&query_place_id=ChIJlxI4ismrQjQRnmAHnozDIug,,,
ChIJY5ePn22pQjQROqdS4G-1p60,woosa洋食パンケーキ 屋莎洋食鬆餅屋 台北京站店,103台灣臺北市大同區建明里承德路一段1號京站時尚廣場2樓,日式料理,高,https://www.google.com/maps/search/?api=1&query=woosa%E6%B4%8B%E9%A3%9F%E3%83%91%E3%83%B3%E3%82%B1%E3%83%BC%E3%82%AD%20%E5%B1%8B%E8%8E%8E%E6%B4%8B%E9%A3%9F%E9%AC%86%E9%A4%85%E5%B1%8B%20%E5%8F%B0%E5%8C%97%E4%BA%AC%E7%AB%99%E5%BA%97&query_place_id=ChIJY5ePn22pQjQROqdS4G-1p60,,,
ChIJG838yIWrQjQRf-jF55TAvwA,Woosa洋食パンケーキ 屋莎洋食鬆餅屋 台北松菸店,110台灣臺北市信義區新仁里忠孝東路四段553巷28號,日式料理,高,https://www.google.com/maps/search/?api=1&query=Woosa%E6%B4%8B%E9%A3%9F%E3%83%91%E3%83%B3%E3%82%B1%E3%83%BC%E3%82%AD%20%E5%B1%8B%E8%8E%8E%E6%B4%8B%E9%A3%9F%E9%AC%86%E9%A4%85%E5%B1%8B%20%E5%8F%B0%E5%8C%97%E6%9D%BE%E8%8F%B8%E5%BA%97&query_place_id=ChIJG838yIWrQjQRf-jF55TAvwA,,,
ChIJh4IrcmmpQjQRHrOfd9RDwyI,WOW Bistro旺.慢食餐酒館 -中山店,10491台灣臺北市中山區民安里中山北路二段42巷34號,義大利料理,高,https://www.google.com/maps/search/?api=1&query=WOW%20Bistro%E6%97%BA.%E6%85%A2%E9%A3%9F%E9%A4%90%E9%85%92%E9%A4%A8%20-%E4%B8%AD%E5%B1%B1%E5%BA%97&query_place_id=ChIJh4IrcmmpQjQRHrOfd9RDwyI,,,
ChIJmRV02sGrQjQRFGHkeHvnUVc,WOW早午餐,104台灣台北市中山区中吉里一江街60之1號1樓,早午餐,高,https://www.google.com/maps/search/?api=1&query=WOW%E6%97%A9%E5%8D%88%E9%A4%90&query_place_id=ChIJmRV02sGrQjQRFGHkeHvnUVc,,,
ChIJjQJafUWuQjQRLU7lvSzlAwo,Wurst我家 早午餐,112台灣臺北市北投區中心里中和街40號之5號,早午餐,高,https://www.google.com/maps/search/?api=1&query=Wurst%E6%88%91%E5%AE%B6%20%E6%97%A9%E5%8D%88%E9%A4%90&query_place_id=ChIJjQJafUWuQjQRLU7lvSzlAwo,,,
ChIJW_lv_hmpQjQRFslAyToEpRE,YABI KITCHEN 台北誠品南西店,104台灣臺北市中山區南京西路14號2F,亞洲料理,高,https://www.google.com/maps/search/?api=1&query=YABI%20KITCHEN%20%E5%8F%B0%E5%8C%97%E8%AA%A0%E5%93%81%E5%8D%97%E8%A5%BF%E5%BA%97&query_place_id=ChIJW_lv_hmpQjQRFslAyToEpRE,,,
ChIJcQV2D2GrQjQRNnfEuAacZp0,YABI KITCHEN DREAM PLAZA店,"4樓, No. 11號松高路信義區臺北市台灣 11073",東南亞料理,高,https://www.google.com/maps/search/?api=1&query=YABI%20KITCHEN%20DREAM%20PLAZA%E5%BA%97&query_place_id=ChIJcQV2D2GrQjQRNnfEuAacZp0,,,
ChIJG5BF5JSrQjQRlC48QVBNydk,YAYOI彌生軒 南京三民店,105台灣臺北市松山區南京東路五段92.94.96號1樓,日式料理,高,https://www.google.com/maps/search/?api=1&query=YAYOI%E5%BD%8C%E7%94%9F%E8%BB%92%20%E5%8D%97%E4%BA%AC%E4%B8%89%E6%B0%91%E5%BA%97&query_place_id=ChIJG5BF5JSrQjQRlC48QVBNydk,,,
ChIJGZIplKCtQjQRlsUdzV3hjrg,YAYOI彌生軒 南港LaLaport店,115台灣臺北市南港區經貿二路131號5F,日式料理,高,https://www.google.com/maps/search/?api=1&query=YAYOI%E5%BD%8C%E7%94%9F%E8%BB%92%20%E5%8D%97%E6%B8%AFLaLaport%E5%BA%97&query_place_id=ChIJGZIplKCtQjQRlsUdzV3hjrg,,,
ChIJKz45M3OpQjQRU0wSpQZnLrE,YAYOI彌生軒 站前懷寧店,100台灣臺北市中正區黎明里懷寧街21號2樓,日式料理,高,https://www.google.com/maps/search/?api=1&query=YAYOI%E5%BD%8C%E7%94%9F%E8%BB%92%20%E7%AB%99%E5%89%8D%E6%87%B7%E5%AF%A7%E5%BA%97&query_place_id=ChIJKz45M3OpQjQRU0wSpQZnLrE,,,
ChIJe3l803CpQjQRYZjFJ6lZtTw,Yoogup優貝島X冷萃希臘優格X超開放優格早午餐,104027台灣臺北市中山區集英里撫順街39之2號1樓,早午餐,高,https://www.google.com/maps/search/?api=1&query=Yoogup%E5%84%AA%E8%B2%9D%E5%B3%B6X%E5%86%B7%E8%90%83%E5%B8%8C%E8%87%98%E5%84%AA%E6%A0%BCX%E8%B6%85%E9%96%8B%E6%94%BE%E5%84%AA%E6%A0%BC%E6%97%A9%E5%8D%88%E9%A4%90&query_place_id=ChIJe3l803CpQjQRYZjFJ6lZtTw,,,
ChIJzYPhBJGvQjQRutCOVzIPX70,おうち食堂hale,111台灣臺北市士林區天玉里中山北路七段37號,日式料理,高,https://www.google.com/maps/search/?api=1&query=%E3%81%8A%E3%81%86%E3%81%A1%E9%A3%9F%E5%A0%82hale&query_place_id=ChIJzYPhBJGvQjQRutCOVzIPX70,,,
ChIJc66wXe2sQjQRcQTIjccOpDc,さち福や(幸福家) 內湖店,114台灣臺北市內湖區內湖里成功路四段188號,日式料理,高,https://www.google.com/maps/search/?api=1&query=%E3%81%95%E3%81%A1%E7%A6%8F%E3%82%84(%E5%B9%B8%E7%A6%8F%E5%AE%B6)%20%E5%85%A7%E6%B9%96%E5%BA%97&query_place_id=ChIJc66wXe2sQjQRcQTIjccOpDc,,,
ChIJF_XsV8nWDRQRkvlW87LjAxY,すき家古亭,100台灣臺北市中正區南福里羅斯福路二段50號,咖啡廳,高,https://www.google.com/maps/search/?api=1&query=%E3%81%99%E3%81%8D%E5%AE%B6%E5%8F%A4%E4%BA%AD&query_place_id=ChIJF_XsV8nWDRQRkvlW87LjAxY,,,
ChIJj5HW9U-pQjQRLn_BQxGlwOA,ハハ珈琲店,10491台灣臺北市中山區圓山里雙城街47-1號,咖啡廳,高,https://www.google.com/maps/search/?api=1&query=%E3%83%8F%E3%83%8F%E7%8F%88%E7%90%B2%E5%BA%97&query_place_id=ChIJj5HW9U-pQjQRLn_BQxGlwOA,,,
ChIJZ7FzJUutQjQRqXgyxibc8kE,『北安店』巷弄吐司,104台灣臺北市中山區永安里北安路458巷41弄38號,早午餐,中,https://www.google.com/maps/search/?api=1&query=%E3%80%8E%E5%8C%97%E5%AE%89%E5%BA%97%E3%80%8F%E5%B7%B7%E5%BC%84%E5%90%90%E5%8F%B8&query_place_id=ChIJZ7FzJUutQjQRqXgyxibc8kE,,,
ChIJqzjo9MarQjQR1Lnxm5t4wfE,#LATTICE 比利時．列日鬆餅,10694台灣臺北市大安區華聲里光復南路200巷11號轉角第一家1樓,烘焙/甜點,中,https://www.google.com/maps/search/?api=1&query=%23LATTICE%20%E6%AF%94%E5%88%A9%E6%99%82%EF%BC%8E%E5%88%97%E6%97%A5%E9%AC%86%E9%A4%85&query_place_id=ChIJqzjo9MarQjQR1Lnxm5t4wfE,,,
ChIJQUG7TZ2pQjQRIkL2CT9NOMU,🌈維克私廚🏳️‍🌈萬華異國料理推薦,108001台灣臺北市萬華區西寧南路6-1號,咖啡廳,中,https://www.google.com/maps/search/?api=1&query=%F0%9F%8C%88%E7%B6%AD%E5%85%8B%E7%A7%81%E5%BB%9A%F0%9F%8F%B3%EF%B8%8F%E2%80%8D%F0%9F%8C%88%E8%90%AC%E8%8F%AF%E7%95%B0%E5%9C%8B%E6%96%99%E7%90%86%E6%8E%A8%E8%96%A6&query_place_id=ChIJQUG7TZ2pQjQRIkL2CT9NOMU,,,
ChIJT4GR792rQjQRTknPcqYROQM,11PASTA食義_南京店,10491台灣臺北市中山區力行里南京東路三段216巷3號1樓,義大利料理,中,https://www.google.com/maps/search/?api=1&query=11PASTA%E9%A3%9F%E7%BE%A9_%E5%8D%97%E4%BA%AC%E5%BA%97&query_place_id=ChIJT4GR792rQjQRTknPcqYROQM,,,
ChIJTbpsvFeuQjQRtpga2T4opBs,221食堂,112台灣台北市北投区清江里中央南路一段221號1樓,早午餐,中,https://www.google.com/maps/search/?api=1&query=221%E9%A3%9F%E5%A0%82&query_place_id=ChIJTbpsvFeuQjQRtpga2T4opBs,,,
ChIJUcTSlCqqQjQRxgKeev6eUXw,2J CAFE,106台灣臺北市大安區龍圖里建國南路二段79巷9號,咖啡廳,中,https://www.google.com/maps/search/?api=1&query=2J%20CAFE&query_place_id=ChIJUcTSlCqqQjQRxgKeev6eUXw,,,
ChIJg5qWU7irQjQR2loPcpgDxdE,30 BRUNCH,110台灣臺北市信義區逸仙路26巷17號,早午餐,中,https://www.google.com/maps/search/?api=1&query=30%20BRUNCH&query_place_id=ChIJg5qWU7irQjQR2loPcpgDxdE,,,
ChIJqb3l_mSrQjQRvv23ZQASjrI,90sec PIZZA 九十秒窯烤披薩,106台灣臺北市大安區建安里忠孝東路四段181巷46號,披薩,中,https://www.google.com/maps/search/?api=1&query=90sec%20PIZZA%20%E4%B9%9D%E5%8D%81%E7%A7%92%E7%AA%AF%E7%83%A4%E6%8A%AB%E8%96%A9&query_place_id=ChIJqb3l_mSrQjQRvv23ZQASjrI,,,
ChIJc3mO3Y-pQjQRu0eMzMjdyj0,一屋 x COUPLE²,104台灣臺北市中山區中山北路一段83巷18號,小酒館/餐酒館,中,https://www.google.com/maps/search/?api=1&query=%E4%B8%80%E5%B1%8B%20x%20COUPLE%C2%B2&query_place_id=ChIJc3mO3Y-pQjQRu0eMzMjdyj0,,,
ChIJqekue9yrQjQR6OpTrxGHO9U,一茶一瓦 OTOT,105台灣臺北市松山區中崙里八德路二段346巷3弄2號一茶一瓦,小酒館/餐酒館,中,https://www.google.com/maps/search/?api=1&query=%E4%B8%80%E8%8C%B6%E4%B8%80%E7%93%A6%20OTOT&query_place_id=ChIJqekue9yrQjQR6OpTrxGHO9U,,,
ChIJE63C8fypQjQRocBKJlXHlC8,九月茶餐廳,103台灣臺北市大同區承德路二段213號,中式料理,中,https://www.google.com/maps/search/?api=1&query=%E4%B9%9D%E6%9C%88%E8%8C%B6%E9%A4%90%E5%BB%B3&query_place_id=ChIJE63C8fypQjQRocBKJlXHlC8,,,
ChIJF52lPTWpQjQROyhGZ90skmk,三代魚翅羹,100台灣臺北市中正區光復里開封街一段51號,中式料理,中,https://www.google.com/maps/search/?api=1&query=%E4%B8%89%E4%BB%A3%E9%AD%9A%E7%BF%85%E7%BE%B9&query_place_id=ChIJF52lPTWpQjQROyhGZ90skmk,,,
ChIJuTv1NLuuQjQRgFqC2vVgK1E,士林放感情餐酒館,11162台灣臺北市士林區大東路152號,小酒館/餐酒館,中,https://www.google.com/maps/search/?api=1&query=%E5%A3%AB%E6%9E%97%E6%94%BE%E6%84%9F%E6%83%85%E9%A4%90%E9%85%92%E9%A4%A8&query_place_id=ChIJuTv1NLuuQjQRgFqC2vVgK1E,,,
ChIJW5esxZeuQjQRlWxyAQ4gFyE,士林廣澤擔仔麵,111台灣臺北市士林區福華路10號,中式料理,中,https://www.google.com/maps/search/?api=1&query=%E5%A3%AB%E6%9E%97%E5%BB%A3%E6%BE%A4%E6%93%94%E4%BB%94%E9%BA%B5&query_place_id=ChIJW5esxZeuQjQRlWxyAQ4gFyE,,,
ChIJVd0MSQCtQjQRV5g7MSonfVA,大江戶町 鰻屋-LaLaport南港店,115台灣臺北市南港區環河里經貿二路131號6樓,日式料理,中,https://www.google.com/maps/search/?api=1&query=%E5%A4%A7%E6%B1%9F%E6%88%B6%E7%94%BA%20%E9%B0%BB%E5%B1%8B-LaLaport%E5%8D%97%E6%B8%AF%E5%BA%97&query_place_id=ChIJVd0MSQCtQjQRV5g7MSonfVA,,,
ChIJ01YLW3-rQjQRzHtinzvbCJk,大河牧場 漢堡排專売-南港環球店,115台灣臺北市南港區忠孝東路七段371號B1樓,日式料理,中,https://www.google.com/maps/search/?api=1&query=%E5%A4%A7%E6%B2%B3%E7%89%A7%E5%A0%B4%20%E6%BC%A2%E5%A0%A1%E6%8E%92%E5%B0%88%E5%A3%B2-%E5%8D%97%E6%B8%AF%E7%92%B0%E7%90%83%E5%BA%97&query_place_id=ChIJ01YLW3-rQjQRzHtinzvbCJk,,,
ChIJm_pGd5arQjQRsD_vJMWg8Cc,大烹小饌,103台灣臺北市大同區民生西路146-1號,中式料理,中,https://www.google.com/maps/search/?api=1&query=%E5%A4%A7%E7%83%B9%E5%B0%8F%E9%A5%8C&query_place_id=ChIJm_pGd5arQjQRsD_vJMWg8Cc,,,
ChIJncAQtGGsQjQR88wpyzdS0dg,大湖餐館 內湖,114台灣臺北市內湖區內湖路二段103巷76號,中式料理,中,https://www.google.com/maps/search/?api=1&query=%E5%A4%A7%E6%B9%96%E9%A4%90%E9%A4%A8%20%E5%85%A7%E6%B9%96&query_place_id=ChIJncAQtGGsQjQR88wpyzdS0dg,,,
ChIJC5v3WaapQjQR7-Pb6CAyHgw,大稻埕貴賓 寵物友善餐廳 standard poodle coffee,103台灣臺北市大同區南芳里迪化街一段302號,咖啡廳,中,https://www.google.com/maps/search/?api=1&query=%E5%A4%A7%E7%A8%BB%E5%9F%95%E8%B2%B4%E8%B3%93%20%E5%AF%B5%E7%89%A9%E5%8F%8B%E5%96%84%E9%A4%90%E5%BB%B3%20standard%20poodle%20coffee&query_place_id=ChIJC5v3WaapQjQR7-Pb6CAyHgw,,,
ChIJOevZzWypQjQRwmWHkTUjhWg,大樹義麵坊-師大店,106013台灣臺北市大安區古莊里浦城街13巷2號1樓,義大利料理,中,https://www.google.com/maps/search/?api=1&query=%E5%A4%A7%E6%A8%B9%E7%BE%A9%E9%BA%B5%E5%9D%8A-%E5%B8%AB%E5%A4%A7%E5%BA%97&query_place_id=ChIJOevZzWypQjQRwmWHkTUjhWg,,,
ChIJ34cvQ2ipQjQRnOh2lyvPml0,小小麥台北南西店,103台灣臺北市大同區南京西路338號1樓,日式料理,中,https://www.google.com/maps/search/?api=1&query=%E5%B0%8F%E5%B0%8F%E9%BA%A5%E5%8F%B0%E5%8C%97%E5%8D%97%E8%A5%BF%E5%BA%97&query_place_id=ChIJ34cvQ2ipQjQRnOh2lyvPml0,,,
ChIJ4Vx5-gSqQjQR9dxFaLnn8c8,小木偶Brunch,116台灣臺北市文山區興福里景興路49號,早午餐,中,https://www.google.com/maps/search/?api=1&query=%E5%B0%8F%E6%9C%A8%E5%81%B6Brunch&query_place_id=ChIJ4Vx5-gSqQjQR9dxFaLnn8c8,,,
ChIJX4JLHaipQjQRfvkdSezeSEs,小林英夫日本料理,108台灣臺北市萬華區康定路120號,日式料理,中,https://www.google.com/maps/search/?api=1&query=%E5%B0%8F%E6%9E%97%E8%8B%B1%E5%A4%AB%E6%97%A5%E6%9C%AC%E6%96%99%E7%90%86&query_place_id=ChIJX4JLHaipQjQRfvkdSezeSEs,,,
ChIJF7lrSvypQjQRsMaVPJ1hw1M,小船故事館Ｉ桌遊咖啡廳,108台灣臺北市萬華區新起里漢中街205號3樓,咖啡廳,中,https://www.google.com/maps/search/?api=1&query=%E5%B0%8F%E8%88%B9%E6%95%85%E4%BA%8B%E9%A4%A8%EF%BC%A9%E6%A1%8C%E9%81%8A%E5%92%96%E5%95%A1%E5%BB%B3&query_place_id=ChIJF7lrSvypQjQRsMaVPJ1hw1M,,,
ChIJX5yZXwCrQjQRKUrbiH1XkVY,小韓室 韓食 飯捲專賣 @台北松山店,105台灣臺北市松山區新東街7號,韓式料理,中,https://www.google.com/maps/search/?api=1&query=%E5%B0%8F%E9%9F%93%E5%AE%A4%20%E9%9F%93%E9%A3%9F%20%E9%A3%AF%E6%8D%B2%E5%B0%88%E8%B3%A3%20%40%E5%8F%B0%E5%8C%97%E6%9D%BE%E5%B1%B1%E5%BA%97&query_place_id=ChIJX5yZXwCrQjQRKUrbiH1XkVY,,,
ChIJZb55kW6rQjQR3vVUh5vYQ9w,川酒.咖啡,106台灣臺北市大安區忠孝東路四段101巷29號1樓,酒吧/餐酒館,中,https://www.google.com/maps/search/?api=1&query=%E5%B7%9D%E9%85%92.%E5%92%96%E5%95%A1&query_place_id=ChIJZb55kW6rQjQR3vVUh5vYQ9w,,,
ChIJV_RfoperQjQRit9_MVtVUps,不二煮藝,106台灣臺北市大安區敦安里仁愛路四段112巷9弄5號1樓,義大利料理,中,https://www.google.com/maps/search/?api=1&query=%E4%B8%8D%E4%BA%8C%E7%85%AE%E8%97%9D&query_place_id=ChIJV_RfoperQjQRit9_MVtVUps,,,
ChIJFfVmWxOrQjQRpZNkwn69ODk,不萊梅Bremen忠孝店,106台灣臺北市大安區車層里忠孝東路四段216巷19弄5號,義大利料理,中,https://www.google.com/maps/search/?api=1&query=%E4%B8%8D%E8%90%8A%E6%A2%85Bremen%E5%BF%A0%E5%AD%9D%E5%BA%97&query_place_id=ChIJFfVmWxOrQjQRpZNkwn69ODk,,,
ChIJ63TtzA2pQjQRYLTOoGVHw3g,丰禾 台味風格料理 台北南京東店,104台灣臺北市中山區南京東路二段146號2F,中式料理,中,https://www.google.com/maps/search/?api=1&query=%E4%B8%B0%E7%A6%BE%20%E5%8F%B0%E5%91%B3%E9%A2%A8%E6%A0%BC%E6%96%99%E7%90%86%20%E5%8F%B0%E5%8C%97%E5%8D%97%E4%BA%AC%E6%9D%B1%E5%BA%97&query_place_id=ChIJ63TtzA2pQjQRYLTOoGVHw3g,,,
ChIJo3BK3iGrQjQRYymaetsWv68,五號廚房,110047台灣臺北市信義區永吉里松隆路331號,中式料理,中,https://www.google.com/maps/search/?api=1&query=%E4%BA%94%E8%99%9F%E5%BB%9A%E6%88%BF&query_place_id=ChIJo3BK3iGrQjQRYymaetsWv68,,,
ChIJ82GvfICsQjQRey8st1BvYjM,六品小館內湖店,114台灣臺北市內湖區瑞光路421號,中式料理,中,https://www.google.com/maps/search/?api=1&query=%E5%85%AD%E5%93%81%E5%B0%8F%E9%A4%A8%E5%85%A7%E6%B9%96%E5%BA%97&query_place_id=ChIJ82GvfICsQjQRey8st1BvYjM,,,
ChIJtSeOoqKuQjQRZ_YxmJ94R2E,天母盛鑫-士林聚餐餐廳,111台灣臺北市士林區中山北路五段729號,法式料理,中,https://www.google.com/maps/search/?api=1&query=%E5%A4%A9%E6%AF%8D%E7%9B%9B%E9%91%AB-%E5%A3%AB%E6%9E%97%E8%81%9A%E9%A4%90%E9%A4%90%E5%BB%B3&query_place_id=ChIJtSeOoqKuQjQRZ_YxmJ94R2E,,,
ChIJsfYkyp6pQjQRc15Kj0EOY7M,天然臺湘菜館,100台灣臺北市中正區羅斯福路一段61號,中式料理,中,https://www.google.com/maps/search/?api=1&query=%E5%A4%A9%E7%84%B6%E8%87%BA%E6%B9%98%E8%8F%9C%E9%A4%A8&query_place_id=ChIJsfYkyp6pQjQRc15Kj0EOY7M,,,
ChIJeyrNBUKuQjQR9nEJ_PLE_Ps,少帥禪園-台北北投張學良幽禁舊居,112台灣臺北市北投區幽雅路34號,中式料理,中,https://www.google.com/maps/search/?api=1&query=%E5%B0%91%E5%B8%A5%E7%A6%AA%E5%9C%92-%E5%8F%B0%E5%8C%97%E5%8C%97%E6%8A%95%E5%BC%B5%E5%AD%B8%E8%89%AF%E5%B9%BD%E7%A6%81%E8%88%8A%E5%B1%85&query_place_id=ChIJeyrNBUKuQjQR9nEJ_PLE_Ps,,,
ChIJI-uHec6rQjQRolls8XbSbdY,心潮飯店,110台灣臺北市信義區忠孝東路五段68號2樓,小酒館/餐酒館,中,https://www.google.com/maps/search/?api=1&query=%E5%BF%83%E6%BD%AE%E9%A3%AF%E5%BA%97&query_place_id=ChIJI-uHec6rQjQRolls8XbSbdY,,,
ChIJUXPdsoCuQjQRqbxQ0TEjlgg,方家小館,111台灣臺北市士林區天母東路7號,中式料理,中,https://www.google.com/maps/search/?api=1&query=%E6%96%B9%E5%AE%B6%E5%B0%8F%E9%A4%A8&query_place_id=ChIJUXPdsoCuQjQRqbxQ0TEjlgg,,,
ChIJZb9VDgCpQjQRhaY_ZUUnN9w,日日築食,100台灣臺北市中正區龍福里南昌路一段59巷22號,日式料理,中,https://www.google.com/maps/search/?api=1&query=%E6%97%A5%E6%97%A5%E7%AF%89%E9%A3%9F&query_place_id=ChIJZb9VDgCpQjQRhaY_ZUUnN9w,,,
ChIJOSkYl6erQjQRiiFCc5B70cA,水豚屋CapybaraHouse,110台灣臺北市信義區新仁里忠孝東路四段559巷16弄21-1號,小酒館/餐酒館,中,https://www.google.com/maps/search/?api=1&query=%E6%B0%B4%E8%B1%9A%E5%B1%8BCapybaraHouse&query_place_id=ChIJOSkYl6erQjQRiiFCc5B70cA,,,
ChIJo8cmveipQjQR5EtNvSKd0mw,水源市場．63號攤自助餐（李家灶咖）,100台灣臺北市中正區水源里羅斯福路四段92號,台式料理,中,https://www.google.com/maps/search/?api=1&query=%E6%B0%B4%E6%BA%90%E5%B8%82%E5%A0%B4%EF%BC%8E63%E8%99%9F%E6%94%A4%E8%87%AA%E5%8A%A9%E9%A4%90%EF%BC%88%E6%9D%8E%E5%AE%B6%E7%81%B6%E5%92%96%EF%BC%89&query_place_id=ChIJo8cmveipQjQR5EtNvSKd0mw,,,
ChIJE1clDY6rQjQR_X-uDUZ7DSA,他。植物咖啡 He Coffee.,105台灣臺北市松山區吉祥里八德路四段245巷52弄29號1樓,咖啡廳,中,https://www.google.com/maps/search/?api=1&query=%E4%BB%96%E3%80%82%E6%A4%8D%E7%89%A9%E5%92%96%E5%95%A1%20He%20Coffee.&query_place_id=ChIJE1clDY6rQjQR_X-uDUZ7DSA,,,
ChIJTW_h3LSrQjQR1CQQteePjco,加爾第咖啡 (莊敬店),110台灣臺北市信義區三張里吳興街269巷1弄21號,咖啡廳,中,https://www.google.com/maps/search/?api=1&query=%E5%8A%A0%E7%88%BE%E7%AC%AC%E5%92%96%E5%95%A1%20(%E8%8E%8A%E6%95%AC%E5%BA%97)&query_place_id=ChIJTW_h3LSrQjQR1CQQteePjco,,,
ChIJf5b9IeOvQjQRXyHwj63mp6A,北投飢廠,112台灣臺北市北投區中央北路三段17-1號,複合式料理,中,https://www.google.com/maps/search/?api=1&query=%E5%8C%97%E6%8A%95%E9%A3%A2%E5%BB%A0&query_place_id=ChIJf5b9IeOvQjQRXyHwj63mp6A,,,
ChIJY3SpVBqpQjQR2n727CJgCuk,北棲 邸家 North house -,100台灣臺北市中正區幸福里忠孝東路二段40號1樓,中式料理,中,https://www.google.com/maps/search/?api=1&query=%E5%8C%97%E6%A3%B2%20%E9%82%B8%E5%AE%B6%20North%20house%20-&query_place_id=ChIJY3SpVBqpQjQR2n727CJgCuk,,,
ChIJN-86KZStQjQR2WUpchtrM6Q,卡啡那 內湖啟航館,114台灣臺北市內湖區洲子街79號,咖啡廳,中,https://www.google.com/maps/search/?api=1&query=%E5%8D%A1%E5%95%A1%E9%82%A3%20%E5%85%A7%E6%B9%96%E5%95%9F%E8%88%AA%E9%A4%A8&query_place_id=ChIJN-86KZStQjQR2WUpchtrM6Q,,,
ChIJ5WXE1QSrQjQR939GUfh1Mhc,古德默尼早午餐「台北店」,116台灣臺北市文山區興得里興隆路三段172號,早午餐,中,https://www.google.com/maps/search/?api=1&query=%E5%8F%A4%E5%BE%B7%E9%BB%98%E5%B0%BC%E6%97%A9%E5%8D%88%E9%A4%90%E3%80%8C%E5%8F%B0%E5%8C%97%E5%BA%97%E3%80%8D&query_place_id=ChIJ5WXE1QSrQjQR939GUfh1Mhc,,,
ChIJD2QAcsCrQjQRsoPgiqP9iBU,四海一家,105台灣臺北市松山區八德路四段72巷10弄16號1樓,中式料理,中,https://www.google.com/maps/search/?api=1&query=%E5%9B%9B%E6%B5%B7%E4%B8%80%E5%AE%B6&query_place_id=ChIJD2QAcsCrQjQRsoPgiqP9iBU,,,
ChIJ6W1KrQOvQjQRH379YYuesMk,巧晨咖啡館,112台灣臺北市北投區振華里裕民一路40巷27號,咖啡廳,中,https://www.google.com/maps/search/?api=1&query=%E5%B7%A7%E6%99%A8%E5%92%96%E5%95%A1%E9%A4%A8&query_place_id=ChIJ6W1KrQOvQjQRH379YYuesMk,,,
ChIJL1eKp42tQjQRGJUTlorzFIk,布納咖啡館 內湖館,114台灣臺北市內湖區民權東路六段137號,小酒館/餐酒館,中,https://www.google.com/maps/search/?api=1&query=%E5%B8%83%E7%B4%8D%E5%92%96%E5%95%A1%E9%A4%A8%20%E5%85%A7%E6%B9%96%E9%A4%A8&query_place_id=ChIJL1eKp42tQjQRGJUTlorzFIk,,,
ChIJSSfUMwuqQjQR2pEY_9X3t5g,弘大一號出口,116台灣臺北市文山區木柵路二段70號,韓式料理,中,https://www.google.com/maps/search/?api=1&query=%E5%BC%98%E5%A4%A7%E4%B8%80%E8%99%9F%E5%87%BA%E5%8F%A3&query_place_id=ChIJSSfUMwuqQjQR2pEY_9X3t5g,,,
ChIJca0uHsevQjQR9Ww7OTt7sjM,打酒啦私廚料理,112台灣臺北市北投區長安里光明路149號,小酒館/餐酒館,中,https://www.google.com/maps/search/?api=1&query=%E6%89%93%E9%85%92%E5%95%A6%E7%A7%81%E5%BB%9A%E6%96%99%E7%90%86&query_place_id=ChIJca0uHsevQjQR9Ww7OTt7sjM,,,
ChIJkwSIgu2tQjQRI3PluwY2a1Q,永宝餐廳,114台灣臺北市內湖區瑞光路106號,中式料理,中,https://www.google.com/maps/search/?api=1&query=%E6%B0%B8%E5%AE%9D%E9%A4%90%E5%BB%B3&query_place_id=ChIJkwSIgu2tQjQRI3PluwY2a1Q,,,
ChIJteW1fA2rQjQRnn1ngG3VKkE,生活域所 A Living Labb,11053台灣臺北市信義區嘉興里信安街56號,早午餐,中,https://www.google.com/maps/search/?api=1&query=%E7%94%9F%E6%B4%BB%E5%9F%9F%E6%89%80%20A%20Living%20Labb&query_place_id=ChIJteW1fA2rQjQRnn1ngG3VKkE,,,
ChIJ1WJhMgCrQjQRTpOKfFXLTVk,皿皿家料理,116台灣臺北市文山區景華里羅斯福路六段,複合式餐廳,中,https://www.google.com/maps/search/?api=1&query=%E7%9A%BF%E7%9A%BF%E5%AE%B6%E6%96%99%E7%90%86&query_place_id=ChIJ1WJhMgCrQjQRTpOKfFXLTVk,,,
ChIJCVkZn_SuQjQRLWzrQk6rC-4,禾竹私房料理（預約制）,112台灣臺北市北投區立農里西安街二段115號,中式料理,中,https://www.google.com/maps/search/?api=1&query=%E7%A6%BE%E7%AB%B9%E7%A7%81%E6%88%BF%E6%96%99%E7%90%86%EF%BC%88%E9%A0%90%E7%B4%84%E5%88%B6%EF%BC%89&query_place_id=ChIJCVkZn_SuQjQRLWzrQk6rC-4,,,
ChIJQ-XN0YyvQjQRMdAUlIogZts,休息咖啡館chill cafe 週三公休,112台灣臺北市北投區立農里西安街二段259巷6號,咖啡廳,中,https://www.google.com/maps/search/?api=1&query=%E4%BC%91%E6%81%AF%E5%92%96%E5%95%A1%E9%A4%A8chill%20cafe%20%E9%80%B1%E4%B8%89%E5%85%AC%E4%BC%91&query_place_id=ChIJQ-XN0YyvQjQRMdAUlIogZts,,,
ChIJe5Fqk1ypQjQRBf0bK8GKZ1g,印花作夥 inBlooom Together - 印花樂直營門市,103台灣臺北市大同區大有里迪化街一段248號,咖啡廳,中,https://www.google.com/maps/search/?api=1&query=%E5%8D%B0%E8%8A%B1%E4%BD%9C%E5%A4%A5%20inBlooom%20Together%20-%20%E5%8D%B0%E8%8A%B1%E6%A8%82%E7%9B%B4%E7%87%9F%E9%96%80%E5%B8%82&query_place_id=ChIJe5Fqk1ypQjQRBf0bK8GKZ1g,,,
ChIJp8t44mepQjQReTRHDcIxHf0,好小子海鮮店,104台灣臺北市中山區中山里林森北路305號,台式料理,中,https://www.google.com/maps/search/?api=1&query=%E5%A5%BD%E5%B0%8F%E5%AD%90%E6%B5%B7%E9%AE%AE%E5%BA%97&query_place_id=ChIJp8t44mepQjQReTRHDcIxHf0,,,
ChIJS9ycFIuuQjQRoVhs4LRjeGY,好日子咖啡,112台灣臺北市北投區東華里立農街二段293號,咖啡廳,中,https://www.google.com/maps/search/?api=1&query=%E5%A5%BD%E6%97%A5%E5%AD%90%E5%92%96%E5%95%A1&query_place_id=ChIJS9ycFIuuQjQRoVhs4LRjeGY,,,
ChIJF7sopmypQjQRuXBLrQ8eXFE,好地方複合式冰店,108台灣臺北市萬華區富福里西園路一段199號1樓,冰品,中,https://www.google.com/maps/search/?api=1&query=%E5%A5%BD%E5%9C%B0%E6%96%B9%E8%A4%87%E5%90%88%E5%BC%8F%E5%86%B0%E5%BA%97&query_place_id=ChIJF7sopmypQjQRuXBLrQ8eXFE,,,
ChIJly19jbyrQjQRBN17akR0XKo,好米亞,106台灣臺北市大安區敦化南路一段270巷6號,小酒館/餐酒館,中,https://www.google.com/maps/search/?api=1&query=%E5%A5%BD%E7%B1%B3%E4%BA%9E&query_place_id=ChIJly19jbyrQjQRBN17akR0XKo,,,
ChIJPxvNErmvQjQRPkuNrr72PNQ,有時Cafe-Between times,112026台灣臺北市北投區永明里立農街二段258號,咖啡廳,中,https://www.google.com/maps/search/?api=1&query=%E6%9C%89%E6%99%82Cafe-Between%20times&query_place_id=ChIJPxvNErmvQjQRPkuNrr72PNQ,,,
ChIJ2zaOBkOpQjQRixbZ8f4sXO0,汆食,10491台灣臺北市中山區集英里中山北路三段26號1樓,火鍋,中,https://www.google.com/maps/search/?api=1&query=%E6%B1%86%E9%A3%9F&query_place_id=ChIJ2zaOBkOpQjQRixbZ8f4sXO0,,,
ChIJjTSZ0Z6vQjQRDNOAqXk7IB4,池先生Kopitiam (士林店),111台灣臺北市士林區福華路150號,東南亞料理,中,https://www.google.com/maps/search/?api=1&query=%E6%B1%A0%E5%85%88%E7%94%9FKopitiam%20(%E5%A3%AB%E6%9E%97%E5%BA%97)&query_place_id=ChIJjTSZ0Z6vQjQRDNOAqXk7IB4,,,
ChIJY-WhLbuuQjQRspXCBrQnwRo,百八龍拉麵,111台灣臺北市士林區大東路133號,拉麵,中,https://www.google.com/maps/search/?api=1&query=%E7%99%BE%E5%85%AB%E9%BE%8D%E6%8B%89%E9%BA%B5&query_place_id=ChIJY-WhLbuuQjQRspXCBrQnwRo,,,
ChIJVxWmVQCpQjQRMs8RxOlVUts,老饕牛排店,100台灣臺北市中正區梅花里八德路一段82巷9弄7號2樓,牛排館,中,https://www.google.com/maps/search/?api=1&query=%E8%80%81%E9%A5%95%E7%89%9B%E6%8E%92%E5%BA%97&query_place_id=ChIJVxWmVQCpQjQRMs8RxOlVUts,,,
ChIJGyPX2yKpQjQRIT3DHLFGMHY,肉次方 燒肉放題 台北峨眉店,108台灣台北市万华区万寿里峨眉街37號4樓,日式料理,中,https://www.google.com/maps/search/?api=1&query=%E8%82%89%E6%AC%A1%E6%96%B9%20%E7%87%92%E8%82%89%E6%94%BE%E9%A1%8C%20%E5%8F%B0%E5%8C%97%E5%B3%A8%E7%9C%89%E5%BA%97&query_place_id=ChIJGyPX2yKpQjQRIT3DHLFGMHY,,,
ChIJuQA5ptitQjQRygxCSKc2xg4,肉的長谷川 南港LaLaport,115台灣臺北市南港區經貿二路105巷1號5樓美食街,日式料理,中,https://www.google.com/maps/search/?api=1&query=%E8%82%89%E7%9A%84%E9%95%B7%E8%B0%B7%E5%B7%9D%20%E5%8D%97%E6%B8%AFLaLaport&query_place_id=ChIJuQA5ptitQjQRygxCSKc2xg4,,,
ChIJMdql9jOrQjQRz9ysezDvPAQ,肉執事台北松山門市,105057台灣臺北市松山區市民大道六段135號,日式料理,中,https://www.google.com/maps/search/?api=1&query=%E8%82%89%E5%9F%B7%E4%BA%8B%E5%8F%B0%E5%8C%97%E6%9D%BE%E5%B1%B1%E9%96%80%E5%B8%82&query_place_id=ChIJMdql9jOrQjQRz9ysezDvPAQ,,,
ChIJ57TqDX2pQjQRd8b2xKxjsks,伯朗咖啡館 科大概念店,106台灣臺北市大安區民輝里忠孝東路三段52號,咖啡廳,中,https://www.google.com/maps/search/?api=1&query=%E4%BC%AF%E6%9C%97%E5%92%96%E5%95%A1%E9%A4%A8%20%E7%A7%91%E5%A4%A7%E6%A6%82%E5%BF%B5%E5%BA%97&query_place_id=ChIJ57TqDX2pQjQRd8b2xKxjsks,,,
ChIJJ6bj5fWpQjQRjk53DxpYR9E,初二咖啡,103台灣臺北市大同區涼州街106號2樓,咖啡廳,中,https://www.google.com/maps/search/?api=1&query=%E5%88%9D%E4%BA%8C%E5%92%96%E5%95%A1&query_place_id=ChIJJ6bj5fWpQjQRjk53DxpYR9E,,,
ChIJ1eXQShWrQjQR-9Ev_CR9KkI,初泰信義象山門市,110台灣臺北市信義區信義路五段122號,泰式料理,中,https://www.google.com/maps/search/?api=1&query=%E5%88%9D%E6%B3%B0%E4%BF%A1%E7%BE%A9%E8%B1%A1%E5%B1%B1%E9%96%80%E5%B8%82&query_place_id=ChIJ1eXQShWrQjQR-9Ev_CR9KkI,,,
ChIJGZvFNripQjQRqXEBZWpPWUw,吸手吃早午餐,100台灣臺北市中正區愛國里愛國西路50-4號一樓,早午餐,中,https://www.google.com/maps/search/?api=1&query=%E5%90%B8%E6%89%8B%E5%90%83%E6%97%A9%E5%8D%88%E9%A4%90&query_place_id=ChIJGZvFNripQjQRqXEBZWpPWUw,,,
ChIJC7nwSYyuQjQRdsj3BMA_x1o,孝居酒屋🏮,112台灣臺北市北投區裕民里裕民六路114巷25號,日式料理,中,https://www.google.com/maps/search/?api=1&query=%E5%AD%9D%E5%B1%85%E9%85%92%E5%B1%8B%F0%9F%8F%AE&query_place_id=ChIJC7nwSYyuQjQRdsj3BMA_x1o,,,
ChIJ7wNaysSvQjQR_SXHqoILp1k,村民食堂廚窗港點 士林官邸店,111台灣臺北市士林區福林路188號,中式料理,中,https://www.google.com/maps/search/?api=1&query=%E6%9D%91%E6%B0%91%E9%A3%9F%E5%A0%82%E5%BB%9A%E7%AA%97%E6%B8%AF%E9%BB%9E%20%E5%A3%AB%E6%9E%97%E5%AE%98%E9%82%B8%E5%BA%97&query_place_id=ChIJ7wNaysSvQjQR_SXHqoILp1k,,,
ChIJKaPybQupQjQR2My_7TkOKRE,沅緣咖啡簡餐,100台灣中正區光復里沅陵街13號,咖啡廳,中,https://www.google.com/maps/search/?api=1&query=%E6%B2%85%E7%B7%A3%E5%92%96%E5%95%A1%E7%B0%A1%E9%A4%90&query_place_id=ChIJKaPybQupQjQR2My_7TkOKRE,,,
ChIJIzAxSgCvQjQRP4kH_C8T2Ac,皁咖啡,112台灣臺北市北投區大同里育仁路8巷3號2 樓,咖啡廳,中,https://www.google.com/maps/search/?api=1&query=%E7%9A%81%E5%92%96%E5%95%A1&query_place_id=ChIJIzAxSgCvQjQRP4kH_C8T2Ac,,,
ChIJ7e_rfHmpQjQRoQFSKIVubuc,良友小館,100台灣臺北市中正區文北里金山南路一段37號1樓,中式料理,中,https://www.google.com/maps/search/?api=1&query=%E8%89%AF%E5%8F%8B%E5%B0%8F%E9%A4%A8&query_place_id=ChIJ7e_rfHmpQjQRoQFSKIVubuc,,,
ChIJd9ddmmypQjQRrXQjdZ4rpak,角公園咖啡 Triangle Garden Cafe,103台灣臺北市大同區建泰里太原路131號2樓,咖啡廳,中,https://www.google.com/maps/search/?api=1&query=%E8%A7%92%E5%85%AC%E5%9C%92%E5%92%96%E5%95%A1%20Triangle%20Garden%20Cafe&query_place_id=ChIJd9ddmmypQjQRrXQjdZ4rpak,,,
ChIJZ3VebZevQjQRcQ0zXZheqEE,豆咖啡 BEANCAFE,112台灣臺北市北投區大同里育仁路73號,早午餐,中,https://www.google.com/maps/search/?api=1&query=%E8%B1%86%E5%92%96%E5%95%A1%20BEANCAFE&query_place_id=ChIJZ3VebZevQjQRcQ0zXZheqEE,,,
ChIJ_WJhTf6tQjQRzjrZmrFJ-dM,享鮮餐廳南港分店,115台灣臺北市南港區經貿二路188號2樓,中式料理,中,https://www.google.com/maps/search/?api=1&query=%E4%BA%AB%E9%AE%AE%E9%A4%90%E5%BB%B3%E5%8D%97%E6%B8%AF%E5%88%86%E5%BA%97&query_place_id=ChIJ_WJhTf6tQjQRzjrZmrFJ-dM,,,
ChIJTzQgmQaqQjQRY_UcakUJkK0,味自慢,116台灣臺北市文山區景華里景興路118號,日式料理,中,https://www.google.com/maps/search/?api=1&query=%E5%91%B3%E8%87%AA%E6%85%A2&query_place_id=ChIJTzQgmQaqQjQRY_UcakUJkK0,,,
ChIJCUYshtWrQjQRsI3M0yTmJK4,咖央早午餐,106台灣臺北市大安區光武里大安路一段51巷2號2樓,早午餐,中,https://www.google.com/maps/search/?api=1&query=%E5%92%96%E5%A4%AE%E6%97%A9%E5%8D%88%E9%A4%90&query_place_id=ChIJCUYshtWrQjQRsI3M0yTmJK4,,,
ChIJM5AF5oOpQjQRLgYDACNaBwA,咖啡小自由,106台灣臺北市大安區福住里金華街243巷1號,咖啡廳,中,https://www.google.com/maps/search/?api=1&query=%E5%92%96%E5%95%A1%E5%B0%8F%E8%87%AA%E7%94%B1&query_place_id=ChIJM5AF5oOpQjQRLgYDACNaBwA,,,
ChIJEwy5FaWuQjQRpRMzSc38cPQ,咖啡物語,111台灣臺北市士林區仁勇里大北路28號,咖啡廳,中,https://www.google.com/maps/search/?api=1&query=%E5%92%96%E5%95%A1%E7%89%A9%E8%AA%9E&query_place_id=ChIJEwy5FaWuQjQRpRMzSc38cPQ,,,
ChIJgzu_3EqrQjQRygLRQcZKTts,咖啡屋 珈琲や 台北松山工房,105台灣臺北市松山區慈祐里八德路四段758號,咖啡廳,中,https://www.google.com/maps/search/?api=1&query=%E5%92%96%E5%95%A1%E5%B1%8B%20%E7%8F%88%E7%90%B2%E3%82%84%20%E5%8F%B0%E5%8C%97%E6%9D%BE%E5%B1%B1%E5%B7%A5%E6%88%BF&query_place_id=ChIJgzu_3EqrQjQRygLRQcZKTts,,,
ChIJTW9wBGqpQjQREpa8bc9E3fQ,咖啡學人-老傑克 The Cafeist & Old Jack,100台灣臺北市中正區頂東里金門街4號,咖啡廳,中,https://www.google.com/maps/search/?api=1&query=%E5%92%96%E5%95%A1%E5%AD%B8%E4%BA%BA-%E8%80%81%E5%82%91%E5%85%8B%20The%20Cafeist%20%26%20Old%20Jack&query_place_id=ChIJTW9wBGqpQjQREpa8bc9E3fQ,,,
ChIJxWyMgiyqQjQRvxsABDJsO68,姊姊的廚房,106台灣臺北市大安區龍陣里復興南路二段128巷3-2號,家常菜,中,https://www.google.com/maps/search/?api=1&query=%E5%A7%8A%E5%A7%8A%E7%9A%84%E5%BB%9A%E6%88%BF&query_place_id=ChIJxWyMgiyqQjQRvxsABDJsO68,,,
ChIJ0T8kdeyvQjQRP_fYUl6rVVg,東京家庭義大利麵 士林,11163台灣臺北市士林區福德里文林路316號1樓,義大利料理,中,https://www.google.com/maps/search/?api=1&query=%E6%9D%B1%E4%BA%AC%E5%AE%B6%E5%BA%AD%E7%BE%A9%E5%A4%A7%E5%88%A9%E9%BA%B5%20%E5%A3%AB%E6%9E%97&query_place_id=ChIJ0T8kdeyvQjQRP_fYUl6rVVg,,,
ChIJLSRIRgCvQjQR3HxGzsFFkD8,東京家庭義大利麵 堺人餐飲 天母,111台灣臺北市士林區天玉里天母西路13巷4號,義大利料理,中,https://www.google.com/maps/search/?api=1&query=%E6%9D%B1%E4%BA%AC%E5%AE%B6%E5%BA%AD%E7%BE%A9%E5%A4%A7%E5%88%A9%E9%BA%B5%20%E5%A0%BA%E4%BA%BA%E9%A4%90%E9%A3%B2%20%E5%A4%A9%E6%AF%8D&query_place_id=ChIJLSRIRgCvQjQR3HxGzsFFkD8,,,
ChIJxaIcSp6rQjQRhc47ZASYmn0,松山機場2F美食廣場,105台灣臺北市松山區敦化北路340-9號第二航厦 (國內線航厦),美食廣場,中,https://www.google.com/maps/search/?api=1&query=%E6%9D%BE%E5%B1%B1%E6%A9%9F%E5%A0%B42F%E7%BE%8E%E9%A3%9F%E5%BB%A3%E5%A0%B4&query_place_id=ChIJxaIcSp6rQjQRhc47ZASYmn0,,,
ChIJT91JuH2pQjQReBnuL1zoca0,松滿樓,106台灣臺北市大安區濟南路三段26號,中式料理,中,https://www.google.com/maps/search/?api=1&query=%E6%9D%BE%E6%BB%BF%E6%A8%93&query_place_id=ChIJT91JuH2pQjQReBnuL1zoca0,,,
ChIJI9QfewCrQjQRnfORR1qSOFM,武蔵野森珈琲Diner 遠東GARDEN CITY大巨蛋店,110台灣臺北市信義區新仁里忠孝東路四段515號,咖啡廳,中,https://www.google.com/maps/search/?api=1&query=%E6%AD%A6%E8%94%B5%E9%87%8E%E6%A3%AE%E7%8F%88%E7%90%B2Diner%20%E9%81%A0%E6%9D%B1GARDEN%20CITY%E5%A4%A7%E5%B7%A8%E8%9B%8B%E5%BA%97&query_place_id=ChIJI9QfewCrQjQRnfORR1qSOFM,,,
ChIJK-3CxhWpQjQRCdqRFa1pamo,牧山丘,103台灣臺北市大同區迪化街一段173號,義大利料理,中,https://www.google.com/maps/search/?api=1&query=%E7%89%A7%E5%B1%B1%E4%B8%98&query_place_id=ChIJK-3CxhWpQjQRCdqRFa1pamo,,,
ChIJe3lTjT2pQjQRC3cZsyq6xU8,肯都咖啡 Cando Coffee 自烘焙咖啡與甜點,108020台灣臺北市萬華區富福里康定路263號,咖啡廳,中,https://www.google.com/maps/search/?api=1&query=%E8%82%AF%E9%83%BD%E5%92%96%E5%95%A1%20Cando%20Coffee%20%E8%87%AA%E7%83%98%E7%84%99%E5%92%96%E5%95%A1%E8%88%87%E7%94%9C%E9%BB%9E&query_place_id=ChIJe3lTjT2pQjQRC3cZsyq6xU8,,,
ChIJb60C59GpQjQRqYxtu0IA9dI,芙稻菓室 Fú Dàu Pastry Studio,10344台灣臺北市大同區朝陽里延平北路二段25號1F,烘焙/甜點,中,https://www.google.com/maps/search/?api=1&query=%E8%8A%99%E7%A8%BB%E8%8F%93%E5%AE%A4%20F%C3%BA%20D%C3%A0u%20Pastry%20Studio&query_place_id=ChIJb60C59GpQjQRqYxtu0IA9dI,,,
ChIJT5KYxWCrQjQRQNYOWTUIuHw,花滔廚房,105台灣臺北市松山區復勢里光復北路120巷31號,義大利料理,中,https://www.google.com/maps/search/?api=1&query=%E8%8A%B1%E6%BB%94%E5%BB%9A%E6%88%BF&query_place_id=ChIJT5KYxWCrQjQRQNYOWTUIuHw,,,
ChIJv8ymJnmsQjQRRRJ4b0I9LDw,金泰日式料理-內湖店,114台灣臺北市內湖區舊宗路二段121巷34號,日式料理,中,https://www.google.com/maps/search/?api=1&query=%E9%87%91%E6%B3%B0%E6%97%A5%E5%BC%8F%E6%96%99%E7%90%86-%E5%85%A7%E6%B9%96%E5%BA%97&query_place_id=ChIJv8ymJnmsQjQRRRJ4b0I9LDw,,,
ChIJZdcmMwmpQjQRVhoFltvFacY,金獅樓,108台灣臺北市萬華區西寧南路36號10樓,中式料理,中,https://www.google.com/maps/search/?api=1&query=%E9%87%91%E7%8D%85%E6%A8%93&query_place_id=ChIJZdcmMwmpQjQRVhoFltvFacY,,,
ChIJMTDjgL-rQjQRYK9zG2KJ-iw,阿東師,105台灣臺北市松山區市民大道五段173號,壽司,中,https://www.google.com/maps/search/?api=1&query=%E9%98%BF%E6%9D%B1%E5%B8%AB&query_place_id=ChIJMTDjgL-rQjQRYK9zG2KJ-iw,,,
ChIJfVg9VFGuQjQR3OXOjpHCw5s,阿馬非餐廳,112台灣臺北市北投區大業路516巷2號,蔬食料理,中,https://www.google.com/maps/search/?api=1&query=%E9%98%BF%E9%A6%AC%E9%9D%9E%E9%A4%90%E5%BB%B3&query_place_id=ChIJfVg9VFGuQjQR3OXOjpHCw5s,,,
ChIJkeHuYaOpQjQRHWmB0ywBXrQ,阿瑪迪斯咖啡館京站店,103台灣臺北市大同區建明里承德路一段1號2樓中庭,烘焙/甜點,中,https://www.google.com/maps/search/?api=1&query=%E9%98%BF%E7%91%AA%E8%BF%AA%E6%96%AF%E5%92%96%E5%95%A1%E9%A4%A8%E4%BA%AC%E7%AB%99%E5%BA%97&query_place_id=ChIJkeHuYaOpQjQRHWmB0ywBXrQ,,,
ChIJ-3s7HuarQjQRXFxg_uugWyI,青隅,10548台灣台北市松山區敦化北路158號,咖啡廳,中,https://www.google.com/maps/search/?api=1&query=%E9%9D%92%E9%9A%85&query_place_id=ChIJ-3s7HuarQjQRXFxg_uugWyI,,,
ChIJr9JFPW-pQjQRvynzM2OVS6I,青葉台灣料理（創始店）,104台灣臺北市中山區中山北路一段105巷10號,台式料理,中,https://www.google.com/maps/search/?api=1&query=%E9%9D%92%E8%91%89%E5%8F%B0%E7%81%A3%E6%96%99%E7%90%86%EF%BC%88%E5%89%B5%E5%A7%8B%E5%BA%97%EF%BC%89&query_place_id=ChIJr9JFPW-pQjQRvynzM2OVS6I,,,
ChIJjSj3KvarQjQRhQiXuwVdvwc,青樓中式餐酒館,105047台灣臺北市松山區八德路四段512-1號,中式料理,中,https://www.google.com/maps/search/?api=1&query=%E9%9D%92%E6%A8%93%E4%B8%AD%E5%BC%8F%E9%A4%90%E9%85%92%E9%A4%A8&query_place_id=ChIJjSj3KvarQjQRhQiXuwVdvwc,,,
ChIJfWNqV8-rQjQRJAiwfk_LCyg,南村,106台灣臺北市大安區忠孝東路四段216巷33弄10號,中式料理,中,https://www.google.com/maps/search/?api=1&query=%E5%8D%97%E6%9D%91&query_place_id=ChIJfWNqV8-rQjQRJAiwfk_LCyg,,,
ChIJwTl8w2erQjQRYdU-b3oz5F0,姜娜小廚韓式料理,110台灣臺北市信義區黎忠里和平東路三段367號,韓式料理,中,https://www.google.com/maps/search/?api=1&query=%E5%A7%9C%E5%A8%9C%E5%B0%8F%E5%BB%9A%E9%9F%93%E5%BC%8F%E6%96%99%E7%90%86&query_place_id=ChIJwTl8w2erQjQRYdU-b3oz5F0,,,
ChIJQ2CBmm-sQjQRS_oeQ54rbA4,客意直火比薩 (內科西湖店),114台灣臺北市內湖區港墘里瑞光路513巷37號1樓,披薩,中,https://www.google.com/maps/search/?api=1&query=%E5%AE%A2%E6%84%8F%E7%9B%B4%E7%81%AB%E6%AF%94%E8%96%A9%20(%E5%85%A7%E7%A7%91%E8%A5%BF%E6%B9%96%E5%BA%97)&query_place_id=ChIJQ2CBmm-sQjQRS_oeQ54rbA4,,,
ChIJuQTi1UurQjQRY_XJpSR0edQ,巷弄土司,105台灣臺北市松山區鵬程里健康路325巷8號,早午餐,中,https://www.google.com/maps/search/?api=1&query=%E5%B7%B7%E5%BC%84%E5%9C%9F%E5%8F%B8&query_place_id=ChIJuQTi1UurQjQRY_XJpSR0edQ,,,
ChIJ7TAYfLyrQjQRysgf1KWfY2A,星馬快餐 Sin Ma Express 海南雞飯 星馬料理專賣店 台北南港環球百貨店,115台灣臺北市南港區忠孝東路七段371號地址：115B1F (環球購物中心南港店）櫃位B116,星馬料理,中,https://www.google.com/maps/search/?api=1&query=%E6%98%9F%E9%A6%AC%E5%BF%AB%E9%A4%90%20Sin%20Ma%20Express%20%E6%B5%B7%E5%8D%97%E9%9B%9E%E9%A3%AF%20%E6%98%9F%E9%A6%AC%E6%96%99%E7%90%86%E5%B0%88%E8%B3%A3%E5%BA%97%20%E5%8F%B0%E5%8C%97%E5%8D%97%E6%B8%AF%E7%92%B0%E7%90%83%E7%99%BE%E8%B2%A8%E5%BA%97&query_place_id=ChIJ7TAYfLyrQjQRysgf1KWfY2A,,,
ChIJ9W7NgU2pQjQRvY_dGCYbIcA,春韭 晴光店,10491台灣臺北市中山區恆安里中山北路二段183巷1-5號,中式料理,中,https://www.google.com/maps/search/?api=1&query=%E6%98%A5%E9%9F%AD%20%E6%99%B4%E5%85%89%E5%BA%97&query_place_id=ChIJ9W7NgU2pQjQRvY_dGCYbIcA,,,
ChIJOZb-_gWtQjQRXA4QgcB7KLE,柚子花花青春客家菜(南港LalaPort),115台灣臺北市南港區經貿二路131號6樓,中式料理,中,https://www.google.com/maps/search/?api=1&query=%E6%9F%9A%E5%AD%90%E8%8A%B1%E8%8A%B1%E9%9D%92%E6%98%A5%E5%AE%A2%E5%AE%B6%E8%8F%9C(%E5%8D%97%E6%B8%AFLalaPort)&query_place_id=ChIJOZb-_gWtQjQRXA4QgcB7KLE,,,
ChIJmUBgXZmvQjQReJDEy08D34c,泉源閣 Bando Club,112台灣臺北市北投區泉源路19號北投晶泉丰旅3樓,中式料理,中,https://www.google.com/maps/search/?api=1&query=%E6%B3%89%E6%BA%90%E9%96%A3%20Bando%20Club&query_place_id=ChIJmUBgXZmvQjQReJDEy08D34c,,,
ChIJOxNRziWpQjQRnURZTVXDTfI,洋城義大利餐廳-桂林家樂福店,108台灣台北市万华区仁德里桂林路1號4樓,義大利料理,中,https://www.google.com/maps/search/?api=1&query=%E6%B4%8B%E5%9F%8E%E7%BE%A9%E5%A4%A7%E5%88%A9%E9%A4%90%E5%BB%B3-%E6%A1%82%E6%9E%97%E5%AE%B6%E6%A8%82%E7%A6%8F%E5%BA%97&query_place_id=ChIJOxNRziWpQjQRnURZTVXDTfI,,,
ChIJtbu-JE2oQjQRdRYZ7jLitwE,珍寶園餐廳,108台灣臺北市萬華區環河南路二段308號,台式料理,中,https://www.google.com/maps/search/?api=1&query=%E7%8F%8D%E5%AF%B6%E5%9C%92%E9%A4%90%E5%BB%B3&query_place_id=ChIJtbu-JE2oQjQRdRYZ7jLitwE,,,
ChIJIzxoocarQjQRONCdaF7cU6A,皇城老媽,106台灣臺北市大安區華聲里延吉街97巷5號,中式料理,中,https://www.google.com/maps/search/?api=1&query=%E7%9A%87%E5%9F%8E%E8%80%81%E5%AA%BD&query_place_id=ChIJIzxoocarQjQRONCdaF7cU6A,,,
ChIJv9il1dqrQjQRiuwJLhK17ZY,皇家哥本哈根咖啡輕食複合店,106台灣臺北市大安區光武里忠孝東路四段45號4F(SOGO忠孝店四樓,咖啡廳,中,https://www.google.com/maps/search/?api=1&query=%E7%9A%87%E5%AE%B6%E5%93%A5%E6%9C%AC%E5%93%88%E6%A0%B9%E5%92%96%E5%95%A1%E8%BC%95%E9%A3%9F%E8%A4%87%E5%90%88%E5%BA%97&query_place_id=ChIJv9il1dqrQjQRiuwJLhK17ZY,,,
ChIJpejHzISpQjQRI0Yz5cueWEE,美好生活 咖啡廳,103台灣臺北市大同區蓬萊里民權西路155號2樓,咖啡廳,中,https://www.google.com/maps/search/?api=1&query=%E7%BE%8E%E5%A5%BD%E7%94%9F%E6%B4%BB%20%E5%92%96%E5%95%A1%E5%BB%B3&query_place_id=ChIJpejHzISpQjQRI0Yz5cueWEE,,,
ChIJt5S1IYSrQjQRvca0WrqUKTE,美福乾式熟成牛排館 Fresh & Aged Italian steak house,114台灣臺北市內湖區民善街128號2F,牛排館,中,https://www.google.com/maps/search/?api=1&query=%E7%BE%8E%E7%A6%8F%E4%B9%BE%E5%BC%8F%E7%86%9F%E6%88%90%E7%89%9B%E6%8E%92%E9%A4%A8%20Fresh%20%26%20Aged%20Italian%20steak%20house&query_place_id=ChIJt5S1IYSrQjQRvca0WrqUKTE,,,
ChIJ85whEZurQjQR5oeX9Aq3e2Q,夏綠沁私房義大利麵燉飯,105台灣臺北市松山區敦化北路244巷37號,小酒館/餐酒館,中,https://www.google.com/maps/search/?api=1&query=%E5%A4%8F%E7%B6%A0%E6%B2%81%E7%A7%81%E6%88%BF%E7%BE%A9%E5%A4%A7%E5%88%A9%E9%BA%B5%E7%87%89%E9%A3%AF&query_place_id=ChIJ85whEZurQjQR5oeX9Aq3e2Q,,,
ChIJk1fboZmpQjQR_sb0-SnNvrg,孫立人將軍官邸（陸軍聯誼廳）,100台灣臺北市中正區南昌路一段136號,中式料理,中,https://www.google.com/maps/search/?api=1&query=%E5%AD%AB%E7%AB%8B%E4%BA%BA%E5%B0%87%E8%BB%8D%E5%AE%98%E9%82%B8%EF%BC%88%E9%99%B8%E8%BB%8D%E8%81%AF%E8%AA%BC%E5%BB%B3%EF%BC%89&query_place_id=ChIJk1fboZmpQjQR_sb0-SnNvrg,,,
ChIJSTeNb9CrQjQRtBdDaFmPqRI,旅人咖啡,106台灣臺北市大安區仁愛里敦化南路一段236巷40號,早午餐,中,https://www.google.com/maps/search/?api=1&query=%E6%97%85%E4%BA%BA%E5%92%96%E5%95%A1&query_place_id=ChIJSTeNb9CrQjQRtBdDaFmPqRI,,,
ChIJ87xRAC6rQjQRAxaD_4Otr3M,校園活力早午餐,116台灣台北市文山区兴光里兴隆路三段115巷2號一樓,早午餐,中,https://www.google.com/maps/search/?api=1&query=%E6%A0%A1%E5%9C%92%E6%B4%BB%E5%8A%9B%E6%97%A9%E5%8D%88%E9%A4%90&query_place_id=ChIJ87xRAC6rQjQRAxaD_4Otr3M,,,
ChIJnTkg-8yrQjQR9_mNRfYyySk,浮誇海鮮丼飯專門店,105台灣臺北市松山區南京東路五段291巷20弄24號,日式料理,中,https://www.google.com/maps/search/?api=1&query=%E6%B5%AE%E8%AA%87%E6%B5%B7%E9%AE%AE%E4%B8%BC%E9%A3%AF%E5%B0%88%E9%96%80%E5%BA%97&query_place_id=ChIJnTkg-8yrQjQR9_mNRfYyySk,,,
ChIJByHxFGmpQjQRwfIvf8y292g,海倫鮮土司,106台灣臺北市大安區古莊里浦城街9-4號,港式料理,中,https://www.google.com/maps/search/?api=1&query=%E6%B5%B7%E5%80%AB%E9%AE%AE%E5%9C%9F%E5%8F%B8&query_place_id=ChIJByHxFGmpQjQRwfIvf8y292g,,,
ChIJCT218nupQjQRlGOCsswKe9E,特有種商行電影咖啡館 Realguts cafe,100台灣臺北市中正區幸市里臨沂街27巷4-1號,咖啡廳,中,https://www.google.com/maps/search/?api=1&query=%E7%89%B9%E6%9C%89%E7%A8%AE%E5%95%86%E8%A1%8C%E9%9B%BB%E5%BD%B1%E5%92%96%E5%95%A1%E9%A4%A8%20Realguts%20cafe&query_place_id=ChIJCT218nupQjQRlGOCsswKe9E,,,
ChIJM3P2ruCpQjQREtSGnl9tftI,秘徑小食光,106台灣臺北市大安區羅斯福路三段283巷3號,義大利料理,中,https://www.google.com/maps/search/?api=1&query=%E7%A7%98%E5%BE%91%E5%B0%8F%E9%A3%9F%E5%85%89&query_place_id=ChIJM3P2ruCpQjQREtSGnl9tftI,,,
ChIJVypfiJ6rQjQRlG2QBQmbMnE,茶壺蝦,110台灣臺北市信義區永吉里松隆路335號1 樓,日式料理,中,https://www.google.com/maps/search/?api=1&query=%E8%8C%B6%E5%A3%BA%E8%9D%A6&query_place_id=ChIJVypfiJ6rQjQRlG2QBQmbMnE,,,
ChIJEfselmGpQjQR7yaK-dqDBJ4,啡卡咖啡,104台灣臺北市中山區朱園里伊通街33號,咖啡廳,中,https://www.google.com/maps/search/?api=1&query=%E5%95%A1%E5%8D%A1%E5%92%96%E5%95%A1&query_place_id=ChIJEfselmGpQjQR7yaK-dqDBJ4,,,
ChIJz2Nt86ypQjQR2Q53B_FEtOA,御珍軒,103台灣臺北市大同區重慶北路一段62號2樓,中式料理,中,https://www.google.com/maps/search/?api=1&query=%E5%BE%A1%E7%8F%8D%E8%BB%92&query_place_id=ChIJz2Nt86ypQjQR2Q53B_FEtOA,,,
ChIJmURK7l2rQjQR2T4AgotOy6s,敘日 全日餐廳-台北六福萬怡酒店,115台灣臺北市南港區忠孝東路七段359號7樓,自助餐,中,https://www.google.com/maps/search/?api=1&query=%E6%95%98%E6%97%A5%20%E5%85%A8%E6%97%A5%E9%A4%90%E5%BB%B3-%E5%8F%B0%E5%8C%97%E5%85%AD%E7%A6%8F%E8%90%AC%E6%80%A1%E9%85%92%E5%BA%97&query_place_id=ChIJmURK7l2rQjQR2T4AgotOy6s,,,
ChIJbVB3DWusQjQRtsaOf6MfptE,麥味登 內湖文湖店（環山路德明附近）,114台灣臺北市內湖區西安里環山路一段88號,早午餐,中,https://www.google.com/maps/search/?api=1&query=%E9%BA%A5%E5%91%B3%E7%99%BB%20%E5%85%A7%E6%B9%96%E6%96%87%E6%B9%96%E5%BA%97%EF%BC%88%E7%92%B0%E5%B1%B1%E8%B7%AF%E5%BE%B7%E6%98%8E%E9%99%84%E8%BF%91%EF%BC%89&query_place_id=ChIJbVB3DWusQjQRtsaOf6MfptE,,,
ChIJT0CZMOutQjQRjYwJPpi4ZS4,麥味登 內湖園區店,114台灣臺北市內湖區西湖里內湖路一段323巷30號,早午餐,中,https://www.google.com/maps/search/?api=1&query=%E9%BA%A5%E5%91%B3%E7%99%BB%20%E5%85%A7%E6%B9%96%E5%9C%92%E5%8D%80%E5%BA%97&query_place_id=ChIJT0CZMOutQjQRjYwJPpi4ZS4,,,
ChIJC0__ClOtQjQRheX_Z0DaFI4,麥味登 內湖BOSS店,114002台灣臺北市內湖區麗山里內湖路一段411巷9弄4號1樓,早午餐,中,https://www.google.com/maps/search/?api=1&query=%E9%BA%A5%E5%91%B3%E7%99%BB%20%E5%85%A7%E6%B9%96BOSS%E5%BA%97&query_place_id=ChIJC0__ClOtQjQRheX_Z0DaFI4,,,
ChIJh7ulTk6rQjQRXqLzL75Ha7M,麥味登 文山世新店,116051台灣臺北市文山區景行里景興路288號1樓,早午餐,中,https://www.google.com/maps/search/?api=1&query=%E9%BA%A5%E5%91%B3%E7%99%BB%20%E6%96%87%E5%B1%B1%E4%B8%96%E6%96%B0%E5%BA%97&query_place_id=ChIJh7ulTk6rQjQRXqLzL75Ha7M,,,
ChIJXYW8wqSrQjQR0WmYu0Gwta8,麥味登 文山饗食大亨店,11678台灣臺北市文山區萬隆里羅斯福路五段 218巷25號一樓,早午餐,中,https://www.google.com/maps/search/?api=1&query=%E9%BA%A5%E5%91%B3%E7%99%BB%20%E6%96%87%E5%B1%B1%E9%A5%97%E9%A3%9F%E5%A4%A7%E4%BA%A8%E5%BA%97&query_place_id=ChIJXYW8wqSrQjQR0WmYu0Gwta8,,,
ChIJoY_IYgCrQjQRioSMHY4uWcw,麥味登 世界明珠店,115029台灣臺北市南港區東明里南港路二段136號,早午餐,中,https://www.google.com/maps/search/?api=1&query=%E9%BA%A5%E5%91%B3%E7%99%BB%20%E4%B8%96%E7%95%8C%E6%98%8E%E7%8F%A0%E5%BA%97&query_place_id=ChIJoY_IYgCrQjQRioSMHY4uWcw,,,
ChIJzf1Z-L-rQjQRJJ2JbvfGubs,麥味登 北市合江店,104台灣臺北市中山區長春路238號,早午餐,中,https://www.google.com/maps/search/?api=1&query=%E9%BA%A5%E5%91%B3%E7%99%BB%20%E5%8C%97%E5%B8%82%E5%90%88%E6%B1%9F%E5%BA%97&query_place_id=ChIJzf1Z-L-rQjQRJJ2JbvfGubs,,,
ChIJUVfPCa6rQjQRsw75lAuDeVo,麥味登 北市西松店,105台灣臺北市松山區鵬程里健康路325巷6弄2號1樓,早午餐,中,https://www.google.com/maps/search/?api=1&query=%E9%BA%A5%E5%91%B3%E7%99%BB%20%E5%8C%97%E5%B8%82%E8%A5%BF%E6%9D%BE%E5%BA%97&query_place_id=ChIJUVfPCa6rQjQRsw75lAuDeVo,,,
ChIJvZ0tp2CpQjQRD09jnSBV6x4,麥味登 北市國王二店,10491台灣臺北市中山區中吉里長春路147-2號,早午餐,中,https://www.google.com/maps/search/?api=1&query=%E9%BA%A5%E5%91%B3%E7%99%BB%20%E5%8C%97%E5%B8%82%E5%9C%8B%E7%8E%8B%E4%BA%8C%E5%BA%97&query_place_id=ChIJvZ0tp2CpQjQRD09jnSBV6x4,,,
ChIJ2ed4QjmpQjQRo60SYQyX15s,麥味登 北市新生店,100台灣臺北市中正區幸市里忠孝東路二段116號,早午餐,中,https://www.google.com/maps/search/?api=1&query=%E9%BA%A5%E5%91%B3%E7%99%BB%20%E5%8C%97%E5%B8%82%E6%96%B0%E7%94%9F%E5%BA%97&query_place_id=ChIJ2ed4QjmpQjQRo60SYQyX15s,,,
ChIJ2ee3aNyrQjQRLuQkOKl6iII,麥味登 南軟園區店,115台灣臺北市南港區南港里新民街81號,早午餐,中,https://www.google.com/maps/search/?api=1&query=%E9%BA%A5%E5%91%B3%E7%99%BB%20%E5%8D%97%E8%BB%9F%E5%9C%92%E5%8D%80%E5%BA%97&query_place_id=ChIJ2ee3aNyrQjQRLuQkOKl6iII,,,
ChIJ6y3VvqqrQjQRysukfD9Za44,麥味登北市八德金控店-中山平價早午餐,10492台灣臺北市中山區朱崙里八德路二段345號,早午餐,中,https://www.google.com/maps/search/?api=1&query=%E9%BA%A5%E5%91%B3%E7%99%BB%E5%8C%97%E5%B8%82%E5%85%AB%E5%BE%B7%E9%87%91%E6%8E%A7%E5%BA%97-%E4%B8%AD%E5%B1%B1%E5%B9%B3%E5%83%B9%E6%97%A9%E5%8D%88%E9%A4%90&query_place_id=ChIJ6y3VvqqrQjQRysukfD9Za44,,,
ChIJc-V6A6GrQjQR1m27bg5WKZg,麥味登cafe&brunch 北市忠孝店,110台灣臺北市信義區松光里忠孝東路五段524巷6號,早午餐,中,https://www.google.com/maps/search/?api=1&query=%E9%BA%A5%E5%91%B3%E7%99%BBcafe%26brunch%20%E5%8C%97%E5%B8%82%E5%BF%A0%E5%AD%9D%E5%BA%97&query_place_id=ChIJc-V6A6GrQjQR1m27bg5WKZg,,,
ChIJAUXQ3cirQjQRWRFKdOpGOOk,就是義大利麵屋 ITS PASTA,106台灣臺北市大安區光信里延吉街232號,義大利料理,中,https://www.google.com/maps/search/?api=1&query=%E5%B0%B1%E6%98%AF%E7%BE%A9%E5%A4%A7%E5%88%A9%E9%BA%B5%E5%B1%8B%20ITS%20PASTA&query_place_id=ChIJAUXQ3cirQjQRWRFKdOpGOOk,,,
ChIJryhpjFGrQjQRZgy0WI846oI,復古豪斯Retro House,106台灣臺北市大安區群賢里復興南路二段193巷1號,美式料理,中,https://www.google.com/maps/search/?api=1&query=%E5%BE%A9%E5%8F%A4%E8%B1%AA%E6%96%AFRetro%20House&query_place_id=ChIJryhpjFGrQjQRZgy0WI846oI,,,
ChIJE9s48c6pQjQRyPHYSisn7_4,愜意 Pleasant Café,111台灣臺北市士林區天玉里天玉街38巷18弄22號1樓,咖啡廳,中,https://www.google.com/maps/search/?api=1&query=%E6%84%9C%E6%84%8F%20Pleasant%20Caf%C3%A9&query_place_id=ChIJE9s48c6pQjQRyPHYSisn7_4,,,
ChIJbebEdA6sQjQRaasm9Wu4mNI,晴山日本料理,10491台灣臺北市中山區成功里樂群二路55號3樓,日式料理,中,https://www.google.com/maps/search/?api=1&query=%E6%99%B4%E5%B1%B1%E6%97%A5%E6%9C%AC%E6%96%99%E7%90%86&query_place_id=ChIJbebEdA6sQjQRaasm9Wu4mNI,,,
ChIJDWR1YoipQjQRwAHSl6cR5sA,森嶼 Morisland ⛰︎☼,103台灣臺北市大同區建明里長安西路78巷1弄8號,早午餐,中,https://www.google.com/maps/search/?api=1&query=%E6%A3%AE%E5%B6%BC%20Morisland%20%E2%9B%B0%EF%B8%8E%E2%98%BC&query_place_id=ChIJDWR1YoipQjQRwAHSl6cR5sA,,,
ChIJrdn6PAmpQjQRaclry9PagdY,貳拾陸巷 Somebody Cafe,108台灣臺北市萬華區西門里成都路65號2樓,早午餐,中,https://www.google.com/maps/search/?api=1&query=%E8%B2%B3%E6%8B%BE%E9%99%B8%E5%B7%B7%20Somebody%20Cafe&query_place_id=ChIJrdn6PAmpQjQRaclry9PagdY,,,
ChIJlxJ_aYWrQjQREGdqLotZiBo,飯丸屋-台北南港店,115台灣臺北市南港區南港路一段229號1f,日式料理,中,https://www.google.com/maps/search/?api=1&query=%E9%A3%AF%E4%B8%B8%E5%B1%8B-%E5%8F%B0%E5%8C%97%E5%8D%97%E6%B8%AF%E5%BA%97&query_place_id=ChIJlxJ_aYWrQjQREGdqLotZiBo,,,
ChIJl92ABjKrQjQRUGV4VQcIRaQ,嵩 台北大安,106台灣臺北市大安區延吉街131巷35號,小酒館/餐酒館,中,https://www.google.com/maps/search/?api=1&query=%E5%B5%A9%20%E5%8F%B0%E5%8C%97%E5%A4%A7%E5%AE%89&query_place_id=ChIJl92ABjKrQjQRUGV4VQcIRaQ,,,
ChIJEfswHB-nQjQREbb7azbvRdY,想奌 想點 手作咖啡 銘傳校園店,111台灣臺北市士林區中山北路五段250號,咖啡廳,中,https://www.google.com/maps/search/?api=1&query=%E6%83%B3%E5%A5%8C%20%E6%83%B3%E9%BB%9E%20%E6%89%8B%E4%BD%9C%E5%92%96%E5%95%A1%20%E9%8A%98%E5%82%B3%E6%A0%A1%E5%9C%92%E5%BA%97&query_place_id=ChIJEfswHB-nQjQREbb7azbvRdY,,,
ChIJC-1uOBOpQjQRq_pdWQgSpBU,新醉紅樓菜館,103台灣臺北市大同區建功里天水路14號2樓,中式料理,中,https://www.google.com/maps/search/?api=1&query=%E6%96%B0%E9%86%89%E7%B4%85%E6%A8%93%E8%8F%9C%E9%A4%A8&query_place_id=ChIJC-1uOBOpQjQRq_pdWQgSpBU,,,
ChIJMW-ZLBOvQjQRypgC1_SKgw4,楊家小館排骨麵,112台灣臺北市北投區關渡里知行路260巷12號,中式料理,中,https://www.google.com/maps/search/?api=1&query=%E6%A5%8A%E5%AE%B6%E5%B0%8F%E9%A4%A8%E6%8E%92%E9%AA%A8%E9%BA%B5&query_place_id=ChIJMW-ZLBOvQjQRypgC1_SKgw4,,,
ChIJY4KDoKmpQjQR2RFjiDc6c2Y,源芳刈包,108台灣臺北市萬華區華西街17-2號,中式料理,中,https://www.google.com/maps/search/?api=1&query=%E6%BA%90%E8%8A%B3%E5%88%88%E5%8C%85&query_place_id=ChIJY4KDoKmpQjQR2RFjiDc6c2Y,,,
ChIJw-n1EOMeaDQRfSYKft625pQ,瑞帛咖啡Rebirth Coffee,105台灣臺北市松山區吉祥里光復北路11巷85號,咖啡廳,中,https://www.google.com/maps/search/?api=1&query=%E7%91%9E%E5%B8%9B%E5%92%96%E5%95%A1Rebirth%20Coffee&query_place_id=ChIJw-n1EOMeaDQRfSYKft625pQ,,,
ChIJ2SJ2x6mvQjQRZit4gMTJ-ZM,萬麗軒,111台灣臺北市士林區中山北路五段470巷8號1樓,中式料理,中,https://www.google.com/maps/search/?api=1&query=%E8%90%AC%E9%BA%97%E8%BB%92&query_place_id=ChIJ2SJ2x6mvQjQRZit4gMTJ-ZM,,,
ChIJD0Os712rQjQRoQEIH9Hvm0k,粵亮廣式料理,115台灣臺北市南港區忠孝東路七段359號8樓,中式料理,中,https://www.google.com/maps/search/?api=1&query=%E7%B2%B5%E4%BA%AE%E5%BB%A3%E5%BC%8F%E6%96%99%E7%90%86&query_place_id=ChIJD0Os712rQjQRoQEIH9Hvm0k,,,
ChIJ90ln_c-rQjQRp2jywC1baXs,義大利餐廳 TRASTEVERE 大安區 忠孝復興站 美食,106台灣臺北市大安區復興南路一段107巷7號1樓,義大利料理,中,https://www.google.com/maps/search/?api=1&query=%E7%BE%A9%E5%A4%A7%E5%88%A9%E9%A4%90%E5%BB%B3%20TRASTEVERE%20%E5%A4%A7%E5%AE%89%E5%8D%80%20%E5%BF%A0%E5%AD%9D%E5%BE%A9%E8%88%88%E7%AB%99%20%E7%BE%8E%E9%A3%9F&query_place_id=ChIJ90ln_c-rQjQRp2jywC1baXs,,,
ChIJ0032cACrQjQRSk029YpyUqw,義百代餐館南港店,11577台灣臺北市南港區西新里南港路三段9-2號,義大利料理,中,https://www.google.com/maps/search/?api=1&query=%E7%BE%A9%E7%99%BE%E4%BB%A3%E9%A4%90%E9%A4%A8%E5%8D%97%E6%B8%AF%E5%BA%97&query_place_id=ChIJ0032cACrQjQRSk029YpyUqw,,,
ChIJDY3p2retQjQRulLVrOQw7G8,義沐 Eat MU 台北內湖店,114台灣臺北市內湖區瑞光路583巷29號1F,義大利料理,中,https://www.google.com/maps/search/?api=1&query=%E7%BE%A9%E6%B2%90%20Eat%20MU%20%E5%8F%B0%E5%8C%97%E5%85%A7%E6%B9%96%E5%BA%97&query_place_id=ChIJDY3p2retQjQRulLVrOQw7G8,,,
ChIJK_Cgj4upQjQRDrLCS1URSQQ,義樂麵屋,100台灣臺北市中正區文盛里羅斯福路三段284巷5號,義大利料理,中,https://www.google.com/maps/search/?api=1&query=%E7%BE%A9%E6%A8%82%E9%BA%B5%E5%B1%8B&query_place_id=ChIJK_Cgj4upQjQRDrLCS1URSQQ,,,
ChIJCQRu0QaqQjQRI3j4lpYZdbQ,義蘿蒂義大利麵,116台灣臺北市文山區景行里景興路202巷8號,義大利料理,中,https://www.google.com/maps/search/?api=1&query=%E7%BE%A9%E8%98%BF%E8%92%82%E7%BE%A9%E5%A4%A7%E5%88%A9%E9%BA%B5&query_place_id=ChIJCQRu0QaqQjQRI3j4lpYZdbQ,,,
ChIJSbJCOWutQjQRtummm5ilTuk,葛莉莎披薩 Gloriosa Pizza,114台灣臺北市內湖區港墘里江南街107巷8號,披薩,中,https://www.google.com/maps/search/?api=1&query=%E8%91%9B%E8%8E%89%E8%8E%8E%E6%8A%AB%E8%96%A9%20Gloriosa%20Pizza&query_place_id=ChIJSbJCOWutQjQRtummm5ilTuk,,,
ChIJh4d5b7CuQjQRvEGhf7bj0oQ,道樂屋台,111台灣臺北市士林區基河路112號,拉麵,中,https://www.google.com/maps/search/?api=1&query=%E9%81%93%E6%A8%82%E5%B1%8B%E5%8F%B0&query_place_id=ChIJh4d5b7CuQjQRvEGhf7bj0oQ,,,
ChIJ7-0tUrCtQjQRO1deD279gaQ,夢宸文創花藝咖啡（早午餐）,114台灣臺北市內湖區安湖里康寧路三段189巷12弄19號,早午餐,中,https://www.google.com/maps/search/?api=1&query=%E5%A4%A2%E5%AE%B8%E6%96%87%E5%89%B5%E8%8A%B1%E8%97%9D%E5%92%96%E5%95%A1%EF%BC%88%E6%97%A9%E5%8D%88%E9%A4%90%EF%BC%89&query_place_id=ChIJ7-0tUrCtQjQRO1deD279gaQ,,,
ChIJJzOcp26pQjQRGz3L_9nCUgE,夢鹿咖啡 中山店,10352台灣臺北市大同區建泰里南京西路18巷6弄6號,咖啡廳,中,https://www.google.com/maps/search/?api=1&query=%E5%A4%A2%E9%B9%BF%E5%92%96%E5%95%A1%20%E4%B8%AD%E5%B1%B1%E5%BA%97&query_place_id=ChIJJzOcp26pQjQRGz3L_9nCUgE,,,
ChIJs0t5m5CtQjQRMGEZlhs8eRI,慢慢早 Slow morning,10491台灣臺北市中山區北安里北安路813號,早午餐,中,https://www.google.com/maps/search/?api=1&query=%E6%85%A2%E6%85%A2%E6%97%A9%20Slow%20morning&query_place_id=ChIJs0t5m5CtQjQRMGEZlhs8eRI,,,
ChIJJ_ukvpapQjQRIAN7BSlzwiA,漫漫喫,104台灣臺北市中山區民安里長安西路12號,咖啡廳,中,https://www.google.com/maps/search/?api=1&query=%E6%BC%AB%E6%BC%AB%E5%96%AB&query_place_id=ChIJJ_ukvpapQjQRIAN7BSlzwiA,,,
ChIJ5Vlu2HirQjQRAluWoq2mUg8,福來早餐 南京三民店,"163-2號, 南京東路五段東光里松山區臺北市台灣 105",早午餐,中,https://www.google.com/maps/search/?api=1&query=%E7%A6%8F%E4%BE%86%E6%97%A9%E9%A4%90%20%E5%8D%97%E4%BA%AC%E4%B8%89%E6%B0%91%E5%BA%97&query_place_id=ChIJ5Vlu2HirQjQRAluWoq2mUg8,,,
ChIJ_WZLPdGrQjQRAemg-ZR7K6I,福禱咖啡,106台灣臺北市大安區正聲里光復南路240巷51號,早午餐,中,https://www.google.com/maps/search/?api=1&query=%E7%A6%8F%E7%A6%B1%E5%92%96%E5%95%A1&query_place_id=ChIJ_WZLPdGrQjQRAemg-ZR7K6I,,,
ChIJ2YR8vX6uQjQRRcrfjdv8m2U,維尼恩早餐店,111台灣臺北市士林區天山里中山北路七段132號,早午餐,中,https://www.google.com/maps/search/?api=1&query=%E7%B6%AD%E5%B0%BC%E6%81%A9%E6%97%A9%E9%A4%90%E5%BA%97&query_place_id=ChIJ2YR8vX6uQjQRRcrfjdv8m2U,,,
ChIJMUqmM3OpQjQRTKkB0Ue1hHA,翡冷翠義式餐廳,100台灣臺北市中正區漢口街一段15號1樓,義大利料理,中,https://www.google.com/maps/search/?api=1&query=%E7%BF%A1%E5%86%B7%E7%BF%A0%E7%BE%A9%E5%BC%8F%E9%A4%90%E5%BB%B3&query_place_id=ChIJMUqmM3OpQjQRTKkB0Ue1hHA,,,
ChIJd_eNsgOrQjQRHFSYRBGxHCA,樂利早午餐,106台灣臺北市大安區法治里樂利路113號,早午餐,中,https://www.google.com/maps/search/?api=1&query=%E6%A8%82%E5%88%A9%E6%97%A9%E5%8D%88%E9%A4%90&query_place_id=ChIJd_eNsgOrQjQRHFSYRBGxHCA,,,
ChIJk0ASfQCtQjQR4hxS92gLUi0,樂玩義 Joyful Pasta,10491台灣臺北市中山區金泰里敬業三路20號B1,義大利料理,中,https://www.google.com/maps/search/?api=1&query=%E6%A8%82%E7%8E%A9%E7%BE%A9%20Joyful%20Pasta&query_place_id=ChIJk0ASfQCtQjQR4hxS92gLUi0,,,
ChIJL6olmHSrQjQRLQ7itONyGgs,樂軒松阪亭,110台灣臺北市信義區松高路19號6樓,日式料理,中,https://www.google.com/maps/search/?api=1&query=%E6%A8%82%E8%BB%92%E6%9D%BE%E9%98%AA%E4%BA%AD&query_place_id=ChIJL6olmHSrQjQRLQ7itONyGgs,,,
ChIJtyqVvb2pQjQRzhv78XzZ5Sw,歐吧噠韓餐酒 圓山花博店 오빠닭 감성포차 Oppadak Korean Cuisine,10491台灣臺北市中山區圓山里玉門街1-7號,韓式料理,中,https://www.google.com/maps/search/?api=1&query=%E6%AD%90%E5%90%A7%E5%99%A0%E9%9F%93%E9%A4%90%E9%85%92%20%E5%9C%93%E5%B1%B1%E8%8A%B1%E5%8D%9A%E5%BA%97%20%EC%98%A4%EB%B9%A0%EB%8B%AD%20%EA%B0%90%EC%84%B1%ED%8F%AC%EC%B0%A8%20Oppadak%20Korean%20Cuisine&query_place_id=ChIJtyqVvb2pQjQRzhv78XzZ5Sw,,,
ChIJkXcFRAipQjQR7w1TJiBW5Wg,盤子餐酒 PIATTO BISTRO 丨西門義大利麵丨葡萄酒丨牛排丨調酒丨,108台灣台北市万华区西门里昆明街164號一樓,義大利料理,中,https://www.google.com/maps/search/?api=1&query=%E7%9B%A4%E5%AD%90%E9%A4%90%E9%85%92%20PIATTO%20BISTRO%20%E4%B8%A8%E8%A5%BF%E9%96%80%E7%BE%A9%E5%A4%A7%E5%88%A9%E9%BA%B5%E4%B8%A8%E8%91%A1%E8%90%84%E9%85%92%E4%B8%A8%E7%89%9B%E6%8E%92%E4%B8%A8%E8%AA%BF%E9%85%92%E4%B8%A8&query_place_id=ChIJkXcFRAipQjQR7w1TJiBW5Wg,,,
ChIJu0lVxvmvQjQRzGeexldsNEQ,蔦燒日式居酒屋-士林店,111台灣臺北市士林區中山北路五段505巷42弄1號,日式料理,中,https://www.google.com/maps/search/?api=1&query=%E8%94%A6%E7%87%92%E6%97%A5%E5%BC%8F%E5%B1%85%E9%85%92%E5%B1%8B-%E5%A3%AB%E6%9E%97%E5%BA%97&query_place_id=ChIJu0lVxvmvQjQRzGeexldsNEQ,,,
ChIJ_Y4vZzKrQjQRcqCqvdGszQQ,輪輪1976 和食茶酒駅,110405台灣臺北市信義區松壽路11號3樓,日式料理,中,https://www.google.com/maps/search/?api=1&query=%E8%BC%AA%E8%BC%AA1976%20%E5%92%8C%E9%A3%9F%E8%8C%B6%E9%85%92%E9%A7%85&query_place_id=ChIJ_Y4vZzKrQjQRcqCqvdGszQQ,,,
ChIJG3lCC6mpQjQRjdUJV4xltuQ,醉華樓菜館,108台灣臺北市萬華區華西街127號,中式料理,中,https://www.google.com/maps/search/?api=1&query=%E9%86%89%E8%8F%AF%E6%A8%93%E8%8F%9C%E9%A4%A8&query_place_id=ChIJG3lCC6mpQjQRjdUJV4xltuQ,,,
ChIJE7xiPQCrQjQR6-EK_kiCVxs,樹下生活早午餐,110台灣臺北市信義區林口街66巷31號,早午餐,中,https://www.google.com/maps/search/?api=1&query=%E6%A8%B9%E4%B8%8B%E7%94%9F%E6%B4%BB%E6%97%A9%E5%8D%88%E9%A4%90&query_place_id=ChIJE7xiPQCrQjQR6-EK_kiCVxs,,,
ChIJ1-bm9XOrQjQR8JZL3xaOPAQ,興華早餐店,115台灣臺北市南港區東新里興華路114巷口號,早午餐,中,https://www.google.com/maps/search/?api=1&query=%E8%88%88%E8%8F%AF%E6%97%A9%E9%A4%90%E5%BA%97&query_place_id=ChIJ1-bm9XOrQjQR8JZL3xaOPAQ,,,
ChIJZ4DQRqKpQjQR9IJ4UG9nqus,蕃薯藤自然食堂-台北植物園店,100台灣臺北市中正區南門里南海路41號5樓,蔬食料理,中,https://www.google.com/maps/search/?api=1&query=%E8%95%83%E8%96%AF%E8%97%A4%E8%87%AA%E7%84%B6%E9%A3%9F%E5%A0%82-%E5%8F%B0%E5%8C%97%E6%A4%8D%E7%89%A9%E5%9C%92%E5%BA%97&query_place_id=ChIJZ4DQRqKpQjQR9IJ4UG9nqus,,,
ChIJy4Zxx_WpQjQRfU5kuDH_EaA,濤濤鮮魚舖,103台灣臺北市大同區錦西街82號1樓,日式料理,中,https://www.google.com/maps/search/?api=1&query=%E6%BF%A4%E6%BF%A4%E9%AE%AE%E9%AD%9A%E8%88%96&query_place_id=ChIJy4Zxx_WpQjQRfU5kuDH_EaA,,,
ChIJx1oTFV6pQjQRUtZAGCMtB1I,禪風茶樓,104台灣台北市中山区松江路182號2樓,蔬食料理,中,https://www.google.com/maps/search/?api=1&query=%E7%A6%AA%E9%A2%A8%E8%8C%B6%E6%A8%93&query_place_id=ChIJx1oTFV6pQjQRUtZAGCMtB1I,,,
ChIJr1ewTp6rQjQRyYXQcfR0Kxc,繆克咖啡 MK coffee x 空間設計,110台灣台北市信义区敦厚里永吉路30巷25號1樓,咖啡廳,中,https://www.google.com/maps/search/?api=1&query=%E7%B9%86%E5%85%8B%E5%92%96%E5%95%A1%20MK%20coffee%20x%20%E7%A9%BA%E9%96%93%E8%A8%AD%E8%A8%88&query_place_id=ChIJr1ewTp6rQjQRyYXQcfR0Kxc,,,
ChIJjcmjpX-pQjQRqOGHuRkF97M,聲島咖啡 Being Cafe,106台灣臺北市大安區古莊里師大路102巷18號1F,咖啡廳,中,https://www.google.com/maps/search/?api=1&query=%E8%81%B2%E5%B3%B6%E5%92%96%E5%95%A1%20Being%20Cafe&query_place_id=ChIJjcmjpX-pQjQRqOGHuRkF97M,,,
ChIJ1-W8w1GvQjQRZu52WCjFKP0,薇瓦琪義式餐酒館,112台灣臺北市北投區中央里光明路2巷9號,義大利料理,中,https://www.google.com/maps/search/?api=1&query=%E8%96%87%E7%93%A6%E7%90%AA%E7%BE%A9%E5%BC%8F%E9%A4%90%E9%85%92%E9%A4%A8&query_place_id=ChIJ1-W8w1GvQjQRZu52WCjFKP0,,,
ChIJny7cm_mrQjQRXc1MKexwNQA,隱世餐酒館(台北永春店),110台灣臺北市信義區忠孝東路五段297號B1F,小酒館/餐酒館,中,https://www.google.com/maps/search/?api=1&query=%E9%9A%B1%E4%B8%96%E9%A4%90%E9%85%92%E9%A4%A8(%E5%8F%B0%E5%8C%97%E6%B0%B8%E6%98%A5%E5%BA%97)&query_place_id=ChIJny7cm_mrQjQRXc1MKexwNQA,,,
ChIJJaEM89GrQjQRqKxidvzyJJ4,曜日.早午餐 餐酒館（寵物友善）,106台灣臺北市大安區車層里仁愛路四段345巷15弄10號1 樓,咖啡廳,中,https://www.google.com/maps/search/?api=1&query=%E6%9B%9C%E6%97%A5.%E6%97%A9%E5%8D%88%E9%A4%90%20%E9%A4%90%E9%85%92%E9%A4%A8%EF%BC%88%E5%AF%B5%E7%89%A9%E5%8F%8B%E5%96%84%EF%BC%89&query_place_id=ChIJJaEM89GrQjQRqKxidvzyJJ4,,,
ChIJyc-XtzCqQjQRB0mNbAizAmI,簡單點複合式早餐,106台灣臺北市大安區樂業街143號,早午餐,中,https://www.google.com/maps/search/?api=1&query=%E7%B0%A1%E5%96%AE%E9%BB%9E%E8%A4%87%E5%90%88%E5%BC%8F%E6%97%A9%E9%A4%90&query_place_id=ChIJyc-XtzCqQjQRB0mNbAizAmI,,,
ChIJM1BnxG6pQjQRwArEu0LDlvY,舊帳號,10491台灣臺北市中山區民安里中山北路一段140巷2號,義大利料理,中,https://www.google.com/maps/search/?api=1&query=%E8%88%8A%E5%B8%B3%E8%99%9F&query_place_id=ChIJM1BnxG6pQjQRwArEu0LDlvY,,,
ChIJNzF0i7qrQjQRs3YHL1ueTXg,醬飽早午餐,116台灣臺北市文山區景美里育英街5-1號,早午餐,中,https://www.google.com/maps/search/?api=1&query=%E9%86%AC%E9%A3%BD%E6%97%A9%E5%8D%88%E9%A4%90&query_place_id=ChIJNzF0i7qrQjQRs3YHL1ueTXg,,,
ChIJ_cGoEQCvQjQRaXdtAsUBw2c,雞老闆 桶仔雞 士林店,111台灣臺北市士林區文林路101巷2號,台式料理,中,https://www.google.com/maps/search/?api=1&query=%E9%9B%9E%E8%80%81%E9%97%86%20%E6%A1%B6%E4%BB%94%E9%9B%9E%20%E5%A3%AB%E6%9E%97%E5%BA%97&query_place_id=ChIJ_cGoEQCvQjQRaXdtAsUBw2c,,,
ChIJYRoU1marQjQROmsP8urhm8Y,關東本家-松山深夜美食巷弄美食,105台灣臺北市松山區吉祥路41號,日式料理,中,https://www.google.com/maps/search/?api=1&query=%E9%97%9C%E6%9D%B1%E6%9C%AC%E5%AE%B6-%E6%9D%BE%E5%B1%B1%E6%B7%B1%E5%A4%9C%E7%BE%8E%E9%A3%9F%E5%B7%B7%E5%BC%84%E7%BE%8E%E9%A3%9F&query_place_id=ChIJYRoU1marQjQROmsP8urhm8Y,,,
ChIJVxxYJWSsQjQR9TIcLT5AfNI,麗山早午餐,114台灣臺北市內湖區麗山里內湖路一段629巷40弄2號,早午餐,中,https://www.google.com/maps/search/?api=1&query=%E9%BA%97%E5%B1%B1%E6%97%A9%E5%8D%88%E9%A4%90&query_place_id=ChIJVxxYJWSsQjQR9TIcLT5AfNI,,,
ChIJyZbq2WWtQjQRyfvDoL6CN6Q,麵屋技庵,10491台灣臺北市中山區大直街18號,拉麵,中,https://www.google.com/maps/search/?api=1&query=%E9%BA%B5%E5%B1%8B%E6%8A%80%E5%BA%B5&query_place_id=ChIJyZbq2WWtQjQRyfvDoL6CN6Q,,,
ChIJi5mZGV-pQjQR68UoZwRC5e0,露西森林・名日文化,104台灣臺北市中山區民安里中山北路一段66號7樓,咖啡廳,中,https://www.google.com/maps/search/?api=1&query=%E9%9C%B2%E8%A5%BF%E6%A3%AE%E6%9E%97%E3%83%BB%E5%90%8D%E6%97%A5%E6%96%87%E5%8C%96&query_place_id=ChIJi5mZGV-pQjQR68UoZwRC5e0,,,
ChIJa52S0RmrQjQReEXMetVBYVM,饗旭咖啡,106台灣臺北市大安區芳和里樂業街128-8號,早午餐,中,https://www.google.com/maps/search/?api=1&query=%E9%A5%97%E6%97%AD%E5%92%96%E5%95%A1&query_place_id=ChIJa52S0RmrQjQReEXMetVBYVM,,,
ChIJg4NaH0urQjQRK2ZqWRK3uvo,䇺點早午餐。館,106台灣臺北市大安區群英里四維路198巷31弄8號,早午餐,中,https://www.google.com/maps/search/?api=1&query=%E4%87%BA%E9%BB%9E%E6%97%A9%E5%8D%88%E9%A4%90%E3%80%82%E9%A4%A8&query_place_id=ChIJg4NaH0urQjQRK2ZqWRK3uvo,,,
ChIJBUvHXwCrQjQRfRHgS9qInkw,ㄚ頭早午餐,105台灣臺北市松山區民有里民生東路三段127巷10號1樓,早午餐,中,https://www.google.com/maps/search/?api=1&query=%E3%84%9A%E9%A0%AD%E6%97%A9%E5%8D%88%E9%A4%90&query_place_id=ChIJBUvHXwCrQjQRfRHgS9qInkw,,,
ChIJNT6QrMCpQjQRH-6LmZg2YJk,ABOUT H Coffee,100台灣臺北市中正區梅花里忠孝東路二段39巷2弄18號1樓,咖啡廳,中,https://www.google.com/maps/search/?api=1&query=ABOUT%20H%20Coffee&query_place_id=ChIJNT6QrMCpQjQRH-6LmZg2YJk,,,
ChIJw-mPDQmpQjQRw5KgXJsem1Q,ACME,111台灣台北市士林区承德里剑潭路1號7樓,咖啡廳,中,https://www.google.com/maps/search/?api=1&query=ACME&query_place_id=ChIJw-mPDQmpQjQRw5KgXJsem1Q,,,
ChIJYw8FAUapQjQRJsabw9DQEbs,ADDICT沉癮餐酒館,104台灣臺北市中山區正得里中山北路一段73號,小酒館/餐酒館,中,https://www.google.com/maps/search/?api=1&query=ADDICT%E6%B2%89%E7%99%AE%E9%A4%90%E9%85%92%E9%A4%A8&query_place_id=ChIJYw8FAUapQjQRJsabw9DQEbs,,,
ChIJhxzRL3upQjQRKQOB-m7B2oM,AL CICCHETTO HUASHAN BISTRO義麵坊華山小酒吧,100台灣臺北市中正區梅花里八德路一段40號,義大利料理,中,https://www.google.com/maps/search/?api=1&query=AL%20CICCHETTO%20HUASHAN%20BISTRO%E7%BE%A9%E9%BA%B5%E5%9D%8A%E8%8F%AF%E5%B1%B1%E5%B0%8F%E9%85%92%E5%90%A7&query_place_id=ChIJhxzRL3upQjQRKQOB-m7B2oM,,,
ChIJT2Oz1pKrQjQRRnykvhE9Bns,ALL DAY ROASTING COMPANY 民生店,105台灣台北市松山區介寿里延寿街329號1樓,咖啡廳,中,https://www.google.com/maps/search/?api=1&query=ALL%20DAY%20ROASTING%20COMPANY%20%E6%B0%91%E7%94%9F%E5%BA%97&query_place_id=ChIJT2Oz1pKrQjQRRnykvhE9Bns,,,
ChIJa75-XgCrQjQRTByUnJ2cOrs,AM.7早午餐,110台灣臺北市信義區大道里中坡南路22巷1號,早午餐,中,https://www.google.com/maps/search/?api=1&query=AM.7%E6%97%A9%E5%8D%88%E9%A4%90&query_place_id=ChIJa75-XgCrQjQRTByUnJ2cOrs,,,
ChIJJ5TFdwCrQjQRPFcwDSGAyqY,Amsterdam 阿姆斯特丹,110台灣臺北市信義區西村里松壽路12號1樓,酒吧/餐酒館,中,https://www.google.com/maps/search/?api=1&query=Amsterdam%20%E9%98%BF%E5%A7%86%E6%96%AF%E7%89%B9%E4%B8%B9&query_place_id=ChIJJ5TFdwCrQjQRPFcwDSGAyqY,,,
ChIJCamUMb6rQjQRbExMTpBfsBo,Ariel lee 章邖．Cafe,106台灣台北市大安区建安里敦化南路一段187巷63號1樓,咖啡廳,中,https://www.google.com/maps/search/?api=1&query=Ariel%20lee%20%E7%AB%A0%E9%82%96%EF%BC%8ECafe&query_place_id=ChIJCamUMb6rQjQRbExMTpBfsBo,,,
ChIJg0p7gZirQjQReoliv50tcNQ,Arthere Café 上樓看看咖啡,110台灣臺北市信義區興雅里忠孝東路五段165巷3弄6號,咖啡廳,中,https://www.google.com/maps/search/?api=1&query=Arthere%20Caf%C3%A9%20%E4%B8%8A%E6%A8%93%E7%9C%8B%E7%9C%8B%E5%92%96%E5%95%A1&query_place_id=ChIJg0p7gZirQjQReoliv50tcNQ,,,
ChIJDwJ18tWpQjQRpGU06naOErQ,Aunt Jan早午餐店,103台灣臺北市大同區星明里太原路177號,早午餐,中,https://www.google.com/maps/search/?api=1&query=Aunt%20Jan%E6%97%A9%E5%8D%88%E9%A4%90%E5%BA%97&query_place_id=ChIJDwJ18tWpQjQRpGU06naOErQ,,,
ChIJAwlEckevQjQRrkCMoS_2vKs,Banana Blue Coffee 士林店,11145台灣臺北市士林區舊佳里中正路182號,咖啡廳,中,https://www.google.com/maps/search/?api=1&query=Banana%20Blue%20Coffee%20%E5%A3%AB%E6%9E%97%E5%BA%97&query_place_id=ChIJAwlEckevQjQRrkCMoS_2vKs,,,
ChIJpzAb-5mtQjQRjYYhoB8h790,Bigtom Cafe 內湖店 - 無罪甜生活咖啡館,114台灣臺北市內湖區港墘里瑞光路258巷33號,早午餐,中,https://www.google.com/maps/search/?api=1&query=Bigtom%20Cafe%20%E5%85%A7%E6%B9%96%E5%BA%97%20-%20%E7%84%A1%E7%BD%AA%E7%94%9C%E7%94%9F%E6%B4%BB%E5%92%96%E5%95%A1%E9%A4%A8&query_place_id=ChIJpzAb-5mtQjQRjYYhoB8h790,,,
ChIJNbZg_9erQjQRUQMCt9JTmCw,Blursday Draft.Cafe 咖啡.酒吧,106台灣臺北市大安區敦化南路一段160巷32號1樓,咖啡廳,中,https://www.google.com/maps/search/?api=1&query=Blursday%20Draft.Cafe%20%E5%92%96%E5%95%A1.%E9%85%92%E5%90%A7&query_place_id=ChIJNbZg_9erQjQRUQMCt9JTmCw,,,
ChIJ8cB1EeatQjQRzyJE5xssb_M,Boulevard Cafe 林蔭美式餐酒食,111台灣臺北市士林區至善路二段33號,酒吧/餐酒館,中,https://www.google.com/maps/search/?api=1&query=Boulevard%20Cafe%20%E6%9E%97%E8%94%AD%E7%BE%8E%E5%BC%8F%E9%A4%90%E9%85%92%E9%A3%9F&query_place_id=ChIJ8cB1EeatQjQRzyJE5xssb_M,,,
ChIJDW94bgCpQjQR2f0ar4hGV3w,BREW & KITCHEN,104台灣臺北市中山區民安里中山北路二段16巷6號,早午餐,中,https://www.google.com/maps/search/?api=1&query=BREW%20%26%20KITCHEN&query_place_id=ChIJDW94bgCpQjQR2f0ar4hGV3w,,,
ChIJ4zZbxq-pQjQRPJZHyQZzTIo,BRO Coffee & Pizza Bar - 寵物友善,111台灣臺北市士林區仁勇里小東街34號,披薩,中,https://www.google.com/maps/search/?api=1&query=BRO%20Coffee%20%26%20Pizza%20Bar%20-%20%E5%AF%B5%E7%89%A9%E5%8F%8B%E5%96%84&query_place_id=ChIJ4zZbxq-pQjQRPJZHyQZzTIo,,,
ChIJoSkH1gipQjQR9GlRUDB6OgY,Buttermilk摩登美式餐廳(5F),108台灣臺北市萬華區萬壽里武昌街二段77號5樓,美式料理,中,https://www.google.com/maps/search/?api=1&query=Buttermilk%E6%91%A9%E7%99%BB%E7%BE%8E%E5%BC%8F%E9%A4%90%E5%BB%B3(5F)&query_place_id=ChIJoSkH1gipQjQR9GlRUDB6OgY,,,
ChIJYX-jZtOrQjQRRvmf0BsWCdM,Café Kitsuné BELLAVITA,110台灣臺北市信義區興雅里松仁路28號2 樓,咖啡廳,中,https://www.google.com/maps/search/?api=1&query=Caf%C3%A9%20Kitsun%C3%A9%20BELLAVITA&query_place_id=ChIJYX-jZtOrQjQRRvmf0BsWCdM,,,
ChIJKzsqhymvQjQR0Y-XF9apD3U,CAFE!N 硬咖啡 士林門市,111011台灣臺北市士林區福德里美德街16巷1號,咖啡廳,中,https://www.google.com/maps/search/?api=1&query=CAFE!N%20%E7%A1%AC%E5%92%96%E5%95%A1%20%E5%A3%AB%E6%9E%97%E9%96%80%E5%B8%82&query_place_id=ChIJKzsqhymvQjQR0Y-XF9apD3U,,,
ChIJIZHjiM-rQjQRLqKEax8bZgQ,Cantina del Gio,106台灣臺北市大安區建倫里忠孝東路四段170巷18弄5號,義大利料理,中,https://www.google.com/maps/search/?api=1&query=Cantina%20del%20Gio&query_place_id=ChIJIZHjiM-rQjQRLqKEax8bZgQ,,,
ChIJ54sxyxOqQjQRmyWTyfbiWU8,CASA咖薩 咖啡披薩手作坊,"9號, 興隆路三段36巷17弄興得里文山區臺北市台灣 116",披薩,中,https://www.google.com/maps/search/?api=1&query=CASA%E5%92%96%E8%96%A9%20%E5%92%96%E5%95%A1%E6%8A%AB%E8%96%A9%E6%89%8B%E4%BD%9C%E5%9D%8A&query_place_id=ChIJ54sxyxOqQjQRmyWTyfbiWU8,,,
ChIJc9fLbwCpQjQRz60s6nrHmr4,Chis coffee 時拾咖啡,108台灣臺北市萬華區青山里桂林路128號,咖啡廳,中,https://www.google.com/maps/search/?api=1&query=Chis%20coffee%20%E6%99%82%E6%8B%BE%E5%92%96%E5%95%A1&query_place_id=ChIJc9fLbwCpQjQRz60s6nrHmr4,,,
ChIJWdDBANqrQjQRAmKqoQ6AQCU,Cloud 9 Cafe 中山,103台灣臺北市大同區光能里承德路二段1巷19號,義大利料理,中,https://www.google.com/maps/search/?api=1&query=Cloud%209%20Cafe%20%E4%B8%AD%E5%B1%B1&query_place_id=ChIJWdDBANqrQjQRAmKqoQ6AQCU,,,
ChIJLakDDgCpQjQRTcAJL5ZOh40,COFFEE RED,106台灣臺北市大安區大學里新生南路三段68之2號,咖啡廳,中,https://www.google.com/maps/search/?api=1&query=COFFEE%20RED&query_place_id=ChIJLakDDgCpQjQRTcAJL5ZOh40,,,
ChIJeaEzcFmtQjQRwt4k3fE2mng,Coppii Lumii living coffee 冉冉生活(經貿),115台灣臺北市南港區三重里經貿二路196-1號,咖啡廳,中,https://www.google.com/maps/search/?api=1&query=Coppii%20Lumii%20living%20coffee%20%E5%86%89%E5%86%89%E7%94%9F%E6%B4%BB(%E7%B6%93%E8%B2%BF)&query_place_id=ChIJeaEzcFmtQjQRwt4k3fE2mng,,,
ChIJDZR5S9CrQjQRo2E7h0QiaFY,Cross Cafe克勞斯咖啡店,106台灣臺北市大安區仁愛里仁愛路四段91巷23號,早午餐,中,https://www.google.com/maps/search/?api=1&query=Cross%20Cafe%E5%85%8B%E5%8B%9E%E6%96%AF%E5%92%96%E5%95%A1%E5%BA%97&query_place_id=ChIJDZR5S9CrQjQRo2E7h0QiaFY,,,
ChIJ1UgRne-rQjQRfmPwOdhPK0Q,CURISTA COFFEE奎士咖啡 市府旗艦店,110台灣臺北市信義區新仁里忠孝東路四段563號1樓,咖啡廳,中,https://www.google.com/maps/search/?api=1&query=CURISTA%20COFFEE%E5%A5%8E%E5%A3%AB%E5%92%96%E5%95%A1%20%E5%B8%82%E5%BA%9C%E6%97%97%E8%89%A6%E5%BA%97&query_place_id=ChIJ1UgRne-rQjQRfmPwOdhPK0Q,,,
ChIJR9ZVi6epQjQRMVhZop-blUY,D-Cup Café,108台灣臺北市萬華區新起里昆明街228號,咖啡廳,中,https://www.google.com/maps/search/?api=1&query=D-Cup%20Caf%C3%A9&query_place_id=ChIJR9ZVi6epQjQRMVhZop-blUY,,,
ChIJyytYucyrQjQRuUWbJ0VOrko,Divino Taipei,106台灣臺北市大安區安和路二段71巷15號,義大利料理,中,https://www.google.com/maps/search/?api=1&query=Divino%20Taipei&query_place_id=ChIJyytYucyrQjQRuUWbJ0VOrko,,,
ChIJxdRGEdirQjQRKLWOk-uOq5k,DOMANI 義式餐廳,106台灣臺北市大安區昌隆里建國南路一段65巷7號,義大利料理,中,https://www.google.com/maps/search/?api=1&query=DOMANI%20%E7%BE%A9%E5%BC%8F%E9%A4%90%E5%BB%B3&query_place_id=ChIJxdRGEdirQjQRKLWOk-uOq5k,,,
ChIJNzly4QOqQjQRjAKHVyMJgfw,ECM 咖啡訪。喝咖啡時間：週六12:00-18:30，平日歡迎使用line訂購咖啡豆,116台灣臺北市文山區景華里羅斯福路六段267號,咖啡廳,中,https://www.google.com/maps/search/?api=1&query=ECM%20%E5%92%96%E5%95%A1%E8%A8%AA%E3%80%82%E5%96%9D%E5%92%96%E5%95%A1%E6%99%82%E9%96%93%EF%BC%9A%E9%80%B1%E5%85%AD12%3A00-18%3A30%EF%BC%8C%E5%B9%B3%E6%97%A5%E6%AD%A1%E8%BF%8E%E4%BD%BF%E7%94%A8line%E8%A8%82%E8%B3%BC%E5%92%96%E5%95%A1%E8%B1%86&query_place_id=ChIJNzly4QOqQjQRjAKHVyMJgfw,,,
ChIJfeUCFeSpQjQR9fJzBtezjXI,Este día 這一天異國廚房 古巴三明治（台北總店）,100台灣臺北市中正區文盛里羅斯福路三段244巷15號,古巴料理,中,https://www.google.com/maps/search/?api=1&query=Este%20d%C3%ADa%20%E9%80%99%E4%B8%80%E5%A4%A9%E7%95%B0%E5%9C%8B%E5%BB%9A%E6%88%BF%20%E5%8F%A4%E5%B7%B4%E4%B8%89%E6%98%8E%E6%B2%BB%EF%BC%88%E5%8F%B0%E5%8C%97%E7%B8%BD%E5%BA%97%EF%BC%89&query_place_id=ChIJfeUCFeSpQjQR9fJzBtezjXI,,,
ChIJCdBOMP6rQjQRPExzFfbBQ9k,Fika Fika Cafe A13,110台灣臺北市信義區西村里松仁路58號 號B3,咖啡廳,中,https://www.google.com/maps/search/?api=1&query=Fika%20Fika%20Cafe%20A13&query_place_id=ChIJCdBOMP6rQjQRPExzFfbBQ9k,,,
ChIJrSZypLCrQjQR2NYLSstifcw,Florian 福里安花神餐廳,"2f, No. 9號松壽路西村里信義區臺北市台灣 110",義大利料理,中,https://www.google.com/maps/search/?api=1&query=Florian%20%E7%A6%8F%E9%87%8C%E5%AE%89%E8%8A%B1%E7%A5%9E%E9%A4%90%E5%BB%B3&query_place_id=ChIJrSZypLCrQjQR2NYLSstifcw,,,
ChIJfbKZpxKsQjQRvtD8q4M0Su8,Garden Kitchen,10491台灣臺北市中山區金泰里樂群二路199號,美式料理,中,https://www.google.com/maps/search/?api=1&query=Garden%20Kitchen&query_place_id=ChIJfbKZpxKsQjQRvtD8q4M0Su8,,,
ChIJTb-0xPqrQjQRyldoASUCmPU,gubami Social,110台灣臺北市信義區松壽路9號6樓,小酒館/餐酒館,中,https://www.google.com/maps/search/?api=1&query=gubami%20Social&query_place_id=ChIJTb-0xPqrQjQRyldoASUCmPU,,,
ChIJ5SSP_XWrQjQRC_HHQ6igu0g,HANNA Pasta Café パスタ カフェ,110台灣臺北市信義區興隆里逸仙路42巷17號1樓,日式料理,中,https://www.google.com/maps/search/?api=1&query=HANNA%20Pasta%20Caf%C3%A9%20%E3%83%91%E3%82%B9%E3%82%BF%20%E3%82%AB%E3%83%95%E3%82%A7&query_place_id=ChIJ5SSP_XWrQjQRC_HHQ6igu0g,,,
ChIJV2-CyPKrQjQRm-UOCra_X-g,HAPI CAFE 台北旗艦店,106062台灣臺北市大安區正聲里光復南路302號,小酒館/餐酒館,中,https://www.google.com/maps/search/?api=1&query=HAPI%20CAFE%20%E5%8F%B0%E5%8C%97%E6%97%97%E8%89%A6%E5%BA%97&query_place_id=ChIJV2-CyPKrQjQRm-UOCra_X-g,,,
ChIJfWgSz7urQjQRYAMY3X9FpWQ,Herbivore 信義店,110台灣臺北市信義區興雅里松高路19號2樓,蔬食料理,中,https://www.google.com/maps/search/?api=1&query=Herbivore%20%E4%BF%A1%E7%BE%A9%E5%BA%97&query_place_id=ChIJfWgSz7urQjQRYAMY3X9FpWQ,,,
ChIJ5ZVA12mrQjQRkRjxvfmv8Ew,HERITAGE 寶麗廣場店,"B1, No. 28號松仁路興雅里信義區臺北市台灣 110",咖啡廳,中,https://www.google.com/maps/search/?api=1&query=HERITAGE%20%E5%AF%B6%E9%BA%97%E5%BB%A3%E5%A0%B4%E5%BA%97&query_place_id=ChIJ5ZVA12mrQjQRkRjxvfmv8Ew,,,
ChIJy2EnjQypQjQR0YFRVGE5z8s,Heritage Bakery & Cafe,10044台灣臺北市中正區光復里漢口街一段73之2號,烘焙/甜點,中,https://www.google.com/maps/search/?api=1&query=Heritage%20Bakery%20%26%20Cafe&query_place_id=ChIJy2EnjQypQjQR0YFRVGE5z8s,,,
ChIJWUVw-nevQjQR1SU2xzyuGZY,HI MATE ！,111台灣台北市士林区承德里剑潭路80號1樓,早午餐,中,https://www.google.com/maps/search/?api=1&query=HI%20MATE%20%EF%BC%81&query_place_id=ChIJWUVw-nevQjQR1SU2xzyuGZY,,,
ChIJT5DCioGsQjQRbQedv2ZyHgA,Home Garden餐廳-昇恆昌旗艦店,11469台灣臺北市內湖區金莊路129號5F,中式料理,中,https://www.google.com/maps/search/?api=1&query=Home%20Garden%E9%A4%90%E5%BB%B3-%E6%98%87%E6%81%86%E6%98%8C%E6%97%97%E8%89%A6%E5%BA%97&query_place_id=ChIJT5DCioGsQjQRbQedv2ZyHgA,,,
ChIJNzGGaQ6qQjQRJ9RznWggmJU,INFINITY .Yes Lounge,111台灣臺北市士林區天山里中山北路七段48號2樓,咖啡廳,中,https://www.google.com/maps/search/?api=1&query=INFINITY%20.Yes%20Lounge&query_place_id=ChIJNzGGaQ6qQjQRJ9RznWggmJU,,,
ChIJ7-C9WgCpQjQRWBwvStY66AE,JODA CAFE 中山建北店,10491台灣臺北市中山區朱園里建國北路一段138巷1號,早午餐,中,https://www.google.com/maps/search/?api=1&query=JODA%20CAFE%20%E4%B8%AD%E5%B1%B1%E5%BB%BA%E5%8C%97%E5%BA%97&query_place_id=ChIJ7-C9WgCpQjQRWBwvStY66AE,,,
ChIJ3ZnMlHuqQjQRMj4lIpQR6xE,Juicy Bun Burger 就是棒 美式餐廳 政大店,116台灣臺北市文山區萬壽路19號1樓,美式料理,中,https://www.google.com/maps/search/?api=1&query=Juicy%20Bun%20Burger%20%E5%B0%B1%E6%98%AF%E6%A3%92%20%E7%BE%8E%E5%BC%8F%E9%A4%90%E5%BB%B3%20%E6%94%BF%E5%A4%A7%E5%BA%97&query_place_id=ChIJ3ZnMlHuqQjQRMj4lIpQR6xE,,,
ChIJiXRE-LupQjQRyd6HpdaxYCQ,KINU Cafe,106台灣臺北市大安區錦泰里潮州街75號1樓,咖啡廳,中,https://www.google.com/maps/search/?api=1&query=KINU%20Cafe&query_place_id=ChIJiXRE-LupQjQRyd6HpdaxYCQ,,,
ChIJx1pWTnOrQjQRqeqQrniRVR0,KOBE SWEETS CAFE 神戶果実 微風南山,110台灣臺北市信義區西村里松智路17號3樓,早午餐,中,https://www.google.com/maps/search/?api=1&query=KOBE%20SWEETS%20CAFE%20%E7%A5%9E%E6%88%B6%E6%9E%9C%E5%AE%9F%20%E5%BE%AE%E9%A2%A8%E5%8D%97%E5%B1%B1&query_place_id=ChIJx1pWTnOrQjQRqeqQrniRVR0,,,
ChIJ99ljC_urQjQR-bWiohgIPBg,KONZY KAVA,104台灣臺北市中山區龍洲里長春路327巷5號,咖啡廳,中,https://www.google.com/maps/search/?api=1&query=KONZY%20KAVA&query_place_id=ChIJ99ljC_urQjQR-bWiohgIPBg,,,
ChIJt9661tCrQjQRXMVpa4A5Bmg,L' AGE 熟成餐廳,106台灣臺北市大安區仁愛路三段143巷25號,牛排館,中,https://www.google.com/maps/search/?api=1&query=L'%20AGE%20%E7%86%9F%E6%88%90%E9%A4%90%E5%BB%B3&query_place_id=ChIJt9661tCrQjQRXMVpa4A5Bmg,,,
ChIJCbpbfRurQjQRFSMfXnkWYcA,Lazzy Cafe 寵物餐廳 Pet Friendly Restaurant,110台灣臺北市信義區光復南路419巷49號1樓,咖啡廳,中,https://www.google.com/maps/search/?api=1&query=Lazzy%20Cafe%20%E5%AF%B5%E7%89%A9%E9%A4%90%E5%BB%B3%20Pet%20Friendly%20Restaurant&query_place_id=ChIJCbpbfRurQjQRFSMfXnkWYcA,,,
ChIJYXvvHi-pQjQREHtYHxKZuf4,Les Piccola,106台灣臺北市大安區龍安里金華街164巷5號,咖啡廳,中,https://www.google.com/maps/search/?api=1&query=Les%20Piccola&query_place_id=ChIJYXvvHi-pQjQREHtYHxKZuf4,,,
ChIJseK0CGmpQjQRkHFdKxmVk8A,libo Cafe.咖啡.coffee,104台灣臺北市中山區民安里中山北路二段42巷12號1樓,咖啡廳,中,https://www.google.com/maps/search/?api=1&query=libo%20Cafe.%E5%92%96%E5%95%A1.coffee&query_place_id=ChIJseK0CGmpQjQRkHFdKxmVk8A,,,
ChIJ1-Osh6CvQjQRE5DbEVM_GGk,Luguo Cafe,"112台灣台北市北投区学园路1號北藝大校園內-關渡美術館2樓 1號 二樓, 關渡美術館",早午餐,中,https://www.google.com/maps/search/?api=1&query=Luguo%20Cafe&query_place_id=ChIJ1-Osh6CvQjQRE5DbEVM_GGk,,,
ChIJab9AFzYiaDQRykJY1oH_K7Y,Mars Coffee,116台灣臺北市文山區興光里辛亥路四段235號,咖啡廳,中,https://www.google.com/maps/search/?api=1&query=Mars%20Coffee&query_place_id=ChIJab9AFzYiaDQRykJY1oH_K7Y,,,
ChIJsX6RCmepQjQRyGZzrKzj69Q,Middle Name coffee & space,103台灣臺北市大同區建泰里南京西路18巷10號,咖啡廳,中,https://www.google.com/maps/search/?api=1&query=Middle%20Name%20coffee%20%26%20space&query_place_id=ChIJsX6RCmepQjQRyGZzrKzj69Q,,,
ChIJr1cQsgCqQjQRyN_8_vfFBm0,MINT PASTA 綠薄荷麵食坊,116台灣臺北市文山區景興路274之2號,義大利料理,中,https://www.google.com/maps/search/?api=1&query=MINT%20PASTA%20%E7%B6%A0%E8%96%84%E8%8D%B7%E9%BA%B5%E9%A3%9F%E5%9D%8A&query_place_id=ChIJr1cQsgCqQjQRyN_8_vfFBm0,,,
ChIJdSdIyfepQjQRR91GnujqVSw,MIXTIO 秘地餐廳,100台灣臺北市中正區仁愛路一段1號,小酒館/餐酒館,中,https://www.google.com/maps/search/?api=1&query=MIXTIO%20%E7%A7%98%E5%9C%B0%E9%A4%90%E5%BB%B3&query_place_id=ChIJdSdIyfepQjQRR91GnujqVSw,,,
ChIJjZCEAUyrQjQR9u9F1L99qJo,Modo Cafe│咖啡│茶飲│商業午餐│舒適的空間,"B1, No. 171號松德路安康里信義區臺北市台灣 110",咖啡廳,中,https://www.google.com/maps/search/?api=1&query=Modo%20Cafe%E2%94%82%E5%92%96%E5%95%A1%E2%94%82%E8%8C%B6%E9%A3%B2%E2%94%82%E5%95%86%E6%A5%AD%E5%8D%88%E9%A4%90%E2%94%82%E8%88%92%E9%81%A9%E7%9A%84%E7%A9%BA%E9%96%93&query_place_id=ChIJjZCEAUyrQjQR9u9F1L99qJo,,,
ChIJ4UxH9sirQjQRg4wcwRVAwnM,Moi Cafe 忠孝店,106台灣臺北市大安區光武里復興南路一段135巷29號,咖啡廳,中,https://www.google.com/maps/search/?api=1&query=Moi%20Cafe%20%E5%BF%A0%E5%AD%9D%E5%BA%97&query_place_id=ChIJ4UxH9sirQjQRg4wcwRVAwnM,,,
ChIJp6WvuNWpQjQRfupqxOY5xMk,Moni .curry,103台灣臺北市大同區西寧北路63號1樓2樓,小酒館/餐酒館,中,https://www.google.com/maps/search/?api=1&query=Moni%20.curry&query_place_id=ChIJp6WvuNWpQjQRfupqxOY5xMk,,,
ChIJS9YGN--vQjQR9RO3Iw_kYA4,MoreCafe 摸咖啡,111台灣臺北市士林區福佳里文林路587巷19號,咖啡廳,中,https://www.google.com/maps/search/?api=1&query=MoreCafe%20%E6%91%B8%E5%92%96%E5%95%A1&query_place_id=ChIJS9YGN--vQjQR9RO3Iw_kYA4,,,
ChIJs3f9sRKrQjQREWcG4NtoZdY,NeXT Coffee 下一杯咖啡,11052台灣臺北市信義區嘉興里嘉興街131號1樓,咖啡廳,中,https://www.google.com/maps/search/?api=1&query=NeXT%20Coffee%20%E4%B8%8B%E4%B8%80%E6%9D%AF%E5%92%96%E5%95%A1&query_place_id=ChIJs3f9sRKrQjQREWcG4NtoZdY,,,
ChIJWTAAaEOpQjQRucZJhb_zETY,No.18 Dream Breakfast,10491台灣臺北市中山區聚葉里中山北路二段137巷18號,早午餐,中,https://www.google.com/maps/search/?api=1&query=No.18%20Dream%20Breakfast&query_place_id=ChIJWTAAaEOpQjQRucZJhb_zETY,,,
ChIJtWbWXESrQjQRNOOGVZuQOTc,no13早餐店,106台灣臺北市大安區黎孝里和平東路三段228巷13號,早午餐,中,https://www.google.com/maps/search/?api=1&query=no13%E6%97%A9%E9%A4%90%E5%BA%97&query_place_id=ChIJtWbWXESrQjQRNOOGVZuQOTc,,,
ChIJmfcK4MGrQjQR2yzYvsXmflo,NSFW Pizza & Coffee,110台灣臺北市信義區興雅里忠孝東路五段68號,披薩,中,https://www.google.com/maps/search/?api=1&query=NSFW%20Pizza%20%26%20Coffee&query_place_id=ChIJmfcK4MGrQjQR2yzYvsXmflo,,,
ChIJA9BUWpGrQjQRjPx80QVM310,OmO Cafe 歐莫–早午餐,110台灣臺北市信義區西村里光復南路453-3號,早午餐,中,https://www.google.com/maps/search/?api=1&query=OmO%20Cafe%20%E6%AD%90%E8%8E%AB%E2%80%93%E6%97%A9%E5%8D%88%E9%A4%90&query_place_id=ChIJA9BUWpGrQjQRjPx80QVM310,,,
ChIJTQhjP2arQjQRgW_fYnQRD9s,ONCOR 響艷都市會所 信義店,11073台灣臺北市信義區松仁路101號B2 No,酒吧/餐酒館,中,https://www.google.com/maps/search/?api=1&query=ONCOR%20%E9%9F%BF%E8%89%B7%E9%83%BD%E5%B8%82%E6%9C%83%E6%89%80%20%E4%BF%A1%E7%BE%A9%E5%BA%97&query_place_id=ChIJTQhjP2arQjQRgW_fYnQRD9s,,,
ChIJV7UXWvSrQjQRjsAGaOkPSpA,onns cafe,106台灣臺北市大安區德安里敦化南路1段336號,早午餐,中,https://www.google.com/maps/search/?api=1&query=onns%20cafe&query_place_id=ChIJV7UXWvSrQjQRjsAGaOkPSpA,,,
ChIJSVOJyLipQjQRT_OG-Tg1QRg,PAPA RESTAURANT （台北師大店）,106台灣臺北市大安區師大路80巷1-1號,義大利料理,中,https://www.google.com/maps/search/?api=1&query=PAPA%20RESTAURANT%20%EF%BC%88%E5%8F%B0%E5%8C%97%E5%B8%AB%E5%A4%A7%E5%BA%97%EF%BC%89&query_place_id=ChIJSVOJyLipQjQRT_OG-Tg1QRg,,,
ChIJLa98GXKtQjQRxQ58Wwem0NI,Pastaio 內湖,114台灣臺北市內湖區瑞光路584號,義大利料理,中,https://www.google.com/maps/search/?api=1&query=Pastaio%20%E5%85%A7%E6%B9%96&query_place_id=ChIJLa98GXKtQjQRxQ58Wwem0NI,,,
ChIJt5OKts-rQjQRxF4W2kf_-K4,PAUL 台北仁愛店,106台灣臺北市大安區建倫里仁愛路四段107號1F,法式料理,中,https://www.google.com/maps/search/?api=1&query=PAUL%20%E5%8F%B0%E5%8C%97%E4%BB%81%E6%84%9B%E5%BA%97&query_place_id=ChIJt5OKts-rQjQRxF4W2kf_-K4,,,
ChIJX09S9XCpQjQRPaixaaRO7i0,Petit France 小法國餐館,100台灣臺北市中正區青島東路21-4號1樓,小酒館/餐酒館,中,https://www.google.com/maps/search/?api=1&query=Petit%20France%20%E5%B0%8F%E6%B3%95%E5%9C%8B%E9%A4%90%E9%A4%A8&query_place_id=ChIJX09S9XCpQjQRPaixaaRO7i0,,,
ChIJxcrmDVSrQjQRuREs1tHCvN4,Placeee 場所,106台灣臺北市大安區車層里延吉街160巷3號,小酒館/餐酒館,中,https://www.google.com/maps/search/?api=1&query=Placeee%20%E5%A0%B4%E6%89%80&query_place_id=ChIJxcrmDVSrQjQRuREs1tHCvN4,,,
ChIJOVErIr0CaDQR20wOUZl40b8,Portafiltro Coffee。撥啡,116台灣臺北市文山區興得里興隆路三段290號,咖啡廳,中,https://www.google.com/maps/search/?api=1&query=Portafiltro%20Coffee%E3%80%82%E6%92%A5%E5%95%A1&query_place_id=ChIJOVErIr0CaDQR20wOUZl40b8,,,
ChIJ70HxH-6pQjQRu3BBJMYtqL8,Protaste Coffee 原創品味咖啡,106台灣臺北市大安區永康里永康街4巷2號,咖啡廳,中,https://www.google.com/maps/search/?api=1&query=Protaste%20Coffee%20%E5%8E%9F%E5%89%B5%E5%93%81%E5%91%B3%E5%92%96%E5%95%A1&query_place_id=ChIJ70HxH-6pQjQRu3BBJMYtqL8,,,
ChIJ_8Yu0WqrQjQRxQx5jtrvakM,rén bistronomy,110台灣臺北市信義區西村里松仁路90號,法式料理,中,https://www.google.com/maps/search/?api=1&query=r%C3%A9n%20bistronomy&query_place_id=ChIJ_8Yu0WqrQjQRxQx5jtrvakM,,,
ChIJt2exNxurQjQROcDnwKLeXA4,Restaurant A,106台灣台北市大安区忠孝东路三段282號新光三越Diamond Towers 二館4樓四樓,法式料理,中,https://www.google.com/maps/search/?api=1&query=Restaurant%20A&query_place_id=ChIJt2exNxurQjQROcDnwKLeXA4,,,
ChIJO6GuZb6sQjQRpNEp6bTjfr8,Seeking Café,114台灣臺北市內湖區金湖里成功路五段420巷11號,咖啡廳,中,https://www.google.com/maps/search/?api=1&query=Seeking%20Caf%C3%A9&query_place_id=ChIJO6GuZb6sQjQRpNEp6bTjfr8,,,
ChIJ2_1-BeirQjQR6uSzSoKoMKQ,SHAIOOO CAFE(休假日請看IG）,115台灣臺北市南港區新光里昆陽街140巷21號,咖啡廳,中,https://www.google.com/maps/search/?api=1&query=SHAIOOO%20CAFE(%E4%BC%91%E5%81%87%E6%97%A5%E8%AB%8B%E7%9C%8BIG%EF%BC%89&query_place_id=ChIJ2_1-BeirQjQR6uSzSoKoMKQ,,,
ChIJC1PDcsmrQjQR_f22mdWyC-g,SHANN SHANN 小香 台北三越信義店,110台灣臺北市信義區松壽路9號6樓,中式料理,中,https://www.google.com/maps/search/?api=1&query=SHANN%20SHANN%20%E5%B0%8F%E9%A6%99%20%E5%8F%B0%E5%8C%97%E4%B8%89%E8%B6%8A%E4%BF%A1%E7%BE%A9%E5%BA%97&query_place_id=ChIJC1PDcsmrQjQR_f22mdWyC-g,,,
ChIJx5pbLJCrQjQR-bUq5x-2j2s,Sky Cofi 咖啡館,105台灣臺北市松山區中正里南京東路三段287號16樓,咖啡廳,中,https://www.google.com/maps/search/?api=1&query=Sky%20Cofi%20%E5%92%96%E5%95%A1%E9%A4%A8&query_place_id=ChIJx5pbLJCrQjQR-bUq5x-2j2s,,,
ChIJh2hBJpapQjQR0iopcfy-doo,SODA by coffeeflair,106台灣臺北市大安區信義路二段86巷25號1樓,咖啡廳,中,https://www.google.com/maps/search/?api=1&query=SODA%20by%20coffeeflair&query_place_id=ChIJh2hBJpapQjQR0iopcfy-doo,,,
ChIJGeg9A5qrQjQRsB8FR8ibd-Y,Some Some,106台灣臺北市大安區正聲里光復南路308巷22號1樓,韓式料理,中,https://www.google.com/maps/search/?api=1&query=Some%20Some&query_place_id=ChIJGeg9A5qrQjQRsB8FR8ibd-Y,,,
ChIJH9_qYAGrQjQRCEsgOvgBlBQ,Something Cafe & Bistro,116台灣臺北市文山區景行里景美街102號,酒吧/餐酒館,中,https://www.google.com/maps/search/?api=1&query=Something%20Cafe%20%26%20Bistro&query_place_id=ChIJH9_qYAGrQjQRCEsgOvgBlBQ,,,
ChIJwdwji8arQjQRxue7HINlHjw,Street Pasta街頭義大利麵,106台灣臺北市大安區華聲里延吉街137巷30號之3,義大利料理,中,https://www.google.com/maps/search/?api=1&query=Street%20Pasta%E8%A1%97%E9%A0%AD%E7%BE%A9%E5%A4%A7%E5%88%A9%E9%BA%B5&query_place_id=ChIJwdwji8arQjQRxue7HINlHjw,,,
ChIJMcs8xF2rQjQR7BccAbbR-jM,TG 蔬坊 The Greenery 南港環球店,115台灣臺北市南港區新光里忠孝東路七段371號B1,蔬食料理,中,https://www.google.com/maps/search/?api=1&query=TG%20%E8%94%AC%E5%9D%8A%20The%20Greenery%20%E5%8D%97%E6%B8%AF%E7%92%B0%E7%90%83%E5%BA%97&query_place_id=ChIJMcs8xF2rQjQR7BccAbbR-jM,,,
ChIJA0jJYwCtQjQR80dXw81H7O4,TG BISTRO,114台灣臺北市內湖區紫陽里文德路210巷30弄37號,早午餐,中,https://www.google.com/maps/search/?api=1&query=TG%20BISTRO&query_place_id=ChIJA0jJYwCtQjQR80dXw81H7O4,,,
ChIJ__cnHACpQjQRqPOSGWdlHbI,The Cup Coffee House 台北,104台灣臺北市中山區中山里長春路21號1樓,咖啡廳,中,https://www.google.com/maps/search/?api=1&query=The%20Cup%20Coffee%20House%20%E5%8F%B0%E5%8C%97&query_place_id=ChIJ__cnHACpQjQRqPOSGWdlHbI,,,
ChIJ_6itUgWsQjQRriwusI9z4lo,THE DOOR樂多,10491台灣臺北市中山區大直里大直街57巷26號,早午餐,中,https://www.google.com/maps/search/?api=1&query=THE%20DOOR%E6%A8%82%E5%A4%9A&query_place_id=ChIJ_6itUgWsQjQRriwusI9z4lo,,,
ChIJjVvh6d2rQjQRUnfw6CCzkDo,The House Taipei 屋內,106台灣臺北市大安區復興南路二段185號,小酒館/餐酒館,中,https://www.google.com/maps/search/?api=1&query=The%20House%20Taipei%20%E5%B1%8B%E5%85%A7&query_place_id=ChIJjVvh6d2rQjQRUnfw6CCzkDo,,,
ChIJASafGMarQjQRtDMLDBSxPL4,Toast Chat,106台灣臺北市大安區義村里忠孝東路三段248巷11號,咖啡廳,中,https://www.google.com/maps/search/?api=1&query=Toast%20Chat&query_place_id=ChIJASafGMarQjQRtDMLDBSxPL4,,,
ChIJkQSnesWrQjQRV2pDGYqGIfc,TR LOUNGE 臺鐵南港禮賓室,115台灣臺北市南港區南港路一段313號雄獅旅遊南港門市B1樓上,咖啡廳,中,https://www.google.com/maps/search/?api=1&query=TR%20LOUNGE%20%E8%87%BA%E9%90%B5%E5%8D%97%E6%B8%AF%E7%A6%AE%E8%B3%93%E5%AE%A4&query_place_id=ChIJkQSnesWrQjQRV2pDGYqGIfc,,,
ChIJn7Qwk9urQjQRuPb2NQoyuNE,Trine & Zen 崔妮傑恩,105台灣台北市松山區中仑里复兴南路一段39號微風廣場B2,咖啡廳,中,https://www.google.com/maps/search/?api=1&query=Trine%20%26%20Zen%20%E5%B4%94%E5%A6%AE%E5%82%91%E6%81%A9&query_place_id=ChIJn7Qwk9urQjQRuPb2NQoyuNE,,,
ChIJ25fXxMSrQjQRnVD0fixDILU,Twin Brothers Coffee,103台灣臺北市大同區建明里華陰街77號,咖啡廳,中,https://www.google.com/maps/search/?api=1&query=Twin%20Brothers%20Coffee&query_place_id=ChIJ25fXxMSrQjQRnVD0fixDILU,,,
ChIJKd9VP5qpQjQRPK6005T5tXM,U & me 找咖,100台灣臺北市中正區南福里羅斯福路二段66巷8號1樓,咖啡廳,中,https://www.google.com/maps/search/?api=1&query=U%20%26%20me%20%E6%89%BE%E5%92%96&query_place_id=ChIJKd9VP5qpQjQRPK6005T5tXM,,,
ChIJT2RRd_-rQjQRdhdP8tbNvbU,UCHI吾居炭火私廚(復興店),105台灣臺北市松山區松基里復興北路225號1樓,日式料理,中,https://www.google.com/maps/search/?api=1&query=UCHI%E5%90%BE%E5%B1%85%E7%82%AD%E7%81%AB%E7%A7%81%E5%BB%9A(%E5%BE%A9%E8%88%88%E5%BA%97)&query_place_id=ChIJT2RRd_-rQjQRdhdP8tbNvbU,,,
ChIJXedTp3mvQjQRZ-M0y1pAEXA,UKIYO,112台灣臺北市北投區振華里裕民三路15號,咖啡廳,中,https://www.google.com/maps/search/?api=1&query=UKIYO&query_place_id=ChIJXedTp3mvQjQRZ-M0y1pAEXA,,,
ChIJWfh16OurQjQR_YCYInVDfbY,Uncle Jerry's Pasta 傑利叔叔義大利麵,106台灣臺北市大安區光武里大安路一段51巷12號,義大利料理,中,https://www.google.com/maps/search/?api=1&query=Uncle%20Jerry's%20Pasta%20%E5%82%91%E5%88%A9%E5%8F%94%E5%8F%94%E7%BE%A9%E5%A4%A7%E5%88%A9%E9%BA%B5&query_place_id=ChIJWfh16OurQjQR_YCYInVDfbY,,,
ChIJD6Po8jqrQjQRAWmFk3XnIUk,UNCLE RAY 串燒·牛飲·咖喱 台北大安,106台灣臺北市大安區敦化南路一段160巷48號1樓,酒吧/餐酒館,中,https://www.google.com/maps/search/?api=1&query=UNCLE%20RAY%20%E4%B8%B2%E7%87%92%C2%B7%E7%89%9B%E9%A3%B2%C2%B7%E5%92%96%E5%96%B1%20%E5%8F%B0%E5%8C%97%E5%A4%A7%E5%AE%89&query_place_id=ChIJD6Po8jqrQjQRAWmFk3XnIUk,,,
ChIJnea3ei-rQjQRJJpRyMTUlEE,URBAN PARADISE 信義店,110台灣臺北市信義區松高路11號5樓,複合式餐廳,中,https://www.google.com/maps/search/?api=1&query=URBAN%20PARADISE%20%E4%BF%A1%E7%BE%A9%E5%BA%97&query_place_id=ChIJnea3ei-rQjQRJJpRyMTUlEE,,,
ChIJxQLzBACpQjQR7aLkwWucdr0,Wanna旺納早餐,10491台灣臺北市中山區圓山里林森北路641號,早午餐,中,https://www.google.com/maps/search/?api=1&query=Wanna%E6%97%BA%E7%B4%8D%E6%97%A9%E9%A4%90&query_place_id=ChIJxQLzBACpQjQR7aLkwWucdr0,,,
ChIJJ8lsh1upQjQR8VgYCrKZqKA,WE里手工pizza 日本料理 串燒,104台灣臺北市中山區新生里中原街114號,義大利料理,中,https://www.google.com/maps/search/?api=1&query=WE%E9%87%8C%E6%89%8B%E5%B7%A5pizza%20%E6%97%A5%E6%9C%AC%E6%96%99%E7%90%86%20%E4%B8%B2%E7%87%92&query_place_id=ChIJJ8lsh1upQjQR8VgYCrKZqKA,,,
ChIJ_5FCT1yrQjQRi0KOXheDwok,YELLOW FOOD-義大利麵,110台灣臺北市信義區三張里吳興街281巷70號,義大利料理,中,https://www.google.com/maps/search/?api=1&query=YELLOW%20FOOD-%E7%BE%A9%E5%A4%A7%E5%88%A9%E9%BA%B5&query_place_id=ChIJ_5FCT1yrQjQRi0KOXheDwok,,,
ChIJwTIC3uKtQjQRhXTeWjCsZvc,Yummy Yummy 手作烘焙 早午餐,104台灣臺北市中山區北安路595巷7號1樓,烘焙/甜點,中,https://www.google.com/maps/search/?api=1&query=Yummy%20Yummy%20%E6%89%8B%E4%BD%9C%E7%83%98%E7%84%99%20%E6%97%A9%E5%8D%88%E9%A4%90&query_place_id=ChIJwTIC3uKtQjQRhXTeWjCsZvc,,,
