Place ID,餐廳名稱,地址,Google 地圖網址,高腳椅屬性,佐證/說明,現有資料庫名稱,現有資料庫地址,目前兒童椅屬性,建議兒童椅屬性,目前兒童餐具屬性,目前兒童餐屬性,現有親子分級
ChIJ-1lG2OerQjQRSHGYpgyTSSY,漢來名人坊 台北世貿店,110台灣台北市信??西村里基隆路一段333號34樓,https://www.google.com/maps/search/?api=1&query=%E6%BC%A2%E4%BE%86%E5%90%8D%E4%BA%BA%E5%9D%8A%20%E5%8F%B0%E5%8C%97%E4%B8%96%E8%B2%BF%E5%BA%97&query_place_id=ChIJ-1lG2OerQjQRSHGYpgyTSSY,提供 (Yes),Google 地圖「簡介」頁面明確標記「兒童高腳椅」,漢來名人坊 台北世貿店,110台灣台北市信??西村里基隆路一段333號34樓,likely,yes,likely,no,高
ChIJ-WB-7nerQjQRB4yWvA0THi4,磚窯古早料理南港創始店,115台灣臺北市南港區松河街318號,https://www.google.com/maps/search/?api=1&query=%E7%A3%9A%E7%AA%AF%E5%8F%A4%E6%97%A9%E6%96%99%E7%90%86%E5%8D%97%E6%B8%AF%E5%89%B5%E5%A7%8B%E5%BA%97&query_place_id=ChIJ-WB-7nerQjQRB4yWvA0THi4,提供 (Yes),Google 地圖「簡介」頁面明確標記「兒童高腳椅」,磚窯古早料理南港創始店,115台灣臺北市南港區松河街318號,unknown,yes,unknown,unknown,資訊不足
ChIJ-xu50L6rQjQR-80MoLznv44,H?rs bistr?她,110台灣臺北市信義區新仁里忠孝東路四段553巷22弄4號,https://www.google.com/maps/search/?api=1&query=H%C3%ABrs%20bistr%C3%B6%E5%A5%B9&query_place_id=ChIJ-xu50L6rQjQR-80MoLznv44,提供 (Yes),Google 地圖「簡介」頁面明確標記「兒童高腳椅」,H?rs bistr?她,110台灣臺北市信義區新仁里忠孝東路四段553巷22弄4號,unknown,yes,unknown,no,高
ChIJ-yeXD9erQjQR7H3fnZO8esg,CHIT CHAT Cafe 南京店,105台灣臺北市松山區吉祥里南京東路五段38號1樓,https://www.google.com/maps/search/?api=1&query=CHIT%20CHAT%20Cafe%20%E5%8D%97%E4%BA%AC%E5%BA%97&query_place_id=ChIJ-yeXD9erQjQR7H3fnZO8esg,提供 (Yes),Google 地圖「簡介」頁面明確標記「兒童高腳椅」,CHIT CHAT Cafe 南京店,105台灣臺北市松山區吉祥里南京東路五段38號1樓,unknown,yes,unknown,unknown,資訊不足
ChIJ-zZSZhyrQjQRldSj2tMwmzQ,福七早餐FUCHI-民生店,105台灣臺北市松山區松基里民生東路三段130巷32號1樓,https://www.google.com/maps/search/?api=1&query=%E7%A6%8F%E4%B8%83%E6%97%A9%E9%A4%90FUCHI-%E6%B0%91%E7%94%9F%E5%BA%97&query_place_id=ChIJ-zZSZhyrQjQRldSj2tMwmzQ,提供 (Yes),Google 地圖「簡介」頁面明確標記「兒童高腳椅」,福七早餐FUCHI-民生店,105台灣臺北市松山區松基里民生東路三段130巷32號1樓,unknown,yes,unknown,no,高
ChIJ0032cACrQjQRSk029YpyUqw,義百代餐館南港店,11577台灣臺北市南港區西新里南港路三段9-2號,https://www.google.com/maps/search/?api=1&query=%E7%BE%A9%E7%99%BE%E4%BB%A3%E9%A4%90%E9%A4%A8%E5%8D%97%E6%B8%AF%E5%BA%97&query_place_id=ChIJ0032cACrQjQRSk029YpyUqw,提供 (Yes),Google 地圖「簡介」頁面明確標記「兒童高腳椅」,義百代餐館南港店,11577台灣臺北市南港區西新里南港路三段9-2號,unknown,yes,unknown,unknown,中
ChIJ04yBjBWvQjQReUH9xXgLaCo,蓬萊台菜餐廳,11252台灣臺北市北投區中和街238號1F,https://www.google.com/maps/search/?api=1&query=%E8%93%AC%E8%90%8A%E5%8F%B0%E8%8F%9C%E9%A4%90%E5%BB%B3&query_place_id=ChIJ04yBjBWvQjQReUH9xXgLaCo,提供 (Yes),Google 地圖「簡介」頁面明確標記「兒童高腳椅」,蓬萊台菜餐廳,11252台灣臺北市北投區中和街238號1F,unknown,yes,unknown,unknown,資訊不足
ChIJ079AtyOrQjQRKtxKHhdlL80,南北合小館,110台灣臺北市信義區興雅里永吉路30巷158弄15號,https://www.google.com/maps/search/?api=1&query=%E5%8D%97%E5%8C%97%E5%90%88%E5%B0%8F%E9%A4%A8&query_place_id=ChIJ079AtyOrQjQRKtxKHhdlL80,提供 (Yes),Google 地圖「簡介」頁面明確標記「兒童高腳椅」,南北合小館,110台灣臺北市信義區興雅里永吉路30巷158弄15號,unknown,yes,unknown,no,高
ChIJ0TUhK7mrQjQRU5RfFe76JMg,11日和 │ ???,110台灣臺北市信義區新仁里忠孝東路四段553巷12號1樓之一,https://www.google.com/maps/search/?api=1&query=11%E6%97%A5%E5%92%8C%20%E2%94%82%20%E3%83%91%E3%82%B9%E3%82%BF&query_place_id=ChIJ0TUhK7mrQjQRU5RfFe76JMg,提供 (Yes),Google 地圖「簡介」頁面明確標記「兒童高腳椅」,11日和 │ ???,110台灣臺北市信義區新仁里忠孝東路四段553巷12號1樓之一,unknown,yes,unknown,unknown,資訊不足
ChIJ0XKNPdKpQjQRRxv8pHHkMt4,BOE歐點歐式餐酒館Bits of Eur,104台灣臺北市中山區圓山里玉門街1號,https://www.google.com/maps/search/?api=1&query=BOE%E6%AD%90%E9%BB%9E%E6%AD%90%E5%BC%8F%E9%A4%90%E9%85%92%E9%A4%A8Bits%20of%20Eur&query_place_id=ChIJ0XKNPdKpQjQRRxv8pHHkMt4,提供 (Yes),Google 地圖「簡介」頁面明確標記「兒童高腳椅」,BOE歐點歐式餐酒館Bits of Eur,104台灣臺北市中山區圓山里玉門街1號,unknown,yes,unknown,no,資訊不足
ChIJ0aAfEd8BaDQRNjnlm9gF9s4,LI RA義大利廚房,116台灣臺北市文山區木新路三段67號,https://www.google.com/maps/search/?api=1&query=LI%20RA%E7%BE%A9%E5%A4%A7%E5%88%A9%E5%BB%9A%E6%88%BF&query_place_id=ChIJ0aAfEd8BaDQRNjnlm9gF9s4,提供 (Yes),Google 地圖「簡介」頁面明確標記「兒童高腳椅」,LI RA義大利廚房,116台灣臺北市文山區木新路三段67號,unknown,yes,unknown,unknown,資訊不足
ChIJ0yaH1RCrQjQR52gRDsxW-UA,Osteria Rialto 雅朵義大利餐館-台北餐酒館 義大利麵 窯烤pizza 人氣訂位推薦 2026必吃推薦美食 道地異國料理 創意料理 聚餐慶生餐廳 Italian restaurant東區國父紀念館附近 PTT Dcard,106台灣臺北市大安區正聲里光復南路260巷5號,https://www.google.com/maps/search/?api=1&query=Osteria%20Rialto%20%E9%9B%85%E6%9C%B5%E7%BE%A9%E5%A4%A7%E5%88%A9%E9%A4%90%E9%A4%A8-%E5%8F%B0%E5%8C%97%E9%A4%90%E9%85%92%E9%A4%A8%20%E7%BE%A9%E5%A4%A7%E5%88%A9%E9%BA%B5%20%E7%AA%AF%E7%83%A4pizza%20%E4%BA%BA%E6%B0%A3%E8%A8%82%E4%BD%8D%E6%8E%A8%E8%96%A6%202026%E5%BF%85%E5%90%83%E6%8E%A8%E8%96%A6%E7%BE%8E%E9%A3%9F%20%E9%81%93%E5%9C%B0%E7%95%B0%E5%9C%8B%E6%96%99%E7%90%86%20%E5%89%B5%E6%84%8F%E6%96%99%E7%90%86%20%E8%81%9A%E9%A4%90%E6%85%B6%E7%94%9F%E9%A4%90%E5%BB%B3%20Italian%20restaurant%E6%9D%B1%E5%8D%80%E5%9C%8B%E7%88%B6%E7%B4%80%E5%BF%B5%E9%A4%A8%E9%99%84%E8%BF%91%20PTT%20Dcard&query_place_id=ChIJ0yaH1RCrQjQR52gRDsxW-UA,提供 (Yes),Google 地圖「簡介」頁面明確標記「兒童高腳椅」,Osteria Rialto 雅朵義大利餐館-台北餐酒館 義大利麵 窯烤pizza 人氣訂位推薦 2026必吃推薦美食 道地異國料理 創意料理 聚餐慶生餐廳 Italian restaurant東區國父紀念館附近 PTT Dcard,106台灣臺北市大安區正聲里光復南路260巷5號,unknown,yes,unknown,unknown,資訊不足
ChIJ1Tl3NsCpQjQRJOPnahxr1Cs,大樹義麵坊,100台灣臺北市中正區林森南路45-1號,https://www.google.com/maps/search/?api=1&query=%E5%A4%A7%E6%A8%B9%E7%BE%A9%E9%BA%B5%E5%9D%8A&query_place_id=ChIJ1Tl3NsCpQjQRJOPnahxr1Cs,提供 (Yes),Google 地圖「簡介」頁面明確標記「兒童高腳椅」,大樹義麵坊,100台灣臺北市中正區林森南路45-1號,unknown,yes,unknown,unknown,資訊不足
ChIJ1W2EMSCpQjQRe7XFB7_R9Ak,JONAJA就那家早午餐,104台灣臺北市中山區行政里農安街231號,https://www.google.com/maps/search/?api=1&query=JONAJA%E5%B0%B1%E9%82%A3%E5%AE%B6%E6%97%A9%E5%8D%88%E9%A4%90&query_place_id=ChIJ1W2EMSCpQjQRe7XFB7_R9Ak,提供 (Yes),Google 地圖「簡介」頁面明確標記「兒童高腳椅」,JONAJA就那家早午餐,104台灣臺北市中山區行政里農安街231號,unknown,yes,unknown,no,高
ChIJ1aZy0q6pQjQRwBhj14mvCbo,兩喜號 Liang Xi Hao - 西園店,108台灣臺北市萬華區西園路一段194號,https://www.google.com/maps/search/?api=1&query=%E5%85%A9%E5%96%9C%E8%99%9F%20Liang%20Xi%20Hao%20-%20%E8%A5%BF%E5%9C%92%E5%BA%97&query_place_id=ChIJ1aZy0q6pQjQRwBhj14mvCbo,提供 (Yes),Google 地圖「簡介」頁面明確標記「兒童高腳椅」,兩喜號 Liang Xi Hao - 西園店,108台灣臺北市萬華區西園路一段194號,unknown,yes,unknown,unknown,資訊不足
ChIJ1eXQShWrQjQR-9Ev_CR9KkI,初泰信義象山門市,110台灣臺北市信義區信義路五段122號,https://www.google.com/maps/search/?api=1&query=%E5%88%9D%E6%B3%B0%E4%BF%A1%E7%BE%A9%E8%B1%A1%E5%B1%B1%E9%96%80%E5%B8%82&query_place_id=ChIJ1eXQShWrQjQR-9Ev_CR9KkI,提供 (Yes),Google 地圖「簡介」頁面明確標記「兒童高腳椅」,初泰信義象山門市,110台灣臺北市信義區信義路五段122號,unknown,yes,unknown,unknown,中
ChIJ23BqjkavQjQRdiuskERiNOc,PRIMO PIZZA 布利莫義式窯烤披薩 無接受訂位 週一公休,112062台灣臺北市北投區立農里西安街二段87號1樓,https://www.google.com/maps/search/?api=1&query=PRIMO%20PIZZA%20%E5%B8%83%E5%88%A9%E8%8E%AB%E7%BE%A9%E5%BC%8F%E7%AA%AF%E7%83%A4%E6%8A%AB%E8%96%A9%20%E7%84%A1%E6%8E%A5%E5%8F%97%E8%A8%82%E4%BD%8D%20%E9%80%B1%E4%B8%80%E5%85%AC%E4%BC%91&query_place_id=ChIJ23BqjkavQjQRdiuskERiNOc,提供 (Yes),Google 地圖「簡介」頁面明確標記「兒童高腳椅」,PRIMO PIZZA 布利莫義式窯烤披薩 無接受訂位 週一公休,112062台灣臺北市北投區立農里西安街二段87號1樓,unknown,yes,unknown,unknown,資訊不足
ChIJ24ETXymtQjQRznH-ZnUhaK8,BirDining蔦飼料餐食料理,10491台灣臺北市中山區大直里大直街32號,https://www.google.com/maps/search/?api=1&query=BirDining%E8%94%A6%E9%A3%BC%E6%96%99%E9%A4%90%E9%A3%9F%E6%96%99%E7%90%86&query_place_id=ChIJ24ETXymtQjQRznH-ZnUhaK8,提供 (Yes),Google 地圖「簡介」頁面明確標記「兒童高腳椅」,BirDining蔦飼料餐食料理,10491台灣臺北市中山區大直里大直街32號,unknown,yes,unknown,no,高
ChIJ24Za5H-uQjQRVinjqQDbZUo,女娘的店,111台灣臺北市士林區天和里天母東路97號,https://www.google.com/maps/search/?api=1&query=%E5%A5%B3%E5%A8%98%E7%9A%84%E5%BA%97&query_place_id=ChIJ24Za5H-uQjQRVinjqQDbZUo,提供 (Yes),Google 地圖「簡介」頁面明確標記「兒童高腳椅」,女娘的店,111台灣臺北市士林區天和里天母東路97號,unknown,yes,unknown,no,高
ChIJ2SJ2x6mvQjQRZit4gMTJ-ZM,萬麗軒,111台灣臺北市士林區中山北路五段470巷8號1樓,https://www.google.com/maps/search/?api=1&query=%E8%90%AC%E9%BA%97%E8%BB%92&query_place_id=ChIJ2SJ2x6mvQjQRZit4gMTJ-ZM,提供 (Yes),Google 地圖「簡介」頁面明確標記「兒童高腳椅」,萬麗軒,111台灣臺北市士林區中山北路五段470巷8號1樓,unknown,yes,unknown,unknown,中
ChIJ2UiM5KesQjQRVScr2ns4Dxs,餡老滿 南港店,115台灣臺北市南港區經貿二路66號2 樓,https://www.google.com/maps/search/?api=1&query=%E9%A4%A1%E8%80%81%E6%BB%BF%20%E5%8D%97%E6%B8%AF%E5%BA%97&query_place_id=ChIJ2UiM5KesQjQRVScr2ns4Dxs,提供 (Yes),Google 地圖「簡介」頁面明確標記「兒童高腳椅」,餡老滿 南港店,115台灣臺北市南港區經貿二路66號2 樓,unknown,yes,unknown,unknown,資訊不足
ChIJ2Xa6COqpQjQRCIXxgvtyX3c,JAI宅 義大利麵 西門店,108台灣臺北市萬華區萬壽里武昌街二段50巷10號2樓,https://www.google.com/maps/search/?api=1&query=JAI%E5%AE%85%20%E7%BE%A9%E5%A4%A7%E5%88%A9%E9%BA%B5%20%E8%A5%BF%E9%96%80%E5%BA%97&query_place_id=ChIJ2Xa6COqpQjQRCIXxgvtyX3c,提供 (Yes),Google 地圖「簡介」頁面明確標記「兒童高腳椅」,JAI宅 義大利麵 西門店,108台灣臺北市萬華區萬壽里武昌街二段50巷10號2樓,unknown,yes,unknown,unknown,資訊不足
ChIJ2cOIRvKuQjQRl4_OQhmJiAY,福園小館,112台灣臺北市北投區吉慶里實踐街70號,https://www.google.com/maps/search/?api=1&query=%E7%A6%8F%E5%9C%92%E5%B0%8F%E9%A4%A8&query_place_id=ChIJ2cOIRvKuQjQRl4_OQhmJiAY,提供 (Yes),Google 地圖「簡介」頁面明確標記「兒童高腳椅」,福園小館,112台灣臺北市北投區吉慶里實踐街70號,unknown,yes,unknown,unknown,資訊不足
ChIJ2ftTNACrQjQRg-ropAhxozg,Muko Brunch 信義店,110台灣臺北市信義區景新里松勤街51號,https://www.google.com/maps/search/?api=1&query=Muko%20Brunch%20%E4%BF%A1%E7%BE%A9%E5%BA%97&query_place_id=ChIJ2ftTNACrQjQRg-ropAhxozg,提供 (Yes),Google 地圖「簡介」頁面明確標記「兒童高腳椅」,Muko Brunch 信義店,110台灣臺北市信義區景新里松勤街51號,unknown,yes,unknown,no,高
ChIJ2fwhPJSpQjQRQYWd_WNTblc,好初早餐 中山,103台灣臺北市大同區建明里長安西路124號,https://www.google.com/maps/search/?api=1&query=%E5%A5%BD%E5%88%9D%E6%97%A9%E9%A4%90%20%E4%B8%AD%E5%B1%B1&query_place_id=ChIJ2fwhPJSpQjQRQYWd_WNTblc,提供 (Yes),Google 地圖「簡介」頁面明確標記「兒童高腳椅」,好初早餐 中山,103台灣臺北市大同區建明里長安西路124號,unknown,yes,unknown,unknown,資訊不足
ChIJ2zaOBkOpQjQRixbZ8f4sXO0,汆食,10491台灣臺北市中山區集英里中山北路三段26號1樓,https://www.google.com/maps/search/?api=1&query=%E6%B1%86%E9%A3%9F&query_place_id=ChIJ2zaOBkOpQjQRixbZ8f4sXO0,提供 (Yes),Google 地圖「簡介」頁面明確標記「兒童高腳椅」,汆食,10491台灣臺北市中山區集英里中山北路三段26號1樓,unknown,yes,unknown,unknown,中
ChIJ30uGv7-pQjQRPpzonaRvoGo,蓋子普拉斯小餐館-新生店,106台灣臺北市大安區民輝里忠孝東路三段10巷22號,https://www.google.com/maps/search/?api=1&query=%E8%93%8B%E5%AD%90%E6%99%AE%E6%8B%89%E6%96%AF%E5%B0%8F%E9%A4%90%E9%A4%A8-%E6%96%B0%E7%94%9F%E5%BA%97&query_place_id=ChIJ30uGv7-pQjQRPpzonaRvoGo,提供 (Yes),Google 地圖「簡介」頁面明確標記「兒童高腳椅」,蓋子普拉斯小餐館-新生店,106台灣臺北市大安區民輝里忠孝東路三段10巷22號,unknown,yes,unknown,unknown,資訊不足
ChIJ36UyfIyuQjQRTOQV-W2O1jo,傑克牛排 JACK STEAK,112台灣臺北市北投區振華里裕民一路29號,https://www.google.com/maps/search/?api=1&query=%E5%82%91%E5%85%8B%E7%89%9B%E6%8E%92%20JACK%20STEAK&query_place_id=ChIJ36UyfIyuQjQRTOQV-W2O1jo,提供 (Yes),Google 地圖「簡介」頁面明確標記「兒童高腳椅」,傑克牛排 JACK STEAK,112台灣臺北市北投區振華里裕民一路29號,unknown,yes,unknown,unknown,資訊不足
ChIJ37mFwu6rQjQRMDAw9IxDH44,Snail 蝸牛義大利餐廳 民生店,105台灣臺北市松山區民生東路四段56巷3弄10號,https://www.google.com/maps/search/?api=1&query=Snail%20%E8%9D%B8%E7%89%9B%E7%BE%A9%E5%A4%A7%E5%88%A9%E9%A4%90%E5%BB%B3%20%E6%B0%91%E7%94%9F%E5%BA%97&query_place_id=ChIJ37mFwu6rQjQRMDAw9IxDH44,提供 (Yes),Google 地圖「簡介」頁面明確標記「兒童高腳椅」,Snail 蝸牛義大利餐廳 民生店,105台灣臺北市松山區民生東路四段56巷3弄10號,unknown,yes,unknown,unknown,資訊不足
ChIJ38Z2RDCrQjQR5E2vtA5pIwk,森尼班克 早午餐,110台灣臺北市信義區莊敬路289巷4弄12號1樓,https://www.google.com/maps/search/?api=1&query=%E6%A3%AE%E5%B0%BC%E7%8F%AD%E5%85%8B%20%E6%97%A9%E5%8D%88%E9%A4%90&query_place_id=ChIJ38Z2RDCrQjQR5E2vtA5pIwk,提供 (Yes),Google 地圖「簡介」頁面明確標記「兒童高腳椅」,森尼班克 早午餐,110台灣臺北市信義區莊敬路289巷4弄12號1樓,unknown,yes,unknown,unknown,高
ChIJ39G4keGtQjQRd5mdfKmFUlA,Atlas Brunch & Pasta 亞斯義大利麵,114台灣臺北市內湖區葫洲里民權東路六段296巷56號,https://www.google.com/maps/search/?api=1&query=Atlas%20Brunch%20%26%20Pasta%20%E4%BA%9E%E6%96%AF%E7%BE%A9%E5%A4%A7%E5%88%A9%E9%BA%B5&query_place_id=ChIJ39G4keGtQjQRd5mdfKmFUlA,提供 (Yes),Google 地圖「簡介」頁面明確標記「兒童高腳椅」,Atlas Brunch & Pasta 亞斯義大利麵,114台灣臺北市內湖區葫洲里民權東路六段296巷56號,unknown,yes,unknown,no,高
ChIJ3bz_JwSqQjQRUF8isaVS0as,康泰小館泰式料理,116台灣臺北市文山區景東里景興路151號,https://www.google.com/maps/search/?api=1&query=%E5%BA%B7%E6%B3%B0%E5%B0%8F%E9%A4%A8%E6%B3%B0%E5%BC%8F%E6%96%99%E7%90%86&query_place_id=ChIJ3bz_JwSqQjQRUF8isaVS0as,提供 (Yes),Google 地圖「簡介」頁面明確標記「兒童高腳椅」,康泰小館泰式料理,116台灣臺北市文山區景東里景興路151號,unknown,yes,unknown,unknown,資訊不足
ChIJ42i9KaSpQjQRU0n_unrcr_4,藍門咖啡早午餐,100台灣臺北市中正區螢圃里汀州路二段150號一樓,https://www.google.com/maps/search/?api=1&query=%E8%97%8D%E9%96%80%E5%92%96%E5%95%A1%E6%97%A9%E5%8D%88%E9%A4%90&query_place_id=ChIJ42i9KaSpQjQRU0n_unrcr_4,提供 (Yes),Google 地圖「簡介」頁面明確標記「兒童高腳椅」,藍門咖啡早午餐,100台灣臺北市中正區螢圃里汀州路二段150號一樓,unknown,yes,unknown,unknown,資訊不足
ChIJ44iRpoapQjQRNBR1tdCuLac,覓‘s咖啡小酒館 Miss Coffee Bar,10491台灣臺北市中山區圓山里雙城街49巷1號,https://www.google.com/maps/search/?api=1&query=%E8%A6%93%E2%80%98s%E5%92%96%E5%95%A1%E5%B0%8F%E9%85%92%E9%A4%A8%20Miss%20Coffee%20Bar&query_place_id=ChIJ44iRpoapQjQRNBR1tdCuLac,提供 (Yes),Google 地圖「簡介」頁面明確標記「兒童高腳椅」,覓‘s咖啡小酒館 Miss Coffee Bar,10491台灣臺北市中山區圓山里雙城街49巷1號,unknown,yes,unknown,no,資訊不足
ChIJ48MsQQWpQjQRpg69jRTiKwg,Goodmauii 古茂宜咖啡 台北站前店,10351台灣臺北市大同區建明里華陰街69號1樓,https://www.google.com/maps/search/?api=1&query=Goodmauii%20%E5%8F%A4%E8%8C%82%E5%AE%9C%E5%92%96%E5%95%A1%20%E5%8F%B0%E5%8C%97%E7%AB%99%E5%89%8D%E5%BA%97&query_place_id=ChIJ48MsQQWpQjQRpg69jRTiKwg,提供 (Yes),Google 地圖「簡介」頁面明確標記「兒童高腳椅」,Goodmauii 古茂宜咖啡 台北站前店,10351台灣臺北市大同區建明里華陰街69號1樓,unknown,yes,unknown,unknown,資訊不足
ChIJ4UxH9sirQjQRg4wcwRVAwnM,Moi Cafe 忠孝店,106台灣臺北市大安區光武里復興南路一段135巷29號,https://www.google.com/maps/search/?api=1&query=Moi%20Cafe%20%E5%BF%A0%E5%AD%9D%E5%BA%97&query_place_id=ChIJ4UxH9sirQjQRg4wcwRVAwnM,提供 (Yes),Google 地圖「簡介」頁面明確標記「兒童高腳椅」,Moi Cafe 忠孝店,106台灣臺北市大安區光武里復興南路一段135巷29號,unknown,yes,unknown,unknown,中
ChIJ4Vx5-gSqQjQR9dxFaLnn8c8,小木偶Brunch,116台灣臺北市文山區興福里景興路49號,https://www.google.com/maps/search/?api=1&query=%E5%B0%8F%E6%9C%A8%E5%81%B6Brunch&query_place_id=ChIJ4Vx5-gSqQjQR9dxFaLnn8c8,提供 (Yes),Google 地圖「簡介」頁面明確標記「兒童高腳椅」,小木偶Brunch,116台灣臺北市文山區興福里景興路49號,unknown,yes,unknown,unknown,中
ChIJ4flPjVqvQjQR3upFxD7s3bI,Mog cafe墨閣咖啡藝文空間,111台灣臺北市士林區德行里福國路31號,https://www.google.com/maps/search/?api=1&query=Mog%20cafe%E5%A2%A8%E9%96%A3%E5%92%96%E5%95%A1%E8%97%9D%E6%96%87%E7%A9%BA%E9%96%93&query_place_id=ChIJ4flPjVqvQjQR3upFxD7s3bI,提供 (Yes),Google 地圖「簡介」頁面明確標記「兒童高腳椅」,Mog cafe墨閣咖啡藝文空間,111台灣臺北市士林區德行里福國路31號,unknown,yes,unknown,no,高
ChIJ4z24mX2uQjQR9k3BQHdoBb4,DOORS 門片咖啡,111台灣臺北市士林區天玉里天玉街38巷7號,https://www.google.com/maps/search/?api=1&query=DOORS%20%E9%96%80%E7%89%87%E5%92%96%E5%95%A1&query_place_id=ChIJ4z24mX2uQjQR9k3BQHdoBb4,提供 (Yes),Google 地圖「簡介」頁面明確標記「兒童高腳椅」,DOORS 門片咖啡,111台灣臺北市士林區天玉里天玉街38巷7號,unknown,yes,unknown,no,高
ChIJ5SSP_XWrQjQRC_HHQ6igu0g,HANNA Pasta Caf? ??? ???,110台灣臺北市信義區興隆里逸仙路42巷17號1樓,https://www.google.com/maps/search/?api=1&query=HANNA%20Pasta%20Caf%C3%A9%20%E3%83%91%E3%82%B9%E3%82%BF%20%E3%82%AB%E3%83%95%E3%82%A7&query_place_id=ChIJ5SSP_XWrQjQRC_HHQ6igu0g,提供 (Yes),Google 地圖「簡介」頁面明確標記「兒童高腳椅」,HANNA Pasta Caf? ??? ???,110台灣臺北市信義區興隆里逸仙路42巷17號1樓,unknown,yes,unknown,unknown,中
ChIJ5XYjM6OuQjQRo-u6wvOrnLI,寶飽煲,111台灣臺北市士林區舊佳里福壽街3號,https://www.google.com/maps/search/?api=1&query=%E5%AF%B6%E9%A3%BD%E7%85%B2&query_place_id=ChIJ5XYjM6OuQjQRo-u6wvOrnLI,提供 (Yes),Google 地圖「簡介」頁面明確標記「兒童高腳椅」,寶飽煲,111台灣臺北市士林區舊佳里福壽街3號,unknown,yes,unknown,unknown,資訊不足
ChIJ5chNKVKtQjQRGIw38oAYq5M,小貳 。食樂 little two 火鍋,114台灣臺北市內湖區麗山里內湖路一段387巷3弄2號之1,https://www.google.com/maps/search/?api=1&query=%E5%B0%8F%E8%B2%B3%20%E3%80%82%E9%A3%9F%E6%A8%82%20little%20two%20%E7%81%AB%E9%8D%8B&query_place_id=ChIJ5chNKVKtQjQRGIw38oAYq5M,提供 (Yes),Google 地圖「簡介」頁面明確標記「兒童高腳椅」,小貳 。食樂 little two 火鍋,114台灣臺北市內湖區麗山里內湖路一段387巷3弄2號之1,unknown,yes,unknown,unknown,資訊不足
ChIJ5xyebaypQjQRKeqNEK_tcRc,Jana caf? 嚼咖啡餐廳,106台灣臺北市大安區古風里泰順街60巷27號1樓,https://www.google.com/maps/search/?api=1&query=Jana%20caf%C3%A9%20%E5%9A%BC%E5%92%96%E5%95%A1%E9%A4%90%E5%BB%B3&query_place_id=ChIJ5xyebaypQjQRKeqNEK_tcRc,提供 (Yes),Google 地圖「簡介」頁面明確標記「兒童高腳椅」,Jana caf? 嚼咖啡餐廳,106台灣臺北市大安區古風里泰順街60巷27號1樓,unknown,yes,unknown,no,高
ChIJ6-evMKGrQjQRBIHGtJOsP9M,N+n 喫早餐,11083台灣臺北市信義區松山路465巷12號,https://www.google.com/maps/search/?api=1&query=N%2Bn%20%E5%96%AB%E6%97%A9%E9%A4%90&query_place_id=ChIJ6-evMKGrQjQRBIHGtJOsP9M,提供 (Yes),Google 地圖「簡介」頁面明確標記「兒童高腳椅」,N+n 喫早餐,11083台灣臺北市信義區松山路465巷12號,unknown,yes,unknown,no,高
ChIJ61710V2pQjQR5npI5jQjsvY,儂來台菜宴,10491台灣臺北市中山區中吉里民生東路二段86號,https://www.google.com/maps/search/?api=1&query=%E5%84%82%E4%BE%86%E5%8F%B0%E8%8F%9C%E5%AE%B4&query_place_id=ChIJ61710V2pQjQR5npI5jQjsvY,提供 (Yes),Google 地圖「簡介」頁面明確標記「兒童高腳椅」,儂來台菜宴,10491台灣臺北市中山區中吉里民生東路二段86號,unknown,yes,unknown,no,高
ChIJ63TtzA2pQjQRYLTOoGVHw3g,丰禾 台味風格料理 台北南京東店,104台灣臺北市中山區南京東路二段146號2F,https://www.google.com/maps/search/?api=1&query=%E4%B8%B0%E7%A6%BE%20%E5%8F%B0%E5%91%B3%E9%A2%A8%E6%A0%BC%E6%96%99%E7%90%86%20%E5%8F%B0%E5%8C%97%E5%8D%97%E4%BA%AC%E6%9D%B1%E5%BA%97&query_place_id=ChIJ63TtzA2pQjQRYLTOoGVHw3g,提供 (Yes),Google 地圖「簡介」頁面明確標記「兒童高腳椅」,丰禾 台味風格料理 台北南京東店,104台灣臺北市中山區南京東路二段146號2F,unknown,yes,unknown,unknown,中
ChIJ64OIuRurQjQRmUn-_uzcCX0,鹿境早午餐 Arrival Brunch & Cafe - 早午餐推薦,105台灣臺北市松山區南京東路四段133巷4弄26號,https://www.google.com/maps/search/?api=1&query=%E9%B9%BF%E5%A2%83%E6%97%A9%E5%8D%88%E9%A4%90%20Arrival%20Brunch%20%26%20Cafe%20-%20%E6%97%A9%E5%8D%88%E9%A4%90%E6%8E%A8%E8%96%A6&query_place_id=ChIJ64OIuRurQjQRmUn-_uzcCX0,提供 (Yes),Google 地圖「簡介」頁面明確標記「兒童高腳椅」,鹿境早午餐 Arrival Brunch & Cafe - 早午餐推薦,105台灣臺北市松山區南京東路四段133巷4弄26號,unknown,yes,unknown,no,高
ChIJ67abfVavQjQRscMhuF5_tQA,小倉庫食研所,111台灣臺北市士林區福佳里美崙街86巷2號1樓,https://www.google.com/maps/search/?api=1&query=%E5%B0%8F%E5%80%89%E5%BA%AB%E9%A3%9F%E7%A0%94%E6%89%80&query_place_id=ChIJ67abfVavQjQRscMhuF5_tQA,提供 (Yes),Google 地圖「簡介」頁面明確標記「兒童高腳椅」,小倉庫食研所,111台灣臺北市士林區福佳里美崙街86巷2號1樓,unknown,yes,unknown,unknown,資訊不足
ChIJ6RR3U3GvQjQRmFa2ScNW-xY,左爺爺風味小館,112台灣臺北市北投區明德路59號,https://www.google.com/maps/search/?api=1&query=%E5%B7%A6%E7%88%BA%E7%88%BA%E9%A2%A8%E5%91%B3%E5%B0%8F%E9%A4%A8&query_place_id=ChIJ6RR3U3GvQjQRmFa2ScNW-xY,提供 (Yes),Google 地圖「簡介」頁面明確標記「兒童高腳椅」,左爺爺風味小館,112台灣臺北市北投區明德路59號,unknown,yes,unknown,unknown,資訊不足
ChIJ6SD9j1OpQjQR9PEGhor-D9c,茱莉金牛排餐酒館,106台灣臺北市大安區古莊里浦城街26巷2號,https://www.google.com/maps/search/?api=1&query=%E8%8C%B1%E8%8E%89%E9%87%91%E7%89%9B%E6%8E%92%E9%A4%90%E9%85%92%E9%A4%A8&query_place_id=ChIJ6SD9j1OpQjQR9PEGhor-D9c,提供 (Yes),Google 地圖「簡介」頁面明確標記「兒童高腳椅」,茱莉金牛排餐酒館,106台灣臺北市大安區古莊里浦城街26巷2號,likely,yes,likely,yes,高
ChIJ6UOhWBqrQjQRQqcIfv1K1NE,Marinheiro No.9 水手9號,10583台灣臺北市松山區東榮里富錦街389號1樓,https://www.google.com/maps/search/?api=1&query=Marinheiro%20No.9%20%E6%B0%B4%E6%89%8B9%E8%99%9F&query_place_id=ChIJ6UOhWBqrQjQRQqcIfv1K1NE,提供 (Yes),Google 地圖「簡介」頁面明確標記「兒童高腳椅」,Marinheiro No.9 水手9號,10583台灣臺北市松山區東榮里富錦街389號1樓,unknown,yes,unknown,no,高
ChIJ6YYRPHupQjQRtW5qHYj6CyY,小器食堂 華山店,100台灣臺北市中正區八德路一段1 號華山 園區 中 四 B 館,https://www.google.com/maps/search/?api=1&query=%E5%B0%8F%E5%99%A8%E9%A3%9F%E5%A0%82%20%E8%8F%AF%E5%B1%B1%E5%BA%97&query_place_id=ChIJ6YYRPHupQjQRtW5qHYj6CyY,提供 (Yes),Google 地圖「簡介」頁面明確標記「兒童高腳椅」,小器食堂 華山店,100台灣臺北市中正區八德路一段1 號華山 園區 中 四 B 館,unknown,yes,unknown,unknown,資訊不足
ChIJ6_ECFKipQjQR9fU8jospsIo,久居小廚,104台灣臺北市中山區集英里中山北路二段96巷36號,https://www.google.com/maps/search/?api=1&query=%E4%B9%85%E5%B1%85%E5%B0%8F%E5%BB%9A&query_place_id=ChIJ6_ECFKipQjQR9fU8jospsIo,提供 (Yes),Google 地圖「簡介」頁面明確標記「兒童高腳椅」,久居小廚,104台灣臺北市中山區集英里中山北路二段96巷36號,unknown,yes,unknown,unknown,資訊不足
ChIJ6cvqjn6rQjQR2HGtp-pIKbc,大老爺私房菜,10491台灣臺北市中山區長春路348之6號1樓,https://www.google.com/maps/search/?api=1&query=%E5%A4%A7%E8%80%81%E7%88%BA%E7%A7%81%E6%88%BF%E8%8F%9C&query_place_id=ChIJ6cvqjn6rQjQR2HGtp-pIKbc,提供 (Yes),Google 地圖「簡介」頁面明確標記「兒童高腳椅」,大老爺私房菜,10491台灣臺北市中山區長春路348之6號1樓,unknown,yes,unknown,unknown,資訊不足
ChIJ6di4z26pQjQRDuQAecDvA_U,螺絲瑪莉義麵坊,104台灣臺北市中山區民安里南京西路12巷13弄9號,https://www.google.com/maps/search/?api=1&query=%E8%9E%BA%E7%B5%B2%E7%91%AA%E8%8E%89%E7%BE%A9%E9%BA%B5%E5%9D%8A&query_place_id=ChIJ6di4z26pQjQRDuQAecDvA_U,提供 (Yes),Google 地圖「簡介」頁面明確標記「兒童高腳椅」,螺絲瑪莉義麵坊,104台灣臺北市中山區民安里南京西路12巷13弄9號,unknown,yes,unknown,unknown,資訊不足
ChIJ6wciv2upQjQRf24tNIwSq1E,Mine Mine 早午餐,108台灣臺北市萬華區糖?里西園路一段236號1樓,https://www.google.com/maps/search/?api=1&query=Mine%20Mine%20%E6%97%A9%E5%8D%88%E9%A4%90&query_place_id=ChIJ6wciv2upQjQRf24tNIwSq1E,提供 (Yes),Google 地圖「簡介」頁面明確標記「兒童高腳椅」,Mine Mine 早午餐,108台灣臺北市萬華區糖?里西園路一段236號1樓,unknown,yes,unknown,unknown,資訊不足
ChIJ72LnPACpQjQRqSEXHfjBLtg,毳食堂（週三公休）,104台灣臺北市中山區中原里中原街45號,https://www.google.com/maps/search/?api=1&query=%E6%AF%B3%E9%A3%9F%E5%A0%82%EF%BC%88%E9%80%B1%E4%B8%89%E5%85%AC%E4%BC%91%EF%BC%89&query_place_id=ChIJ72LnPACpQjQRqSEXHfjBLtg,提供 (Yes),Google 地圖「簡介」頁面明確標記「兒童高腳椅」,毳食堂（週三公休）,104台灣臺北市中山區中原里中原街45號,unknown,yes,unknown,no,高
ChIJ757aX8-pQjQRLOrjWHzw6RM,柚子花花客家菜(台北店),104台灣臺北市中山區民安里中山北路二段48巷7號B1,https://www.google.com/maps/search/?api=1&query=%E6%9F%9A%E5%AD%90%E8%8A%B1%E8%8A%B1%E5%AE%A2%E5%AE%B6%E8%8F%9C(%E5%8F%B0%E5%8C%97%E5%BA%97)&query_place_id=ChIJ757aX8-pQjQRLOrjWHzw6RM,提供 (Yes),Google 地圖「簡介」頁面明確標記「兒童高腳椅」,柚子花花客家菜(台北店),104台灣臺北市中山區民安里中山北路二段48巷7號B1,unknown,yes,unknown,no,高
ChIJ77D-LtWrQjQR3d0eh3LrLU4,餵我早餐 The Whale 公園店,106台灣臺北市大安區龍圖里建國南路二段11巷28號1樓,https://www.google.com/maps/search/?api=1&query=%E9%A4%B5%E6%88%91%E6%97%A9%E9%A4%90%20The%20Whale%20%E5%85%AC%E5%9C%92%E5%BA%97&query_place_id=ChIJ77D-LtWrQjQR3d0eh3LrLU4,提供 (Yes),Google 地圖「簡介」頁面明確標記「兒童高腳椅」,餵我早餐 The Whale 公園店,106台灣臺北市大安區龍圖里建國南路二段11巷28號1樓,unknown,yes,unknown,no,高
ChIJ7ZE0TY6rQjQRiR01mYOYUG8,喬叔廚房 JOE’S Kitchen Taipei,110台灣臺北市信義區大道里中坡南路34號,https://www.google.com/maps/search/?api=1&query=%E5%96%AC%E5%8F%94%E5%BB%9A%E6%88%BF%20JOE%E2%80%99S%20Kitchen%20Taipei&query_place_id=ChIJ7ZE0TY6rQjQRiR01mYOYUG8,提供 (Yes),Google 地圖「簡介」頁面明確標記「兒童高腳椅」,喬叔廚房 JOE’S Kitchen Taipei,110台灣臺北市信義區大道里中坡南路34號,unknown,yes,unknown,no,高
ChIJ7dY68dmrQjQReMo5JUlgjwo,威布好食 早午餐,106台灣臺北市大安區誠安里忠孝東路三段251巷7弄15號1 樓,https://www.google.com/maps/search/?api=1&query=%E5%A8%81%E5%B8%83%E5%A5%BD%E9%A3%9F%20%E6%97%A9%E5%8D%88%E9%A4%90&query_place_id=ChIJ7dY68dmrQjQReMo5JUlgjwo,提供 (Yes),Google 地圖「簡介」頁面明確標記「兒童高腳椅」,威布好食 早午餐,106台灣臺北市大安區誠安里忠孝東路三段251巷7弄15號1 樓,unknown,yes,unknown,unknown,資訊不足
ChIJ7wNaysSvQjQR_SXHqoILp1k,村民食堂廚窗港點 士林官邸店,111台灣臺北市士林區福林路188號,https://www.google.com/maps/search/?api=1&query=%E6%9D%91%E6%B0%91%E9%A3%9F%E5%A0%82%E5%BB%9A%E7%AA%97%E6%B8%AF%E9%BB%9E%20%E5%A3%AB%E6%9E%97%E5%AE%98%E9%82%B8%E5%BA%97&query_place_id=ChIJ7wNaysSvQjQR_SXHqoILp1k,提供 (Yes),Google 地圖「簡介」頁面明確標記「兒童高腳椅」,村民食堂廚窗港點 士林官邸店,111台灣臺北市士林區福林路188號,unknown,yes,unknown,unknown,中
ChIJ7wS6wmKsQjQRxU50zTjtGg0,布克湖義式坊,114台灣臺北市內湖區瑞陽里文德路22巷44弄10號,https://www.google.com/maps/search/?api=1&query=%E5%B8%83%E5%85%8B%E6%B9%96%E7%BE%A9%E5%BC%8F%E5%9D%8A&query_place_id=ChIJ7wS6wmKsQjQRxU50zTjtGg0,提供 (Yes),Google 地圖「簡介」頁面明確標記「兒童高腳椅」,布克湖義式坊,114台灣臺北市內湖區瑞陽里文德路22巷44弄10號,unknown,yes,unknown,no,高
ChIJ7zJBWlWpQjQRY1JHofkgK4E,日光料理,"臺北市大安區新生南路一段1號綠光庭園, 2樓 日光料理 進入綠光庭園後請用左邊的電梯到, No. 1號新生南路一段民輝里大安區臺北市台灣 106",https://www.google.com/maps/search/?api=1&query=%E6%97%A5%E5%85%89%E6%96%99%E7%90%86&query_place_id=ChIJ7zJBWlWpQjQRY1JHofkgK4E,提供 (Yes),Google 地圖「簡介」頁面明確標記「兒童高腳椅」,日光料理,"臺北市大安區新生南路一段1號綠光庭園, 2樓 日光料理 進入綠光庭園後請用左邊的電梯到, No. 1號新生南路一段民輝里大安區臺北市台灣 106",unknown,yes,unknown,unknown,資訊不足
ChIJ87f1t3CrQjQRG3fIJco7190,粨一桌食藝料理,115台灣臺北市南港區新富里富康街47巷1號,https://www.google.com/maps/search/?api=1&query=%E7%B2%A8%E4%B8%80%E6%A1%8C%E9%A3%9F%E8%97%9D%E6%96%99%E7%90%86&query_place_id=ChIJ87f1t3CrQjQRG3fIJco7190,提供 (Yes),Google 地圖「簡介」頁面明確標記「兒童高腳椅」,粨一桌食藝料理,115台灣臺北市南港區新富里富康街47巷1號,unknown,yes,unknown,no,高
ChIJ8U512jaqQjQR-hxDu-hsn08,義家人_六張犁,106台灣臺北市大安區黎孝里安居街16號1樓,https://www.google.com/maps/search/?api=1&query=%E7%BE%A9%E5%AE%B6%E4%BA%BA_%E5%85%AD%E5%BC%B5%E7%8A%81&query_place_id=ChIJ8U512jaqQjQR-hxDu-hsn08,提供 (Yes),Google 地圖「簡介」頁面明確標記「兒童高腳椅」,義家人_六張犁,106台灣臺北市大安區黎孝里安居街16號1樓,unknown,yes,unknown,no,高
ChIJ8cB1EeatQjQRzyJE5xssb_M,Boulevard Cafe 林蔭美式餐酒食,111台灣臺北市士林區至善路二段33號,https://www.google.com/maps/search/?api=1&query=Boulevard%20Cafe%20%E6%9E%97%E8%94%AD%E7%BE%8E%E5%BC%8F%E9%A4%90%E9%85%92%E9%A3%9F&query_place_id=ChIJ8cB1EeatQjQRzyJE5xssb_M,提供 (Yes),Google 地圖「簡介」頁面明確標記「兒童高腳椅」,Boulevard Cafe 林蔭美式餐酒食,111台灣臺北市士林區至善路二段33號,unknown,yes,unknown,unknown,中
ChIJ8fV-LIGsQjQRUOES7t37eaA,瑞記海南雞飯 內湖成功店,114台灣臺北市內湖區紫星里成功路三段173號,https://www.google.com/maps/search/?api=1&query=%E7%91%9E%E8%A8%98%E6%B5%B7%E5%8D%97%E9%9B%9E%E9%A3%AF%20%E5%85%A7%E6%B9%96%E6%88%90%E5%8A%9F%E5%BA%97&query_place_id=ChIJ8fV-LIGsQjQRUOES7t37eaA,提供 (Yes),Google 地圖「簡介」頁面明確標記「兒童高腳椅」,瑞記海南雞飯 內湖成功店,114台灣臺北市內湖區紫星里成功路三段173號,unknown,yes,unknown,no,高
ChIJ8yP_QoKpQjQRg2nYx1ZNIpI,家家客家菜館,106台灣臺北市大安區永康里永康街2巷10號,https://www.google.com/maps/search/?api=1&query=%E5%AE%B6%E5%AE%B6%E5%AE%A2%E5%AE%B6%E8%8F%9C%E9%A4%A8&query_place_id=ChIJ8yP_QoKpQjQRg2nYx1ZNIpI,提供 (Yes),Google 地圖「簡介」頁面明確標記「兒童高腳椅」,家家客家菜館,106台灣臺北市大安區永康里永康街2巷10號,unknown,yes,unknown,no,高
ChIJ90ln_c-rQjQRp2jywC1baXs,義大利餐廳 TRASTEVERE 大安區 忠孝復興站 美食,106台灣臺北市大安區復興南路一段107巷7號1樓,https://www.google.com/maps/search/?api=1&query=%E7%BE%A9%E5%A4%A7%E5%88%A9%E9%A4%90%E5%BB%B3%20TRASTEVERE%20%E5%A4%A7%E5%AE%89%E5%8D%80%20%E5%BF%A0%E5%AD%9D%E5%BE%A9%E8%88%88%E7%AB%99%20%E7%BE%8E%E9%A3%9F&query_place_id=ChIJ90ln_c-rQjQRp2jywC1baXs,提供 (Yes),Google 地圖「簡介」頁面明確標記「兒童高腳椅」,義大利餐廳 TRASTEVERE 大安區 忠孝復興站 美食,106台灣臺北市大安區復興南路一段107巷7號1樓,unknown,yes,unknown,unknown,中
ChIJ93GMsNipQjQRyqCdAeGw-fQ,BearJunkies熊飲（早午餐＆酒吧）,108台灣臺北市萬華區新起里昆明街192號2樓,https://www.google.com/maps/search/?api=1&query=BearJunkies%E7%86%8A%E9%A3%B2%EF%BC%88%E6%97%A9%E5%8D%88%E9%A4%90%EF%BC%86%E9%85%92%E5%90%A7%EF%BC%89&query_place_id=ChIJ93GMsNipQjQRyqCdAeGw-fQ,提供 (Yes),Google 地圖「簡介」頁面明確標記「兒童高腳椅」,BearJunkies熊飲（早午餐＆酒吧）,108台灣臺北市萬華區新起里昆明街192號2樓,unknown,yes,unknown,unknown,資訊不足
ChIJ96O7DYmpQjQRwXiR9EspgkQ,光一肆號,106台灣臺北市大安區大學里新生南路三段76巷2號,https://www.google.com/maps/search/?api=1&query=%E5%85%89%E4%B8%80%E8%82%86%E8%99%9F&query_place_id=ChIJ96O7DYmpQjQRwXiR9EspgkQ,提供 (Yes),Google 地圖「簡介」頁面明確標記「兒童高腳椅」,光一肆號,106台灣臺北市大安區大學里新生南路三段76巷2號,unknown,yes,unknown,no,高
ChIJ97N8KHGqQjQRwyZ8CRnNiuQ,潮飯,116台灣臺北市文山區開元街36號,https://www.google.com/maps/search/?api=1&query=%E6%BD%AE%E9%A3%AF&query_place_id=ChIJ97N8KHGqQjQRwyZ8CRnNiuQ,提供 (Yes),Google 地圖「簡介」頁面明確標記「兒童高腳椅」,潮飯,116台灣臺北市文山區開元街36號,unknown,yes,unknown,unknown,資訊不足
ChIJ97_CUYKpQjQRoiw8x6BqopA,豐盛食堂,106台灣臺北市大安區永康里麗水街1之3號,https://www.google.com/maps/search/?api=1&query=%E8%B1%90%E7%9B%9B%E9%A3%9F%E5%A0%82&query_place_id=ChIJ97_CUYKpQjQRoiw8x6BqopA,提供 (Yes),Google 地圖「簡介」頁面明確標記「兒童高腳椅」,豐盛食堂,106台灣臺北市大安區永康里麗水街1之3號,unknown,yes,unknown,no,高
ChIJ9SRDXVGtQjQRzVBCVI_dMH4,圓安宴粵菜料理,11467台灣臺北市內湖區成功路二段322號,https://www.google.com/maps/search/?api=1&query=%E5%9C%93%E5%AE%89%E5%AE%B4%E7%B2%B5%E8%8F%9C%E6%96%99%E7%90%86&query_place_id=ChIJ9SRDXVGtQjQRzVBCVI_dMH4,提供 (Yes),Google 地圖「簡介」頁面明確標記「兒童高腳椅」,圓安宴粵菜料理,11467台灣臺北市內湖區成功路二段322號,unknown,yes,unknown,unknown,資訊不足
ChIJ9Y1eI4KpQjQRO9xqg1e_1oA,petit doux 微兜 永康店,106台灣臺北市大安區福住里信義路二段198巷7之3號,https://www.google.com/maps/search/?api=1&query=petit%20doux%20%E5%BE%AE%E5%85%9C%20%E6%B0%B8%E5%BA%B7%E5%BA%97&query_place_id=ChIJ9Y1eI4KpQjQRO9xqg1e_1oA,提供 (Yes),Google 地圖「簡介」頁面明確標記「兒童高腳椅」,petit doux 微兜 永康店,106台灣臺北市大安區福住里信義路二段198巷7之3號,unknown,yes,unknown,unknown,高
ChIJ9fOjOhKsQjQRL6BiIDTYm2M,豐 FOOD 海陸百匯,10491台灣臺北市中山區成功里植福路8號1樓,https://www.google.com/maps/search/?api=1&query=%E8%B1%90%20FOOD%20%E6%B5%B7%E9%99%B8%E7%99%BE%E5%8C%AF&query_place_id=ChIJ9fOjOhKsQjQRL6BiIDTYm2M,提供 (Yes),Google 地圖「簡介」頁面明確標記「兒童高腳椅」,豐 FOOD 海陸百匯,10491台灣臺北市中山區成功里植福路8號1樓,likely,yes,likely,no,高
ChIJA-CSdISpQjQRdIySsQDlW6Y,妖食 手作食堂,106台灣臺北市大安區錦安里永康街73號,https://www.google.com/maps/search/?api=1&query=%E5%A6%96%E9%A3%9F%20%E6%89%8B%E4%BD%9C%E9%A3%9F%E5%A0%82&query_place_id=ChIJA-CSdISpQjQRdIySsQDlW6Y,提供 (Yes),Google 地圖「簡介」頁面明確標記「兒童高腳椅」,妖食 手作食堂,106台灣臺北市大安區錦安里永康街73號,unknown,yes,unknown,no,高
ChIJA0jJYwCtQjQR80dXw81H7O4,TG BISTRO,114台灣臺北市內湖區紫陽里文德路210巷30弄37號,https://www.google.com/maps/search/?api=1&query=TG%20BISTRO&query_place_id=ChIJA0jJYwCtQjQR80dXw81H7O4,提供 (Yes),Google 地圖「簡介」頁面明確標記「兒童高腳椅」,TG BISTRO,114台灣臺北市內湖區紫陽里文德路210巷30弄37號,unknown,yes,unknown,no,中
ChIJA3Tar4StQjQRADi3HQvT3ZM,Omnivore,"No. 57號, 金湖路內湖區臺北市台灣 114",https://www.google.com/maps/search/?api=1&query=Omnivore&query_place_id=ChIJA3Tar4StQjQRADi3HQvT3ZM,提供 (Yes),Google 地圖「簡介」頁面明確標記「兒童高腳椅」,Omnivore,"No. 57號, 金湖路內湖區臺北市台灣 114",unknown,yes,unknown,unknown,高
ChIJA5yzqgGqQjQRCdLMEefq3TQ,龍哥食堂,116台灣臺北市文山區萬慶街17號,https://www.google.com/maps/search/?api=1&query=%E9%BE%8D%E5%93%A5%E9%A3%9F%E5%A0%82&query_place_id=ChIJA5yzqgGqQjQRCdLMEefq3TQ,提供 (Yes),Google 地圖「簡介」頁面明確標記「兒童高腳椅」,龍哥食堂,116台灣臺北市文山區萬慶街17號,unknown,yes,unknown,no,高
ChIJAR0vMtupQjQRczLl1xDNISs,ROXY 36 CAFE 樂嬉咖啡餐館,106604台灣臺北市大安區錦華里金山南路二段222號1樓,https://www.google.com/maps/search/?api=1&query=ROXY%2036%20CAFE%20%E6%A8%82%E5%AC%89%E5%92%96%E5%95%A1%E9%A4%90%E9%A4%A8&query_place_id=ChIJAR0vMtupQjQRczLl1xDNISs,提供 (Yes),Google 地圖「簡介」頁面明確標記「兒童高腳椅」,ROXY 36 CAFE 樂嬉咖啡餐館,106604台灣臺北市大安區錦華里金山南路二段222號1樓,unknown,yes,unknown,unknown,資訊不足
ChIJASUZtbquQjQRNQwpDbydjLI,食尚曼谷,111台灣臺北市士林區大東路54號,https://www.google.com/maps/search/?api=1&query=%E9%A3%9F%E5%B0%9A%E6%9B%BC%E8%B0%B7&query_place_id=ChIJASUZtbquQjQRNQwpDbydjLI,提供 (Yes),Google 地圖「簡介」頁面明確標記「兒童高腳椅」,食尚曼谷,111台灣臺北市士林區大東路54號,unknown,yes,unknown,unknown,資訊不足
ChIJAbTuKwapQjQRFJHX2bqMHqA,PEPPINO 培皮諾小館,106台灣臺北市大安區民輝里濟南路三段42號,https://www.google.com/maps/search/?api=1&query=PEPPINO%20%E5%9F%B9%E7%9A%AE%E8%AB%BE%E5%B0%8F%E9%A4%A8&query_place_id=ChIJAbTuKwapQjQRFJHX2bqMHqA,提供 (Yes),Google 地圖「簡介」頁面明確標記「兒童高腳椅」,PEPPINO 培皮諾小館,106台灣臺北市大安區民輝里濟南路三段42號,unknown,yes,unknown,unknown,資訊不足
ChIJB8HhqYurQjQRSOLmsl5TQFQ,小院子?特色地方熱炒?陝西外省?麵食?飯類?,105409台灣臺北市松山區東光里南京東路五段123巷2弄7號,https://www.google.com/maps/search/?api=1&query=%E5%B0%8F%E9%99%A2%E5%AD%90%E2%8B%84%E7%89%B9%E8%89%B2%E5%9C%B0%E6%96%B9%E7%86%B1%E7%82%92%E2%8B%84%E9%99%9D%E8%A5%BF%E5%A4%96%E7%9C%81%E2%8B%84%E9%BA%B5%E9%A3%9F%E2%8B%84%E9%A3%AF%E9%A1%9E%E2%8B%84&query_place_id=ChIJB8HhqYurQjQRSOLmsl5TQFQ,提供 (Yes),Google 地圖「簡介」頁面明確標記「兒童高腳椅」,小院子?特色地方熱炒?陝西外省?麵食?飯類?,105409台灣臺北市松山區東光里南京東路五段123巷2弄7號,unknown,yes,unknown,no,高
ChIJB8xuAmypQjQRazcg8mXEgHw,WOWFFIZI cafe&Bistro 烏菲茲餐酒館,103台灣臺北市大同區建泰里南京西路18巷4弄6-1號1樓,https://www.google.com/maps/search/?api=1&query=WOWFFIZI%20cafe%26Bistro%20%E7%83%8F%E8%8F%B2%E8%8C%B2%E9%A4%90%E9%85%92%E9%A4%A8&query_place_id=ChIJB8xuAmypQjQRazcg8mXEgHw,提供 (Yes),Google 地圖「簡介」頁面明確標記「兒童高腳椅」,WOWFFIZI cafe&Bistro 烏菲茲餐酒館,103台灣臺北市大同區建泰里南京西路18巷4弄6-1號1樓,unknown,yes,unknown,unknown,資訊不足
ChIJBQCOmmStQjQR0DvynmAtv7c,P.Ming泰式廚坊,114台灣臺北市內湖區內湖路一段600巷2號,https://www.google.com/maps/search/?api=1&query=P.Ming%E6%B3%B0%E5%BC%8F%E5%BB%9A%E5%9D%8A&query_place_id=ChIJBQCOmmStQjQR0DvynmAtv7c,提供 (Yes),Google 地圖「簡介」頁面明確標記「兒童高腳椅」,P.Ming泰式廚坊,114台灣臺北市內湖區內湖路一段600巷2號,unknown,yes,unknown,unknown,資訊不足
ChIJBao-TG6sQjQRSPZBdnvF7Bw,巷上食璞川菜客家菜,114台灣臺北市內湖區瑞光路513巷22弄15號,https://www.google.com/maps/search/?api=1&query=%E5%B7%B7%E4%B8%8A%E9%A3%9F%E7%92%9E%E5%B7%9D%E8%8F%9C%E5%AE%A2%E5%AE%B6%E8%8F%9C&query_place_id=ChIJBao-TG6sQjQRSPZBdnvF7Bw,提供 (Yes),Google 地圖「簡介」頁面明確標記「兒童高腳椅」,巷上食璞川菜客家菜,114台灣臺北市內湖區瑞光路513巷22弄15號,unknown,yes,unknown,unknown,資訊不足
ChIJBb82pzyrQjQR8hHq2LSQtZA,PALAISYI,106台灣臺北市大安區昌隆里安東街40巷45號,https://www.google.com/maps/search/?api=1&query=PALAISYI&query_place_id=ChIJBb82pzyrQjQR8hHq2LSQtZA,提供 (Yes),Google 地圖「簡介」頁面明確標記「兒童高腳椅」,PALAISYI,106台灣臺北市大安區昌隆里安東街40巷45號,unknown,yes,unknown,unknown,資訊不足
ChIJBeLlLLeuQjQRTCByYfH5R6g,秘食咖啡-士林店,111台灣臺北市士林區前港里華齡街188號,https://www.google.com/maps/search/?api=1&query=%E7%A7%98%E9%A3%9F%E5%92%96%E5%95%A1-%E5%A3%AB%E6%9E%97%E5%BA%97&query_place_id=ChIJBeLlLLeuQjQRTCByYfH5R6g,提供 (Yes),Google 地圖「簡介」頁面明確標記「兒童高腳椅」,秘食咖啡-士林店,111台灣臺北市士林區前港里華齡街188號,unknown,yes,unknown,no,高
ChIJC-1uOBOpQjQRq_pdWQgSpBU,新醉紅樓菜館,103台灣臺北市大同區建功里天水路14號2樓,https://www.google.com/maps/search/?api=1&query=%E6%96%B0%E9%86%89%E7%B4%85%E6%A8%93%E8%8F%9C%E9%A4%A8&query_place_id=ChIJC-1uOBOpQjQRq_pdWQgSpBU,提供 (Yes),Google 地圖「簡介」頁面明確標記「兒童高腳椅」,新醉紅樓菜館,103台灣臺北市大同區建功里天水路14號2樓,unknown,yes,unknown,unknown,中
ChIJC1PDcsmrQjQR_f22mdWyC-g,SHANN SHANN 小香 台北三越信義店,110台灣臺北市信義區松壽路9號6樓,https://www.google.com/maps/search/?api=1&query=SHANN%20SHANN%20%E5%B0%8F%E9%A6%99%20%E5%8F%B0%E5%8C%97%E4%B8%89%E8%B6%8A%E4%BF%A1%E7%BE%A9%E5%BA%97&query_place_id=ChIJC1PDcsmrQjQR_f22mdWyC-g,提供 (Yes),Google 地圖「簡介」頁面明確標記「兒童高腳椅」,SHANN SHANN 小香 台北三越信義店,110台灣臺北市信義區松壽路9號6樓,unknown,yes,unknown,unknown,中
ChIJC5v3WaapQjQR7-Pb6CAyHgw,大稻埕貴賓 寵物友善餐廳 standard poodle coffee,103台灣臺北市大同區南芳里迪化街一段302號,https://www.google.com/maps/search/?api=1&query=%E5%A4%A7%E7%A8%BB%E5%9F%95%E8%B2%B4%E8%B3%93%20%E5%AF%B5%E7%89%A9%E5%8F%8B%E5%96%84%E9%A4%90%E5%BB%B3%20standard%20poodle%20coffee&query_place_id=ChIJC5v3WaapQjQR7-Pb6CAyHgw,提供 (Yes),Google 地圖「簡介」頁面明確標記「兒童高腳椅」,大稻埕貴賓 寵物友善餐廳 standard poodle coffee,103台灣臺北市大同區南芳里迪化街一段302號,unknown,yes,unknown,unknown,中
ChIJCQNN0VauQjQRE7_sDeR48nU,牙口,112台灣臺北市北投區大同里大興街9巷45號,https://www.google.com/maps/search/?api=1&query=%E7%89%99%E5%8F%A3&query_place_id=ChIJCQNN0VauQjQRE7_sDeR48nU,提供 (Yes),Google 地圖「簡介」頁面明確標記「兒童高腳椅」,牙口,112台灣臺北市北投區大同里大興街9巷45號,unknown,yes,unknown,unknown,資訊不足
ChIJCUYshtWrQjQRsI3M0yTmJK4,咖央早午餐,106台灣臺北市大安區光武里大安路一段51巷2號2樓,https://www.google.com/maps/search/?api=1&query=%E5%92%96%E5%A4%AE%E6%97%A9%E5%8D%88%E9%A4%90&query_place_id=ChIJCUYshtWrQjQRsI3M0yTmJK4,提供 (Yes),Google 地圖「簡介」頁面明確標記「兒童高腳椅」,咖央早午餐,106台灣臺北市大安區光武里大安路一段51巷2號2樓,unknown,yes,unknown,unknown,中
ChIJCVkZn_SuQjQRLWzrQk6rC-4,禾竹私房料理（預約制）,112台灣臺北市北投區立農里西安街二段115號,https://www.google.com/maps/search/?api=1&query=%E7%A6%BE%E7%AB%B9%E7%A7%81%E6%88%BF%E6%96%99%E7%90%86%EF%BC%88%E9%A0%90%E7%B4%84%E5%88%B6%EF%BC%89&query_place_id=ChIJCVkZn_SuQjQRLWzrQk6rC-4,提供 (Yes),Google 地圖「簡介」頁面明確標記「兒童高腳椅」,禾竹私房料理（預約制）,112台灣臺北市北投區立農里西安街二段115號,unknown,yes,unknown,unknown,中
ChIJC__DU9KrQjQR3iQYdYuTS9c,光司DATE 義大利麵 大安店,106台灣臺北市大安區大安路一段242號,https://www.google.com/maps/search/?api=1&query=%E5%85%89%E5%8F%B8DATE%20%E7%BE%A9%E5%A4%A7%E5%88%A9%E9%BA%B5%20%E5%A4%A7%E5%AE%89%E5%BA%97&query_place_id=ChIJC__DU9KrQjQR3iQYdYuTS9c,提供 (Yes),Google 地圖「簡介」頁面明確標記「兒童高腳椅」,光司DATE 義大利麵 大安店,106台灣臺北市大安區大安路一段242號,unknown,yes,unknown,no,高
ChIJCdNDfmSpQjQRez1SyDAcCRU,初光義大利麵(西門町),108007台灣臺北市萬華區貴陽街二段29巷1號,https://www.google.com/maps/search/?api=1&query=%E5%88%9D%E5%85%89%E7%BE%A9%E5%A4%A7%E5%88%A9%E9%BA%B5(%E8%A5%BF%E9%96%80%E7%94%BA)&query_place_id=ChIJCdNDfmSpQjQRez1SyDAcCRU,提供 (Yes),Google 地圖「簡介」頁面明確標記「兒童高腳椅」,初光義大利麵(西門町),108007台灣臺北市萬華區貴陽街二段29巷1號,unknown,yes,unknown,unknown,資訊不足
ChIJCzPYW2ipQjQR-p1YtM7k8jA,金品茶樓,10491台灣臺北市中山區長春路16號,https://www.google.com/maps/search/?api=1&query=%E9%87%91%E5%93%81%E8%8C%B6%E6%A8%93&query_place_id=ChIJCzPYW2ipQjQR-p1YtM7k8jA,提供 (Yes),Google 地圖「簡介」頁面明確標記「兒童高腳椅」,金品茶樓,10491台灣臺北市中山區長春路16號,unknown,yes,unknown,unknown,資訊不足
ChIJD044UFytQjQRc2pdLITKvgE,巴特咬吐司,114台灣臺北市內湖區港華街75號,https://www.google.com/maps/search/?api=1&query=%E5%B7%B4%E7%89%B9%E5%92%AC%E5%90%90%E5%8F%B8&query_place_id=ChIJD044UFytQjQRc2pdLITKvgE,提供 (Yes),Google 地圖「簡介」頁面明確標記「兒童高腳椅」,巴特咬吐司,114台灣臺北市內湖區港華街75號,unknown,yes,unknown,no,高
ChIJD0Os712rQjQRoQEIH9Hvm0k,粵亮廣式料理,115台灣臺北市南港區忠孝東路七段359號8樓,https://www.google.com/maps/search/?api=1&query=%E7%B2%B5%E4%BA%AE%E5%BB%A3%E5%BC%8F%E6%96%99%E7%90%86&query_place_id=ChIJD0Os712rQjQRoQEIH9Hvm0k,提供 (Yes),Google 地圖「簡介」頁面明確標記「兒童高腳椅」,粵亮廣式料理,115台灣臺北市南港區忠孝東路七段359號8樓,unknown,yes,unknown,unknown,中
ChIJD6Po8jqrQjQRAWmFk3XnIUk,UNCLE RAY 串燒·牛飲·咖喱 台北大安,106台灣臺北市大安區敦化南路一段160巷48號1樓,https://www.google.com/maps/search/?api=1&query=UNCLE%20RAY%20%E4%B8%B2%E7%87%92%C2%B7%E7%89%9B%E9%A3%B2%C2%B7%E5%92%96%E5%96%B1%20%E5%8F%B0%E5%8C%97%E5%A4%A7%E5%AE%89&query_place_id=ChIJD6Po8jqrQjQRAWmFk3XnIUk,提供 (Yes),Google 地圖「簡介」頁面明確標記「兒童高腳椅」,UNCLE RAY 串燒·牛飲·咖喱 台北大安,106台灣臺北市大安區敦化南路一段160巷48號1樓,unknown,yes,unknown,unknown,中
ChIJDRg6PQCrQjQRF5UBQT_vCSE,老井極上燒肉 台北信義店,110台灣臺北市信義區松仁路99號B1,https://www.google.com/maps/search/?api=1&query=%E8%80%81%E4%BA%95%E6%A5%B5%E4%B8%8A%E7%87%92%E8%82%89%20%E5%8F%B0%E5%8C%97%E4%BF%A1%E7%BE%A9%E5%BA%97&query_place_id=ChIJDRg6PQCrQjQRF5UBQT_vCSE,提供 (Yes),Google 地圖「簡介」頁面明確標記「兒童高腳椅」,老井極上燒肉 台北信義店,110台灣臺北市信義區松仁路99號B1,unknown,yes,unknown,unknown,資訊不足
ChIJDY3p2retQjQRulLVrOQw7G8,義沐 Eat MU 台北內湖店,114台灣臺北市內湖區瑞光路583巷29號1F,https://www.google.com/maps/search/?api=1&query=%E7%BE%A9%E6%B2%90%20Eat%20MU%20%E5%8F%B0%E5%8C%97%E5%85%A7%E6%B9%96%E5%BA%97&query_place_id=ChIJDY3p2retQjQRulLVrOQw7G8,提供 (Yes),Google 地圖「簡介」頁面明確標記「兒童高腳椅」,義沐 Eat MU 台北內湖店,114台灣臺北市內湖區瑞光路583巷29號1F,unknown,yes,unknown,unknown,中
ChIJDZR5S9CrQjQRo2E7h0QiaFY,Cross Cafe克勞斯咖啡店,106台灣臺北市大安區仁愛里仁愛路四段91巷23號,https://www.google.com/maps/search/?api=1&query=Cross%20Cafe%E5%85%8B%E5%8B%9E%E6%96%AF%E5%92%96%E5%95%A1%E5%BA%97&query_place_id=ChIJDZR5S9CrQjQRo2E7h0QiaFY,提供 (Yes),Google 地圖「簡介」頁面明確標記「兒童高腳椅」,Cross Cafe克勞斯咖啡店,106台灣臺北市大安區仁愛里仁愛路四段91巷23號,unknown,yes,unknown,unknown,中
ChIJDZaX0gapQjQRh0x9LhtDHA8,得嘉野Dejia’s Brunch—媽媽的手作早午餐,108台灣臺北市萬華區福音里昆明街278號,https://www.google.com/maps/search/?api=1&query=%E5%BE%97%E5%98%89%E9%87%8EDejia%E2%80%99s%20Brunch%E2%80%94%E5%AA%BD%E5%AA%BD%E7%9A%84%E6%89%8B%E4%BD%9C%E6%97%A9%E5%8D%88%E9%A4%90&query_place_id=ChIJDZaX0gapQjQRh0x9LhtDHA8,提供 (Yes),Google 地圖「簡介」頁面明確標記「兒童高腳椅」,得嘉野Dejia’s Brunch—媽媽的手作早午餐,108台灣臺北市萬華區福音里昆明街278號,unknown,yes,unknown,unknown,資訊不足
ChIJD_FkWfSuQjQRGBHogubAiys,來喫川菜,112台灣臺北市北投區東華里東華街二段180號,https://www.google.com/maps/search/?api=1&query=%E4%BE%86%E5%96%AB%E5%B7%9D%E8%8F%9C&query_place_id=ChIJD_FkWfSuQjQRGBHogubAiys,提供 (Yes),Google 地圖「簡介」頁面明確標記「兒童高腳椅」,來喫川菜,112台灣臺北市北投區東華里東華街二段180號,unknown,yes,unknown,no,資訊不足
ChIJD_w8zSavQjQRdGub8mniLZU,食光機芝山店,111台灣臺北市士林區福華路166巷5號,https://www.google.com/maps/search/?api=1&query=%E9%A3%9F%E5%85%89%E6%A9%9F%E8%8A%9D%E5%B1%B1%E5%BA%97&query_place_id=ChIJD_w8zSavQjQRdGub8mniLZU,提供 (Yes),Google 地圖「簡介」頁面明確標記「兒童高腳椅」,食光機芝山店,111台灣臺北市士林區福華路166巷5號,unknown,yes,unknown,no,高
ChIJDcbHlEipQjQR15zhkJX0LO4,漁陶屋 日式料理,103台灣臺北市大同區承德路三段206之1號,https://www.google.com/maps/search/?api=1&query=%E6%BC%81%E9%99%B6%E5%B1%8B%20%E6%97%A5%E5%BC%8F%E6%96%99%E7%90%86&query_place_id=ChIJDcbHlEipQjQR15zhkJX0LO4,提供 (Yes),Google 地圖「簡介」頁面明確標記「兒童高腳椅」,漁陶屋 日式料理,103台灣臺北市大同區承德路三段206之1號,unknown,yes,unknown,unknown,資訊不足
ChIJE1T0HLqrQjQRiTd_HoSvC1Y,合居酒屋,105台灣臺北市松山區新東街6巷4號,https://www.google.com/maps/search/?api=1&query=%E5%90%88%E5%B1%85%E9%85%92%E5%B1%8B&query_place_id=ChIJE1T0HLqrQjQRiTd_HoSvC1Y,提供 (Yes),Google 地圖「簡介」頁面明確標記「兒童高腳椅」,合居酒屋,105台灣臺北市松山區新東街6巷4號,unknown,yes,unknown,unknown,資訊不足
ChIJE3nu7rWpQjQRaQOvDIWq5FM,大院子,106台灣臺北市大安區龍坡里和平東路一段248巷10號1樓,https://www.google.com/maps/search/?api=1&query=%E5%A4%A7%E9%99%A2%E5%AD%90&query_place_id=ChIJE3nu7rWpQjQRaQOvDIWq5FM,提供 (Yes),Google 地圖「簡介」頁面明確標記「兒童高腳椅」,大院子,106台灣臺北市大安區龍坡里和平東路一段248巷10號1樓,unknown,yes,unknown,no,高
ChIJE6Bs2gmvQjQRtAz6tceQFWY,簡單早餐,111台灣臺北市士林區前港里前港街36號,https://www.google.com/maps/search/?api=1&query=%E7%B0%A1%E5%96%AE%E6%97%A9%E9%A4%90&query_place_id=ChIJE6Bs2gmvQjQRtAz6tceQFWY,提供 (Yes),Google 地圖「簡介」頁面明確標記「兒童高腳椅」,簡單早餐,111台灣臺北市士林區前港里前港街36號,unknown,yes,unknown,unknown,資訊不足
ChIJEQc01pesQjQRzU-pUg9Sgik,橘鄉小館,114台灣臺北市內湖區葫洲里民權東路六段280巷15號,https://www.google.com/maps/search/?api=1&query=%E6%A9%98%E9%84%89%E5%B0%8F%E9%A4%A8&query_place_id=ChIJEQc01pesQjQRzU-pUg9Sgik,提供 (Yes),Google 地圖「簡介」頁面明確標記「兒童高腳椅」,橘鄉小館,114台灣臺北市內湖區葫洲里民權東路六段280巷15號,unknown,yes,unknown,no,高
ChIJExaV59OrQjQRPTswyqFCMIg,祥二屋 日式丼飯料理專門店,116080台灣臺北市文山區興隆路三段136號2樓,https://www.google.com/maps/search/?api=1&query=%E7%A5%A5%E4%BA%8C%E5%B1%8B%20%E6%97%A5%E5%BC%8F%E4%B8%BC%E9%A3%AF%E6%96%99%E7%90%86%E5%B0%88%E9%96%80%E5%BA%97&query_place_id=ChIJExaV59OrQjQRPTswyqFCMIg,提供 (Yes),Google 地圖「簡介」頁面明確標記「兒童高腳椅」,祥二屋 日式丼飯料理專門店,116080台灣臺北市文山區興隆路三段136號2樓,unknown,yes,unknown,unknown,資訊不足
ChIJF8QE8ESrQjQR54Q3gYiJ2yw,CAFE LE MAHE,106台灣臺北市大安區住安里信義路四段30巷7弄9號,https://www.google.com/maps/search/?api=1&query=CAFE%20LE%20MAHE&query_place_id=ChIJF8QE8ESrQjQR54Q3gYiJ2yw,提供 (Yes),Google 地圖「簡介」頁面明確標記「兒童高腳椅」,CAFE LE MAHE,106台灣臺北市大安區住安里信義路四段30巷7弄9號,unknown,yes,unknown,no,高
ChIJFQ8SCVSuQjQRrzHKmu_3xZg,喬園二店,112台灣臺北市北投區大同里大業路478號,https://www.google.com/maps/search/?api=1&query=%E5%96%AC%E5%9C%92%E4%BA%8C%E5%BA%97&query_place_id=ChIJFQ8SCVSuQjQRrzHKmu_3xZg,提供 (Yes),Google 地圖「簡介」頁面明確標記「兒童高腳椅」,喬園二店,112台灣臺北市北投區大同里大業路478號,unknown,yes,unknown,no,高
ChIJFRwCvjitQjQRIUW3FrHbvlw,白菜小姐義式坊,114台灣臺北市內湖區港墘里江南街71巷16弄40號,https://www.google.com/maps/search/?api=1&query=%E7%99%BD%E8%8F%9C%E5%B0%8F%E5%A7%90%E7%BE%A9%E5%BC%8F%E5%9D%8A&query_place_id=ChIJFRwCvjitQjQRIUW3FrHbvlw,提供 (Yes),Google 地圖「簡介」頁面明確標記「兒童高腳椅」,白菜小姐義式坊,114台灣臺北市內湖區港墘里江南街71巷16弄40號,unknown,yes,unknown,unknown,高
ChIJFV8d7lirQjQRyz-FZwup5WI,三竹園客家小館,115台灣臺北市南港區三重里南港路一段128號,https://www.google.com/maps/search/?api=1&query=%E4%B8%89%E7%AB%B9%E5%9C%92%E5%AE%A2%E5%AE%B6%E5%B0%8F%E9%A4%A8&query_place_id=ChIJFV8d7lirQjQRyz-FZwup5WI,提供 (Yes),Google 地圖「簡介」頁面明確標記「兒童高腳椅」,三竹園客家小館,115台灣臺北市南港區三重里南港路一段128號,unknown,yes,unknown,unknown,資訊不足
ChIJFe7qqgCrQjQRzlALrqyVN24,鴨覓 烤鴨餐廳 - 信義南山店,110台灣臺北市信義區西村里松智路17號B1,https://www.google.com/maps/search/?api=1&query=%E9%B4%A8%E8%A6%93%20%E7%83%A4%E9%B4%A8%E9%A4%90%E5%BB%B3%20-%20%E4%BF%A1%E7%BE%A9%E5%8D%97%E5%B1%B1%E5%BA%97&query_place_id=ChIJFe7qqgCrQjQRzlALrqyVN24,提供 (Yes),Google 地圖「簡介」頁面明確標記「兒童高腳椅」,鴨覓 烤鴨餐廳 - 信義南山店,110台灣臺北市信義區西村里松智路17號B1,unknown,yes,unknown,no,高
ChIJFefrWyqvQjQRh4kPxEG1nRQ,小菠蘿3號店-複合式早午餐,111台灣臺北市士林區百齡里華齡街70號,https://www.google.com/maps/search/?api=1&query=%E5%B0%8F%E8%8F%A0%E8%98%BF3%E8%99%9F%E5%BA%97-%E8%A4%87%E5%90%88%E5%BC%8F%E6%97%A9%E5%8D%88%E9%A4%90&query_place_id=ChIJFefrWyqvQjQRh4kPxEG1nRQ,提供 (Yes),Google 地圖「簡介」頁面明確標記「兒童高腳椅」,小菠蘿3號店-複合式早午餐,111台灣臺北市士林區百齡里華齡街70號,unknown,yes,unknown,unknown,資訊不足
ChIJFekkptgBaDQRNxL7DbKmF8E,-焱鬼鍋燒專門店-文山三番店 木柵美食 木柵餐廳 木柵小吃 木柵restaurant 動物園美食 政大美食,116台灣臺北市文山區木新路二段252號,https://www.google.com/maps/search/?api=1&query=-%E7%84%B1%E9%AC%BC%E9%8D%8B%E7%87%92%E5%B0%88%E9%96%80%E5%BA%97-%E6%96%87%E5%B1%B1%E4%B8%89%E7%95%AA%E5%BA%97%20%E6%9C%A8%E6%9F%B5%E7%BE%8E%E9%A3%9F%20%E6%9C%A8%E6%9F%B5%E9%A4%90%E5%BB%B3%20%E6%9C%A8%E6%9F%B5%E5%B0%8F%E5%90%83%20%E6%9C%A8%E6%9F%B5restaurant%20%E5%8B%95%E7%89%A9%E5%9C%92%E7%BE%8E%E9%A3%9F%20%E6%94%BF%E5%A4%A7%E7%BE%8E%E9%A3%9F&query_place_id=ChIJFekkptgBaDQRNxL7DbKmF8E,提供 (Yes),Google 地圖「簡介」頁面明確標記「兒童高腳椅」,-焱鬼鍋燒專門店-文山三番店 木柵美食 木柵餐廳 木柵小吃 木柵restaurant 動物園美食 政大美食,116台灣臺北市文山區木新路二段252號,unknown,yes,unknown,unknown,資訊不足
ChIJG1cduBerQjQRm_ttQ09Tn6U,Kitkit創意川食（東豐店),106台灣臺北市大安區德安里東豐街51號號1樓,https://www.google.com/maps/search/?api=1&query=Kitkit%E5%89%B5%E6%84%8F%E5%B7%9D%E9%A3%9F%EF%BC%88%E6%9D%B1%E8%B1%90%E5%BA%97)&query_place_id=ChIJG1cduBerQjQRm_ttQ09Tn6U,提供 (Yes),Google 地圖「簡介」頁面明確標記「兒童高腳椅」,Kitkit創意川食（東豐店),106台灣臺北市大安區德安里東豐街51號號1樓,unknown,yes,unknown,no,高
ChIJG1dfpJ6rQjQR380hhnhku44,瓦城泰國料理 - 松山車站店,110台灣臺北市信義區永吉里松山路11號2 樓,https://www.google.com/maps/search/?api=1&query=%E7%93%A6%E5%9F%8E%E6%B3%B0%E5%9C%8B%E6%96%99%E7%90%86%20-%20%E6%9D%BE%E5%B1%B1%E8%BB%8A%E7%AB%99%E5%BA%97&query_place_id=ChIJG1dfpJ6rQjQR380hhnhku44,提供 (Yes),Google 地圖「簡介」頁面明確標記「兒童高腳椅」,瓦城泰國料理 - 松山車站店,110台灣臺北市信義區永吉里松山路11號2 樓,unknown,yes,unknown,no,高
ChIJG5s_KO6pQjQRBlrh8GPJHP8,日式居酒館 ABV Bar & Kitchen 台北中山店,104台灣臺北市中山區中山北路二段39巷16之2號,https://www.google.com/maps/search/?api=1&query=%E6%97%A5%E5%BC%8F%E5%B1%85%E9%85%92%E9%A4%A8%20ABV%20Bar%20%26%20Kitchen%20%E5%8F%B0%E5%8C%97%E4%B8%AD%E5%B1%B1%E5%BA%97&query_place_id=ChIJG5s_KO6pQjQRBlrh8GPJHP8,提供 (Yes),Google 地圖「簡介」頁面明確標記「兒童高腳椅」,日式居酒館 ABV Bar & Kitchen 台北中山店,104台灣臺北市中山區中山北路二段39巷16之2號,unknown,yes,unknown,unknown,資訊不足
ChIJG65ZZISpQjQR7BMW90XtB14,Bea's Bistro 美式餐館,106台灣臺北市大安區錦安里潮州街133號,https://www.google.com/maps/search/?api=1&query=Bea's%20Bistro%20%E7%BE%8E%E5%BC%8F%E9%A4%90%E9%A4%A8&query_place_id=ChIJG65ZZISpQjQR7BMW90XtB14,提供 (Yes),Google 地圖「簡介」頁面明確標記「兒童高腳椅」,Bea's Bistro 美式餐館,106台灣臺北市大安區錦安里潮州街133號,unknown,yes,unknown,unknown,高
ChIJGUQiXkmvQjQRo59OxREZD-I,士林廚房,11141台灣臺北市士林區中山北路五段470巷8號1樓,https://www.google.com/maps/search/?api=1&query=%E5%A3%AB%E6%9E%97%E5%BB%9A%E6%88%BF&query_place_id=ChIJGUQiXkmvQjQRo59OxREZD-I,提供 (Yes),Google 地圖「簡介」頁面明確標記「兒童高腳椅」,士林廚房,11141台灣臺北市士林區中山北路五段470巷8號1樓,unknown,yes,unknown,unknown,資訊不足
ChIJG_aE5O2pQjQRu3kBAu_hgcE,Dino Brunch 迪諾早午餐,104台灣臺北市中山區新庄里德惠街95號1樓,https://www.google.com/maps/search/?api=1&query=Dino%20Brunch%20%E8%BF%AA%E8%AB%BE%E6%97%A9%E5%8D%88%E9%A4%90&query_place_id=ChIJG_aE5O2pQjQRu3kBAu_hgcE,提供 (Yes),Google 地圖「簡介」頁面明確標記「兒童高腳椅」,Dino Brunch 迪諾早午餐,104台灣臺北市中山區新庄里德惠街95號1樓,unknown,yes,unknown,no,高
ChIJGf5EJKOpQjQRAA_YAX12Y0Q,Rest & Roll 糰圓手工披薩,108台灣臺北市萬華區新起里長沙街二段119號1樓,https://www.google.com/maps/search/?api=1&query=Rest%20%26%20Roll%20%E7%B3%B0%E5%9C%93%E6%89%8B%E5%B7%A5%E6%8A%AB%E8%96%A9&query_place_id=ChIJGf5EJKOpQjQRAA_YAX12Y0Q,提供 (Yes),Google 地圖「簡介」頁面明確標記「兒童高腳椅」,Rest & Roll 糰圓手工披薩,108台灣臺北市萬華區新起里長沙街二段119號1樓,unknown,yes,unknown,unknown,資訊不足
ChIJGyPX2yKpQjQRIT3DHLFGMHY,肉次方 燒肉放題 台北峨眉店,108台灣台北市万??万?里峨眉街37號4樓,https://www.google.com/maps/search/?api=1&query=%E8%82%89%E6%AC%A1%E6%96%B9%20%E7%87%92%E8%82%89%E6%94%BE%E9%A1%8C%20%E5%8F%B0%E5%8C%97%E5%B3%A8%E7%9C%89%E5%BA%97&query_place_id=ChIJGyPX2yKpQjQRIT3DHLFGMHY,提供 (Yes),Google 地圖「簡介」頁面明確標記「兒童高腳椅」,肉次方 燒肉放題 台北峨眉店,108台灣台北市万??万?里峨眉街37號4樓,unknown,yes,unknown,unknown,中
ChIJHT9SJOivQjQRuSqsS7lwkpY,BOE Cuisine 歐點餐食,111019台灣臺北市士林區天福里忠誠路二段166巷15號1樓,https://www.google.com/maps/search/?api=1&query=BOE%20Cuisine%20%E6%AD%90%E9%BB%9E%E9%A4%90%E9%A3%9F&query_place_id=ChIJHT9SJOivQjQRuSqsS7lwkpY,提供 (Yes),Google 地圖「簡介」頁面明確標記「兒童高腳椅」,BOE Cuisine 歐點餐食,111019台灣臺北市士林區天福里忠誠路二段166巷15號1樓,unknown,yes,unknown,no,資訊不足
ChIJHZ56gp6uQjQRYaoc4dyx2lM,吉祥小館,111台灣臺北市士林區福志里雨農路31號,https://www.google.com/maps/search/?api=1&query=%E5%90%89%E7%A5%A5%E5%B0%8F%E9%A4%A8&query_place_id=ChIJHZ56gp6uQjQRYaoc4dyx2lM,提供 (Yes),Google 地圖「簡介」頁面明確標記「兒童高腳椅」,吉祥小館,111台灣臺北市士林區福志里雨農路31號,unknown,yes,unknown,no,高
ChIJHcGMToKpQjQRcWfGfKBrPIE,府岸台菜海鮮城,106台灣臺北市大安區永康里永康街8巷7號,https://www.google.com/maps/search/?api=1&query=%E5%BA%9C%E5%B2%B8%E5%8F%B0%E8%8F%9C%E6%B5%B7%E9%AE%AE%E5%9F%8E&query_place_id=ChIJHcGMToKpQjQRcWfGfKBrPIE,提供 (Yes),Google 地圖「簡介」頁面明確標記「兒童高腳椅」,府岸台菜海鮮城,106台灣臺北市大安區永康里永康街8巷7號,unknown,yes,unknown,no,高
ChIJHy61KmerQjQR8yhICwzF4lI,Kingmauii 金茂宜咖啡 台北小巨蛋直營店,10595台灣臺北市松山區東勢里南京東路四段75巷14弄1號1樓,https://www.google.com/maps/search/?api=1&query=Kingmauii%20%E9%87%91%E8%8C%82%E5%AE%9C%E5%92%96%E5%95%A1%20%E5%8F%B0%E5%8C%97%E5%B0%8F%E5%B7%A8%E8%9B%8B%E7%9B%B4%E7%87%9F%E5%BA%97&query_place_id=ChIJHy61KmerQjQR8yhICwzF4lI,提供 (Yes),Google 地圖「簡介」頁面明確標記「兒童高腳椅」,Kingmauii 金茂宜咖啡 台北小巨蛋直營店,10595台灣臺北市松山區東勢里南京東路四段75巷14弄1號1樓,unknown,yes,unknown,no,高
ChIJI-uHec6rQjQRolls8XbSbdY,心潮飯店,110台灣臺北市信義區忠孝東路五段68號2樓,https://www.google.com/maps/search/?api=1&query=%E5%BF%83%E6%BD%AE%E9%A3%AF%E5%BA%97&query_place_id=ChIJI-uHec6rQjQRolls8XbSbdY,提供 (Yes),Google 地圖「簡介」頁面明確標記「兒童高腳椅」,心潮飯店,110台灣臺北市信義區忠孝東路五段68號2樓,unknown,yes,unknown,unknown,中
ChIJI55cuqesQjQR8VGfK9gNLec,非常泰 - 南港中信店,115台灣臺北市南港區經貿二路186-1號1樓C棟,https://www.google.com/maps/search/?api=1&query=%E9%9D%9E%E5%B8%B8%E6%B3%B0%20-%20%E5%8D%97%E6%B8%AF%E4%B8%AD%E4%BF%A1%E5%BA%97&query_place_id=ChIJI55cuqesQjQR8VGfK9gNLec,提供 (Yes),Google 地圖「簡介」頁面明確標記「兒童高腳椅」,非常泰 - 南港中信店,115台灣臺北市南港區經貿二路186-1號1樓C棟,unknown,yes,unknown,unknown,資訊不足
ChIJI71_lI2rQjQRrSioo980a-I,樂漢堡美式餐廳 台北大安店,106台灣臺北市大安區德安里大安路一段223號,https://www.google.com/maps/search/?api=1&query=%E6%A8%82%E6%BC%A2%E5%A0%A1%E7%BE%8E%E5%BC%8F%E9%A4%90%E5%BB%B3%20%E5%8F%B0%E5%8C%97%E5%A4%A7%E5%AE%89%E5%BA%97&query_place_id=ChIJI71_lI2rQjQRrSioo980a-I,提供 (Yes),Google 地圖「簡介」頁面明確標記「兒童高腳椅」,樂漢堡美式餐廳 台北大安店,106台灣臺北市大安區德安里大安路一段223號,unknown,yes,unknown,no,高
ChIJIU2EWtypQjQRjZIwpUbyzJs,Les tables,103台灣臺北市大同區貴德街75-2號1樓,https://www.google.com/maps/search/?api=1&query=Les%20tables&query_place_id=ChIJIU2EWtypQjQRjZIwpUbyzJs,提供 (Yes),Google 地圖「簡介」頁面明確標記「兒童高腳椅」,Les tables,103台灣臺北市大同區貴德街75-2號1樓,unknown,yes,unknown,unknown,資訊不足
ChIJIWnhi92rQjQRUUH3cKDPucI,蘭花廳(台菜海鮮) - 兄弟大飯店,105台灣臺北市松山區中正里南京東路三段255號2-3樓,https://www.google.com/maps/search/?api=1&query=%E8%98%AD%E8%8A%B1%E5%BB%B3(%E5%8F%B0%E8%8F%9C%E6%B5%B7%E9%AE%AE)%20-%20%E5%85%84%E5%BC%9F%E5%A4%A7%E9%A3%AF%E5%BA%97&query_place_id=ChIJIWnhi92rQjQRUUH3cKDPucI,提供 (Yes),Google 地圖「簡介」頁面明確標記「兒童高腳椅」,蘭花廳(台菜海鮮) - 兄弟大飯店,105台灣臺北市松山區中正里南京東路三段255號2-3樓,unknown,yes,unknown,unknown,資訊不足
ChIJIZHjiM-rQjQRLqKEax8bZgQ,Cantina del Gio,106台灣臺北市大安區建倫里忠孝東路四段170巷18弄5號,https://www.google.com/maps/search/?api=1&query=Cantina%20del%20Gio&query_place_id=ChIJIZHjiM-rQjQRLqKEax8bZgQ,提供 (Yes),Google 地圖「簡介」頁面明確標記「兒童高腳椅」,Cantina del Gio,106台灣臺北市大安區建倫里忠孝東路四段170巷18弄5號,unknown,yes,unknown,no,中
ChIJIfRQpWSsQjQRH6lLSQk6r1A,GREEN BUNNY restaurant,114台灣臺北市內湖區港墘里江南街96巷32號,https://www.google.com/maps/search/?api=1&query=GREEN%20BUNNY%20restaurant&query_place_id=ChIJIfRQpWSsQjQRH6lLSQk6r1A,提供 (Yes),Google 地圖「簡介」頁面明確標記「兒童高腳椅」,GREEN BUNNY restaurant,114台灣臺北市內湖區港墘里江南街96巷32號,unknown,yes,unknown,unknown,資訊不足
ChIJIwQ334qrQjQRSOLTH_2l5EA,恰到好處本舖,116台灣臺北市文山區萬芳里萬安街No. 17號,https://www.google.com/maps/search/?api=1&query=%E6%81%B0%E5%88%B0%E5%A5%BD%E8%99%95%E6%9C%AC%E8%88%96&query_place_id=ChIJIwQ334qrQjQRSOLTH_2l5EA,提供 (Yes),Google 地圖「簡介」頁面明確標記「兒童高腳椅」,恰到好處本舖,116台灣臺北市文山區萬芳里萬安街No. 17號,unknown,yes,unknown,unknown,資訊不足
ChIJJ13-mEirQjQRp1bsa2PP7JI,舒曼六號餐館 小巨蛋南京店,105台灣臺北市松山區中正里南京東路三段303巷8弄11號,https://www.google.com/maps/search/?api=1&query=%E8%88%92%E6%9B%BC%E5%85%AD%E8%99%9F%E9%A4%90%E9%A4%A8%20%E5%B0%8F%E5%B7%A8%E8%9B%8B%E5%8D%97%E4%BA%AC%E5%BA%97&query_place_id=ChIJJ13-mEirQjQRp1bsa2PP7JI,提供 (Yes),Google 地圖「簡介」頁面明確標記「兒童高腳椅」,舒曼六號餐館 小巨蛋南京店,105台灣臺北市松山區中正里南京東路三段303巷8弄11號,unknown,yes,unknown,unknown,資訊不足
ChIJJ4zWvACrQjQRfklXErrIHi0,Twozzim韓國燉雞-台北信義店,110台灣臺北市信義區松壽路12號4 樓,https://www.google.com/maps/search/?api=1&query=Twozzim%E9%9F%93%E5%9C%8B%E7%87%89%E9%9B%9E-%E5%8F%B0%E5%8C%97%E4%BF%A1%E7%BE%A9%E5%BA%97&query_place_id=ChIJJ4zWvACrQjQRfklXErrIHi0,提供 (Yes),Google 地圖「簡介」頁面明確標記「兒童高腳椅」,Twozzim韓國燉雞-台北信義店,110台灣臺北市信義區松壽路12號4 樓,unknown,yes,unknown,unknown,資訊不足
ChIJJ7Mq3qOrQjQRNqK7VSkGFKc,TAMED FOX 信義店,110台灣臺北市信義區安康里松仁路91號B1,https://www.google.com/maps/search/?api=1&query=TAMED%20FOX%20%E4%BF%A1%E7%BE%A9%E5%BA%97&query_place_id=ChIJJ7Mq3qOrQjQRNqK7VSkGFKc,提供 (Yes),Google 地圖「簡介」頁面明確標記「兒童高腳椅」,TAMED FOX 信義店,110台灣臺北市信義區安康里松仁路91號B1,unknown,yes,unknown,no,高
ChIJJ8lsh1upQjQR8VgYCrKZqKA,WE里手工pizza 日本料理 串燒,104台灣臺北市中山區新生里中原街114號,https://www.google.com/maps/search/?api=1&query=WE%E9%87%8C%E6%89%8B%E5%B7%A5pizza%20%E6%97%A5%E6%9C%AC%E6%96%99%E7%90%86%20%E4%B8%B2%E7%87%92&query_place_id=ChIJJ8lsh1upQjQR8VgYCrKZqKA,提供 (Yes),Google 地圖「簡介」頁面明確標記「兒童高腳椅」,WE里手工pizza 日本料理 串燒,104台灣臺北市中山區新生里中原街114號,unknown,yes,unknown,no,中
ChIJJ9B5dH6tQjQR3OOyP64Uals,CHALET V,104台灣臺北市中山區成功里植福路8號入口於典華停車場後方木門處,https://www.google.com/maps/search/?api=1&query=CHALET%20V&query_place_id=ChIJJ9B5dH6tQjQR3OOyP64Uals,提供 (Yes),Google 地圖「簡介」頁面明確標記「兒童高腳椅」,CHALET V,104台灣臺北市中山區成功里植福路8號入口於典華停車場後方木門處,unknown,yes,unknown,unknown,高
ChIJJXnWJ3mrQjQRhAAAseqeQss,JODA CAFE 松山八德店,10563台灣臺北市松山區復盛里八德路四段16號1樓,https://www.google.com/maps/search/?api=1&query=JODA%20CAFE%20%E6%9D%BE%E5%B1%B1%E5%85%AB%E5%BE%B7%E5%BA%97&query_place_id=ChIJJXnWJ3mrQjQRhAAAseqeQss,提供 (Yes),Google 地圖「簡介」頁面明確標記「兒童高腳椅」,JODA CAFE 松山八德店,10563台灣臺北市松山區復盛里八德路四段16號1樓,unknown,yes,unknown,no,高
ChIJJaEM89GrQjQRqKxidvzyJJ4,曜日.早午餐 餐酒館（寵物友善）,106台灣臺北市大安區車層里仁愛路四段345巷15弄10號1 樓,https://www.google.com/maps/search/?api=1&query=%E6%9B%9C%E6%97%A5.%E6%97%A9%E5%8D%88%E9%A4%90%20%E9%A4%90%E9%85%92%E9%A4%A8%EF%BC%88%E5%AF%B5%E7%89%A9%E5%8F%8B%E5%96%84%EF%BC%89&query_place_id=ChIJJaEM89GrQjQRqKxidvzyJJ4,提供 (Yes),Google 地圖「簡介」頁面明確標記「兒童高腳椅」,曜日.早午餐 餐酒館（寵物友善）,106台灣臺北市大安區車層里仁愛路四段345巷15弄10號1 樓,unknown,yes,unknown,unknown,中
ChIJJcSnH3qrQjQRkILCobXDncE,memo caf?,104台灣臺北市中山區江寧里合江街182號,https://www.google.com/maps/search/?api=1&query=memo%20caf%C3%A9&query_place_id=ChIJJcSnH3qrQjQRkILCobXDncE,提供 (Yes),Google 地圖「簡介」頁面明確標記「兒童高腳椅」,memo caf?,104台灣臺北市中山區江寧里合江街182號,unknown,yes,unknown,no,高
ChIJK5AMz1mrQjQRmrhEjMzK9dU,帝王食補 世貿店,115台灣臺北市南港區新富里忠孝東路七段633號,https://www.google.com/maps/search/?api=1&query=%E5%B8%9D%E7%8E%8B%E9%A3%9F%E8%A3%9C%20%E4%B8%96%E8%B2%BF%E5%BA%97&query_place_id=ChIJK5AMz1mrQjQRmrhEjMzK9dU,提供 (Yes),Google 地圖「簡介」頁面明確標記「兒童高腳椅」,帝王食補 世貿店,115台灣臺北市南港區新富里忠孝東路七段633號,unknown,yes,unknown,unknown,資訊不足
ChIJKTMk-LurQjQRj34Hcv02Muw,Range Bistrokaya,110台灣臺北市信義區忠孝東路五段71巷25號,https://www.google.com/maps/search/?api=1&query=Range%20Bistrokaya&query_place_id=ChIJKTMk-LurQjQRj34Hcv02Muw,提供 (Yes),Google 地圖「簡介」頁面明確標記「兒童高腳椅」,Range Bistrokaya,110台灣臺北市信義區忠孝東路五段71巷25號,unknown,yes,unknown,unknown,資訊不足
ChIJKX8_B98BaDQRNv-wGZXLk7U,德意事歐式美食屋,116台灣臺北市文山區木新路三段97號,https://www.google.com/maps/search/?api=1&query=%E5%BE%B7%E6%84%8F%E4%BA%8B%E6%AD%90%E5%BC%8F%E7%BE%8E%E9%A3%9F%E5%B1%8B&query_place_id=ChIJKX8_B98BaDQRNv-wGZXLk7U,提供 (Yes),Google 地圖「簡介」頁面明確標記「兒童高腳椅」,德意事歐式美食屋,116台灣臺北市文山區木新路三段97號,unknown,yes,unknown,unknown,資訊不足
ChIJKd9VP5qpQjQRPK6005T5tXM,U & me 找咖,100台灣臺北市中正區南福里羅斯福路二段66巷8號1樓,https://www.google.com/maps/search/?api=1&query=U%20%26%20me%20%E6%89%BE%E5%92%96&query_place_id=ChIJKd9VP5qpQjQRPK6005T5tXM,提供 (Yes),Google 地圖「簡介」頁面明確標記「兒童高腳椅」,U & me 找咖,100台灣臺北市中正區南福里羅斯福路二段66巷8號1樓,unknown,yes,unknown,unknown,中
ChIJKeGCQ0qpQjQRZejvSTWWybg,食朝 早午餐,104台灣臺北市中山區松江路132巷22-2號,https://www.google.com/maps/search/?api=1&query=%E9%A3%9F%E6%9C%9D%20%E6%97%A9%E5%8D%88%E9%A4%90&query_place_id=ChIJKeGCQ0qpQjQRZejvSTWWybg,提供 (Yes),Google 地圖「簡介」頁面明確標記「兒童高腳椅」,食朝 早午餐,104台灣臺北市中山區松江路132巷22-2號,unknown,yes,unknown,unknown,高
ChIJKw3OkqOrQjQRiJLiazReoNI,蕨食堂,110台灣臺北市信義區廣居里虎林街132巷45號,https://www.google.com/maps/search/?api=1&query=%E8%95%A8%E9%A3%9F%E5%A0%82&query_place_id=ChIJKw3OkqOrQjQRiJLiazReoNI,提供 (Yes),Google 地圖「簡介」頁面明確標記「兒童高腳椅」,蕨食堂,110台灣臺北市信義區廣居里虎林街132巷45號,unknown,yes,unknown,no,高
ChIJKzW4LpeuQjQRtUJWIWWMOKI,Miacucina 天母,111台灣臺北市士林區德行里德行西路48號,https://www.google.com/maps/search/?api=1&query=Miacucina%20%E5%A4%A9%E6%AF%8D&query_place_id=ChIJKzW4LpeuQjQRtUJWIWWMOKI,提供 (Yes),Google 地圖「簡介」頁面明確標記「兒童高腳椅」,Miacucina 天母,111台灣臺北市士林區德行里德行西路48號,unknown,yes,unknown,no,高
ChIJKzfU3sSrQjQRCzAF0PADjQE,吐司利亞三號-敦南店,106台灣臺北市大安區建安里敦化南路一段169巷3號,https://www.google.com/maps/search/?api=1&query=%E5%90%90%E5%8F%B8%E5%88%A9%E4%BA%9E%E4%B8%89%E8%99%9F-%E6%95%A6%E5%8D%97%E5%BA%97&query_place_id=ChIJKzfU3sSrQjQRCzAF0PADjQE,提供 (Yes),Google 地圖「簡介」頁面明確標記「兒童高腳椅」,吐司利亞三號-敦南店,106台灣臺北市大安區建安里敦化南路一段169巷3號,unknown,yes,unknown,unknown,資訊不足
ChIJL1eKp42tQjQRGJUTlorzFIk,布納咖啡館 內湖館,114台灣臺北市內湖區民權東路六段137號,https://www.google.com/maps/search/?api=1&query=%E5%B8%83%E7%B4%8D%E5%92%96%E5%95%A1%E9%A4%A8%20%E5%85%A7%E6%B9%96%E9%A4%A8&query_place_id=ChIJL1eKp42tQjQRGJUTlorzFIk,提供 (Yes),Google 地圖「簡介」頁面明確標記「兒童高腳椅」,布納咖啡館 內湖館,114台灣臺北市內湖區民權東路六段137號,unknown,yes,unknown,unknown,中
ChIJL25qhuqsQjQR7JV6vxpbgok,饗趣31義式景觀餐廳,114台灣臺北市內湖區秀湖里成功路五段31號,https://www.google.com/maps/search/?api=1&query=%E9%A5%97%E8%B6%A331%E7%BE%A9%E5%BC%8F%E6%99%AF%E8%A7%80%E9%A4%90%E5%BB%B3&query_place_id=ChIJL25qhuqsQjQR7JV6vxpbgok,提供 (Yes),Google 地圖「簡介」頁面明確標記「兒童高腳椅」,饗趣31義式景觀餐廳,114台灣臺北市內湖區秀湖里成功路五段31號,unknown,yes,unknown,unknown,高
ChIJL3zx0rgBaDQRdw7IJgZql9g,寶杏堂 手切滷肉飯 溫補羊肉湯,116台灣臺北市文山區木新路三段179號,https://www.google.com/maps/search/?api=1&query=%E5%AF%B6%E6%9D%8F%E5%A0%82%20%E6%89%8B%E5%88%87%E6%BB%B7%E8%82%89%E9%A3%AF%20%E6%BA%AB%E8%A3%9C%E7%BE%8A%E8%82%89%E6%B9%AF&query_place_id=ChIJL3zx0rgBaDQRdw7IJgZql9g,提供 (Yes),Google 地圖「簡介」頁面明確標記「兒童高腳椅」,寶杏堂 手切滷肉飯 溫補羊肉湯,116台灣臺北市文山區木新路三段179號,unknown,yes,unknown,unknown,資訊不足
ChIJL6olmHSrQjQRLQ7itONyGgs,樂軒松阪亭,110台灣臺北市信義區松高路19號6樓,https://www.google.com/maps/search/?api=1&query=%E6%A8%82%E8%BB%92%E6%9D%BE%E9%98%AA%E4%BA%AD&query_place_id=ChIJL6olmHSrQjQRLQ7itONyGgs,提供 (Yes),Google 地圖「簡介」頁面明確標記「兒童高腳椅」,樂軒松阪亭,110台灣臺北市信義區松高路19號6樓,unknown,yes,unknown,unknown,中
ChIJLU4r6jurQjQRrr44krDtxuY,齊客咖啡 The Gathering Cafe,105台灣臺北市松山區健康路8巷5號1樓,https://www.google.com/maps/search/?api=1&query=%E9%BD%8A%E5%AE%A2%E5%92%96%E5%95%A1%20The%20Gathering%20Cafe&query_place_id=ChIJLU4r6jurQjQRrr44krDtxuY,提供 (Yes),Google 地圖「簡介」頁面明確標記「兒童高腳椅」,齊客咖啡 The Gathering Cafe,105台灣臺北市松山區健康路8巷5號1樓,unknown,yes,unknown,unknown,資訊不足
ChIJLU89EYKpQjQRoPkxb7kg0Aw,吐司利亞 永康店,106台灣臺北市大安區信義路二段200號,https://www.google.com/maps/search/?api=1&query=%E5%90%90%E5%8F%B8%E5%88%A9%E4%BA%9E%20%E6%B0%B8%E5%BA%B7%E5%BA%97&query_place_id=ChIJLU89EYKpQjQRoPkxb7kg0Aw,提供 (Yes),Google 地圖「簡介」頁面明確標記「兒童高腳椅」,吐司利亞 永康店,106台灣臺北市大安區信義路二段200號,unknown,yes,unknown,unknown,資訊不足
ChIJLWGqc46rQjQRaHFMoW8TTZY,大師廚館,105台灣臺北市松山區民生東路五段258號,https://www.google.com/maps/search/?api=1&query=%E5%A4%A7%E5%B8%AB%E5%BB%9A%E9%A4%A8&query_place_id=ChIJLWGqc46rQjQRaHFMoW8TTZY,提供 (Yes),Google 地圖「簡介」頁面明確標記「兒童高腳椅」,大師廚館,105台灣臺北市松山區民生東路五段258號,unknown,yes,unknown,unknown,資訊不足
ChIJLa98GXKtQjQRxQ58Wwem0NI,Pastaio 內湖,114台灣臺北市內湖區瑞光路584號,https://www.google.com/maps/search/?api=1&query=Pastaio%20%E5%85%A7%E6%B9%96&query_place_id=ChIJLa98GXKtQjQRxQ58Wwem0NI,提供 (Yes),Google 地圖「簡介」頁面明確標記「兒童高腳椅」,Pastaio 內湖,114台灣臺北市內湖區瑞光路584號,unknown,yes,unknown,unknown,中
ChIJM3P2ruCpQjQREtSGnl9tftI,秘徑小食光,106台灣臺北市大安區羅斯福路三段283巷3號,https://www.google.com/maps/search/?api=1&query=%E7%A7%98%E5%BE%91%E5%B0%8F%E9%A3%9F%E5%85%89&query_place_id=ChIJM3P2ruCpQjQREtSGnl9tftI,提供 (Yes),Google 地圖「簡介」頁面明確標記「兒童高腳椅」,秘徑小食光,106台灣臺北市大安區羅斯福路三段283巷3號,unknown,yes,unknown,no,中
ChIJMUqmM3OpQjQRTKkB0Ue1hHA,翡冷翠義式餐廳,100台灣臺北市中正區漢口街一段15號1樓,https://www.google.com/maps/search/?api=1&query=%E7%BF%A1%E5%86%B7%E7%BF%A0%E7%BE%A9%E5%BC%8F%E9%A4%90%E5%BB%B3&query_place_id=ChIJMUqmM3OpQjQRTKkB0Ue1hHA,提供 (Yes),Google 地圖「簡介」頁面明確標記「兒童高腳椅」,翡冷翠義式餐廳,100台灣臺北市中正區漢口街一段15號1樓,unknown,yes,unknown,unknown,中
ChIJM_1jMXupQjQRYOTnIHJY2uA,一碗?,"100台灣臺北市中正區梅花里八德路一段1號中4D, 華山1914文創園區內 中4D館",https://www.google.com/maps/search/?api=1&query=%E4%B8%80%E7%A2%97%E6%9D%A5&query_place_id=ChIJM_1jMXupQjQRYOTnIHJY2uA,提供 (Yes),Google 地圖「簡介」頁面明確標記「兒童高腳椅」,一碗?,"100台灣臺北市中正區梅花里八德路一段1號中4D, 華山1914文創園區內 中4D館",unknown,yes,unknown,unknown,資訊不足
ChIJM_i-egepQjQRvUeyzFf6wgo,酣然,100台灣臺北市中正區梅花里金山北路1號1樓,https://www.google.com/maps/search/?api=1&query=%E9%85%A3%E7%84%B6&query_place_id=ChIJM_i-egepQjQRvUeyzFf6wgo,提供 (Yes),Google 地圖「簡介」頁面明確標記「兒童高腳椅」,酣然,100台灣臺北市中正區梅花里金山北路1號1樓,unknown,yes,unknown,unknown,資訊不足
ChIJMfJ0YverQjQRIb9ud_y5yQ8,DA ANTONIO by 隨意鳥地方 內湖花市概念店,114台灣臺北市內湖區新湖三路28號A館2樓,https://www.google.com/maps/search/?api=1&query=DA%20ANTONIO%20by%20%E9%9A%A8%E6%84%8F%E9%B3%A5%E5%9C%B0%E6%96%B9%20%E5%85%A7%E6%B9%96%E8%8A%B1%E5%B8%82%E6%A6%82%E5%BF%B5%E5%BA%97&query_place_id=ChIJMfJ0YverQjQRIb9ud_y5yQ8,提供 (Yes),Google 地圖「簡介」頁面明確標記「兒童高腳椅」,DA ANTONIO by 隨意鳥地方 內湖花市概念店,114台灣臺北市內湖區新湖三路28號A館2樓,unknown,yes,unknown,unknown,資訊不足
ChIJMxELxGipQjQROGvBULbtZuA,義麵坊 中山店,10491台灣臺北市中山區康樂里中山北路二段11巷7之1號,https://www.google.com/maps/search/?api=1&query=%E7%BE%A9%E9%BA%B5%E5%9D%8A%20%E4%B8%AD%E5%B1%B1%E5%BA%97&query_place_id=ChIJMxELxGipQjQROGvBULbtZuA,提供 (Yes),Google 地圖「簡介」頁面明確標記「兒童高腳椅」,義麵坊 中山店,10491台灣臺北市中山區康樂里中山北路二段11巷7之1號,unknown,yes,unknown,unknown,資訊不足
ChIJMzU45eirQjQRLJZBNaaDen4,京鼎小館,105台灣臺北市松山區敦化北路155巷13號,https://www.google.com/maps/search/?api=1&query=%E4%BA%AC%E9%BC%8E%E5%B0%8F%E9%A4%A8&query_place_id=ChIJMzU45eirQjQRLJZBNaaDen4,提供 (Yes),Google 地圖「簡介」頁面明確標記「兒童高腳椅」,京鼎小館,105台灣臺北市松山區敦化北路155巷13號,unknown,yes,unknown,unknown,資訊不足
ChIJN1YpLEWuQjQRrdssZr1Xj8o,水美食府,112台灣臺北市北投區光明路224號2樓,https://www.google.com/maps/search/?api=1&query=%E6%B0%B4%E7%BE%8E%E9%A3%9F%E5%BA%9C&query_place_id=ChIJN1YpLEWuQjQRrdssZr1Xj8o,提供 (Yes),Google 地圖「簡介」頁面明確標記「兒童高腳椅」,水美食府,112台灣臺北市北投區光明路224號2樓,unknown,yes,unknown,unknown,資訊不足
ChIJN1pOu82rQjQRa9l4gzGSjEQ,彭家園,106台灣臺北市大安區德安里東豐街60號,https://www.google.com/maps/search/?api=1&query=%E5%BD%AD%E5%AE%B6%E5%9C%92&query_place_id=ChIJN1pOu82rQjQRa9l4gzGSjEQ,提供 (Yes),Google 地圖「簡介」頁面明確標記「兒童高腳椅」,彭家園,106台灣臺北市大安區德安里東豐街60號,unknown,yes,unknown,no,高
ChIJN1y6RacCaDQRElenCbyeN2w,墨爾本布蕾斯咖啡廳 Melbourne Press Cafe Brunch Coffeeshop Breakfast Food,106台灣臺北市大安區新生南路三段56巷11號,https://www.google.com/maps/search/?api=1&query=%E5%A2%A8%E7%88%BE%E6%9C%AC%E5%B8%83%E8%95%BE%E6%96%AF%E5%92%96%E5%95%A1%E5%BB%B3%20Melbourne%20Press%20Cafe%20Brunch%20Coffeeshop%20Breakfast%20Food&query_place_id=ChIJN1y6RacCaDQRElenCbyeN2w,提供 (Yes),Google 地圖「簡介」頁面明確標記「兒童高腳椅」,墨爾本布蕾斯咖啡廳 Melbourne Press Cafe Brunch Coffeeshop Breakfast Food,106台灣臺北市大安區新生南路三段56巷11號,unknown,yes,unknown,no,高
ChIJN2UHYkCpQjQRwdxAiIhBEac,豐萃早午餐,104台灣臺北市中山區集英里撫順街9號,https://www.google.com/maps/search/?api=1&query=%E8%B1%90%E8%90%83%E6%97%A9%E5%8D%88%E9%A4%90&query_place_id=ChIJN2UHYkCpQjQRwdxAiIhBEac,提供 (Yes),Google 地圖「簡介」頁面明確標記「兒童高腳椅」,豐萃早午餐,104台灣臺北市中山區集英里撫順街9號,unknown,yes,unknown,unknown,資訊不足
ChIJN6TVv8yrQjQRi2lEcyAobnk,胖夫妻日式料理,116台灣臺北市文山區興隆路三段36巷6號,https://www.google.com/maps/search/?api=1&query=%E8%83%96%E5%A4%AB%E5%A6%BB%E6%97%A5%E5%BC%8F%E6%96%99%E7%90%86&query_place_id=ChIJN6TVv8yrQjQRi2lEcyAobnk,提供 (Yes),Google 地圖「簡介」頁面明確標記「兒童高腳椅」,胖夫妻日式料理,116台灣臺北市文山區興隆路三段36巷6號,unknown,yes,unknown,unknown,資訊不足
ChIJN7u1IFmpQjQRA4oJMtB10R0,熱胖子菠蘿,110台灣臺北市信義區松光里忠孝東路五段524巷20號,https://www.google.com/maps/search/?api=1&query=%E7%86%B1%E8%83%96%E5%AD%90%E8%8F%A0%E8%98%BF&query_place_id=ChIJN7u1IFmpQjQRA4oJMtB10R0,提供 (Yes),Google 地圖「簡介」頁面明確標記「兒童高腳椅」,熱胖子菠蘿,110台灣臺北市信義區松光里忠孝東路五段524巷20號,unknown,yes,unknown,no,高
ChIJN9tRRmGsQjQRBRGzuiryq9k,The Antipodean Specialty Coffee（內湖店）,114台灣臺北市內湖區港華里港墘路26巷4號,https://www.google.com/maps/search/?api=1&query=The%20Antipodean%20Specialty%20Coffee%EF%BC%88%E5%85%A7%E6%B9%96%E5%BA%97%EF%BC%89&query_place_id=ChIJN9tRRmGsQjQRBRGzuiryq9k,提供 (Yes),Google 地圖「簡介」頁面明確標記「兒童高腳椅」,The Antipodean Specialty Coffee（內湖店）,114台灣臺北市內湖區港華里港墘路26巷4號,unknown,yes,unknown,unknown,資訊不足
ChIJNQ-iKA2qQjQR3Uqz2pmL8fI,魚玄雞小館 - 母親節訂位及外帶、4,116台灣臺北市文山區興隆路三段225號,https://www.google.com/maps/search/?api=1&query=%E9%AD%9A%E7%8E%84%E9%9B%9E%E5%B0%8F%E9%A4%A8%20-%20%E6%AF%8D%E8%A6%AA%E7%AF%80%E8%A8%82%E4%BD%8D%E5%8F%8A%E5%A4%96%E5%B8%B6%E3%80%814&query_place_id=ChIJNQ-iKA2qQjQR3Uqz2pmL8fI,提供 (Yes),Google 地圖「簡介」頁面明確標記「兒童高腳椅」,魚玄雞小館 - 母親節訂位及外帶、4,116台灣臺北市文山區興隆路三段225號,unknown,yes,unknown,unknown,資訊不足
ChIJNUp4XH2uQjQR93Dl_lCII7o,蒜香廚房,111台灣臺北市士林區天玉里天母北路41號,https://www.google.com/maps/search/?api=1&query=%E8%92%9C%E9%A6%99%E5%BB%9A%E6%88%BF&query_place_id=ChIJNUp4XH2uQjQR93Dl_lCII7o,提供 (Yes),Google 地圖「簡介」頁面明確標記「兒童高腳椅」,蒜香廚房,111台灣臺北市士林區天玉里天母北路41號,unknown,yes,unknown,no,高
ChIJNWrvI6qpQjQR9LO6NrSqTUk,Papa Rice 好食燉飯 永康店,106台灣臺北市大安區麗水街4號,https://www.google.com/maps/search/?api=1&query=Papa%20Rice%20%E5%A5%BD%E9%A3%9F%E7%87%89%E9%A3%AF%20%E6%B0%B8%E5%BA%B7%E5%BA%97&query_place_id=ChIJNWrvI6qpQjQR9LO6NrSqTUk,提供 (Yes),Google 地圖「簡介」頁面明確標記「兒童高腳椅」,Papa Rice 好食燉飯 永康店,106台灣臺北市大安區麗水街4號,unknown,yes,unknown,no,資訊不足
ChIJNWsI2DEAaDQRFnzkcY3c-c8,紅木屋-文山熱炒推薦,116台灣臺北市文山區指南里指南路三段38巷33號1號樓( B1 B2,https://www.google.com/maps/search/?api=1&query=%E7%B4%85%E6%9C%A8%E5%B1%8B-%E6%96%87%E5%B1%B1%E7%86%B1%E7%82%92%E6%8E%A8%E8%96%A6&query_place_id=ChIJNWsI2DEAaDQRFnzkcY3c-c8,提供 (Yes),Google 地圖「簡介」頁面明確標記「兒童高腳椅」,紅木屋-文山熱炒推薦,116台灣臺北市文山區指南里指南路三段38巷33號1號樓( B1 B2,unknown,yes,unknown,no,高
ChIJNXGKfI-pQjQREYi3qrSEcM8,新天堂義大利廚房,106台灣臺北市大安區龍泉里師大路59巷8號,https://www.google.com/maps/search/?api=1&query=%E6%96%B0%E5%A4%A9%E5%A0%82%E7%BE%A9%E5%A4%A7%E5%88%A9%E5%BB%9A%E6%88%BF&query_place_id=ChIJNXGKfI-pQjQREYi3qrSEcM8,提供 (Yes),Google 地圖「簡介」頁面明確標記「兒童高腳椅」,新天堂義大利廚房,106台灣臺北市大安區龍泉里師大路59巷8號,unknown,yes,unknown,no,高
ChIJNdc2GH8BaDQRKB38TnUNpwg,貓空 找茶屋 found.your.tea,116台灣臺北市文山區指南里指南路三段38巷33-5 號對面 (請找雙橡園招牌入口下來左轉/ 無停車場開車請找白線停車/ 山區一定有蚊子請自備防蚊備品,https://www.google.com/maps/search/?api=1&query=%E8%B2%93%E7%A9%BA%20%E6%89%BE%E8%8C%B6%E5%B1%8B%20found.your.tea&query_place_id=ChIJNdc2GH8BaDQRKB38TnUNpwg,提供 (Yes),Google 地圖「簡介」頁面明確標記「兒童高腳椅」,貓空 找茶屋 found.your.tea,116台灣臺北市文山區指南里指南路三段38巷33-5 號對面 (請找雙橡園招牌入口下來左轉/ 無停車場開車請找白線停車/ 山區一定有蚊子請自備防蚊備品,unknown,yes,unknown,no,高
ChIJNeTcl5OuQjQRMFuU1uEJ4MM,狠雷早午餐店,112台灣台北市北投?中庸里中和街297號1樓,https://www.google.com/maps/search/?api=1&query=%E7%8B%A0%E9%9B%B7%E6%97%A9%E5%8D%88%E9%A4%90%E5%BA%97&query_place_id=ChIJNeTcl5OuQjQRMFuU1uEJ4MM,提供 (Yes),Google 地圖「簡介」頁面明確標記「兒童高腳椅」,狠雷早午餐店,112台灣台北市北投?中庸里中和街297號1樓,unknown,yes,unknown,unknown,高
ChIJNfAt5MSrQjQR-Z8NpMSCkjk,霞飛驛歐法西餐,106台灣臺北市大安區大學里新生南路三段60巷8號,https://www.google.com/maps/search/?api=1&query=%E9%9C%9E%E9%A3%9B%E9%A9%9B%E6%AD%90%E6%B3%95%E8%A5%BF%E9%A4%90&query_place_id=ChIJNfAt5MSrQjQR-Z8NpMSCkjk,提供 (Yes),Google 地圖「簡介」頁面明確標記「兒童高腳椅」,霞飛驛歐法西餐,106台灣臺北市大安區大學里新生南路三段60巷8號,unknown,yes,unknown,no,高
ChIJNfVW_dCrQjQRg9C_qEES1Ak,M One Cafe 大安,106台灣臺北市大安區仁愛里仁愛路四段27巷6-1號,https://www.google.com/maps/search/?api=1&query=M%20One%20Cafe%20%E5%A4%A7%E5%AE%89&query_place_id=ChIJNfVW_dCrQjQRg9C_qEES1Ak,提供 (Yes),Google 地圖「簡介」頁面明確標記「兒童高腳椅」,M One Cafe 大安,106台灣臺北市大安區仁愛里仁愛路四段27巷6-1號,unknown,yes,unknown,unknown,資訊不足
ChIJNffyV_mpQjQR984ZMEudiyE,閣樓 LOFT,104台灣臺北市中山區江寧里錦州街313號,https://www.google.com/maps/search/?api=1&query=%E9%96%A3%E6%A8%93%20LOFT&query_place_id=ChIJNffyV_mpQjQR984ZMEudiyE,提供 (Yes),Google 地圖「簡介」頁面明確標記「兒童高腳椅」,閣樓 LOFT,104台灣臺北市中山區江寧里錦州街313號,unknown,yes,unknown,no,高
ChIJO16aXm-pQjQR5OsC7hn8zKo,梅子台灣料理餐廳 林森老店,10443台灣臺北市中山區林森北路107巷1號,https://www.google.com/maps/search/?api=1&query=%E6%A2%85%E5%AD%90%E5%8F%B0%E7%81%A3%E6%96%99%E7%90%86%E9%A4%90%E5%BB%B3%20%E6%9E%97%E6%A3%AE%E8%80%81%E5%BA%97&query_place_id=ChIJO16aXm-pQjQR5OsC7hn8zKo,提供 (Yes),Google 地圖「簡介」頁面明確標記「兒童高腳椅」,梅子台灣料理餐廳 林森老店,10443台灣臺北市中山區林森北路107巷1號,unknown,yes,unknown,unknown,資訊不足
ChIJO6AKNZWvQjQRantLB0sfI1Q,金龍山海旬味,111台灣臺北市士林區天福里忠誠路二段154巷11號1樓,https://www.google.com/maps/search/?api=1&query=%E9%87%91%E9%BE%8D%E5%B1%B1%E6%B5%B7%E6%97%AC%E5%91%B3&query_place_id=ChIJO6AKNZWvQjQRantLB0sfI1Q,提供 (Yes),Google 地圖「簡介」頁面明確標記「兒童高腳椅」,金龍山海旬味,111台灣臺北市士林區天福里忠誠路二段154巷11號1樓,unknown,yes,unknown,no,高
ChIJO6VzakOpQjQRu04NlOn-np8,獅子餐桌,104台灣臺北市中山區聚葉里中山北路二段115巷3弄23號,https://www.google.com/maps/search/?api=1&query=%E7%8D%85%E5%AD%90%E9%A4%90%E6%A1%8C&query_place_id=ChIJO6VzakOpQjQRu04NlOn-np8,提供 (Yes),Google 地圖「簡介」頁面明確標記「兒童高腳椅」,獅子餐桌,104台灣臺北市中山區聚葉里中山北路二段115巷3弄23號,unknown,yes,unknown,unknown,資訊不足
ChIJOR9cXlauQjQRbBibwYbyXE0,義法廚房,112台灣臺北市北投區中央里大興街24巷6弄4號,https://www.google.com/maps/search/?api=1&query=%E7%BE%A9%E6%B3%95%E5%BB%9A%E6%88%BF&query_place_id=ChIJOR9cXlauQjQRbBibwYbyXE0,提供 (Yes),Google 地圖「簡介」頁面明確標記「兒童高腳椅」,義法廚房,112台灣臺北市北投區中央里大興街24巷6弄4號,unknown,yes,unknown,unknown,資訊不足
ChIJOSkYl6erQjQRiiFCc5B70cA,水豚屋CapybaraHouse,110台灣臺北市信義區新仁里忠孝東路四段559巷16弄21-1號,https://www.google.com/maps/search/?api=1&query=%E6%B0%B4%E8%B1%9A%E5%B1%8BCapybaraHouse&query_place_id=ChIJOSkYl6erQjQRiiFCc5B70cA,提供 (Yes),Google 地圖「簡介」頁面明確標記「兒童高腳椅」,水豚屋CapybaraHouse,110台灣臺北市信義區新仁里忠孝東路四段559巷16弄21-1號,unknown,yes,unknown,unknown,中
ChIJOZb-_gWtQjQRXA4QgcB7KLE,柚子花花青春客家菜(南港LalaPort),115台灣臺北市南港區經貿二路131號6樓,https://www.google.com/maps/search/?api=1&query=%E6%9F%9A%E5%AD%90%E8%8A%B1%E8%8A%B1%E9%9D%92%E6%98%A5%E5%AE%A2%E5%AE%B6%E8%8F%9C(%E5%8D%97%E6%B8%AFLalaPort)&query_place_id=ChIJOZb-_gWtQjQRXA4QgcB7KLE,提供 (Yes),Google 地圖「簡介」頁面明確標記「兒童高腳椅」,柚子花花青春客家菜(南港LalaPort),115台灣臺北市南港區經貿二路131號6樓,unknown,yes,unknown,unknown,中
ChIJOevZzWypQjQRwmWHkTUjhWg,大樹義麵坊-師大店,106013台灣臺北市大安區古莊里浦城街13巷2號1樓,https://www.google.com/maps/search/?api=1&query=%E5%A4%A7%E6%A8%B9%E7%BE%A9%E9%BA%B5%E5%9D%8A-%E5%B8%AB%E5%A4%A7%E5%BA%97&query_place_id=ChIJOevZzWypQjQRwmWHkTUjhWg,提供 (Yes),Google 地圖「簡介」頁面明確標記「兒童高腳椅」,大樹義麵坊-師大店,106013台灣臺北市大安區古莊里浦城街13巷2號1樓,unknown,yes,unknown,unknown,中
ChIJOf1PigmpQjQROzemH1vL7WY,?時咖啡 TH!RTY COFFEE,108台灣臺北市萬華區福星里漢口街二段85號1樓,https://www.google.com/maps/search/?api=1&query=%E5%BC%8E%E6%99%82%E5%92%96%E5%95%A1%20TH!RTY%20COFFEE&query_place_id=ChIJOf1PigmpQjQROzemH1vL7WY,提供 (Yes),Google 地圖「簡介」頁面明確標記「兒童高腳椅」,?時咖啡 TH!RTY COFFEE,108台灣臺北市萬華區福星里漢口街二段85號1樓,unknown,yes,unknown,unknown,資訊不足
ChIJOxNRziWpQjQRnURZTVXDTfI,洋城義大利餐廳-桂林家樂福店,108台灣台北市万??仁德里桂林路1號4樓,https://www.google.com/maps/search/?api=1&query=%E6%B4%8B%E5%9F%8E%E7%BE%A9%E5%A4%A7%E5%88%A9%E9%A4%90%E5%BB%B3-%E6%A1%82%E6%9E%97%E5%AE%B6%E6%A8%82%E7%A6%8F%E5%BA%97&query_place_id=ChIJOxNRziWpQjQRnURZTVXDTfI,提供 (Yes),Google 地圖「簡介」頁面明確標記「兒童高腳椅」,洋城義大利餐廳-桂林家樂福店,108台灣台北市万??仁德里桂林路1號4樓,unknown,yes,unknown,unknown,中
ChIJP10wpNmrQjQR4_EXiW2NOso,Pasta & Co.,104台灣臺北市中山區復華里南京東路三段9號,https://www.google.com/maps/search/?api=1&query=Pasta%20%26%20Co.&query_place_id=ChIJP10wpNmrQjQR4_EXiW2NOso,提供 (Yes),Google 地圖「簡介」頁面明確標記「兒童高腳椅」,Pasta & Co.,104台灣臺北市中山區復華里南京東路三段9號,unknown,yes,unknown,no,高
ChIJP8T_FPapQjQROFmvlR8zt9g,爐子煮賣所 Forno & Stufa,116台灣臺北市文山區萬和里汀州路四段132號1樓,https://www.google.com/maps/search/?api=1&query=%E7%88%90%E5%AD%90%E7%85%AE%E8%B3%A3%E6%89%80%20Forno%20%26%20Stufa&query_place_id=ChIJP8T_FPapQjQROFmvlR8zt9g,提供 (Yes),Google 地圖「簡介」頁面明確標記「兒童高腳椅」,爐子煮賣所 Forno & Stufa,116台灣臺北市文山區萬和里汀州路四段132號1樓,unknown,yes,unknown,unknown,資訊不足
ChIJPVfZFVeuQjQRDInpxCw-Mmg,大竹屋日式料理,112台灣臺北市北投區西安街二段251號,https://www.google.com/maps/search/?api=1&query=%E5%A4%A7%E7%AB%B9%E5%B1%8B%E6%97%A5%E5%BC%8F%E6%96%99%E7%90%86&query_place_id=ChIJPVfZFVeuQjQRDInpxCw-Mmg,提供 (Yes),Google 地圖「簡介」頁面明確標記「兒童高腳椅」,大竹屋日式料理,112台灣臺北市北投區西安街二段251號,unknown,yes,unknown,unknown,資訊不足
ChIJPXCSPEOpQjQRAUgZyEZxSE0,大和日本料理,10491台灣臺北市中山區聚葉里錦州街17號,https://www.google.com/maps/search/?api=1&query=%E5%A4%A7%E5%92%8C%E6%97%A5%E6%9C%AC%E6%96%99%E7%90%86&query_place_id=ChIJPXCSPEOpQjQRAUgZyEZxSE0,提供 (Yes),Google 地圖「簡介」頁面明確標記「兒童高腳椅」,大和日本料理,10491台灣臺北市中山區聚葉里錦州街17號,unknown,yes,unknown,unknown,資訊不足
ChIJPXI-Hk2pQjQRI_SAfW2WACk,Angel 5 Pizzeria,10651台灣臺北市大安區福住里永康街23巷6號1樓,https://www.google.com/maps/search/?api=1&query=Angel%205%20Pizzeria&query_place_id=ChIJPXI-Hk2pQjQRI_SAfW2WACk,提供 (Yes),Google 地圖「簡介」頁面明確標記「兒童高腳椅」,Angel 5 Pizzeria,10651台灣臺北市大安區福住里永康街23巷6號1樓,unknown,yes,unknown,no,高
ChIJPeDT3eirQjQRuaBAh9usvfY,花娘小館（創始店）,105台灣台北市松山區中?里敦化北路165巷9號1樓,https://www.google.com/maps/search/?api=1&query=%E8%8A%B1%E5%A8%98%E5%B0%8F%E9%A4%A8%EF%BC%88%E5%89%B5%E5%A7%8B%E5%BA%97%EF%BC%89&query_place_id=ChIJPeDT3eirQjQRuaBAh9usvfY,提供 (Yes),Google 地圖「簡介」頁面明確標記「兒童高腳椅」,花娘小館（創始店）,105台灣台北市松山區中?里敦化北路165巷9號1樓,unknown,yes,unknown,no,高
ChIJPxtqjXurQjQRVFC7Av8hfpg,大鵬壽司,10561台灣臺北市松山區八德路四段245巷32弄49號,https://www.google.com/maps/search/?api=1&query=%E5%A4%A7%E9%B5%AC%E5%A3%BD%E5%8F%B8&query_place_id=ChIJPxtqjXurQjQRVFC7Av8hfpg,提供 (Yes),Google 地圖「簡介」頁面明確標記「兒童高腳椅」,大鵬壽司,10561台灣臺北市松山區八德路四段245巷32弄49號,unknown,yes,unknown,unknown,資訊不足
ChIJPxvNErmvQjQRPkuNrr72PNQ,有時Cafe-Between times,112026台灣臺北市北投區永明里立農街二段258號,https://www.google.com/maps/search/?api=1&query=%E6%9C%89%E6%99%82Cafe-Between%20times&query_place_id=ChIJPxvNErmvQjQRPkuNrr72PNQ,提供 (Yes),Google 地圖「簡介」頁面明確標記「兒童高腳椅」,有時Cafe-Between times,112026台灣臺北市北投區永明里立農街二段258號,unknown,yes,unknown,unknown,中
ChIJQ-BOjHquQjQR6wF4HJDqnaE,察爾斯廚房 華山餐廳,100台灣臺北市中正區梅花里八德路一段1號華山文創園區中3A之一,https://www.google.com/maps/search/?api=1&query=%E5%AF%9F%E7%88%BE%E6%96%AF%E5%BB%9A%E6%88%BF%20%E8%8F%AF%E5%B1%B1%E9%A4%90%E5%BB%B3&query_place_id=ChIJQ-BOjHquQjQR6wF4HJDqnaE,提供 (Yes),Google 地圖「簡介」頁面明確標記「兒童高腳椅」,察爾斯廚房 華山餐廳,100台灣臺北市中正區梅花里八德路一段1號華山文創園區中3A之一,unknown,yes,unknown,unknown,資訊不足
ChIJQ-XN0YyvQjQRMdAUlIogZts,休息咖啡館chill cafe 週三公休,112台灣臺北市北投區立農里西安街二段259巷6號,https://www.google.com/maps/search/?api=1&query=%E4%BC%91%E6%81%AF%E5%92%96%E5%95%A1%E9%A4%A8chill%20cafe%20%E9%80%B1%E4%B8%89%E5%85%AC%E4%BC%91&query_place_id=ChIJQ-XN0YyvQjQRMdAUlIogZts,提供 (Yes),Google 地圖「簡介」頁面明確標記「兒童高腳椅」,休息咖啡館chill cafe 週三公休,112台灣臺北市北投區立農里西安街二段259巷6號,unknown,yes,unknown,no,中
ChIJQ2CBmm-sQjQRS_oeQ54rbA4,客意直火比薩 (內科西湖店),114台灣臺北市內湖區港墘里瑞光路513巷37號1樓,https://www.google.com/maps/search/?api=1&query=%E5%AE%A2%E6%84%8F%E7%9B%B4%E7%81%AB%E6%AF%94%E8%96%A9%20(%E5%85%A7%E7%A7%91%E8%A5%BF%E6%B9%96%E5%BA%97)&query_place_id=ChIJQ2CBmm-sQjQRS_oeQ54rbA4,提供 (Yes),Google 地圖「簡介」頁面明確標記「兒童高腳椅」,客意直火比薩 (內科西湖店),114台灣臺北市內湖區港墘里瑞光路513巷37號1樓,unknown,yes,unknown,unknown,中
ChIJQ6qFRCSrQjQRf5i_pjyKv0M,MA CAFE,106台灣臺北市大安區義安里敦化南路二段11巷1號,https://www.google.com/maps/search/?api=1&query=MA%20CAFE&query_place_id=ChIJQ6qFRCSrQjQRf5i_pjyKv0M,提供 (Yes),Google 地圖「簡介」頁面明確標記「兒童高腳椅」,MA CAFE,106台灣臺北市大安區義安里敦化南路二段11巷1號,unknown,yes,unknown,no,高
ChIJQXCEaMitQjQRsiNz3rGsrBY,Dreamers Coffee Roasters 內湖店,114台灣臺北市內湖區西湖里瑞光路513巷22弄11號,https://www.google.com/maps/search/?api=1&query=Dreamers%20Coffee%20Roasters%20%E5%85%A7%E6%B9%96%E5%BA%97&query_place_id=ChIJQXCEaMitQjQRsiNz3rGsrBY,提供 (Yes),Google 地圖「簡介」頁面明確標記「兒童高腳椅」,Dreamers Coffee Roasters 內湖店,114台灣臺北市內湖區西湖里瑞光路513巷22弄11號,unknown,yes,unknown,no,高
ChIJQc_jKGysQjQRNbiIxaBA-Z4,泰廚鄉,114台灣臺北市內湖區西湖里環山路一段5號,https://www.google.com/maps/search/?api=1&query=%E6%B3%B0%E5%BB%9A%E9%84%89&query_place_id=ChIJQc_jKGysQjQRNbiIxaBA-Z4,提供 (Yes),Google 地圖「簡介」頁面明確標記「兒童高腳椅」,泰廚鄉,114台灣臺北市內湖區西湖里環山路一段5號,unknown,yes,unknown,unknown,資訊不足
ChIJQwRQpLurQjQR6lEpD6oYP-o,厲家菜 宮廷御膳料理,110台灣臺北市信義區興雅里松仁路28號3F,https://www.google.com/maps/search/?api=1&query=%E5%8E%B2%E5%AE%B6%E8%8F%9C%20%E5%AE%AE%E5%BB%B7%E5%BE%A1%E8%86%B3%E6%96%99%E7%90%86&query_place_id=ChIJQwRQpLurQjQR6lEpD6oYP-o,提供 (Yes),Google 地圖「簡介」頁面明確標記「兒童高腳椅」,厲家菜 宮廷御膳料理,110台灣臺北市信義區興雅里松仁路28號3F,likely,yes,likely,no,高
ChIJR2TLdnypQjQR7PSDgfmV-98,GinGin Coffee 忠孝本店,100台灣臺北市中正區幸市里臨沂街27巷9號1樓,https://www.google.com/maps/search/?api=1&query=GinGin%20Coffee%20%E5%BF%A0%E5%AD%9D%E6%9C%AC%E5%BA%97&query_place_id=ChIJR2TLdnypQjQR7PSDgfmV-98,提供 (Yes),Google 地圖「簡介」頁面明確標記「兒童高腳椅」,GinGin Coffee 忠孝本店,100台灣臺北市中正區幸市里臨沂街27巷9號1樓,unknown,yes,unknown,unknown,資訊不足
ChIJRXL_JXOpQjQRowS1Pdt1jVE,欣葉日本料理館前店,100台灣臺北市中正區黎明里館前路12號6樓,https://www.google.com/maps/search/?api=1&query=%E6%AC%A3%E8%91%89%E6%97%A5%E6%9C%AC%E6%96%99%E7%90%86%E9%A4%A8%E5%89%8D%E5%BA%97&query_place_id=ChIJRXL_JXOpQjQRowS1Pdt1jVE,提供 (Yes),Google 地圖「簡介」頁面明確標記「兒童高腳椅」,欣葉日本料理館前店,100台灣臺北市中正區黎明里館前路12號6樓,likely,yes,likely,no,高
ChIJRwzYA3GpQjQRmJ-2dl50_8c,珍品小館,100台灣臺北市中正區青島東路7之5號號,https://www.google.com/maps/search/?api=1&query=%E7%8F%8D%E5%93%81%E5%B0%8F%E9%A4%A8&query_place_id=ChIJRwzYA3GpQjQRmJ-2dl50_8c,提供 (Yes),Google 地圖「簡介」頁面明確標記「兒童高腳椅」,珍品小館,100台灣臺北市中正區青島東路7之5號號,unknown,yes,unknown,unknown,資訊不足
ChIJSXag0BKvQjQR2r-f-_NIhZo,水鳥公園52號,112台灣臺北市北投區關渡里知行路260巷52號,https://www.google.com/maps/search/?api=1&query=%E6%B0%B4%E9%B3%A5%E5%85%AC%E5%9C%9252%E8%99%9F&query_place_id=ChIJSXag0BKvQjQR2r-f-_NIhZo,提供 (Yes),Google 地圖「簡介」頁面明確標記「兒童高腳椅」,水鳥公園52號,112台灣臺北市北投區關渡里知行路260巷52號,unknown,yes,unknown,no,高
ChIJSYikpICuQjQRpY6eZ4R1rQg,溢香園 天母店,111台灣臺北市士林區天山里天母東路41號,https://www.google.com/maps/search/?api=1&query=%E6%BA%A2%E9%A6%99%E5%9C%92%20%E5%A4%A9%E6%AF%8D%E5%BA%97&query_place_id=ChIJSYikpICuQjQRpY6eZ4R1rQg,提供 (Yes),Google 地圖「簡介」頁面明確標記「兒童高腳椅」,溢香園 天母店,111台灣臺北市士林區天山里天母東路41號,unknown,yes,unknown,no,高
ChIJSZ0SYPCrQjQR-T3_o5h0s9I,12:59早午餐Brunch.Pasta.Coffee.Dessert,108台灣臺北市萬華區仁德里昆明街257巷14號1樓,https://www.google.com/maps/search/?api=1&query=12%3A59%E6%97%A9%E5%8D%88%E9%A4%90Brunch.Pasta.Coffee.Dessert&query_place_id=ChIJSZ0SYPCrQjQR-T3_o5h0s9I,提供 (Yes),Google 地圖「簡介」頁面明確標記「兒童高腳椅」,12:59早午餐Brunch.Pasta.Coffee.Dessert,108台灣臺北市萬華區仁德里昆明街257巷14號1樓,unknown,yes,unknown,unknown,資訊不足
ChIJSZ89XCmrQjQRlzpduQTbttA,筷炒KUAICHAO,11073台灣臺北市信義區松仁路58號14樓,https://www.google.com/maps/search/?api=1&query=%E7%AD%B7%E7%82%92KUAICHAO&query_place_id=ChIJSZ89XCmrQjQRlzpduQTbttA,提供 (Yes),Google 地圖「簡介」頁面明確標記「兒童高腳椅」,筷炒KUAICHAO,11073台灣臺北市信義區松仁路58號14樓,unknown,yes,unknown,no,高
ChIJSf1EVFGuQjQRSP6mbaaOdKI,阿金江浙小館,112台灣臺北市北投區大同里大業路516巷4號,https://www.google.com/maps/search/?api=1&query=%E9%98%BF%E9%87%91%E6%B1%9F%E6%B5%99%E5%B0%8F%E9%A4%A8&query_place_id=ChIJSf1EVFGuQjQRSP6mbaaOdKI,提供 (Yes),Google 地圖「簡介」頁面明確標記「兒童高腳椅」,阿金江浙小館,112台灣臺北市北投區大同里大業路516巷4號,unknown,yes,unknown,no,高
ChIJSft7qFyrQjQRdyyH9Sdt3W8,FEED ZONE CAFE 運動早午餐,116台灣臺北市文山區萬興里新光路一段189號1F,https://www.google.com/maps/search/?api=1&query=FEED%20ZONE%20CAFE%20%E9%81%8B%E5%8B%95%E6%97%A9%E5%8D%88%E9%A4%90&query_place_id=ChIJSft7qFyrQjQRdyyH9Sdt3W8,提供 (Yes),Google 地圖「簡介」頁面明確標記「兒童高腳椅」,FEED ZONE CAFE 運動早午餐,116台灣臺北市文山區萬興里新光路一段189號1F,unknown,yes,unknown,unknown,資訊不足
ChIJSxNePs-pQjQRn3kFHsWNoIQ,JUNTO 同,"Floor 2, No. 22館前路中正區臺北市台灣 100",https://www.google.com/maps/search/?api=1&query=JUNTO%20%E5%90%8C&query_place_id=ChIJSxNePs-pQjQRn3kFHsWNoIQ,提供 (Yes),Google 地圖「簡介」頁面明確標記「兒童高腳椅」,JUNTO 同,"Floor 2, No. 22館前路中正區臺北市台灣 100",unknown,yes,unknown,unknown,資訊不足
ChIJT-DKLCWvQjQRY72LvkunzTs,哈柔廚房 早午餐,112台灣臺北市北投區中庸里雙全街38號1樓,https://www.google.com/maps/search/?api=1&query=%E5%93%88%E6%9F%94%E5%BB%9A%E6%88%BF%20%E6%97%A9%E5%8D%88%E9%A4%90&query_place_id=ChIJT-DKLCWvQjQRY72LvkunzTs,提供 (Yes),Google 地圖「簡介」頁面明確標記「兒童高腳椅」,哈柔廚房 早午餐,112台灣臺北市北投區中庸里雙全街38號1樓,unknown,yes,unknown,unknown,高
ChIJT1SHrAypQjQRkYqSrpzuimo,點水樓 懷寧店,100台灣臺北市中正區懷寧街64號,https://www.google.com/maps/search/?api=1&query=%E9%BB%9E%E6%B0%B4%E6%A8%93%20%E6%87%B7%E5%AF%A7%E5%BA%97&query_place_id=ChIJT1SHrAypQjQRkYqSrpzuimo,提供 (Yes),Google 地圖「簡介」頁面明確標記「兒童高腳椅」,點水樓 懷寧店,100台灣臺北市中正區懷寧街64號,unknown,yes,unknown,unknown,資訊不足
ChIJT2Un5X-uQjQRp0RnkammO5Q,金蓬萊遵古台菜餐廳,111台灣臺北市士林區天和里天母東路101號,https://www.google.com/maps/search/?api=1&query=%E9%87%91%E8%93%AC%E8%90%8A%E9%81%B5%E5%8F%A4%E5%8F%B0%E8%8F%9C%E9%A4%90%E5%BB%B3&query_place_id=ChIJT2Un5X-uQjQRp0RnkammO5Q,提供 (Yes),Google 地圖「簡介」頁面明確標記「兒童高腳椅」,金蓬萊遵古台菜餐廳,111台灣臺北市士林區天和里天母東路101號,unknown,yes,unknown,no,高
ChIJT4GR792rQjQRTknPcqYROQM,11PASTA食義_南京店,10491台灣臺北市中山區力行里南京東路三段216巷3號1樓,https://www.google.com/maps/search/?api=1&query=11PASTA%E9%A3%9F%E7%BE%A9_%E5%8D%97%E4%BA%AC%E5%BA%97&query_place_id=ChIJT4GR792rQjQRTknPcqYROQM,提供 (Yes),Google 地圖「簡介」頁面明確標記「兒童高腳椅」,11PASTA食義_南京店,10491台灣臺北市中山區力行里南京東路三段216巷3號1樓,unknown,yes,unknown,unknown,中
ChIJT5DCioGsQjQRbQedv2ZyHgA,Home Garden餐廳-昇恆昌旗艦店,11469台灣臺北市內湖區金莊路129號5F,https://www.google.com/maps/search/?api=1&query=Home%20Garden%E9%A4%90%E5%BB%B3-%E6%98%87%E6%81%86%E6%98%8C%E6%97%97%E8%89%A6%E5%BA%97&query_place_id=ChIJT5DCioGsQjQRbQedv2ZyHgA,提供 (Yes),Google 地圖「簡介」頁面明確標記「兒童高腳椅」,Home Garden餐廳-昇恆昌旗艦店,11469台灣臺北市內湖區金莊路129號5F,unknown,yes,unknown,unknown,中
ChIJTb-0xPqrQjQRyldoASUCmPU,gubami Social,110台灣臺北市信義區松壽路9號6樓,https://www.google.com/maps/search/?api=1&query=gubami%20Social&query_place_id=ChIJTb-0xPqrQjQRyldoASUCmPU,提供 (Yes),Google 地圖「簡介」頁面明確標記「兒童高腳椅」,gubami Social,110台灣臺北市信義區松壽路9號6樓,unknown,yes,unknown,unknown,中
ChIJTwJKgoWpQjQReeg0Zb8cNts,貳樓師大店,106台灣臺北市大安區古莊里師大路24號,https://www.google.com/maps/search/?api=1&query=%E8%B2%B3%E6%A8%93%E5%B8%AB%E5%A4%A7%E5%BA%97&query_place_id=ChIJTwJKgoWpQjQReeg0Zb8cNts,提供 (Yes),Google 地圖「簡介」頁面明確標記「兒童高腳椅」,貳樓師大店,106台灣臺北市大安區古莊里師大路24號,unknown,yes,unknown,unknown,高
ChIJTxvEpoyrQjQRUM9XOOLWjv4,LA PIADA - Gastronomia 義式薄餅店,105台灣臺北市松山區東光里南京東路五段163-11號,https://www.google.com/maps/search/?api=1&query=LA%20PIADA%20-%20Gastronomia%20%E7%BE%A9%E5%BC%8F%E8%96%84%E9%A4%85%E5%BA%97&query_place_id=ChIJTxvEpoyrQjQRUM9XOOLWjv4,提供 (Yes),Google 地圖「簡介」頁面明確標記「兒童高腳椅」,LA PIADA - Gastronomia 義式薄餅店,105台灣臺北市松山區東光里南京東路五段163-11號,unknown,yes,unknown,unknown,資訊不足
ChIJU09lSJqpQjQR0DsiKqtRtGY,雙囍家常料理,100台灣臺北市中正區南福里羅斯福路二段48巷2號,https://www.google.com/maps/search/?api=1&query=%E9%9B%99%E5%9B%8D%E5%AE%B6%E5%B8%B8%E6%96%99%E7%90%86&query_place_id=ChIJU09lSJqpQjQR0DsiKqtRtGY,提供 (Yes),Google 地圖「簡介」頁面明確標記「兒童高腳椅」,雙囍家常料理,100台灣臺北市中正區南福里羅斯福路二段48巷2號,unknown,yes,unknown,no,高
ChIJU0FslFauQjQRUCV8bMYsq3k,上清料理,112台灣臺北市北投區大同里大興街23巷21號,https://www.google.com/maps/search/?api=1&query=%E4%B8%8A%E6%B8%85%E6%96%99%E7%90%86&query_place_id=ChIJU0FslFauQjQRUCV8bMYsq3k,提供 (Yes),Google 地圖「簡介」頁面明確標記「兒童高腳椅」,上清料理,112台灣臺北市北投區大同里大興街23巷21號,unknown,yes,unknown,unknown,資訊不足
ChIJU32eU66pQjQRhbvE4r33OLE,百宴自助餐廳,108台灣臺北市萬華區艋舺大道167號5F,https://www.google.com/maps/search/?api=1&query=%E7%99%BE%E5%AE%B4%E8%87%AA%E5%8A%A9%E9%A4%90%E5%BB%B3&query_place_id=ChIJU32eU66pQjQRhbvE4r33OLE,提供 (Yes),Google 地圖「簡介」頁面明確標記「兒童高腳椅」,百宴自助餐廳,108台灣臺北市萬華區艋舺大道167號5F,unknown,yes,unknown,unknown,資訊不足
ChIJU7cRla6pQjQRhchv-ZhGAis,艋舺熱海 海鮮餐廳,108台灣臺北市萬華區和平西路三段162號,https://www.google.com/maps/search/?api=1&query=%E8%89%8B%E8%88%BA%E7%86%B1%E6%B5%B7%20%E6%B5%B7%E9%AE%AE%E9%A4%90%E5%BB%B3&query_place_id=ChIJU7cRla6pQjQRhchv-ZhGAis,提供 (Yes),Google 地圖「簡介」頁面明確標記「兒童高腳椅」,艋舺熱海 海鮮餐廳,108台灣臺北市萬華區和平西路三段162號,unknown,yes,unknown,unknown,資訊不足
ChIJU867w2KsQjQRWbv8Eb_hmwE,貝莉義式餐廳,114台灣台北市?湖?瑞?里文德路22巷44弄20號1樓,https://www.google.com/maps/search/?api=1&query=%E8%B2%9D%E8%8E%89%E7%BE%A9%E5%BC%8F%E9%A4%90%E5%BB%B3&query_place_id=ChIJU867w2KsQjQRWbv8Eb_hmwE,提供 (Yes),Google 地圖「簡介」頁面明確標記「兒童高腳椅」,貝莉義式餐廳,114台灣台北市?湖?瑞?里文德路22巷44弄20號1樓,unknown,yes,unknown,no,高
ChIJURTE5n2rQjQRgj-n9IMohFU,呼嚕小酒館 Purrson Bistro,116台灣臺北市文山區木柵路三段103巷1號,https://www.google.com/maps/search/?api=1&query=%E5%91%BC%E5%9A%95%E5%B0%8F%E9%85%92%E9%A4%A8%20Purrson%20Bistro&query_place_id=ChIJURTE5n2rQjQRgj-n9IMohFU,提供 (Yes),Google 地圖「簡介」頁面明確標記「兒童高腳椅」,呼嚕小酒館 Purrson Bistro,116台灣臺北市文山區木柵路三段103巷1號,unknown,yes,unknown,unknown,資訊不足
ChIJUXPdsoCuQjQRqbxQ0TEjlgg,方家小館,111台灣臺北市士林區天母東路7號,https://www.google.com/maps/search/?api=1&query=%E6%96%B9%E5%AE%B6%E5%B0%8F%E9%A4%A8&query_place_id=ChIJUXPdsoCuQjQRqbxQ0TEjlgg,提供 (Yes),Google 地圖「簡介」頁面明確標記「兒童高腳椅」,方家小館,111台灣臺北市士林區天母東路7號,unknown,yes,unknown,unknown,中
ChIJUffUFF-pQjQR3DQUYxSkvoQ,金獅取水 Cafe And Brunch,10491台灣臺北市中山區松江里民生東路二段151號1F,https://www.google.com/maps/search/?api=1&query=%E9%87%91%E7%8D%85%E5%8F%96%E6%B0%B4%20Cafe%20And%20Brunch&query_place_id=ChIJUffUFF-pQjQR3DQUYxSkvoQ,提供 (Yes),Google 地圖「簡介」頁面明確標記「兒童高腳椅」,金獅取水 Cafe And Brunch,10491台灣臺北市中山區松江里民生東路二段151號1F,unknown,yes,unknown,no,高
ChIJUxfMbFauQjQRSwBqz9ahGgU,聚聚樂,112台灣臺北市北投區中央里大業路300巷1號,https://www.google.com/maps/search/?api=1&query=%E8%81%9A%E8%81%9A%E6%A8%82&query_place_id=ChIJUxfMbFauQjQRSwBqz9ahGgU,提供 (Yes),Google 地圖「簡介」頁面明確標記「兒童高腳椅」,聚聚樂,112台灣臺北市北投區中央里大業路300巷1號,unknown,yes,unknown,unknown,高
ChIJV3gdP2ivQjQRGIffCx1zcsM,九湯屋日式拉麵 台北士林中正店,111台灣臺北市士林區福佳里中正路362號1樓,https://www.google.com/maps/search/?api=1&query=%E4%B9%9D%E6%B9%AF%E5%B1%8B%E6%97%A5%E5%BC%8F%E6%8B%89%E9%BA%B5%20%E5%8F%B0%E5%8C%97%E5%A3%AB%E6%9E%97%E4%B8%AD%E6%AD%A3%E5%BA%97&query_place_id=ChIJV3gdP2ivQjQRGIffCx1zcsM,提供 (Yes),Google 地圖「簡介」頁面明確標記「兒童高腳椅」,九湯屋日式拉麵 台北士林中正店,111台灣臺北市士林區福佳里中正路362號1樓,unknown,yes,unknown,no,高
ChIJVSlgImqtQjQRbQdqBcuQMuo,寶貝餓餓,114台灣臺北市內湖區紫雲里康寧路一段153號1樓,https://www.google.com/maps/search/?api=1&query=%E5%AF%B6%E8%B2%9D%E9%A4%93%E9%A4%93&query_place_id=ChIJVSlgImqtQjQRbQdqBcuQMuo,提供 (Yes),Google 地圖「簡介」頁面明確標記「兒童高腳椅」,寶貝餓餓,114台灣臺北市內湖區紫雲里康寧路一段153號1樓,unknown,yes,no,unknown,高
ChIJVTNtvfSuQjQRRQa96XsYbQ4,仙客來海鮮庭園餐廳,112台灣臺北市北投區東華街二段114號,https://www.google.com/maps/search/?api=1&query=%E4%BB%99%E5%AE%A2%E4%BE%86%E6%B5%B7%E9%AE%AE%E5%BA%AD%E5%9C%92%E9%A4%90%E5%BB%B3&query_place_id=ChIJVTNtvfSuQjQRRQa96XsYbQ4,提供 (Yes),Google 地圖「簡介」頁面明確標記「兒童高腳椅」,仙客來海鮮庭園餐廳,112台灣臺北市北投區東華街二段114號,unknown,yes,unknown,unknown,資訊不足
ChIJVU6GUYyrQjQRB2YO6yBe9rU,兔Dreams,106台灣臺北市大安區民炤里新生南路一段161巷10號捷運大安森林公園站??1號樓梯出口/6號電梯出口??1樓,https://www.google.com/maps/search/?api=1&query=%E5%85%94Dreams&query_place_id=ChIJVU6GUYyrQjQRB2YO6yBe9rU,提供 (Yes),Google 地圖「簡介」頁面明確標記「兒童高腳椅」,兔Dreams,106台灣臺北市大安區民炤里新生南路一段161巷10號捷運大安森林公園站??1號樓梯出口/6號電梯出口??1樓,unknown,yes,unknown,no,資訊不足
ChIJVV0ISSqqQjQRV3Yu84qzaTg,魚韻日式料理,106台灣臺北市大安區瑞安街208巷24弄14號,https://www.google.com/maps/search/?api=1&query=%E9%AD%9A%E9%9F%BB%E6%97%A5%E5%BC%8F%E6%96%99%E7%90%86&query_place_id=ChIJVV0ISSqqQjQRV3Yu84qzaTg,提供 (Yes),Google 地圖「簡介」頁面明確標記「兒童高腳椅」,魚韻日式料理,106台灣臺北市大安區瑞安街208巷24弄14號,unknown,yes,unknown,unknown,資訊不足
ChIJVVVVVRWsQjQRmPdlBQr3qys,小飯館兒,100台灣臺北市中正區水源里汀州路三段202號,https://www.google.com/maps/search/?api=1&query=%E5%B0%8F%E9%A3%AF%E9%A4%A8%E5%85%92&query_place_id=ChIJVVVVVRWsQjQRmPdlBQr3qys,提供 (Yes),Google 地圖「簡介」頁面明確標記「兒童高腳椅」,小飯館兒,100台灣臺北市中正區水源里汀州路三段202號,unknown,yes,unknown,no,高
ChIJVYa5FjKqQjQRZyu9mvTqQlc,青沐（敦北店）,10549台灣臺北市松山區中華里敦化北路155巷7號,https://www.google.com/maps/search/?api=1&query=%E9%9D%92%E6%B2%90%EF%BC%88%E6%95%A6%E5%8C%97%E5%BA%97%EF%BC%89&query_place_id=ChIJVYa5FjKqQjQRZyu9mvTqQlc,提供 (Yes),Google 地圖「簡介」頁面明確標記「兒童高腳椅」,青沐（敦北店）,10549台灣臺北市松山區中華里敦化北路155巷7號,unknown,yes,unknown,no,高
ChIJV_RfoperQjQRit9_MVtVUps,不二煮藝,106台灣臺北市大安區敦安里仁愛路四段112巷9弄5號1樓,https://www.google.com/maps/search/?api=1&query=%E4%B8%8D%E4%BA%8C%E7%85%AE%E8%97%9D&query_place_id=ChIJV_RfoperQjQRit9_MVtVUps,提供 (Yes),Google 地圖「簡介」頁面明確標記「兒童高腳椅」,不二煮藝,106台灣臺北市大安區敦安里仁愛路四段112巷9弄5號1樓,unknown,yes,unknown,unknown,中
ChIJVwidem-sQjQRNq1w2eqA4jU,飯BAR 內湖創始店,114台灣臺北市內湖區內湖路一段360巷2號,https://www.google.com/maps/search/?api=1&query=%E9%A3%AFBAR%20%E5%85%A7%E6%B9%96%E5%89%B5%E5%A7%8B%E5%BA%97&query_place_id=ChIJVwidem-sQjQRNq1w2eqA4jU,提供 (Yes),Google 地圖「簡介」頁面明確標記「兒童高腳椅」,飯BAR 內湖創始店,114台灣臺北市內湖區內湖路一段360巷2號,unknown,yes,unknown,unknown,資訊不足
ChIJW1dApGqpQjQRHk52Eg3uSQw,太春小館海鮮餐廳,103台灣臺北市大同區寧夏路81號,https://www.google.com/maps/search/?api=1&query=%E5%A4%AA%E6%98%A5%E5%B0%8F%E9%A4%A8%E6%B5%B7%E9%AE%AE%E9%A4%90%E5%BB%B3&query_place_id=ChIJW1dApGqpQjQRHk52Eg3uSQw,提供 (Yes),Google 地圖「簡介」頁面明確標記「兒童高腳椅」,太春小館海鮮餐廳,103台灣臺北市大同區寧夏路81號,unknown,yes,unknown,unknown,資訊不足
ChIJW5esxZeuQjQRlWxyAQ4gFyE,士林廣澤擔仔麵,111台灣臺北市士林區福華路10號,https://www.google.com/maps/search/?api=1&query=%E5%A3%AB%E6%9E%97%E5%BB%A3%E6%BE%A4%E6%93%94%E4%BB%94%E9%BA%B5&query_place_id=ChIJW5esxZeuQjQRlWxyAQ4gFyE,提供 (Yes),Google 地圖「簡介」頁面明確標記「兒童高腳椅」,士林廣澤擔仔麵,111台灣臺北市士林區福華路10號,unknown,yes,unknown,unknown,中
ChIJW5thyWOpQjQRU5JJgEIIVl0,BANCO棒可 窯烤PIZZA . 自製生麵 長安店,10491台灣臺北市中山區朱園里長安東路二段106號,https://www.google.com/maps/search/?api=1&query=BANCO%E6%A3%92%E5%8F%AF%20%E7%AA%AF%E7%83%A4PIZZA%20.%20%E8%87%AA%E8%A3%BD%E7%94%9F%E9%BA%B5%20%E9%95%B7%E5%AE%89%E5%BA%97&query_place_id=ChIJW5thyWOpQjQRU5JJgEIIVl0,提供 (Yes),Google 地圖「簡介」頁面明確標記「兒童高腳椅」,BANCO棒可 窯烤PIZZA . 自製生麵 長安店,10491台灣臺北市中山區朱園里長安東路二段106號,unknown,yes,unknown,no,高
ChIJWb03nierQjQRpejWhMmr8c4,野餐廚房 PIQUE NIQUE,105台灣臺北市松山區民有里敦化北路222巷34號1樓,https://www.google.com/maps/search/?api=1&query=%E9%87%8E%E9%A4%90%E5%BB%9A%E6%88%BF%20PIQUE%20NIQUE&query_place_id=ChIJWb03nierQjQRpejWhMmr8c4,提供 (Yes),Google 地圖「簡介」頁面明確標記「兒童高腳椅」,野餐廚房 PIQUE NIQUE,105台灣臺北市松山區民有里敦化北路222巷34號1樓,unknown,yes,unknown,no,高
ChIJX-MVHgurQjQRsHkHoe1Lc6Q,MAMA'S 鐵鍋早午餐 南京店,105台灣臺北市松山區東勢里南京東路四段133巷8弄3號,https://www.google.com/maps/search/?api=1&query=MAMA'S%20%E9%90%B5%E9%8D%8B%E6%97%A9%E5%8D%88%E9%A4%90%20%E5%8D%97%E4%BA%AC%E5%BA%97&query_place_id=ChIJX-MVHgurQjQRsHkHoe1Lc6Q,提供 (Yes),Google 地圖「簡介」頁面明確標記「兒童高腳椅」,MAMA'S 鐵鍋早午餐 南京店,105台灣臺北市松山區東勢里南京東路四段133巷8弄3號,unknown,yes,unknown,no,高
ChIJX5yZXwCrQjQRKUrbiH1XkVY,小韓室 韓食 飯捲專賣 @台北松山店,105台灣臺北市松山區新東街7號,https://www.google.com/maps/search/?api=1&query=%E5%B0%8F%E9%9F%93%E5%AE%A4%20%E9%9F%93%E9%A3%9F%20%E9%A3%AF%E6%8D%B2%E5%B0%88%E8%B3%A3%20%40%E5%8F%B0%E5%8C%97%E6%9D%BE%E5%B1%B1%E5%BA%97&query_place_id=ChIJX5yZXwCrQjQRKUrbiH1XkVY,提供 (Yes),Google 地圖「簡介」頁面明確標記「兒童高腳椅」,小韓室 韓食 飯捲專賣 @台北松山店,105台灣臺北市松山區新東街7號,unknown,yes,yes,unknown,中
ChIJX8eX-HapQjQRy9LwKA9dxCM,上海鄉村 濟南店,100台灣臺北市中正區幸市里濟南路二段37號,https://www.google.com/maps/search/?api=1&query=%E4%B8%8A%E6%B5%B7%E9%84%89%E6%9D%91%20%E6%BF%9F%E5%8D%97%E5%BA%97&query_place_id=ChIJX8eX-HapQjQRy9LwKA9dxCM,提供 (Yes),Google 地圖「簡介」頁面明確標記「兒童高腳椅」,上海鄉村 濟南店,100台灣臺北市中正區幸市里濟南路二段37號,unknown,yes,unknown,unknown,高
ChIJXRs81GmrQjQRzAhgKrD7NOo,Casanova 義大利餐廳,"1樓, No. 12號忠孝東路四段170巷6弄 Da'an District, 大安區臺北市台灣 10688",https://www.google.com/maps/search/?api=1&query=Casanova%20%E7%BE%A9%E5%A4%A7%E5%88%A9%E9%A4%90%E5%BB%B3&query_place_id=ChIJXRs81GmrQjQRzAhgKrD7NOo,提供 (Yes),Google 地圖「簡介」頁面明確標記「兒童高腳椅」,Casanova 義大利餐廳,"1樓, No. 12號忠孝東路四段170巷6弄 Da'an District, 大安區臺北市台灣 10688",unknown,yes,unknown,no,高
ChIJXSmvd0WvQjQR2Fnf2iVqdig,雙喵星球蔬食日常,111台灣臺北市士林區舊佳里美德街104號,https://www.google.com/maps/search/?api=1&query=%E9%9B%99%E5%96%B5%E6%98%9F%E7%90%83%E8%94%AC%E9%A3%9F%E6%97%A5%E5%B8%B8&query_place_id=ChIJXSmvd0WvQjQR2Fnf2iVqdig,提供 (Yes),Google 地圖「簡介」頁面明確標記「兒童高腳椅」,雙喵星球蔬食日常,111台灣臺北市士林區舊佳里美德街104號,unknown,yes,unknown,unknown,高
ChIJXe3shz-vQjQR1zKJHuLkcqU,Mr.庖匠脆皮蛋餅,111台灣臺北市士林區福壽街31號1樓,https://www.google.com/maps/search/?api=1&query=Mr.%E5%BA%96%E5%8C%A0%E8%84%86%E7%9A%AE%E8%9B%8B%E9%A4%85&query_place_id=ChIJXe3shz-vQjQR1zKJHuLkcqU,提供 (Yes),Google 地圖「簡介」頁面明確標記「兒童高腳椅」,Mr.庖匠脆皮蛋餅,111台灣臺北市士林區福壽街31號1樓,unknown,yes,unknown,unknown,資訊不足
ChIJXfCvReOrQjQRs3K2Lo84HaI,南港燴館中餐廳,115台灣臺北市南港區經貿二路1號3樓,https://www.google.com/maps/search/?api=1&query=%E5%8D%97%E6%B8%AF%E7%87%B4%E9%A4%A8%E4%B8%AD%E9%A4%90%E5%BB%B3&query_place_id=ChIJXfCvReOrQjQRs3K2Lo84HaI,提供 (Yes),Google 地圖「簡介」頁面明確標記「兒童高腳椅」,南港燴館中餐廳,115台灣臺北市南港區經貿二路1號3樓,unknown,yes,unknown,unknown,資訊不足
ChIJXwOtVnCpQjQRTVueuwzw_2M,御景日本料理,"2之4號, No. 2之4號林森南路中正區臺北市台灣 100",https://www.google.com/maps/search/?api=1&query=%E5%BE%A1%E6%99%AF%E6%97%A5%E6%9C%AC%E6%96%99%E7%90%86&query_place_id=ChIJXwOtVnCpQjQRTVueuwzw_2M,提供 (Yes),Google 地圖「簡介」頁面明確標記「兒童高腳椅」,御景日本料理,"2之4號, No. 2之4號林森南路中正區臺北市台灣 100",unknown,yes,unknown,unknown,資訊不足
ChIJY-WhLbuuQjQRspXCBrQnwRo,百八龍拉麵,111台灣臺北市士林區大東路133號,https://www.google.com/maps/search/?api=1&query=%E7%99%BE%E5%85%AB%E9%BE%8D%E6%8B%89%E9%BA%B5&query_place_id=ChIJY-WhLbuuQjQRspXCBrQnwRo,提供 (Yes),Google 地圖「簡介」頁面明確標記「兒童高腳椅」,百八龍拉麵,111台灣臺北市士林區大東路133號,unknown,yes,unknown,unknown,中
ChIJY3SpVBqpQjQR2n727CJgCuk,北棲 邸家 North house -,100台灣臺北市中正區幸福里忠孝東路二段40號1樓,https://www.google.com/maps/search/?api=1&query=%E5%8C%97%E6%A3%B2%20%E9%82%B8%E5%AE%B6%20North%20house%20-&query_place_id=ChIJY3SpVBqpQjQR2n727CJgCuk,提供 (Yes),Google 地圖「簡介」頁面明確標記「兒童高腳椅」,北棲 邸家 North house -,100台灣臺北市中正區幸福里忠孝東路二段40號1樓,unknown,yes,unknown,unknown,中
ChIJY60vUo2tQjQRwPwb4_mJCOQ,2018搞食堂,114台灣臺北市內湖區金湖里康寧路三段11巷12號,https://www.google.com/maps/search/?api=1&query=2018%E6%90%9E%E9%A3%9F%E5%A0%82&query_place_id=ChIJY60vUo2tQjQRwPwb4_mJCOQ,提供 (Yes),Google 地圖「簡介」頁面明確標記「兒童高腳椅」,2018搞食堂,114台灣臺北市內湖區金湖里康寧路三段11巷12號,unknown,yes,unknown,no,高
ChIJYRppk-arQjQRRIg-7royHuY,Compas Pasta House 康帕斯義麵屋,105台灣臺北市松山區復源里八德路三段106巷69號,https://www.google.com/maps/search/?api=1&query=Compas%20Pasta%20House%20%E5%BA%B7%E5%B8%95%E6%96%AF%E7%BE%A9%E9%BA%B5%E5%B1%8B&query_place_id=ChIJYRppk-arQjQRRIg-7royHuY,提供 (Yes),Google 地圖「簡介」頁面明確標記「兒童高腳椅」,Compas Pasta House 康帕斯義麵屋,105台灣臺北市松山區復源里八德路三段106巷69號,unknown,yes,unknown,unknown,高
ChIJYcHQnuuvQjQRdiFiLqMaXnE,喬園六店,112台灣臺北市北投區中央里大業路280巷35弄2號,https://www.google.com/maps/search/?api=1&query=%E5%96%AC%E5%9C%92%E5%85%AD%E5%BA%97&query_place_id=ChIJYcHQnuuvQjQRdiFiLqMaXnE,提供 (Yes),Google 地圖「簡介」頁面明確標記「兒童高腳椅」,喬園六店,112台灣臺北市北投區中央里大業路280巷35弄2號,unknown,yes,unknown,no,高
ChIJYzKdXeqrQjQRXga3f1NvrHI,湘民小館,105台灣臺北市松山區復勢里八德路三段155巷24號,https://www.google.com/maps/search/?api=1&query=%E6%B9%98%E6%B0%91%E5%B0%8F%E9%A4%A8&query_place_id=ChIJYzKdXeqrQjQRXga3f1NvrHI,提供 (Yes),Google 地圖「簡介」頁面明確標記「兒童高腳椅」,湘民小館,105台灣臺北市松山區復勢里八德路三段155巷24號,unknown,yes,unknown,no,高
ChIJYzULsKapQjQRYydje7x5Uv8,川揚郁坊小館,100台灣臺北市中正區南門里延平南路163巷2號,https://www.google.com/maps/search/?api=1&query=%E5%B7%9D%E6%8F%9A%E9%83%81%E5%9D%8A%E5%B0%8F%E9%A4%A8&query_place_id=ChIJYzULsKapQjQRYydje7x5Uv8,提供 (Yes),Google 地圖「簡介」頁面明確標記「兒童高腳椅」,川揚郁坊小館,100台灣臺北市中正區南門里延平南路163巷2號,unknown,yes,unknown,no,高
ChIJZ86q7YarQjQR-xBj0x1I8lQ,不想早起 get up,115台灣臺北市南港區南港里新民街76號,https://www.google.com/maps/search/?api=1&query=%E4%B8%8D%E6%83%B3%E6%97%A9%E8%B5%B7%20get%20up&query_place_id=ChIJZ86q7YarQjQR-xBj0x1I8lQ,提供 (Yes),Google 地圖「簡介」頁面明確標記「兒童高腳椅」,不想早起 get up,115台灣臺北市南港區南港里新民街76號,unknown,yes,unknown,unknown,高
ChIJZRnK2ferQjQR0tXt_reAwQc,不葷主義茶餐廳 台北店,105台灣臺北市松山區南京東路三段275號2樓,https://www.google.com/maps/search/?api=1&query=%E4%B8%8D%E8%91%B7%E4%B8%BB%E7%BE%A9%E8%8C%B6%E9%A4%90%E5%BB%B3%20%E5%8F%B0%E5%8C%97%E5%BA%97&query_place_id=ChIJZRnK2ferQjQR0tXt_reAwQc,提供 (Yes),Google 地圖「簡介」頁面明確標記「兒童高腳椅」,不葷主義茶餐廳 台北店,105台灣臺北市松山區南京東路三段275號2樓,unknown,yes,unknown,unknown,資訊不足
ChIJZdcmMwmpQjQRVhoFltvFacY,金獅樓,108台灣臺北市萬華區西寧南路36號10樓,https://www.google.com/maps/search/?api=1&query=%E9%87%91%E7%8D%85%E6%A8%93&query_place_id=ChIJZdcmMwmpQjQRVhoFltvFacY,提供 (Yes),Google 地圖「簡介」頁面明確標記「兒童高腳椅」,金獅樓,108台灣臺北市萬華區西寧南路36號10樓,unknown,yes,unknown,unknown,中
ChIJZf_OS2ipQjQRE1H_bmSb708,Buttermilk 摩登美式餐廳,10491台灣臺北市中山區中山北路二段57之1號,https://www.google.com/maps/search/?api=1&query=Buttermilk%20%E6%91%A9%E7%99%BB%E7%BE%8E%E5%BC%8F%E9%A4%90%E5%BB%B3&query_place_id=ChIJZf_OS2ipQjQRE1H_bmSb708,提供 (Yes),Google 地圖「簡介」頁面明確標記「兒童高腳椅」,Buttermilk 摩登美式餐廳,10491台灣臺北市中山區中山北路二段57之1號,unknown,yes,unknown,unknown,資訊不足
ChIJ_1s2eRKvQjQR0hdltagyk1M,丰園小館,111010台灣臺北市士林區福佳里中正路334號,https://www.google.com/maps/search/?api=1&query=%E4%B8%B0%E5%9C%92%E5%B0%8F%E9%A4%A8&query_place_id=ChIJ_1s2eRKvQjQR0hdltagyk1M,提供 (Yes),Google 地圖「簡介」頁面明確標記「兒童高腳椅」,丰園小館,111010台灣臺北市士林區福佳里中正路334號,unknown,yes,unknown,unknown,高
ChIJ_1vCIlWvQjQRjo4z7gh-Gf8,PRESERVE天母東店,111台灣臺北市士林區天山里天母東路43巷3號,https://www.google.com/maps/search/?api=1&query=PRESERVE%E5%A4%A9%E6%AF%8D%E6%9D%B1%E5%BA%97&query_place_id=ChIJ_1vCIlWvQjQRjo4z7gh-Gf8,提供 (Yes),Google 地圖「簡介」頁面明確標記「兒童高腳椅」,PRESERVE天母東店,111台灣臺北市士林區天山里天母東路43巷3號,unknown,yes,unknown,no,高
ChIJ_3LZiLyvQjQR3SvEA0zV4Hk,大俠請留步,111台灣臺北市士林區文林路188號,https://www.google.com/maps/search/?api=1&query=%E5%A4%A7%E4%BF%A0%E8%AB%8B%E7%95%99%E6%AD%A5&query_place_id=ChIJ_3LZiLyvQjQR3SvEA0zV4Hk,提供 (Yes),Google 地圖「簡介」頁面明確標記「兒童高腳椅」,大俠請留步,111台灣臺北市士林區文林路188號,unknown,yes,unknown,unknown,資訊不足
ChIJ_6v6xhWpQjQRq8kQTzsl8Ks,鯉魚 The Carp,10347台灣臺北市大同區迪化街一段177號,https://www.google.com/maps/search/?api=1&query=%E9%AF%89%E9%AD%9A%20The%20Carp&query_place_id=ChIJ_6v6xhWpQjQRq8kQTzsl8Ks,提供 (Yes),Google 地圖「簡介」頁面明確標記「兒童高腳椅」,鯉魚 The Carp,10347台灣臺北市大同區迪化街一段177號,unknown,yes,unknown,unknown,資訊不足
ChIJ_8WLFWipQjQRc0d1b_tGhI4,澳氏咖啡 Aussie Cafe,104台灣臺北市中山區聚葉里中山北路二段115巷33號,https://www.google.com/maps/search/?api=1&query=%E6%BE%B3%E6%B0%8F%E5%92%96%E5%95%A1%20Aussie%20Cafe&query_place_id=ChIJ_8WLFWipQjQRc0d1b_tGhI4,提供 (Yes),Google 地圖「簡介」頁面明確標記「兒童高腳椅」,澳氏咖啡 Aussie Cafe,104台灣臺北市中山區聚葉里中山北路二段115巷33號,unknown,yes,unknown,unknown,高
ChIJ_QSp5uWpQjQRRuAnY7GgxAY,長春?華海鮮餐廳,10491台灣臺北市中山區康樂里長春路26號,https://www.google.com/maps/search/?api=1&query=%E9%95%B7%E6%98%A5%E4%BA%B0%E8%8F%AF%E6%B5%B7%E9%AE%AE%E9%A4%90%E5%BB%B3&query_place_id=ChIJ_QSp5uWpQjQRRuAnY7GgxAY,提供 (Yes),Google 地圖「簡介」頁面明確標記「兒童高腳椅」,長春?華海鮮餐廳,10491台灣臺北市中山區康樂里長春路26號,unknown,yes,unknown,no,高
ChIJ_QYiGnupQjQRC8BOTkFJuHs,Alleycat's Pizza,100台灣臺北市中正區梅花里八德路一段1號華山文創園區 中3A-2,https://www.google.com/maps/search/?api=1&query=Alleycat's%20Pizza&query_place_id=ChIJ_QYiGnupQjQRC8BOTkFJuHs,提供 (Yes),Google 地圖「簡介」頁面明確標記「兒童高腳椅」,Alleycat's Pizza,100台灣臺北市中正區梅花里八德路一段1號華山文創園區 中3A-2,unknown,yes,unknown,unknown,高
ChIJ_RA6XQGqQjQRRwNNst0r6F4,Tenshima 天島咖啡,116台灣臺北市文山區景華里羅斯福路六段311號,https://www.google.com/maps/search/?api=1&query=Tenshima%20%E5%A4%A9%E5%B3%B6%E5%92%96%E5%95%A1&query_place_id=ChIJ_RA6XQGqQjQRRwNNst0r6F4,提供 (Yes),Google 地圖「簡介」頁面明確標記「兒童高腳椅」,Tenshima 天島咖啡,116台灣臺北市文山區景華里羅斯福路六段311號,unknown,yes,unknown,unknown,高
ChIJ_RJ5-aypQjQR8C2beKXJ7fw,Pizza Rock 古亭店,106台灣臺北市大安區古莊里羅斯福路三段25號,https://www.google.com/maps/search/?api=1&query=Pizza%20Rock%20%E5%8F%A4%E4%BA%AD%E5%BA%97&query_place_id=ChIJ_RJ5-aypQjQR8C2beKXJ7fw,提供 (Yes),Google 地圖「簡介」頁面明確標記「兒童高腳椅」,Pizza Rock 古亭店,106台灣臺北市大安區古莊里羅斯福路三段25號,unknown,yes,unknown,unknown,高
ChIJ_WJhTf6tQjQRzjrZmrFJ-dM,享鮮餐廳南港分店,115台灣臺北市南港區經貿二路188號2樓,https://www.google.com/maps/search/?api=1&query=%E4%BA%AB%E9%AE%AE%E9%A4%90%E5%BB%B3%E5%8D%97%E6%B8%AF%E5%88%86%E5%BA%97&query_place_id=ChIJ_WJhTf6tQjQRzjrZmrFJ-dM,提供 (Yes),Google 地圖「簡介」頁面明確標記「兒童高腳椅」,享鮮餐廳南港分店,115台灣臺北市南港區經貿二路188號2樓,unknown,yes,unknown,unknown,中
ChIJ_Y4vZzKrQjQRcqCqvdGszQQ,輪輪1976 和食茶酒?,110405台灣臺北市信義區松壽路11號3樓,https://www.google.com/maps/search/?api=1&query=%E8%BC%AA%E8%BC%AA1976%20%E5%92%8C%E9%A3%9F%E8%8C%B6%E9%85%92%E9%A7%85&query_place_id=ChIJ_Y4vZzKrQjQRcqCqvdGszQQ,提供 (Yes),Google 地圖「簡介」頁面明確標記「兒童高腳椅」,輪輪1976 和食茶酒?,110405台灣臺北市信義區松壽路11號3樓,unknown,yes,unknown,unknown,中
ChIJ_Y6YDzIAaDQRRdbdkfSUIPI,貓空茶言觀舍,116台灣臺北市文山區指南里指南路三段38巷20號,https://www.google.com/maps/search/?api=1&query=%E8%B2%93%E7%A9%BA%E8%8C%B6%E8%A8%80%E8%A7%80%E8%88%8D&query_place_id=ChIJ_Y6YDzIAaDQRRdbdkfSUIPI,提供 (Yes),Google 地圖「簡介」頁面明確標記「兒童高腳椅」,貓空茶言觀舍,116台灣臺北市文山區指南里指南路三段38巷20號,unknown,yes,unknown,no,高
ChIJ_arDipWpQjQR2q2yV467ABY,overthink 餐飲小吃部,100台灣臺北市中正區螢圃里廈門街34巷2號1樓,https://www.google.com/maps/search/?api=1&query=overthink%20%E9%A4%90%E9%A3%B2%E5%B0%8F%E5%90%83%E9%83%A8&query_place_id=ChIJ_arDipWpQjQR2q2yV467ABY,提供 (Yes),Google 地圖「簡介」頁面明確標記「兒童高腳椅」,overthink 餐飲小吃部,100台灣臺北市中正區螢圃里廈門街34巷2號1樓,unknown,yes,unknown,unknown,高
ChIJ_arISaqtQjQR_wwFFgzwBZ0,GumGum Not Only Beer & Wings 雞翅啤酒吧-內科店,11492台灣臺北市內湖區基湖路3巷68號,https://www.google.com/maps/search/?api=1&query=GumGum%20Not%20Only%20Beer%20%26%20Wings%20%E9%9B%9E%E7%BF%85%E5%95%A4%E9%85%92%E5%90%A7-%E5%85%A7%E7%A7%91%E5%BA%97&query_place_id=ChIJ_arISaqtQjQR_wwFFgzwBZ0,提供 (Yes),Google 地圖「簡介」頁面明確標記「兒童高腳椅」,GumGum Not Only Beer & Wings 雞翅啤酒吧-內科店,11492台灣臺北市內湖區基湖路3巷68號,unknown,yes,unknown,unknown,資訊不足
ChIJ_ewBSVmpQjQRmdUnMSiJeC8,歐家宴,104台灣臺北市中山區新生里民權東路二段92巷7弄21號,https://www.google.com/maps/search/?api=1&query=%E6%AD%90%E5%AE%B6%E5%AE%B4&query_place_id=ChIJ_ewBSVmpQjQRmdUnMSiJeC8,提供 (Yes),Google 地圖「簡介」頁面明確標記「兒童高腳椅」,歐家宴,104台灣臺北市中山區新生里民權東路二段92巷7弄21號,likely,yes,likely,no,高
ChIJa3AnfWGsQjQR2vz2MWcy9qw,男子漢拉麵食堂內湖737店,"號 No, No. 76內湖路一段737巷港富里內湖區臺北市台灣 114",https://www.google.com/maps/search/?api=1&query=%E7%94%B7%E5%AD%90%E6%BC%A2%E6%8B%89%E9%BA%B5%E9%A3%9F%E5%A0%82%E5%85%A7%E6%B9%96737%E5%BA%97&query_place_id=ChIJa3AnfWGsQjQR2vz2MWcy9qw,提供 (Yes),Google 地圖「簡介」頁面明確標記「兒童高腳椅」,男子漢拉麵食堂內湖737店,"號 No, No. 76內湖路一段737巷港富里內湖區臺北市台灣 114",unknown,yes,unknown,no,高
ChIJa4mXFAmpQjQR8Yx-EvJM9tA,美觀園日本料理,108台灣臺北市萬華區峨眉街47號,https://www.google.com/maps/search/?api=1&query=%E7%BE%8E%E8%A7%80%E5%9C%92%E6%97%A5%E6%9C%AC%E6%96%99%E7%90%86&query_place_id=ChIJa4mXFAmpQjQR8Yx-EvJM9tA,提供 (Yes),Google 地圖「簡介」頁面明確標記「兒童高腳椅」,美觀園日本料理,108台灣臺北市萬華區峨眉街47號,unknown,yes,unknown,unknown,資訊不足
ChIJaW5qRZeuQjQRXS0fztFQle8,Want More,111台灣臺北市士林區德行里中山北路六段43-2號,https://www.google.com/maps/search/?api=1&query=Want%20More&query_place_id=ChIJaW5qRZeuQjQRXS0fztFQle8,提供 (Yes),Google 地圖「簡介」頁面明確標記「兒童高腳椅」,Want More,111台灣臺北市士林區德行里中山北路六段43-2號,unknown,yes,unknown,unknown,高
ChIJaWfvlQCqQjQRSzfJ51RhuRg,義興樓EAT-THING RESTAURANT,116台灣臺北市文山區景文街121號,https://www.google.com/maps/search/?api=1&query=%E7%BE%A9%E8%88%88%E6%A8%93EAT-THING%20RESTAURANT&query_place_id=ChIJaWfvlQCqQjQRSzfJ51RhuRg,提供 (Yes),Google 地圖「簡介」頁面明確標記「兒童高腳椅」,義興樓EAT-THING RESTAURANT,116台灣臺北市文山區景文街121號,unknown,yes,unknown,unknown,資訊不足
ChIJaZeoEK6vQjQRRBc-MC-InuU,TAMED FOX 天母店,111台灣臺北市士林區天福里忠誠路二段184號一樓,https://www.google.com/maps/search/?api=1&query=TAMED%20FOX%20%E5%A4%A9%E6%AF%8D%E5%BA%97&query_place_id=ChIJaZeoEK6vQjQRRBc-MC-InuU,提供 (Yes),Google 地圖「簡介」頁面明確標記「兒童高腳椅」,TAMED FOX 天母店,111台灣臺北市士林區天福里忠誠路二段184號一樓,unknown,yes,unknown,no,高
ChIJafvjYtqrQjQR1qe5eQ4T84w,JAPOLI義大利餐酒館,106台灣台北市大安?忠孝?路四段49巷2號 B1F,https://www.google.com/maps/search/?api=1&query=JAPOLI%E7%BE%A9%E5%A4%A7%E5%88%A9%E9%A4%90%E9%85%92%E9%A4%A8&query_place_id=ChIJafvjYtqrQjQR1qe5eQ4T84w,提供 (Yes),Google 地圖「簡介」頁面明確標記「兒童高腳椅」,JAPOLI義大利餐酒館,106台灣台北市大安?忠孝?路四段49巷2號 B1F,unknown,yes,unknown,unknown,高
ChIJb-YU9VmrQjQRLmKZkT7twr0,春月日式食堂,115台灣臺北市南港區南港里南港路一段143號,https://www.google.com/maps/search/?api=1&query=%E6%98%A5%E6%9C%88%E6%97%A5%E5%BC%8F%E9%A3%9F%E5%A0%82&query_place_id=ChIJb-YU9VmrQjQRLmKZkT7twr0,提供 (Yes),Google 地圖「簡介」頁面明確標記「兒童高腳椅」,春月日式食堂,115台灣臺北市南港區南港里南港路一段143號,unknown,yes,unknown,unknown,高
ChIJb0GlSuWpQjQRsLNZ_aN7Nac,Felice饗樂 Pasta&Dessert &鍋物,10491台灣臺北市中山區中山里中山北路二段59巷16號,https://www.google.com/maps/search/?api=1&query=Felice%E9%A5%97%E6%A8%82%20Pasta%26Dessert%20%26%E9%8D%8B%E7%89%A9&query_place_id=ChIJb0GlSuWpQjQRsLNZ_aN7Nac,提供 (Yes),Google 地圖「簡介」頁面明確標記「兒童高腳椅」,Felice饗樂 Pasta&Dessert &鍋物,10491台灣臺北市中山區中山里中山北路二段59巷16號,unknown,yes,unknown,unknown,高
ChIJb3LIflWvQjQRnsEmXIZjfhs,早寧午食,111台灣臺北市士林區德行里福國路34號,https://www.google.com/maps/search/?api=1&query=%E6%97%A9%E5%AF%A7%E5%8D%88%E9%A3%9F&query_place_id=ChIJb3LIflWvQjQRnsEmXIZjfhs,提供 (Yes),Google 地圖「簡介」頁面明確標記「兒童高腳椅」,早寧午食,111台灣臺北市士林區德行里福國路34號,unknown,yes,unknown,unknown,高
ChIJb4TLv3KvQjQR880suB_3bBY,相思起小館,112台灣臺北市北投區一德里中央北路四段495號,https://www.google.com/maps/search/?api=1&query=%E7%9B%B8%E6%80%9D%E8%B5%B7%E5%B0%8F%E9%A4%A8&query_place_id=ChIJb4TLv3KvQjQR880suB_3bBY,提供 (Yes),Google 地圖「簡介」頁面明確標記「兒童高腳椅」,相思起小館,112台灣臺北市北投區一德里中央北路四段495號,unknown,yes,unknown,no,高
ChIJb80krG-rQjQR1Yps1UBINss,攏玥?,115台灣臺北市南港區南港里南港路一段87號,https://www.google.com/maps/search/?api=1&query=%E6%94%8F%E7%8E%A5%E5%BD%A1&query_place_id=ChIJb80krG-rQjQR1Yps1UBINss,提供 (Yes),Google 地圖「簡介」頁面明確標記「兒童高腳椅」,攏玥?,115台灣臺北市南港區南港里南港路一段87號,unknown,yes,unknown,unknown,資訊不足
ChIJb8PqPa2rQjQRFccELUVuSlo,大烹小饌 福客粥,105台灣臺北市松山區吉祥里八德路四段229號,https://www.google.com/maps/search/?api=1&query=%E5%A4%A7%E7%83%B9%E5%B0%8F%E9%A5%8C%20%E7%A6%8F%E5%AE%A2%E7%B2%A5&query_place_id=ChIJb8PqPa2rQjQRFccELUVuSlo,提供 (Yes),Google 地圖「簡介」頁面明確標記「兒童高腳椅」,大烹小饌 福客粥,105台灣臺北市松山區吉祥里八德路四段229號,unknown,yes,unknown,no,高
ChIJb9CZ9m6pQjQRZ7PgTEtMDOo,嘉廚 Collective Excellent restaurant,104台灣臺北市中山區中山北路二段96-1號雙連郵局隔壁,https://www.google.com/maps/search/?api=1&query=%E5%98%89%E5%BB%9A%20Collective%20Excellent%20restaurant&query_place_id=ChIJb9CZ9m6pQjQRZ7PgTEtMDOo,提供 (Yes),Google 地圖「簡介」頁面明確標記「兒童高腳椅」,嘉廚 Collective Excellent restaurant,104台灣臺北市中山區中山北路二段96-1號雙連郵局隔壁,unknown,yes,unknown,no,高
ChIJbQdCfnyrQjQRoCTy-sMteqU,MJ 餐酒館,10478台灣臺北市中山區江山里建國北路二段121號,https://www.google.com/maps/search/?api=1&query=MJ%20%E9%A4%90%E9%85%92%E9%A4%A8&query_place_id=ChIJbQdCfnyrQjQRoCTy-sMteqU,提供 (Yes),Google 地圖「簡介」頁面明確標記「兒童高腳椅」,MJ 餐酒館,10478台灣臺北市中山區江山里建國北路二段121號,unknown,yes,unknown,no,高
ChIJbRvocVarQjQRmZput_DV98I,義舍廚房,105台灣臺北市松山區三民里民生東路五段137巷2-2號,https://www.google.com/maps/search/?api=1&query=%E7%BE%A9%E8%88%8D%E5%BB%9A%E6%88%BF&query_place_id=ChIJbRvocVarQjQRmZput_DV98I,提供 (Yes),Google 地圖「簡介」頁面明確標記「兒童高腳椅」,義舍廚房,105台灣臺北市松山區三民里民生東路五段137巷2-2號,unknown,yes,unknown,no,高
ChIJbZMi8smrQjQRFjiDk2bA2X4,米家廚房義大利麵,110台灣台北市信??信義區信?路四段395巷6弄12號1樓,https://www.google.com/maps/search/?api=1&query=%E7%B1%B3%E5%AE%B6%E5%BB%9A%E6%88%BF%E7%BE%A9%E5%A4%A7%E5%88%A9%E9%BA%B5&query_place_id=ChIJbZMi8smrQjQRFjiDk2bA2X4,提供 (Yes),Google 地圖「簡介」頁面明確標記「兒童高腳椅」,米家廚房義大利麵,110台灣台北市信??信義區信?路四段395巷6弄12號1樓,unknown,yes,unknown,no,高
ChIJbbiochSpQjQRuFAr8phgl2U,福來許珈琲館 Fleisch Caf?,103台灣臺北市大同區永樂里迪化街一段76號,https://www.google.com/maps/search/?api=1&query=%E7%A6%8F%E4%BE%86%E8%A8%B1%E7%8F%88%E7%90%B2%E9%A4%A8%20Fleisch%20Caf%C3%A9&query_place_id=ChIJbbiochSpQjQRuFAr8phgl2U,提供 (Yes),Google 地圖「簡介」頁面明確標記「兒童高腳椅」,福來許珈琲館 Fleisch Caf?,103台灣臺北市大同區永樂里迪化街一段76號,unknown,yes,unknown,no,高
ChIJbeUxL9KrQjQR5-ForQjUEIQ,斐得蔬食 VERDURE 松山店-松山健康蔬食,105台灣臺北市松山區民有里民權東路三段160巷1-2號,https://www.google.com/maps/search/?api=1&query=%E6%96%90%E5%BE%97%E8%94%AC%E9%A3%9F%20VERDURE%20%E6%9D%BE%E5%B1%B1%E5%BA%97-%E6%9D%BE%E5%B1%B1%E5%81%A5%E5%BA%B7%E8%94%AC%E9%A3%9F&query_place_id=ChIJbeUxL9KrQjQR5-ForQjUEIQ,提供 (Yes),Google 地圖「簡介」頁面明確標記「兒童高腳椅」,斐得蔬食 VERDURE 松山店-松山健康蔬食,105台灣臺北市松山區民有里民權東路三段160巷1-2號,unknown,yes,unknown,unknown,高
ChIJbebEdA6sQjQRaasm9Wu4mNI,晴山日本料理,10491台灣臺北市中山區成功里樂群二路55號3樓,https://www.google.com/maps/search/?api=1&query=%E6%99%B4%E5%B1%B1%E6%97%A5%E6%9C%AC%E6%96%99%E7%90%86&query_place_id=ChIJbebEdA6sQjQRaasm9Wu4mNI,提供 (Yes),Google 地圖「簡介」頁面明確標記「兒童高腳椅」,晴山日本料理,10491台灣臺北市中山區成功里樂群二路55號3樓,unknown,yes,unknown,no,中
ChIJbyjfSQSqQjQRhVrZWCaY1y8,季滿屋日本料理,116台灣臺北市文山區景東里景華街74號,https://www.google.com/maps/search/?api=1&query=%E5%AD%A3%E6%BB%BF%E5%B1%8B%E6%97%A5%E6%9C%AC%E6%96%99%E7%90%86&query_place_id=ChIJbyjfSQSqQjQRhVrZWCaY1y8,提供 (Yes),Google 地圖「簡介」頁面明確標記「兒童高腳椅」,季滿屋日本料理,116台灣臺北市文山區景東里景華街74號,unknown,yes,unknown,unknown,高
ChIJc0dWY9erQjQR8RN1CdS7npE,樂野食,108台灣臺北市萬華區萬壽里武昌街二段37號5樓,https://www.google.com/maps/search/?api=1&query=%E6%A8%82%E9%87%8E%E9%A3%9F&query_place_id=ChIJc0dWY9erQjQR8RN1CdS7npE,提供 (Yes),Google 地圖「簡介」頁面明確標記「兒童高腳椅」,樂野食,108台灣臺北市萬華區萬壽里武昌街二段37號5樓,unknown,yes,unknown,unknown,高
ChIJc95P6a6pQjQR9Ro3wIE2nhs,燒杯咖啡藝廚 Beaker ChefCafe,108台灣臺北市萬華區西園路一段240號,https://www.google.com/maps/search/?api=1&query=%E7%87%92%E6%9D%AF%E5%92%96%E5%95%A1%E8%97%9D%E5%BB%9A%20Beaker%20ChefCafe&query_place_id=ChIJc95P6a6pQjQR9Ro3wIE2nhs,提供 (Yes),Google 地圖「簡介」頁面明確標記「兒童高腳椅」,燒杯咖啡藝廚 Beaker ChefCafe,108台灣臺北市萬華區西園路一段240號,unknown,yes,unknown,unknown,資訊不足
ChIJcUINsMirQjQRjfEi_dCI_jU,ChiaoDuo House巧?洋房,106台灣臺北市大安區車層里仁愛路四段345巷5弄17號,https://www.google.com/maps/search/?api=1&query=ChiaoDuo%20House%E5%B7%A7%E5%93%9A%E6%B4%8B%E6%88%BF&query_place_id=ChIJcUINsMirQjQRjfEi_dCI_jU,提供 (Yes),Google 地圖「簡介」頁面明確標記「兒童高腳椅」,ChiaoDuo House巧?洋房,106台灣臺北市大安區車層里仁愛路四段345巷5弄17號,unknown,yes,unknown,unknown,資訊不足
ChIJcXuBAfarQjQRgsHCE1nmWj0,海派私房菜 八德店,105台灣臺北市松山區敦化里八德路三段12巷5弄26號,https://www.google.com/maps/search/?api=1&query=%E6%B5%B7%E6%B4%BE%E7%A7%81%E6%88%BF%E8%8F%9C%20%E5%85%AB%E5%BE%B7%E5%BA%97&query_place_id=ChIJcXuBAfarQjQRgsHCE1nmWj0,提供 (Yes),Google 地圖「簡介」頁面明確標記「兒童高腳椅」,海派私房菜 八德店,105台灣臺北市松山區敦化里八德路三段12巷5弄26號,unknown,yes,unknown,unknown,高
ChIJc_923ASpQjQRgzoUHio2o6A,帕斯塔焗麵所 帕斯塔義麵所 西門町義大利麵·焗烤·平價美食,108台灣臺北市萬華區萬壽里中華路一段114巷2號1樓,https://www.google.com/maps/search/?api=1&query=%E5%B8%95%E6%96%AF%E5%A1%94%E7%84%97%E9%BA%B5%E6%89%80%20%E5%B8%95%E6%96%AF%E5%A1%94%E7%BE%A9%E9%BA%B5%E6%89%80%20%E8%A5%BF%E9%96%80%E7%94%BA%E7%BE%A9%E5%A4%A7%E5%88%A9%E9%BA%B5%C2%B7%E7%84%97%E7%83%A4%C2%B7%E5%B9%B3%E5%83%B9%E7%BE%8E%E9%A3%9F&query_place_id=ChIJc_923ASpQjQRgzoUHio2o6A,提供 (Yes),Google 地圖「簡介」頁面明確標記「兒童高腳椅」,帕斯塔焗麵所 帕斯塔義麵所 西門町義大利麵·焗烤·平價美食,108台灣臺北市萬華區萬壽里中華路一段114巷2號1樓,unknown,yes,unknown,unknown,高
ChIJceHuUESpQjQRmDe1J9pgaH4,雲昭日式料理,10491台灣台北市中山?行政里?安街166巷3號1樓,https://www.google.com/maps/search/?api=1&query=%E9%9B%B2%E6%98%AD%E6%97%A5%E5%BC%8F%E6%96%99%E7%90%86&query_place_id=ChIJceHuUESpQjQRmDe1J9pgaH4,提供 (Yes),Google 地圖「簡介」頁面明確標記「兒童高腳椅」,雲昭日式料理,10491台灣台北市中山?行政里?安街166巷3號1樓,unknown,yes,unknown,no,高
ChIJcxZJwc2rQjQRfe2e1DlV-ek,TAMED FOX 大安店,106台灣臺北市大安區德安里四維路76巷5號,https://www.google.com/maps/search/?api=1&query=TAMED%20FOX%20%E5%A4%A7%E5%AE%89%E5%BA%97&query_place_id=ChIJcxZJwc2rQjQRfe2e1DlV-ek,提供 (Yes),Google 地圖「簡介」頁面明確標記「兒童高腳椅」,TAMED FOX 大安店,106台灣臺北市大安區德安里四維路76巷5號,unknown,yes,unknown,no,高
ChIJcygQKzKpQjQRaiPlQnZt2s0,穗月朝食,108台灣臺北市萬華區糖?里大理街163號1樓,https://www.google.com/maps/search/?api=1&query=%E7%A9%97%E6%9C%88%E6%9C%9D%E9%A3%9F&query_place_id=ChIJcygQKzKpQjQRaiPlQnZt2s0,提供 (Yes),Google 地圖「簡介」頁面明確標記「兒童高腳椅」,穗月朝食,108台灣臺北市萬華區糖?里大理街163號1樓,unknown,yes,unknown,unknown,高
ChIJdZ60BserQjQR3cKEXVMVFBU,必勝客 光復餐廳店,10672台灣臺北市大安區華聲里忠孝東路四段341號2樓,https://www.google.com/maps/search/?api=1&query=%E5%BF%85%E5%8B%9D%E5%AE%A2%20%E5%85%89%E5%BE%A9%E9%A4%90%E5%BB%B3%E5%BA%97&query_place_id=ChIJdZ60BserQjQR3cKEXVMVFBU,提供 (Yes),Google 地圖「簡介」頁面明確標記「兒童高腳椅」,必勝客 光復餐廳店,10672台灣臺北市大安區華聲里忠孝東路四段341號2樓,unknown,yes,unknown,unknown,高
ChIJdeVTvFyvQjQRc4pooOFuA90,第二人生咖啡館士林店 Second Life Coffee Plus,111台灣臺北市士林區舊佳里美德街74號,https://www.google.com/maps/search/?api=1&query=%E7%AC%AC%E4%BA%8C%E4%BA%BA%E7%94%9F%E5%92%96%E5%95%A1%E9%A4%A8%E5%A3%AB%E6%9E%97%E5%BA%97%20Second%20Life%20Coffee%20Plus&query_place_id=ChIJdeVTvFyvQjQRc4pooOFuA90,提供 (Yes),Google 地圖「簡介」頁面明確標記「兒童高腳椅」,第二人生咖啡館士林店 Second Life Coffee Plus,111台灣臺北市士林區舊佳里美德街74號,unknown,yes,unknown,unknown,資訊不足
ChIJdx-Kr5OvQjQR7EqeVkiFsWk,大木屋,111台灣臺北市士林區德華里福華路141巷18號,https://www.google.com/maps/search/?api=1&query=%E5%A4%A7%E6%9C%A8%E5%B1%8B&query_place_id=ChIJdx-Kr5OvQjQR7EqeVkiFsWk,提供 (Yes),Google 地圖「簡介」頁面明確標記「兒童高腳椅」,大木屋,111台灣臺北市士林區德華里福華路141巷18號,unknown,yes,unknown,no,高
ChIJe20-7lOuQjQRzfKxBZfB19E,喬園海鮮料理餐廳,112台灣臺北市北投區大同里大業路512號,https://www.google.com/maps/search/?api=1&query=%E5%96%AC%E5%9C%92%E6%B5%B7%E9%AE%AE%E6%96%99%E7%90%86%E9%A4%90%E5%BB%B3&query_place_id=ChIJe20-7lOuQjQRzfKxBZfB19E,提供 (Yes),Google 地圖「簡介」頁面明確標記「兒童高腳椅」,喬園海鮮料理餐廳,112台灣臺北市北投區大同里大業路512號,unknown,yes,unknown,no,高
ChIJeQf0EKSrQjQR74UixvTor74,M One Cafe A11,110台灣臺北市信義區西村里松壽路11號3樓,https://www.google.com/maps/search/?api=1&query=M%20One%20Cafe%20A11&query_place_id=ChIJeQf0EKSrQjQR74UixvTor74,提供 (Yes),Google 地圖「簡介」頁面明確標記「兒童高腳椅」,M One Cafe A11,110台灣臺北市信義區西村里松壽路11號3樓,unknown,yes,unknown,unknown,高
ChIJeYBhGberQjQRAH3dKYsaHtc,A Beach 101&Pizza,110台灣臺北市信義區景新里信義路五段18號B1,https://www.google.com/maps/search/?api=1&query=A%20Beach%20101%26Pizza&query_place_id=ChIJeYBhGberQjQRAH3dKYsaHtc,提供 (Yes),Google 地圖「簡介」頁面明確標記「兒童高腳椅」,A Beach 101&Pizza,110台灣臺北市信義區景新里信義路五段18號B1,unknown,yes,unknown,no,高
ChIJecc4RGKsQjQRqBL26F3o7UQ,Bonjour 日安,114台灣臺北市內湖區港富里內湖路二段56號,https://www.google.com/maps/search/?api=1&query=Bonjour%20%E6%97%A5%E5%AE%89&query_place_id=ChIJecc4RGKsQjQRqBL26F3o7UQ,提供 (Yes),Google 地圖「簡介」頁面明確標記「兒童高腳椅」,Bonjour 日安,114台灣臺北市內湖區港富里內湖路二段56號,unknown,yes,unknown,unknown,高
ChIJeegCW7ivQjQR-ECgwsUzRSY,iL Vicino 奇諾義式餐廳,111台灣臺北市士林區天玉里中山北路七段59號,https://www.google.com/maps/search/?api=1&query=iL%20Vicino%20%E5%A5%87%E8%AB%BE%E7%BE%A9%E5%BC%8F%E9%A4%90%E5%BB%B3&query_place_id=ChIJeegCW7ivQjQR-ECgwsUzRSY,提供 (Yes),Google 地圖「簡介」頁面明確標記「兒童高腳椅」,iL Vicino 奇諾義式餐廳,111台灣臺北市士林區天玉里中山北路七段59號,unknown,yes,unknown,no,高
ChIJew6ZUEevQjQRcqtDTBwck0w,北投文物館-怡然居餐廳,112台灣臺北市北投區幽雅路32號,https://www.google.com/maps/search/?api=1&query=%E5%8C%97%E6%8A%95%E6%96%87%E7%89%A9%E9%A4%A8-%E6%80%A1%E7%84%B6%E5%B1%85%E9%A4%90%E5%BB%B3&query_place_id=ChIJew6ZUEevQjQRcqtDTBwck0w,提供 (Yes),Google 地圖「簡介」頁面明確標記「兒童高腳椅」,北投文物館-怡然居餐廳,112台灣臺北市北投區幽雅路32號,unknown,yes,unknown,unknown,資訊不足
ChIJeyrNBUKuQjQR9nEJ_PLE_Ps,少帥禪園-台北北投張學良幽禁舊居,112台灣臺北市北投區幽雅路34號,https://www.google.com/maps/search/?api=1&query=%E5%B0%91%E5%B8%A5%E7%A6%AA%E5%9C%92-%E5%8F%B0%E5%8C%97%E5%8C%97%E6%8A%95%E5%BC%B5%E5%AD%B8%E8%89%AF%E5%B9%BD%E7%A6%81%E8%88%8A%E5%B1%85&query_place_id=ChIJeyrNBUKuQjQR9nEJ_PLE_Ps,提供 (Yes),Google 地圖「簡介」頁面明確標記「兒童高腳椅」,少帥禪園-台北北投張學良幽禁舊居,112台灣臺北市北投區幽雅路34號,unknown,yes,unknown,unknown,中
ChIJf1Ak4LypQjQRyHNv8zVe74Q,初張嘴餐飲店,100台灣臺北市中正區汀州路一段184號,https://www.google.com/maps/search/?api=1&query=%E5%88%9D%E5%BC%B5%E5%98%B4%E9%A4%90%E9%A3%B2%E5%BA%97&query_place_id=ChIJf1Ak4LypQjQRyHNv8zVe74Q,提供 (Yes),Google 地圖「簡介」頁面明確標記「兒童高腳椅」,初張嘴餐飲店,100台灣臺北市中正區汀州路一段184號,unknown,yes,unknown,unknown,高
ChIJf4YzfnKpQjQRlr3nfrNxQx0,台北東一排骨總店,100台灣臺北市中正區延平南路61號2樓,https://www.google.com/maps/search/?api=1&query=%E5%8F%B0%E5%8C%97%E6%9D%B1%E4%B8%80%E6%8E%92%E9%AA%A8%E7%B8%BD%E5%BA%97&query_place_id=ChIJf4YzfnKpQjQRlr3nfrNxQx0,提供 (Yes),Google 地圖「簡介」頁面明確標記「兒童高腳椅」,台北東一排骨總店,100台灣臺北市中正區延平南路61號2樓,unknown,yes,unknown,unknown,資訊不足
ChIJf5b9IeOvQjQRXyHwj63mp6A,北投飢廠,112台灣臺北市北投區中央北路三段17-1號,https://www.google.com/maps/search/?api=1&query=%E5%8C%97%E6%8A%95%E9%A3%A2%E5%BB%A0&query_place_id=ChIJf5b9IeOvQjQRXyHwj63mp6A,提供 (Yes),Google 地圖「簡介」頁面明確標記「兒童高腳椅」,北投飢廠,112台灣臺北市北投區中央北路三段17-1號,unknown,yes,unknown,unknown,中
ChIJf6Txn6ABaDQRcpCt0iKmsC4,富順樓餐廳,116台灣臺北市文山區木柵路一段38號,https://www.google.com/maps/search/?api=1&query=%E5%AF%8C%E9%A0%86%E6%A8%93%E9%A4%90%E5%BB%B3&query_place_id=ChIJf6Txn6ABaDQRcpCt0iKmsC4,提供 (Yes),Google 地圖「簡介」頁面明確標記「兒童高腳椅」,富順樓餐廳,116台灣臺北市文山區木柵路一段38號,unknown,yes,unknown,unknown,資訊不足
ChIJf9I0P9SrQjQRhIIDDEjwvfA,PapaRoy Italian Cuisine,110台灣臺北市信義區新仁里忠孝東路四段553巷16號,https://www.google.com/maps/search/?api=1&query=PapaRoy%20Italian%20Cuisine&query_place_id=ChIJf9I0P9SrQjQRhIIDDEjwvfA,提供 (Yes),Google 地圖「簡介」頁面明確標記「兒童高腳椅」,PapaRoy Italian Cuisine,110台灣臺北市信義區新仁里忠孝東路四段553巷16號,unknown,yes,unknown,unknown,高
ChIJfSaCyLqsQjQRJYTlZXff4kE,享宴小廚,114台灣臺北市內湖區五分里東湖路106巷12號,https://www.google.com/maps/search/?api=1&query=%E4%BA%AB%E5%AE%B4%E5%B0%8F%E5%BB%9A&query_place_id=ChIJfSaCyLqsQjQRJYTlZXff4kE,提供 (Yes),Google 地圖「簡介」頁面明確標記「兒童高腳椅」,享宴小廚,114台灣臺北市內湖區五分里東湖路106巷12號,unknown,yes,unknown,no,高
ChIJfUVrPMarQjQRmQ87n-OVulo,薩朵披薩餐酒館,110台灣臺北市信義區松光里忠孝東路五段524巷26號,https://www.google.com/maps/search/?api=1&query=%E8%96%A9%E6%9C%B5%E6%8A%AB%E8%96%A9%E9%A4%90%E9%85%92%E9%A4%A8&query_place_id=ChIJfUVrPMarQjQRmQ87n-OVulo,提供 (Yes),Google 地圖「簡介」頁面明確標記「兒童高腳椅」,薩朵披薩餐酒館,110台灣臺北市信義區松光里忠孝東路五段524巷26號,unknown,yes,unknown,no,高
ChIJfVg9VFGuQjQR3OXOjpHCw5s,阿馬非餐廳,112台灣臺北市北投區大業路516巷2號,https://www.google.com/maps/search/?api=1&query=%E9%98%BF%E9%A6%AC%E9%9D%9E%E9%A4%90%E5%BB%B3&query_place_id=ChIJfVg9VFGuQjQR3OXOjpHCw5s,提供 (Yes),Google 地圖「簡介」頁面明確標記「兒童高腳椅」,阿馬非餐廳,112台灣臺北市北投區大業路516巷2號,unknown,yes,unknown,unknown,中
ChIJfWGyPn2uQjQR64K_LG8uJ8Y,蝸牛義大利餐廳 天母店,111台灣臺北市士林區天玉里天母北路60號,https://www.google.com/maps/search/?api=1&query=%E8%9D%B8%E7%89%9B%E7%BE%A9%E5%A4%A7%E5%88%A9%E9%A4%90%E5%BB%B3%20%E5%A4%A9%E6%AF%8D%E5%BA%97&query_place_id=ChIJfWGyPn2uQjQR64K_LG8uJ8Y,提供 (Yes),Google 地圖「簡介」頁面明確標記「兒童高腳椅」,蝸牛義大利餐廳 天母店,111台灣臺北市士林區天玉里天母北路60號,unknown,yes,unknown,yes,高
ChIJfWNqV8-rQjQRJAiwfk_LCyg,南村,106台灣臺北市大安區忠孝東路四段216巷33弄10號,https://www.google.com/maps/search/?api=1&query=%E5%8D%97%E6%9D%91&query_place_id=ChIJfWNqV8-rQjQRJAiwfk_LCyg,提供 (Yes),Google 地圖「簡介」頁面明確標記「兒童高腳椅」,南村,106台灣臺北市大安區忠孝東路四段216巷33弄10號,unknown,yes,unknown,unknown,中
ChIJfWgSz7urQjQRYAMY3X9FpWQ,Herbivore 信義店,110台灣臺北市信義區興雅里松高路19號2樓,https://www.google.com/maps/search/?api=1&query=Herbivore%20%E4%BF%A1%E7%BE%A9%E5%BA%97&query_place_id=ChIJfWgSz7urQjQRYAMY3X9FpWQ,提供 (Yes),Google 地圖「簡介」頁面明確標記「兒童高腳椅」,Herbivore 信義店,110台灣臺北市信義區興雅里松高路19號2樓,unknown,yes,unknown,unknown,中
ChIJfXP7YIWpQjQRzDo5v6WPkac,路燈咖啡 師大店,106台灣臺北市大安區古莊里浦城街4號,https://www.google.com/maps/search/?api=1&query=%E8%B7%AF%E7%87%88%E5%92%96%E5%95%A1%20%E5%B8%AB%E5%A4%A7%E5%BA%97&query_place_id=ChIJfXP7YIWpQjQRzDo5v6WPkac,提供 (Yes),Google 地圖「簡介」頁面明確標記「兒童高腳椅」,路燈咖啡 師大店,106台灣臺北市大安區古莊里浦城街4號,unknown,yes,unknown,unknown,高
ChIJfbKZpxKsQjQRvtD8q4M0Su8,Garden Kitchen,10491台灣臺北市中山區金泰里樂群二路199號,https://www.google.com/maps/search/?api=1&query=Garden%20Kitchen&query_place_id=ChIJfbKZpxKsQjQRvtD8q4M0Su8,提供 (Yes),Google 地圖「簡介」頁面明確標記「兒童高腳椅」,Garden Kitchen,10491台灣臺北市中山區金泰里樂群二路199號,unknown,yes,unknown,unknown,中
ChIJg2MM8VGuQjQRF16ushVKQGw,上享庭園餐廳,112台灣臺北市北投區長安里中央北路一段228巷1弄4號,https://www.google.com/maps/search/?api=1&query=%E4%B8%8A%E4%BA%AB%E5%BA%AD%E5%9C%92%E9%A4%90%E5%BB%B3&query_place_id=ChIJg2MM8VGuQjQRF16ushVKQGw,提供 (Yes),Google 地圖「簡介」頁面明確標記「兒童高腳椅」,上享庭園餐廳,112台灣臺北市北投區長安里中央北路一段228巷1弄4號,unknown,yes,unknown,no,高
ChIJg9pN0z6pQjQRixoPBIGd_m4,Ma C So Yo 築夢韓食,104台灣臺北市中山區正得里中山北路一段121巷15號,https://www.google.com/maps/search/?api=1&query=Ma%20C%20So%20Yo%20%E7%AF%89%E5%A4%A2%E9%9F%93%E9%A3%9F&query_place_id=ChIJg9pN0z6pQjQRixoPBIGd_m4,提供 (Yes),Google 地圖「簡介」頁面明確標記「兒童高腳椅」,Ma C So Yo 築夢韓食,104台灣臺北市中山區正得里中山北路一段121巷15號,unknown,yes,unknown,no,高
ChIJgSfu9eyrQjQRTOZ8FiEI5l0,?香堡早午餐屋,105台灣臺北市松山區龍田里延壽街406號,https://www.google.com/maps/search/?api=1&query=%E5%90%96%E9%A6%99%E5%A0%A1%E6%97%A9%E5%8D%88%E9%A4%90%E5%B1%8B&query_place_id=ChIJgSfu9eyrQjQRTOZ8FiEI5l0,提供 (Yes),Google 地圖「簡介」頁面明確標記「兒童高腳椅」,?香堡早午餐屋,105台灣臺北市松山區龍田里延壽街406號,unknown,yes,unknown,unknown,高
ChIJgWQQdtKrQjQRbFaQKi3iYJk,BELLINI CAFFE 台北敦南店,106台灣台北市大安?德安里敦化南路1段370號B1.B2,https://www.google.com/maps/search/?api=1&query=BELLINI%20CAFFE%20%E5%8F%B0%E5%8C%97%E6%95%A6%E5%8D%97%E5%BA%97&query_place_id=ChIJgWQQdtKrQjQRbFaQKi3iYJk,提供 (Yes),Google 地圖「簡介」頁面明確標記「兒童高腳椅」,BELLINI CAFFE 台北敦南店,106台灣台北市大安?德安里敦化南路1段370號B1.B2,likely,yes,likely,no,高
ChIJgymDYACrQjQRx4ir1eLpXpk,艾蘿拉義式廚房,110台灣臺北市信義區景新里莊敬路209-1號,https://www.google.com/maps/search/?api=1&query=%E8%89%BE%E8%98%BF%E6%8B%89%E7%BE%A9%E5%BC%8F%E5%BB%9A%E6%88%BF&query_place_id=ChIJgymDYACrQjQRx4ir1eLpXpk,提供 (Yes),Google 地圖「簡介」頁面明確標記「兒童高腳椅」,艾蘿拉義式廚房,110台灣臺北市信義區景新里莊敬路209-1號,unknown,yes,unknown,no,高
ChIJh4IrcmmpQjQRHrOfd9RDwyI,WOW Bistro旺.慢食餐酒館 -中山店,10491台灣臺北市中山區民安里中山北路二段42巷34號,https://www.google.com/maps/search/?api=1&query=WOW%20Bistro%E6%97%BA.%E6%85%A2%E9%A3%9F%E9%A4%90%E9%85%92%E9%A4%A8%20-%E4%B8%AD%E5%B1%B1%E5%BA%97&query_place_id=ChIJh4IrcmmpQjQRHrOfd9RDwyI,提供 (Yes),Google 地圖「簡介」頁面明確標記「兒童高腳椅」,WOW Bistro旺.慢食餐酒館 -中山店,10491台灣臺北市中山區民安里中山北路二段42巷34號,unknown,yes,unknown,unknown,高
ChIJh95A0_mvQjQRNWUI5vSVcfw,對味廚房銀光食驗室,112台灣臺北市北投區奇岩里三合街一段119號1樓,https://www.google.com/maps/search/?api=1&query=%E5%B0%8D%E5%91%B3%E5%BB%9A%E6%88%BF%E9%8A%80%E5%85%89%E9%A3%9F%E9%A9%97%E5%AE%A4&query_place_id=ChIJh95A0_mvQjQRNWUI5vSVcfw,提供 (Yes),Google 地圖「簡介」頁面明確標記「兒童高腳椅」,對味廚房銀光食驗室,112台灣臺北市北投區奇岩里三合街一段119號1樓,unknown,yes,unknown,no,高
ChIJhWnr7vKsQjQRES1FXX2pnsY,源味軒,114台灣臺北市內湖區金龍里金龍路75號,https://www.google.com/maps/search/?api=1&query=%E6%BA%90%E5%91%B3%E8%BB%92&query_place_id=ChIJhWnr7vKsQjQRES1FXX2pnsY,提供 (Yes),Google 地圖「簡介」頁面明確標記「兒童高腳椅」,源味軒,114台灣臺北市內湖區金龍里金龍路75號,unknown,yes,unknown,no,高
ChIJhWxqhiirQjQRzQ0_mgRYZwM,扶風堂 披薩.義麵.吉拉朵,105台灣臺北市松山區中華里敦化北路165巷5號1樓,https://www.google.com/maps/search/?api=1&query=%E6%89%B6%E9%A2%A8%E5%A0%82%20%E6%8A%AB%E8%96%A9.%E7%BE%A9%E9%BA%B5.%E5%90%89%E6%8B%89%E6%9C%B5&query_place_id=ChIJhWxqhiirQjQRzQ0_mgRYZwM,提供 (Yes),Google 地圖「簡介」頁面明確標記「兒童高腳椅」,扶風堂 披薩.義麵.吉拉朵,105台灣臺北市松山區中華里敦化北路165巷5號1樓,unknown,yes,unknown,no,高
ChIJhY8_8b-rQjQRC-AX8k3jPSs,BANCO棒可 窯烤PIZZA . 自製生麵 世貿店,11052台灣臺北市信義區景聯里基隆路二段13-1號,https://www.google.com/maps/search/?api=1&query=BANCO%E6%A3%92%E5%8F%AF%20%E7%AA%AF%E7%83%A4PIZZA%20.%20%E8%87%AA%E8%A3%BD%E7%94%9F%E9%BA%B5%20%E4%B8%96%E8%B2%BF%E5%BA%97&query_place_id=ChIJhY8_8b-rQjQRC-AX8k3jPSs,提供 (Yes),Google 地圖「簡介」頁面明確標記「兒童高腳椅」,BANCO棒可 窯烤PIZZA . 自製生麵 世貿店,11052台灣臺北市信義區景聯里基隆路二段13-1號,unknown,yes,unknown,no,高
ChIJhZRGaI2rQjQRZvpe4QeIxq8,晴空巷珈琲,105台灣臺北市松山區東榮里民生東路五段137巷11號,https://www.google.com/maps/search/?api=1&query=%E6%99%B4%E7%A9%BA%E5%B7%B7%E7%8F%88%E7%90%B2&query_place_id=ChIJhZRGaI2rQjQRZvpe4QeIxq8,提供 (Yes),Google 地圖「簡介」頁面明確標記「兒童高腳椅」,晴空巷珈琲,105台灣臺北市松山區東榮里民生東路五段137巷11號,unknown,yes,unknown,no,高
ChIJhxfETbyuQjQRmD7M7JYcSXk,巧果子,111台灣臺北市士林區福佳里美崙街78號,https://www.google.com/maps/search/?api=1&query=%E5%B7%A7%E6%9E%9C%E5%AD%90&query_place_id=ChIJhxfETbyuQjQRmD7M7JYcSXk,提供 (Yes),Google 地圖「簡介」頁面明確標記「兒童高腳椅」,巧果子,111台灣臺北市士林區福佳里美崙街78號,unknown,yes,unknown,no,高
ChIJi0cR2fSvQjQRNuwpK9fh3ec,韓義廚房義大利麵,111台灣臺北市士林區文林路49號2樓,https://www.google.com/maps/search/?api=1&query=%E9%9F%93%E7%BE%A9%E5%BB%9A%E6%88%BF%E7%BE%A9%E5%A4%A7%E5%88%A9%E9%BA%B5&query_place_id=ChIJi0cR2fSvQjQRNuwpK9fh3ec,提供 (Yes),Google 地圖「簡介」頁面明確標記「兒童高腳椅」,韓義廚房義大利麵,111台灣臺北市士林區文林路49號2樓,unknown,yes,unknown,unknown,高
ChIJiRDpRsurQjQRcHk6v2b4YPM,徙巷小餐酒x徙巷早午餐,116台灣臺北市文山區木柵路三段49巷12號,https://www.google.com/maps/search/?api=1&query=%E5%BE%99%E5%B7%B7%E5%B0%8F%E9%A4%90%E9%85%92x%E5%BE%99%E5%B7%B7%E6%97%A9%E5%8D%88%E9%A4%90&query_place_id=ChIJiRDpRsurQjQRcHk6v2b4YPM,提供 (Yes),Google 地圖「簡介」頁面明確標記「兒童高腳椅」,徙巷小餐酒x徙巷早午餐,116台灣臺北市文山區木柵路三段49巷12號,unknown,yes,unknown,unknown,資訊不足
ChIJi_wfbTIAaDQRglsYk5vXA3k,貓空龍門客棧,116台灣臺北市文山區指南路三段38巷22之2號,https://www.google.com/maps/search/?api=1&query=%E8%B2%93%E7%A9%BA%E9%BE%8D%E9%96%80%E5%AE%A2%E6%A3%A7&query_place_id=ChIJi_wfbTIAaDQRglsYk5vXA3k,提供 (Yes),Google 地圖「簡介」頁面明確標記「兒童高腳椅」,貓空龍門客棧,116台灣臺北市文山區指南路三段38巷22之2號,unknown,yes,unknown,unknown,資訊不足
ChIJj-s2p6arQjQRHqs_haitRUg,晨間美味,110台灣臺北市信義區國業里虎林街191號,https://www.google.com/maps/search/?api=1&query=%E6%99%A8%E9%96%93%E7%BE%8E%E5%91%B3&query_place_id=ChIJj-s2p6arQjQRHqs_haitRUg,提供 (Yes),Google 地圖「簡介」頁面明確標記「兒童高腳椅」,晨間美味,110台灣臺北市信義區國業里虎林街191號,unknown,yes,unknown,unknown,高
ChIJj7kdpZeuQjQRkCcL2G9F5oI,Moda Vita Caff? 義式料理,111台灣臺北市士林區天福里忠誠路二段166巷28弄12號,https://www.google.com/maps/search/?api=1&query=Moda%20Vita%20Caff%C3%A8%20%E7%BE%A9%E5%BC%8F%E6%96%99%E7%90%86&query_place_id=ChIJj7kdpZeuQjQRkCcL2G9F5oI,提供 (Yes),Google 地圖「簡介」頁面明確標記「兒童高腳椅」,Moda Vita Caff? 義式料理,111台灣臺北市士林區天福里忠誠路二段166巷28弄12號,unknown,yes,unknown,no,資訊不足
ChIJjSj3KvarQjQRhQiXuwVdvwc,青樓中式餐酒館,105047台灣臺北市松山區八德路四段512-1號,https://www.google.com/maps/search/?api=1&query=%E9%9D%92%E6%A8%93%E4%B8%AD%E5%BC%8F%E9%A4%90%E9%85%92%E9%A4%A8&query_place_id=ChIJjSj3KvarQjQRhQiXuwVdvwc,提供 (Yes),Google 地圖「簡介」頁面明確標記「兒童高腳椅」,青樓中式餐酒館,105047台灣臺北市松山區八德路四段512-1號,unknown,yes,unknown,unknown,中
ChIJjfknu1mvQjQRhh4f8KGxXUg,瓦尼 Wani 美式早午餐,112台灣臺北市北投區中庸里大同街257號,https://www.google.com/maps/search/?api=1&query=%E7%93%A6%E5%B0%BC%20Wani%20%E7%BE%8E%E5%BC%8F%E6%97%A9%E5%8D%88%E9%A4%90&query_place_id=ChIJjfknu1mvQjQRhh4f8KGxXUg,提供 (Yes),Google 地圖「簡介」頁面明確標記「兒童高腳椅」,瓦尼 Wani 美式早午餐,112台灣臺北市北投區中庸里大同街257號,unknown,yes,unknown,unknown,高
ChIJk1fboZmpQjQR_sb0-SnNvrg,孫立人將軍官邸（陸軍聯誼廳）,100台灣臺北市中正區南昌路一段136號,https://www.google.com/maps/search/?api=1&query=%E5%AD%AB%E7%AB%8B%E4%BA%BA%E5%B0%87%E8%BB%8D%E5%AE%98%E9%82%B8%EF%BC%88%E9%99%B8%E8%BB%8D%E8%81%AF%E8%AA%BC%E5%BB%B3%EF%BC%89&query_place_id=ChIJk1fboZmpQjQR_sb0-SnNvrg,提供 (Yes),Google 地圖「簡介」頁面明確標記「兒童高腳椅」,孫立人將軍官邸（陸軍聯誼廳）,100台灣臺北市中正區南昌路一段136號,unknown,yes,unknown,unknown,中
ChIJk1zYdgCtQjQRxm0I58yBV_c,食時樂,114台灣臺北市內湖區南湖里康寧路三段168號,https://www.google.com/maps/search/?api=1&query=%E9%A3%9F%E6%99%82%E6%A8%82&query_place_id=ChIJk1zYdgCtQjQRxm0I58yBV_c,提供 (Yes),Google 地圖「簡介」頁面明確標記「兒童高腳椅」,食時樂,114台灣臺北市內湖區南湖里康寧路三段168號,unknown,yes,unknown,unknown,高
ChIJk26mBvipQjQRJa9nZYSYXvo,Moon Baking studio 松山店,105台灣臺北市松山區民有里復興北路313巷47號,https://www.google.com/maps/search/?api=1&query=Moon%20Baking%20studio%20%E6%9D%BE%E5%B1%B1%E5%BA%97&query_place_id=ChIJk26mBvipQjQRJa9nZYSYXvo,提供 (Yes),Google 地圖「簡介」頁面明確標記「兒童高腳椅」,Moon Baking studio 松山店,105台灣臺北市松山區民有里復興北路313巷47號,unknown,yes,unknown,no,高
ChIJk7jbcxKvQjQR-HWxzlgfSLY,山?咖啡 Brae Caf?,11241台灣臺北市北投區林泉里溫泉路110-1號,https://www.google.com/maps/search/?api=1&query=%E5%B1%B1%E8%BE%B9%E5%92%96%E5%95%A1%20Brae%20Caf%C3%A9&query_place_id=ChIJk7jbcxKvQjQR-HWxzlgfSLY,提供 (Yes),Google 地圖「簡介」頁面明確標記「兒童高腳椅」,山?咖啡 Brae Caf?,11241台灣臺北市北投區林泉里溫泉路110-1號,unknown,yes,unknown,no,高
ChIJkS8XEwCpQjQR2zjrzEux8C0,LIVE PASTA 悠活義大利麵,105台灣臺北市松山區東光里南京東路五段123巷4弄28號,https://www.google.com/maps/search/?api=1&query=LIVE%20PASTA%20%E6%82%A0%E6%B4%BB%E7%BE%A9%E5%A4%A7%E5%88%A9%E9%BA%B5&query_place_id=ChIJkS8XEwCpQjQR2zjrzEux8C0,提供 (Yes),Google 地圖「簡介」頁面明確標記「兒童高腳椅」,LIVE PASTA 悠活義大利麵,105台灣臺北市松山區東光里南京東路五段123巷4弄28號,unknown,yes,unknown,unknown,資訊不足
ChIJkSOTUfKrQjQRmr6m00-3INA,?日和 Kouji Wafu Pasta,10489台灣臺北市中山區龍江路79號,https://www.google.com/maps/search/?api=1&query=%E7%B3%80%E6%97%A5%E5%92%8C%20Kouji%20Wafu%20Pasta&query_place_id=ChIJkSOTUfKrQjQRmr6m00-3INA,提供 (Yes),Google 地圖「簡介」頁面明確標記「兒童高腳椅」,?日和 Kouji Wafu Pasta,10489台灣臺北市中山區龍江路79號,unknown,yes,unknown,unknown,資訊不足
ChIJkSeH9k-uQjQRJJ2Sydh38BA,芽米日子純植物飲食,112台灣臺北市北投區中心里大業路735號,https://www.google.com/maps/search/?api=1&query=%E8%8A%BD%E7%B1%B3%E6%97%A5%E5%AD%90%E7%B4%94%E6%A4%8D%E7%89%A9%E9%A3%B2%E9%A3%9F&query_place_id=ChIJkSeH9k-uQjQRJJ2Sydh38BA,提供 (Yes),Google 地圖「簡介」頁面明確標記「兒童高腳椅」,芽米日子純植物飲食,112台灣臺北市北投區中心里大業路735號,unknown,yes,unknown,no,高
ChIJkShx5tOrQjQRODXXuXo8FnI,富馨園麵食館,106台灣臺北市大安區仁慈里復興南路一段269號,https://www.google.com/maps/search/?api=1&query=%E5%AF%8C%E9%A6%A8%E5%9C%92%E9%BA%B5%E9%A3%9F%E9%A4%A8&query_place_id=ChIJkShx5tOrQjQRODXXuXo8FnI,提供 (Yes),Google 地圖「簡介」頁面明確標記「兒童高腳椅」,富馨園麵食館,106台灣臺北市大安區仁慈里復興南路一段269號,unknown,yes,unknown,no,高
ChIJkTIGMZepQjQRx2j4MkjgDUE,康爐,108台灣臺北市萬華區貴陽街二段230號之1,https://www.google.com/maps/search/?api=1&query=%E5%BA%B7%E7%88%90&query_place_id=ChIJkTIGMZepQjQRx2j4MkjgDUE,提供 (Yes),Google 地圖「簡介」頁面明確標記「兒童高腳椅」,康爐,108台灣臺北市萬華區貴陽街二段230號之1,unknown,yes,unknown,no,高
ChIJl-sBDI-pQjQRuAvhyCfLSGU,佬披薩LA PIZZA（開業21+年）,106台灣臺北市大安區古風里師大路105巷8號,https://www.google.com/maps/search/?api=1&query=%E4%BD%AC%E6%8A%AB%E8%96%A9LA%20PIZZA%EF%BC%88%E9%96%8B%E6%A5%AD21%2B%E5%B9%B4%EF%BC%89&query_place_id=ChIJl-sBDI-pQjQRuAvhyCfLSGU,提供 (Yes),Google 地圖「簡介」頁面明確標記「兒童高腳椅」,佬披薩LA PIZZA（開業21+年）,106台灣臺北市大安區古風里師大路105巷8號,unknown,yes,unknown,no,高
ChIJl3xKnbyrQjQRB6B3FOtFnjA,麵食主義 KIRIN PASTA 忠孝店,110台灣臺北市信義區興雅里忠孝東路五段181號,https://www.google.com/maps/search/?api=1&query=%E9%BA%B5%E9%A3%9F%E4%B8%BB%E7%BE%A9%20KIRIN%20PASTA%20%E5%BF%A0%E5%AD%9D%E5%BA%97&query_place_id=ChIJl3xKnbyrQjQRB6B3FOtFnjA,提供 (Yes),Google 地圖「簡介」頁面明確標記「兒童高腳椅」,麵食主義 KIRIN PASTA 忠孝店,110台灣臺北市信義區興雅里忠孝東路五段181號,unknown,yes,unknown,unknown,高
ChIJl7ziPQCvQjQRJyCcG50hMUo,三燔北投 Mihan Beitou,112台灣臺北市北投區泉源路19號北投晶泉丰旅2樓,https://www.google.com/maps/search/?api=1&query=%E4%B8%89%E7%87%94%E5%8C%97%E6%8A%95%20Mihan%20Beitou&query_place_id=ChIJl7ziPQCvQjQRJyCcG50hMUo,提供 (Yes),Google 地圖「簡介」頁面明確標記「兒童高腳椅」,三燔北投 Mihan Beitou,112台灣臺北市北投區泉源路19號北投晶泉丰旅2樓,unknown,yes,unknown,unknown,資訊不足
ChIJlRLq_1KvQjQRmicDEWFo5ak,窗邊Cafe-天母店,111台灣臺北市士林區天祿里中山北路六段476號2樓,https://www.google.com/maps/search/?api=1&query=%E7%AA%97%E9%82%8ACafe-%E5%A4%A9%E6%AF%8D%E5%BA%97&query_place_id=ChIJlRLq_1KvQjQRmicDEWFo5ak,提供 (Yes),Google 地圖「簡介」頁面明確標記「兒童高腳椅」,窗邊Cafe-天母店,111台灣臺北市士林區天祿里中山北路六段476號2樓,unknown,yes,unknown,no,高
ChIJlSAfC4KpQjQRPK_o-n52sn0,Gusto Pizza,100台灣臺北市中正區民炤里連雲街74之1號,https://www.google.com/maps/search/?api=1&query=Gusto%20Pizza&query_place_id=ChIJlSAfC4KpQjQRPK_o-n52sn0,提供 (Yes),Google 地圖「簡介」頁面明確標記「兒童高腳椅」,Gusto Pizza,100台灣臺北市中正區民炤里連雲街74之1號,unknown,yes,unknown,no,高
ChIJlVNfWeqrQjQRqO4OMZ0keZ4,羽樂歐陸創意料理,105台灣臺北市松山區復勢里南京東路四段162號,https://www.google.com/maps/search/?api=1&query=%E7%BE%BD%E6%A8%82%E6%AD%90%E9%99%B8%E5%89%B5%E6%84%8F%E6%96%99%E7%90%86&query_place_id=ChIJlVNfWeqrQjQRqO4OMZ0keZ4,提供 (Yes),Google 地圖「簡介」頁面明確標記「兒童高腳椅」,羽樂歐陸創意料理,105台灣臺北市松山區復勢里南京東路四段162號,unknown,yes,unknown,unknown,高
ChIJle9teRGqQjQR_D9yOFFqhcI,RICO'小廚 萬芳一店,"1F, No. 22號興隆路三段112巷2弄興得里文山區臺北市台灣 116",https://www.google.com/maps/search/?api=1&query=RICO'%E5%B0%8F%E5%BB%9A%20%E8%90%AC%E8%8A%B3%E4%B8%80%E5%BA%97&query_place_id=ChIJle9teRGqQjQR_D9yOFFqhcI,提供 (Yes),Google 地圖「簡介」頁面明確標記「兒童高腳椅」,RICO'小廚 萬芳一店,"1F, No. 22號興隆路三段112巷2弄興得里文山區臺北市台灣 116",unknown,yes,unknown,unknown,高
ChIJlxI4ismrQjQRnmAHnozDIug,Woolloomooloo,110台灣臺北市信義區中興里信義路四段379號,https://www.google.com/maps/search/?api=1&query=Woolloomooloo&query_place_id=ChIJlxI4ismrQjQRnmAHnozDIug,提供 (Yes),Google 地圖「簡介」頁面明確標記「兒童高腳椅」,Woolloomooloo,110台灣臺北市信義區中興里信義路四段379號,unknown,yes,unknown,no,高
ChIJm0InD6ipQjQR7of1ELGtupg,和風屋日料,108台灣臺北市萬華區新起里貴陽街二段115之20號,https://www.google.com/maps/search/?api=1&query=%E5%92%8C%E9%A2%A8%E5%B1%8B%E6%97%A5%E6%96%99&query_place_id=ChIJm0InD6ipQjQR7of1ELGtupg,提供 (Yes),Google 地圖「簡介」頁面明確標記「兒童高腳椅」,和風屋日料,108台灣臺北市萬華區新起里貴陽街二段115之20號,unknown,yes,unknown,no,資訊不足
ChIJmTG6816rQjQROj9fjiCafjY,NEVERLAND Bakery Cafe,115台灣臺北市南港區南港路一段265號,https://www.google.com/maps/search/?api=1&query=NEVERLAND%20Bakery%20Cafe&query_place_id=ChIJmTG6816rQjQROj9fjiCafjY,提供 (Yes),Google 地圖「簡介」頁面明確標記「兒童高腳椅」,NEVERLAND Bakery Cafe,115台灣臺北市南港區南港路一段265號,unknown,yes,unknown,unknown,資訊不足
ChIJmUBgXZmvQjQReJDEy08D34c,泉源閣 Bando Club,112台灣臺北市北投區泉源路19號北投晶泉丰旅3樓,https://www.google.com/maps/search/?api=1&query=%E6%B3%89%E6%BA%90%E9%96%A3%20Bando%20Club&query_place_id=ChIJmUBgXZmvQjQReJDEy08D34c,提供 (Yes),Google 地圖「簡介」頁面明確標記「兒童高腳椅」,泉源閣 Bando Club,112台灣臺北市北投區泉源路19號北投晶泉丰旅3樓,unknown,yes,unknown,unknown,中
ChIJmURK7l2rQjQR2T4AgotOy6s,敘日 全日餐廳-台北六福萬怡酒店,115台灣臺北市南港區忠孝東路七段359號7樓,https://www.google.com/maps/search/?api=1&query=%E6%95%98%E6%97%A5%20%E5%85%A8%E6%97%A5%E9%A4%90%E5%BB%B3-%E5%8F%B0%E5%8C%97%E5%85%AD%E7%A6%8F%E8%90%AC%E6%80%A1%E9%85%92%E5%BA%97&query_place_id=ChIJmURK7l2rQjQR2T4AgotOy6s,提供 (Yes),Google 地圖「簡介」頁面明確標記「兒童高腳椅」,敘日 全日餐廳-台北六福萬怡酒店,115台灣臺北市南港區忠孝東路七段359號7樓,unknown,yes,unknown,unknown,中
ChIJmYvKcaKrQjQRP84_3tp7iW0,Agusto 牛排龍蝦餐酒館 大安店,106台灣臺北市大安區忠孝東路四段216巷27弄15號1樓,https://www.google.com/maps/search/?api=1&query=Agusto%20%E7%89%9B%E6%8E%92%E9%BE%8D%E8%9D%A6%E9%A4%90%E9%85%92%E9%A4%A8%20%E5%A4%A7%E5%AE%89%E5%BA%97&query_place_id=ChIJmYvKcaKrQjQRP84_3tp7iW0,提供 (Yes),Google 地圖「簡介」頁面明確標記「兒童高腳椅」,Agusto 牛排龍蝦餐酒館 大安店,106台灣臺北市大安區忠孝東路四段216巷27弄15號1樓,unknown,yes,unknown,unknown,資訊不足
ChIJm_pGd5arQjQRsD_vJMWg8Cc,大烹小饌,103台灣臺北市大同區民生西路146-1號,https://www.google.com/maps/search/?api=1&query=%E5%A4%A7%E7%83%B9%E5%B0%8F%E9%A5%8C&query_place_id=ChIJm_pGd5arQjQRsD_vJMWg8Cc,提供 (Yes),Google 地圖「簡介」頁面明確標記「兒童高腳椅」,大烹小饌,103台灣臺北市大同區民生西路146-1號,unknown,yes,unknown,unknown,中
ChIJn5OMO-2sQjQR342e0SjlCts,珮斯坦咖啡館-美式懷舊餐廳Pasttimes Cafe,106台灣臺北市大安區誠安里忠孝東路三段251巷12弄2號,https://www.google.com/maps/search/?api=1&query=%E7%8F%AE%E6%96%AF%E5%9D%A6%E5%92%96%E5%95%A1%E9%A4%A8-%E7%BE%8E%E5%BC%8F%E6%87%B7%E8%88%8A%E9%A4%90%E5%BB%B3Pasttimes%20Cafe&query_place_id=ChIJn5OMO-2sQjQR342e0SjlCts,提供 (Yes),Google 地圖「簡介」頁面明確標記「兒童高腳椅」,珮斯坦咖啡館-美式懷舊餐廳Pasttimes Cafe,106台灣臺北市大安區誠安里忠孝東路三段251巷12弄2號,unknown,yes,unknown,unknown,資訊不足
ChIJn6ke5ZGrQjQRnyZE_xNE4ro,小北平麵食館,105台灣臺北市松山區延壽街97號,https://www.google.com/maps/search/?api=1&query=%E5%B0%8F%E5%8C%97%E5%B9%B3%E9%BA%B5%E9%A3%9F%E9%A4%A8&query_place_id=ChIJn6ke5ZGrQjQRnyZE_xNE4ro,提供 (Yes),Google 地圖「簡介」頁面明確標記「兒童高腳椅」,小北平麵食館,105台灣臺北市松山區延壽街97號,unknown,yes,unknown,unknown,資訊不足
ChIJnQg-SCOpQjQR-tv75CXe3-0,閣樓哩,103台灣臺北市大同區歸綏街157號,https://www.google.com/maps/search/?api=1&query=%E9%96%A3%E6%A8%93%E5%93%A9&query_place_id=ChIJnQg-SCOpQjQR-tv75CXe3-0,提供 (Yes),Google 地圖「簡介」頁面明確標記「兒童高腳椅」,閣樓哩,103台灣臺北市大同區歸綏街157號,unknown,yes,unknown,unknown,資訊不足
ChIJnWx4X8apQjQRj_SrSZQBNZA,饗旅,104台灣臺北市中山區正得里天津街18號,https://www.google.com/maps/search/?api=1&query=%E9%A5%97%E6%97%85&query_place_id=ChIJnWx4X8apQjQRj_SrSZQBNZA,提供 (Yes),Google 地圖「簡介」頁面明確標記「兒童高腳椅」,饗旅,104台灣臺北市中山區正得里天津街18號,unknown,yes,unknown,unknown,高
ChIJnaPPuO6rQjQRNZlSdw5Irik,富錦樹台菜香檳 敦北店,10548台灣臺北市松山區敦化北路199巷17號1樓,https://www.google.com/maps/search/?api=1&query=%E5%AF%8C%E9%8C%A6%E6%A8%B9%E5%8F%B0%E8%8F%9C%E9%A6%99%E6%AA%B3%20%E6%95%A6%E5%8C%97%E5%BA%97&query_place_id=ChIJnaPPuO6rQjQRNZlSdw5Irik,提供 (Yes),Google 地圖「簡介」頁面明確標記「兒童高腳椅」,富錦樹台菜香檳 敦北店,10548台灣臺北市松山區敦化北路199巷17號1樓,unknown,yes,unknown,unknown,資訊不足
ChIJncAQtGGsQjQR88wpyzdS0dg,大湖餐館 內湖,114台灣臺北市內湖區內湖路二段103巷76號,https://www.google.com/maps/search/?api=1&query=%E5%A4%A7%E6%B9%96%E9%A4%90%E9%A4%A8%20%E5%85%A7%E6%B9%96&query_place_id=ChIJncAQtGGsQjQR88wpyzdS0dg,提供 (Yes),Google 地圖「簡介」頁面明確標記「兒童高腳椅」,大湖餐館 內湖,114台灣臺北市內湖區內湖路二段103巷76號,unknown,yes,unknown,unknown,中
ChIJncHR9LysQjQRaDB5UcHUjp8,雍記小館,114台灣臺北市內湖區葫洲里康寧路三段16巷117號,https://www.google.com/maps/search/?api=1&query=%E9%9B%8D%E8%A8%98%E5%B0%8F%E9%A4%A8&query_place_id=ChIJncHR9LysQjQRaDB5UcHUjp8,提供 (Yes),Google 地圖「簡介」頁面明確標記「兒童高腳椅」,雍記小館,114台灣臺北市內湖區葫洲里康寧路三段16巷117號,unknown,yes,unknown,no,高
ChIJnclSGvKrQjQRnGBYr16yeU0,上海宴,106台灣臺北市大安區仁愛里敦化南路一段236巷12號,https://www.google.com/maps/search/?api=1&query=%E4%B8%8A%E6%B5%B7%E5%AE%B4&query_place_id=ChIJnclSGvKrQjQRnGBYr16yeU0,提供 (Yes),Google 地圖「簡介」頁面明確標記「兒童高腳椅」,上海宴,106台灣臺北市大安區仁愛里敦化南路一段236巷12號,unknown,yes,unknown,unknown,高
ChIJndYs4vmpQjQRZvt83Zqhzbg,EATPIZZA 易披薩 【師大店】,106台灣臺北市大安區龍泉里師大路65號1樓,https://www.google.com/maps/search/?api=1&query=EATPIZZA%20%E6%98%93%E6%8A%AB%E8%96%A9%20%E3%80%90%E5%B8%AB%E5%A4%A7%E5%BA%97%E3%80%91&query_place_id=ChIJndYs4vmpQjQRZvt83Zqhzbg,提供 (Yes),Google 地圖「簡介」頁面明確標記「兒童高腳椅」,EATPIZZA 易披薩 【師大店】,106台灣臺北市大安區龍泉里師大路65號1樓,unknown,yes,unknown,no,高
ChIJo3BK3iGrQjQRYymaetsWv68,五號廚房,110047台灣臺北市信義區永吉里松隆路331號,https://www.google.com/maps/search/?api=1&query=%E4%BA%94%E8%99%9F%E5%BB%9A%E6%88%BF&query_place_id=ChIJo3BK3iGrQjQRYymaetsWv68,提供 (Yes),Google 地圖「簡介」頁面明確標記「兒童高腳椅」,五號廚房,110047台灣臺北市信義區永吉里松隆路331號,unknown,yes,unknown,no,中
ChIJo3ClvoarQjQR3W13Dy-xMh8,玖龍冰室香港茶餐廳,110台灣臺北市信義區新仁里忠孝東路四段553巷52弄5號1樓,https://www.google.com/maps/search/?api=1&query=%E7%8E%96%E9%BE%8D%E5%86%B0%E5%AE%A4%E9%A6%99%E6%B8%AF%E8%8C%B6%E9%A4%90%E5%BB%B3&query_place_id=ChIJo3ClvoarQjQR3W13Dy-xMh8,提供 (Yes),Google 地圖「簡介」頁面明確標記「兒童高腳椅」,玖龍冰室香港茶餐廳,110台灣臺北市信義區新仁里忠孝東路四段553巷52弄5號1樓,unknown,yes,unknown,no,高
ChIJoSkH1gipQjQR9GlRUDB6OgY,Buttermilk摩登美式餐廳(5F),108台灣臺北市萬華區萬壽里武昌街二段77號5樓,https://www.google.com/maps/search/?api=1&query=Buttermilk%E6%91%A9%E7%99%BB%E7%BE%8E%E5%BC%8F%E9%A4%90%E5%BB%B3(5F)&query_place_id=ChIJoSkH1gipQjQR9GlRUDB6OgY,提供 (Yes),Google 地圖「簡介」頁面明確標記「兒童高腳椅」,Buttermilk摩登美式餐廳(5F),108台灣臺北市萬華區萬壽里武昌街二段77號5樓,unknown,yes,unknown,unknown,中
ChIJoUCeU66pQjQRfM0ZEYp4JiM,台北凱達大飯店 家宴中餐廳,108台灣台北市万??艋舺大道167號3 樓,https://www.google.com/maps/search/?api=1&query=%E5%8F%B0%E5%8C%97%E5%87%B1%E9%81%94%E5%A4%A7%E9%A3%AF%E5%BA%97%20%E5%AE%B6%E5%AE%B4%E4%B8%AD%E9%A4%90%E5%BB%B3&query_place_id=ChIJoUCeU66pQjQRfM0ZEYp4JiM,提供 (Yes),Google 地圖「簡介」頁面明確標記「兒童高腳椅」,台北凱達大飯店 家宴中餐廳,108台灣台北市万??艋舺大道167號3 樓,unknown,yes,unknown,unknown,資訊不足
ChIJp0JDQmmpQjQR7wjch6kWbC4,Dine in cafe,10491台灣臺北市中山區民安里中山北路二段36巷11號1樓,https://www.google.com/maps/search/?api=1&query=Dine%20in%20cafe&query_place_id=ChIJp0JDQmmpQjQR7wjch6kWbC4,提供 (Yes),Google 地圖「簡介」頁面明確標記「兒童高腳椅」,Dine in cafe,10491台灣臺北市中山區民安里中山北路二段36巷11號1樓,unknown,yes,unknown,unknown,高
ChIJp5x9U9UBaDQRrOc_7VNZB48,貓空 山中茶-景觀餐廳,116台灣臺北市文山區指南里指南路三段38巷33號2、3樓,https://www.google.com/maps/search/?api=1&query=%E8%B2%93%E7%A9%BA%20%E5%B1%B1%E4%B8%AD%E8%8C%B6-%E6%99%AF%E8%A7%80%E9%A4%90%E5%BB%B3&query_place_id=ChIJp5x9U9UBaDQRrOc_7VNZB48,提供 (Yes),Google 地圖「簡介」頁面明確標記「兒童高腳椅」,貓空 山中茶-景觀餐廳,116台灣臺北市文山區指南里指南路三段38巷33號2、3樓,unknown,yes,unknown,no,高
ChIJp6WvuNWpQjQRfupqxOY5xMk,Moni .curry,103台灣臺北市大同區西寧北路63號1樓2樓,https://www.google.com/maps/search/?api=1&query=Moni%20.curry&query_place_id=ChIJp6WvuNWpQjQRfupqxOY5xMk,提供 (Yes),Google 地圖「簡介」頁面明確標記「兒童高腳椅」,Moni .curry,103台灣臺北市大同區西寧北路63號1樓2樓,unknown,yes,unknown,unknown,中
ChIJp8t44mepQjQReTRHDcIxHf0,好小子海鮮店,104台灣臺北市中山區中山里林森北路305號,https://www.google.com/maps/search/?api=1&query=%E5%A5%BD%E5%B0%8F%E5%AD%90%E6%B5%B7%E9%AE%AE%E5%BA%97&query_place_id=ChIJp8t44mepQjQReTRHDcIxHf0,提供 (Yes),Google 地圖「簡介」頁面明確標記「兒童高腳椅」,好小子海鮮店,104台灣臺北市中山區中山里林森北路305號,unknown,yes,unknown,no,中
ChIJpQWI816rQjQRKtdvTeHmpcA,Neverland Noodle Bar,115台灣臺北市南港區南港里南港路一段271號,https://www.google.com/maps/search/?api=1&query=Neverland%20Noodle%20Bar&query_place_id=ChIJpQWI816rQjQRKtdvTeHmpcA,提供 (Yes),Google 地圖「簡介」頁面明確標記「兒童高腳椅」,Neverland Noodle Bar,115台灣臺北市南港區南港里南港路一段271號,unknown,yes,unknown,unknown,高
ChIJpYbj68uvQjQRZLG0BiLciQ4,時刻饗聚MF,111台灣臺北市士林區德行里福國路47巷2號,https://www.google.com/maps/search/?api=1&query=%E6%99%82%E5%88%BB%E9%A5%97%E8%81%9AMF&query_place_id=ChIJpYbj68uvQjQRZLG0BiLciQ4,提供 (Yes),Google 地圖「簡介」頁面明確標記「兒童高腳椅」,時刻饗聚MF,111台灣臺北市士林區德行里福國路47巷2號,unknown,yes,unknown,unknown,高
ChIJq1qle9GrQjQRWr4qbaBVS5k,Uranium Cafe 鈾咖啡餐酒館,106台灣臺北市大安區復興南路一段253巷32號1樓,https://www.google.com/maps/search/?api=1&query=Uranium%20Cafe%20%E9%88%BE%E5%92%96%E5%95%A1%E9%A4%90%E9%85%92%E9%A4%A8&query_place_id=ChIJq1qle9GrQjQRWr4qbaBVS5k,提供 (Yes),Google 地圖「簡介」頁面明確標記「兒童高腳椅」,Uranium Cafe 鈾咖啡餐酒館,106台灣臺北市大安區復興南路一段253巷32號1樓,unknown,yes,unknown,unknown,高
ChIJq6qqqgasQjQRUVuv8NetxkA,1010湘 天母三越店,111台灣臺北市士林區天福里天母東路68號A館7樓,https://www.google.com/maps/search/?api=1&query=1010%E6%B9%98%20%E5%A4%A9%E6%AF%8D%E4%B8%89%E8%B6%8A%E5%BA%97&query_place_id=ChIJq6qqqgasQjQRUVuv8NetxkA,提供 (Yes),Google 地圖「簡介」頁面明確標記「兒童高腳椅」,1010湘 天母三越店,111台灣臺北市士林區天福里天母東路68號A館7樓,unknown,yes,unknown,no,高
ChIJqVpSy7erQjQRGTZsxsFjBrQ,Black Pepper,106台灣臺北市大安區光武里敦化南路一段160巷39號,https://www.google.com/maps/search/?api=1&query=Black%20Pepper&query_place_id=ChIJqVpSy7erQjQRGTZsxsFjBrQ,提供 (Yes),Google 地圖「簡介」頁面明確標記「兒童高腳椅」,Black Pepper,106台灣臺北市大安區光武里敦化南路一段160巷39號,unknown,yes,unknown,unknown,資訊不足
ChIJqcTs72muQjQR6_66vECtOOs,雍翠庭 Chinese Cuisine - 北投麗禧溫泉酒店 Grand View Resort Beitou,112台灣臺北市北投區幽雅路30號,https://www.google.com/maps/search/?api=1&query=%E9%9B%8D%E7%BF%A0%E5%BA%AD%20Chinese%20Cuisine%20-%20%E5%8C%97%E6%8A%95%E9%BA%97%E7%A6%A7%E6%BA%AB%E6%B3%89%E9%85%92%E5%BA%97%20Grand%20View%20Resort%20Beitou&query_place_id=ChIJqcTs72muQjQR6_66vECtOOs,提供 (Yes),Google 地圖「簡介」頁面明確標記「兒童高腳椅」,雍翠庭 Chinese Cuisine - 北投麗禧溫泉酒店 Grand View Resort Beitou,112台灣臺北市北投區幽雅路30號,unknown,yes,unknown,unknown,資訊不足
ChIJqcTs72muQjQRZrBTzCnlQVs,歐陸餐廳 C'est Bon - 北投麗禧溫泉酒店 Grand View Resort Beitou,112台灣臺北市北投區幽雅路30號,https://www.google.com/maps/search/?api=1&query=%E6%AD%90%E9%99%B8%E9%A4%90%E5%BB%B3%20C'est%20Bon%20-%20%E5%8C%97%E6%8A%95%E9%BA%97%E7%A6%A7%E6%BA%AB%E6%B3%89%E9%85%92%E5%BA%97%20Grand%20View%20Resort%20Beitou&query_place_id=ChIJqcTs72muQjQRZrBTzCnlQVs,提供 (Yes),Google 地圖「簡介」頁面明確標記「兒童高腳椅」,歐陸餐廳 C'est Bon - 北投麗禧溫泉酒店 Grand View Resort Beitou,112台灣臺北市北投區幽雅路30號,unknown,yes,unknown,unknown,資訊不足
ChIJqdvkmMCrQjQR3IIJsoKt0Mk,At.First_More早寓,106台灣臺北市大安區車層里仁愛路四段345巷4弄3號,https://www.google.com/maps/search/?api=1&query=At.First_More%E6%97%A9%E5%AF%93&query_place_id=ChIJqdvkmMCrQjQR3IIJsoKt0Mk,提供 (Yes),Google 地圖「簡介」頁面明確標記「兒童高腳椅」,At.First_More早寓,106台灣臺北市大安區車層里仁愛路四段345巷4弄3號,unknown,yes,unknown,unknown,高
ChIJqxSUlAypQjQRx1e_MFwNIdg,擂銗餐廳,103台灣臺北市大同區長安西路57號,https://www.google.com/maps/search/?api=1&query=%E6%93%82%E9%8A%97%E9%A4%90%E5%BB%B3&query_place_id=ChIJqxSUlAypQjQRx1e_MFwNIdg,提供 (Yes),Google 地圖「簡介」頁面明確標記「兒童高腳椅」,擂銗餐廳,103台灣臺北市大同區長安西路57號,unknown,yes,unknown,unknown,資訊不足
ChIJqxr9UO6rQjQRw9xnehrCHvg,千層吧,105台灣臺北市松山區民生東路五段138巷17號,https://www.google.com/maps/search/?api=1&query=%E5%8D%83%E5%B1%A4%E5%90%A7&query_place_id=ChIJqxr9UO6rQjQRw9xnehrCHvg,提供 (Yes),Google 地圖「簡介」頁面明確標記「兒童高腳椅」,千層吧,105台灣臺北市松山區民生東路五段138巷17號,unknown,yes,unknown,unknown,資訊不足
ChIJqzV-SFuuQjQRIpnzP-xiypc,北投奇岩一號,112台灣臺北市北投區奇岩路1號,https://www.google.com/maps/search/?api=1&query=%E5%8C%97%E6%8A%95%E5%A5%87%E5%B2%A9%E4%B8%80%E8%99%9F&query_place_id=ChIJqzV-SFuuQjQRIpnzP-xiypc,提供 (Yes),Google 地圖「簡介」頁面明確標記「兒童高腳椅」,北投奇岩一號,112台灣臺北市北投區奇岩路1號,unknown,yes,unknown,unknown,資訊不足
ChIJr7TGi1yrQjQRInnz9AHC1cA,Waku ?,10694台灣臺北市大安區正聲里光復南路294巷21號,https://www.google.com/maps/search/?api=1&query=Waku%20%E2%81%BA&query_place_id=ChIJr7TGi1yrQjQRInnz9AHC1cA,提供 (Yes),Google 地圖「簡介」頁面明確標記「兒童高腳椅」,Waku ?,10694台灣臺北市大安區正聲里光復南路294巷21號,unknown,yes,unknown,unknown,高
ChIJr9JFPW-pQjQRvynzM2OVS6I,青葉台灣料理（創始店）,104台灣臺北市中山區中山北路一段105巷10號,https://www.google.com/maps/search/?api=1&query=%E9%9D%92%E8%91%89%E5%8F%B0%E7%81%A3%E6%96%99%E7%90%86%EF%BC%88%E5%89%B5%E5%A7%8B%E5%BA%97%EF%BC%89&query_place_id=ChIJr9JFPW-pQjQRvynzM2OVS6I,提供 (Yes),Google 地圖「簡介」頁面明確標記「兒童高腳椅」,青葉台灣料理（創始店）,104台灣臺北市中山區中山北路一段105巷10號,unknown,yes,unknown,unknown,中
ChIJr_Ztmn2uQjQRvLHz4FTo-_Q,大為廚坊,111台灣臺北市士林區天玉里天玉街38巷9-1號,https://www.google.com/maps/search/?api=1&query=%E5%A4%A7%E7%82%BA%E5%BB%9A%E5%9D%8A&query_place_id=ChIJr_Ztmn2uQjQRvLHz4FTo-_Q,提供 (Yes),Google 地圖「簡介」頁面明確標記「兒童高腳椅」,大為廚坊,111台灣臺北市士林區天玉里天玉街38巷9-1號,unknown,yes,unknown,no,高
ChIJreHRsN-rQjQRdK09q30Jrc4,金好家客家菜,10491台灣臺北市中山區南京東路三段92號1樓,https://www.google.com/maps/search/?api=1&query=%E9%87%91%E5%A5%BD%E5%AE%B6%E5%AE%A2%E5%AE%B6%E8%8F%9C&query_place_id=ChIJreHRsN-rQjQRdK09q30Jrc4,提供 (Yes),Google 地圖「簡介」頁面明確標記「兒童高腳椅」,金好家客家菜,10491台灣臺北市中山區南京東路三段92號1樓,unknown,yes,unknown,unknown,高
ChIJry0MnyepQjQRvWrS909CcXQ,BeGood Bakery,10491台灣臺北市中山區興亞里松江路116號2樓,https://www.google.com/maps/search/?api=1&query=BeGood%20Bakery&query_place_id=ChIJry0MnyepQjQRvWrS909CcXQ,提供 (Yes),Google 地圖「簡介」頁面明確標記「兒童高腳椅」,BeGood Bakery,10491台灣臺北市中山區興亞里松江路116號2樓,unknown,yes,unknown,no,高
ChIJsU0If6ivQjQRwIx85Fv2f_o,小肚子私房料理,111台灣臺北市士林區德華里福華路141巷6號,https://www.google.com/maps/search/?api=1&query=%E5%B0%8F%E8%82%9A%E5%AD%90%E7%A7%81%E6%88%BF%E6%96%99%E7%90%86&query_place_id=ChIJsU0If6ivQjQRwIx85Fv2f_o,提供 (Yes),Google 地圖「簡介」頁面明確標記「兒童高腳椅」,小肚子私房料理,111台灣臺北市士林區德華里福華路141巷6號,unknown,yes,unknown,unknown,高
ChIJsZJ6bZerQjQRIA2E-nlty_g,紅厝客家小館,105台灣臺北市松山區吉祥里八德路四段245巷32弄36號,https://www.google.com/maps/search/?api=1&query=%E7%B4%85%E5%8E%9D%E5%AE%A2%E5%AE%B6%E5%B0%8F%E9%A4%A8&query_place_id=ChIJsZJ6bZerQjQRIA2E-nlty_g,提供 (Yes),Google 地圖「簡介」頁面明確標記「兒童高腳椅」,紅厝客家小館,105台灣臺北市松山區吉祥里八德路四段245巷32弄36號,unknown,yes,yes,no,高
ChIJsea9_nqqQjQRx7sLYot9aAo,敘緣小館,116台灣臺北市文山區新光路一段53號,https://www.google.com/maps/search/?api=1&query=%E6%95%98%E7%B7%A3%E5%B0%8F%E9%A4%A8&query_place_id=ChIJsea9_nqqQjQRx7sLYot9aAo,提供 (Yes),Google 地圖「簡介」頁面明確標記「兒童高腳椅」,敘緣小館,116台灣臺北市文山區新光路一段53號,unknown,yes,unknown,unknown,資訊不足
ChIJsf-yqnqrQjQRIyEp5YcPOfk,晨間廚房 文山景美店,116台灣臺北市文山區景華里景美街5巷5號1樓,https://www.google.com/maps/search/?api=1&query=%E6%99%A8%E9%96%93%E5%BB%9A%E6%88%BF%20%E6%96%87%E5%B1%B1%E6%99%AF%E7%BE%8E%E5%BA%97&query_place_id=ChIJsf-yqnqrQjQRIyEp5YcPOfk,提供 (Yes),Google 地圖「簡介」頁面明確標記「兒童高腳椅」,晨間廚房 文山景美店,116台灣臺北市文山區景華里景美街5巷5號1樓,unknown,yes,unknown,unknown,高
ChIJsfYkyp6pQjQRc15Kj0EOY7M,天然臺湘菜館,100台灣臺北市中正區羅斯福路一段61號,https://www.google.com/maps/search/?api=1&query=%E5%A4%A9%E7%84%B6%E8%87%BA%E6%B9%98%E8%8F%9C%E9%A4%A8&query_place_id=ChIJsfYkyp6pQjQRc15Kj0EOY7M,提供 (Yes),Google 地圖「簡介」頁面明確標記「兒童高腳椅」,天然臺湘菜館,100台灣臺北市中正區羅斯福路一段61號,unknown,yes,unknown,unknown,中
ChIJt7c70zarQjQR6zkB-OpTh9E,艾朗廚房Eilang Kitchen,110台灣臺北市信義區永春里忠孝東路五段711號一樓,https://www.google.com/maps/search/?api=1&query=%E8%89%BE%E6%9C%97%E5%BB%9A%E6%88%BFEilang%20Kitchen&query_place_id=ChIJt7c70zarQjQR6zkB-OpTh9E,提供 (Yes),Google 地圖「簡介」頁面明確標記「兒童高腳椅」,艾朗廚房Eilang Kitchen,110台灣臺北市信義區永春里忠孝東路五段711號一樓,unknown,yes,unknown,unknown,高
ChIJt7vNFFSvQjQRp-Cw_uCjY8k,INTRO Kitchen,11162台灣臺北市士林區福佳里基河路300巷21號,https://www.google.com/maps/search/?api=1&query=INTRO%20Kitchen&query_place_id=ChIJt7vNFFSvQjQRp-Cw_uCjY8k,提供 (Yes),Google 地圖「簡介」頁面明確標記「兒童高腳椅」,INTRO Kitchen,11162台灣臺北市士林區福佳里基河路300巷21號,unknown,yes,unknown,no,高
ChIJtQtRfW6sQjQRzjpE_jb97ag,VASA 瓦薩美式餐廳 - 內科門市,11493台灣臺北市內湖區西湖里洲子街183號,https://www.google.com/maps/search/?api=1&query=VASA%20%E7%93%A6%E8%96%A9%E7%BE%8E%E5%BC%8F%E9%A4%90%E5%BB%B3%20-%20%E5%85%A7%E7%A7%91%E9%96%80%E5%B8%82&query_place_id=ChIJtQtRfW6sQjQRzjpE_jb97ag,提供 (Yes),Google 地圖「簡介」頁面明確標記「兒童高腳椅」,VASA 瓦薩美式餐廳 - 內科門市,11493台灣臺北市內湖區西湖里洲子街183號,unknown,yes,unknown,unknown,高
ChIJtQu-B5yrQjQRnaOoD4-V3VY,小義城義大利麵 本店 ( 松山 ),105台灣臺北市松山區八德路四段709巷2-3號,https://www.google.com/maps/search/?api=1&query=%E5%B0%8F%E7%BE%A9%E5%9F%8E%E7%BE%A9%E5%A4%A7%E5%88%A9%E9%BA%B5%20%E6%9C%AC%E5%BA%97%20(%20%E6%9D%BE%E5%B1%B1%20)&query_place_id=ChIJtQu-B5yrQjQRnaOoD4-V3VY,提供 (Yes),Google 地圖「簡介」頁面明確標記「兒童高腳椅」,小義城義大利麵 本店 ( 松山 ),105台灣臺北市松山區八德路四段709巷2-3號,unknown,yes,unknown,no,高
ChIJtSeOoqKuQjQRZ_YxmJ94R2E,天母盛鑫-士林聚餐餐廳,111台灣臺北市士林區中山北路五段729號,https://www.google.com/maps/search/?api=1&query=%E5%A4%A9%E6%AF%8D%E7%9B%9B%E9%91%AB-%E5%A3%AB%E6%9E%97%E8%81%9A%E9%A4%90%E9%A4%90%E5%BB%B3&query_place_id=ChIJtSeOoqKuQjQRZ_YxmJ94R2E,提供 (Yes),Google 地圖「簡介」頁面明確標記「兒童高腳椅」,天母盛鑫-士林聚餐餐廳,111台灣臺北市士林區中山北路五段729號,unknown,yes,unknown,unknown,中
ChIJtT-8VKOpQjQRRpmHnNwXNog,新東南海鮮餐廳 汀州店,100台灣臺北市中正區龍興里汀州路一段105號,https://www.google.com/maps/search/?api=1&query=%E6%96%B0%E6%9D%B1%E5%8D%97%E6%B5%B7%E9%AE%AE%E9%A4%90%E5%BB%B3%20%E6%B1%80%E5%B7%9E%E5%BA%97&query_place_id=ChIJtT-8VKOpQjQRRpmHnNwXNog,提供 (Yes),Google 地圖「簡介」頁面明確標記「兒童高腳椅」,新東南海鮮餐廳 汀州店,100台灣臺北市中正區龍興里汀州路一段105號,likely,yes,likely,unknown,高
ChIJtb9NmICsQjQRnd1IUZ7oRaY,小樹天然早午餐,114台灣臺北市內湖區葫洲里民權東路六段296巷46-1號,https://www.google.com/maps/search/?api=1&query=%E5%B0%8F%E6%A8%B9%E5%A4%A9%E7%84%B6%E6%97%A9%E5%8D%88%E9%A4%90&query_place_id=ChIJtb9NmICsQjQRnd1IUZ7oRaY,提供 (Yes),Google 地圖「簡介」頁面明確標記「兒童高腳椅」,小樹天然早午餐,114台灣臺北市內湖區葫洲里民權東路六段296巷46-1號,unknown,yes,unknown,no,高
ChIJtbu-JE2oQjQRdRYZ7jLitwE,珍寶園餐廳,108台灣臺北市萬華區環河南路二段308號,https://www.google.com/maps/search/?api=1&query=%E7%8F%8D%E5%AF%B6%E5%9C%92%E9%A4%90%E5%BB%B3&query_place_id=ChIJtbu-JE2oQjQRdRYZ7jLitwE,提供 (Yes),Google 地圖「簡介」頁面明確標記「兒童高腳椅」,珍寶園餐廳,108台灣臺北市萬華區環河南路二段308號,unknown,yes,unknown,unknown,中
ChIJtc-KWvurQjQR3ePz0SetDRE,吾界 鐵板燒,110台灣臺北市信義區信義路六段119號,https://www.google.com/maps/search/?api=1&query=%E5%90%BE%E7%95%8C%20%E9%90%B5%E6%9D%BF%E7%87%92&query_place_id=ChIJtc-KWvurQjQR3ePz0SetDRE,提供 (Yes),Google 地圖「簡介」頁面明確標記「兒童高腳椅」,吾界 鐵板燒,110台灣臺北市信義區信義路六段119號,unknown,yes,unknown,unknown,資訊不足
ChIJtdMuivSuQjQR3DBRxR2paUw,醬弄食居,112台灣臺北市北投區關渡里知行路293巷9弄25號,https://www.google.com/maps/search/?api=1&query=%E9%86%AC%E5%BC%84%E9%A3%9F%E5%B1%85&query_place_id=ChIJtdMuivSuQjQR3DBRxR2paUw,提供 (Yes),Google 地圖「簡介」頁面明確標記「兒童高腳椅」,醬弄食居,112台灣臺北市北投區關渡里知行路293巷9弄25號,unknown,yes,unknown,no,高
ChIJteVMpiuqQjQR7gZef2PvpVA,日日香小館,106台灣臺北市大安區龍圖里瑞安街208巷21號,https://www.google.com/maps/search/?api=1&query=%E6%97%A5%E6%97%A5%E9%A6%99%E5%B0%8F%E9%A4%A8&query_place_id=ChIJteVMpiuqQjQR7gZef2PvpVA,提供 (Yes),Google 地圖「簡介」頁面明確標記「兒童高腳椅」,日日香小館,106台灣臺北市大安區龍圖里瑞安街208巷21號,unknown,yes,unknown,no,高
ChIJtev3brysQjQR_0rjiGynB2Y,米荳尼早餐店,114台灣臺北市內湖區明湖里康寧路三段99巷8弄2號,https://www.google.com/maps/search/?api=1&query=%E7%B1%B3%E8%8D%B3%E5%B0%BC%E6%97%A9%E9%A4%90%E5%BA%97&query_place_id=ChIJtev3brysQjQR_0rjiGynB2Y,提供 (Yes),Google 地圖「簡介」頁面明確標記「兒童高腳椅」,米荳尼早餐店,114台灣臺北市內湖區明湖里康寧路三段99巷8弄2號,unknown,yes,unknown,unknown,高
ChIJtfVyH3SqQjQRdkK2ogdqv04,紅牛屋,116台灣臺北市文山區木柵路三段48巷1弄3號,https://www.google.com/maps/search/?api=1&query=%E7%B4%85%E7%89%9B%E5%B1%8B&query_place_id=ChIJtfVyH3SqQjQRdkK2ogdqv04,提供 (Yes),Google 地圖「簡介」頁面明確標記「兒童高腳椅」,紅牛屋,116台灣臺北市文山區木柵路三段48巷1弄3號,unknown,yes,unknown,unknown,資訊不足
ChIJtwAEZxSpQjQRBCD2BRSoJvA,幹嘛日式餐酒館,103台灣臺北市大同區民樂街18號,https://www.google.com/maps/search/?api=1&query=%E5%B9%B9%E5%98%9B%E6%97%A5%E5%BC%8F%E9%A4%90%E9%85%92%E9%A4%A8&query_place_id=ChIJtwAEZxSpQjQRBCD2BRSoJvA,提供 (Yes),Google 地圖「簡介」頁面明確標記「兒童高腳椅」,幹嘛日式餐酒館,103台灣臺北市大同區民樂街18號,unknown,yes,unknown,unknown,資訊不足
ChIJtyBB3GepQjQRwXoHDB1wr7Y,京鼎樓,10491台灣臺北市中山區長春路47號,https://www.google.com/maps/search/?api=1&query=%E4%BA%AC%E9%BC%8E%E6%A8%93&query_place_id=ChIJtyBB3GepQjQRwXoHDB1wr7Y,提供 (Yes),Google 地圖「簡介」頁面明確標記「兒童高腳椅」,京鼎樓,10491台灣臺北市中山區長春路47號,unknown,yes,unknown,unknown,資訊不足
ChIJtyqVvb2pQjQRzhv78XzZ5Sw,歐吧噠韓餐酒 圓山花博店 ??? ???? Oppadak Korean Cuisine,10491台灣臺北市中山區圓山里玉門街1-7號,https://www.google.com/maps/search/?api=1&query=%E6%AD%90%E5%90%A7%E5%99%A0%E9%9F%93%E9%A4%90%E9%85%92%20%E5%9C%93%E5%B1%B1%E8%8A%B1%E5%8D%9A%E5%BA%97%20%EC%98%A4%EB%B9%A0%EB%8B%AD%20%EA%B0%90%EC%84%B1%ED%8F%AC%EC%B0%A8%20Oppadak%20Korean%20Cuisine&query_place_id=ChIJtyqVvb2pQjQRzhv78XzZ5Sw,提供 (Yes),Google 地圖「簡介」頁面明確標記「兒童高腳椅」,歐吧噠韓餐酒 圓山花博店 ??? ???? Oppadak Korean Cuisine,10491台灣臺北市中山區圓山里玉門街1-7號,unknown,yes,unknown,no,中
ChIJuSw-F3KpQjQRefGJLJvpPko,DayDayJamu Cafe 香料草本飲,100台灣臺北市中正區黎明里忠孝西路一段29巷9號捷運M7口,https://www.google.com/maps/search/?api=1&query=DayDayJamu%20Cafe%20%E9%A6%99%E6%96%99%E8%8D%89%E6%9C%AC%E9%A3%B2&query_place_id=ChIJuSw-F3KpQjQRefGJLJvpPko,提供 (Yes),Google 地圖「簡介」頁面明確標記「兒童高腳椅」,DayDayJamu Cafe 香料草本飲,100台灣臺北市中正區黎明里忠孝西路一段29巷9號捷運M7口,unknown,yes,unknown,no,高
ChIJuyhfTVmvQjQRqS9NO23JTKY,喜歡西餐廳(大地酒店),112台灣臺北市北投區奇岩路1號,https://www.google.com/maps/search/?api=1&query=%E5%96%9C%E6%AD%A1%E8%A5%BF%E9%A4%90%E5%BB%B3(%E5%A4%A7%E5%9C%B0%E9%85%92%E5%BA%97)&query_place_id=ChIJuyhfTVmvQjQRqS9NO23JTKY,提供 (Yes),Google 地圖「簡介」頁面明確標記「兒童高腳椅」,喜歡西餐廳(大地酒店),112台灣臺北市北投區奇岩路1號,unknown,yes,unknown,unknown,資訊不足
ChIJuyk2l4qpQjQRILRCQId5ZZA,義饗食堂,106台灣臺北市大安區學府里羅斯福路四段83號2樓,https://www.google.com/maps/search/?api=1&query=%E7%BE%A9%E9%A5%97%E9%A3%9F%E5%A0%82&query_place_id=ChIJuyk2l4qpQjQRILRCQId5ZZA,提供 (Yes),Google 地圖「簡介」頁面明確標記「兒童高腳椅」,義饗食堂,106台灣臺北市大安區學府里羅斯福路四段83號2樓,unknown,yes,unknown,no,高
ChIJv16VFF6sQjQRLJu9Vbmdlrw,茶屋 內湖店,114台灣臺北市內湖區內湖里成功路四段188號,https://www.google.com/maps/search/?api=1&query=%E8%8C%B6%E5%B1%8B%20%E5%85%A7%E6%B9%96%E5%BA%97&query_place_id=ChIJv16VFF6sQjQRLJu9Vbmdlrw,提供 (Yes),Google 地圖「簡介」頁面明確標記「兒童高腳椅」,茶屋 內湖店,114台灣臺北市內湖區內湖里成功路四段188號,unknown,yes,unknown,unknown,高
ChIJv2DKasSrQjQRuOouZgxHSMQ,饗食雪屋,116台灣臺北市文山區興得里興隆路三段112巷2弄2號1樓,https://www.google.com/maps/search/?api=1&query=%E9%A5%97%E9%A3%9F%E9%9B%AA%E5%B1%8B&query_place_id=ChIJv2DKasSrQjQRuOouZgxHSMQ,提供 (Yes),Google 地圖「簡介」頁面明確標記「兒童高腳椅」,饗食雪屋,116台灣臺北市文山區興得里興隆路三段112巷2弄2號1樓,unknown,yes,unknown,unknown,高
ChIJv8ymJnmsQjQRRRJ4b0I9LDw,金泰日式料理-內湖店,114台灣臺北市內湖區舊宗路二段121巷34號,https://www.google.com/maps/search/?api=1&query=%E9%87%91%E6%B3%B0%E6%97%A5%E5%BC%8F%E6%96%99%E7%90%86-%E5%85%A7%E6%B9%96%E5%BA%97&query_place_id=ChIJv8ymJnmsQjQRRRJ4b0I9LDw,提供 (Yes),Google 地圖「簡介」頁面明確標記「兒童高腳椅」,金泰日式料理-內湖店,114台灣臺北市內湖區舊宗路二段121巷34號,unknown,yes,unknown,unknown,中
ChIJv9il1dqrQjQRiuwJLhK17ZY,皇家哥本哈根咖啡輕食複合店,106台灣臺北市大安區光武里忠孝東路四段45號4F(SOGO忠孝店四樓,https://www.google.com/maps/search/?api=1&query=%E7%9A%87%E5%AE%B6%E5%93%A5%E6%9C%AC%E5%93%88%E6%A0%B9%E5%92%96%E5%95%A1%E8%BC%95%E9%A3%9F%E8%A4%87%E5%90%88%E5%BA%97&query_place_id=ChIJv9il1dqrQjQRiuwJLhK17ZY,提供 (Yes),Google 地圖「簡介」頁面明確標記「兒童高腳椅」,皇家哥本哈根咖啡輕食複合店,106台灣臺北市大安區光武里忠孝東路四段45號4F(SOGO忠孝店四樓,unknown,yes,unknown,unknown,中
ChIJvQj5dJirQjQRj0D-DQwizDU,北平采芝樓餐廳,110台灣臺北市信義區五全里永吉路274號,https://www.google.com/maps/search/?api=1&query=%E5%8C%97%E5%B9%B3%E9%87%87%E8%8A%9D%E6%A8%93%E9%A4%90%E5%BB%B3&query_place_id=ChIJvQj5dJirQjQRj0D-DQwizDU,提供 (Yes),Google 地圖「簡介」頁面明確標記「兒童高腳椅」,北平采芝樓餐廳,110台灣臺北市信義區五全里永吉路274號,unknown,yes,unknown,no,高
ChIJvS0scJ-tQjQRrZXTJtWMRw8,Uncle-K 火烤店 ??????,114017台灣臺北市內湖區清白里成功路四段147號,https://www.google.com/maps/search/?api=1&query=Uncle-K%20%E7%81%AB%E7%83%A4%E5%BA%97%20%EC%95%84%EC%A0%80%EC%94%A8%EA%B0%90%EC%9E%90%ED%83%95&query_place_id=ChIJvS0scJ-tQjQRrZXTJtWMRw8,提供 (Yes),Google 地圖「簡介」頁面明確標記「兒童高腳椅」,Uncle-K 火烤店 ??????,114017台灣臺北市內湖區清白里成功路四段147號,unknown,yes,unknown,no,高
ChIJvWmFPV-pQjQRu_TYuwH_cBo,CAFE RACO,10491台灣臺北市中山區松江里民生東路二段147巷1號號1樓,https://www.google.com/maps/search/?api=1&query=CAFE%20RACO&query_place_id=ChIJvWmFPV-pQjQRu_TYuwH_cBo,提供 (Yes),Google 地圖「簡介」頁面明確標記「兒童高腳椅」,CAFE RACO,10491台灣臺北市中山區松江里民生東路二段147巷1號號1樓,unknown,yes,unknown,no,高
ChIJvZ52YQmpQjQR4l-ag3QE3ms,無所洋食- 蔬食日式洋食--義大利麵、咖哩、中式米飯、拌麵,103台灣臺北市大同區迪化街一段358之1號,https://www.google.com/maps/search/?api=1&query=%E7%84%A1%E6%89%80%E6%B4%8B%E9%A3%9F-%20%E8%94%AC%E9%A3%9F%E6%97%A5%E5%BC%8F%E6%B4%8B%E9%A3%9F--%E7%BE%A9%E5%A4%A7%E5%88%A9%E9%BA%B5%E3%80%81%E5%92%96%E5%93%A9%E3%80%81%E4%B8%AD%E5%BC%8F%E7%B1%B3%E9%A3%AF%E3%80%81%E6%8B%8C%E9%BA%B5&query_place_id=ChIJvZ52YQmpQjQR4l-ag3QE3ms,提供 (Yes),Google 地圖「簡介」頁面明確標記「兒童高腳椅」,無所洋食- 蔬食日式洋食--義大利麵、咖哩、中式米飯、拌麵,103台灣臺北市大同區迪化街一段358之1號,unknown,yes,unknown,unknown,資訊不足
ChIJvw4JL-GpQjQR06sfBHzlFSw,潮丼日式定食,104台灣臺北市中山區民生西路45巷7弄21號,https://www.google.com/maps/search/?api=1&query=%E6%BD%AE%E4%B8%BC%E6%97%A5%E5%BC%8F%E5%AE%9A%E9%A3%9F&query_place_id=ChIJvw4JL-GpQjQR06sfBHzlFSw,提供 (Yes),Google 地圖「簡介」頁面明確標記「兒童高腳椅」,潮丼日式定食,104台灣臺北市中山區民生西路45巷7弄21號,unknown,yes,unknown,unknown,資訊不足
ChIJvw6sVIisQjQR8fOvmVwQxvs,藍色馬克,111台灣臺北市士林區名山里至誠路二段134號,https://www.google.com/maps/search/?api=1&query=%E8%97%8D%E8%89%B2%E9%A6%AC%E5%85%8B&query_place_id=ChIJvw6sVIisQjQR8fOvmVwQxvs,提供 (Yes),Google 地圖「簡介」頁面明確標記「兒童高腳椅」,藍色馬克,111台灣臺北市士林區名山里至誠路二段134號,unknown,yes,unknown,no,高
ChIJw-mPDQmpQjQRw5KgXJsem1Q,ACME,111台灣台北市士林?承德里?潭路1號7樓,https://www.google.com/maps/search/?api=1&query=ACME&query_place_id=ChIJw-mPDQmpQjQRw5KgXJsem1Q,提供 (Yes),Google 地圖「簡介」頁面明確標記「兒童高腳椅」,ACME,111台灣台北市士林?承德里?潭路1號7樓,unknown,yes,unknown,no,中
ChIJw2YpDYSrQjQR_YfhXM_d_6k,墨墨義大利麵 mur-mur pasta,106台灣臺北市大安區義村里忠孝東路三段276巷10號,https://www.google.com/maps/search/?api=1&query=%E5%A2%A8%E5%A2%A8%E7%BE%A9%E5%A4%A7%E5%88%A9%E9%BA%B5%20mur-mur%20pasta&query_place_id=ChIJw2YpDYSrQjQR_YfhXM_d_6k,提供 (Yes),Google 地圖「簡介」頁面明確標記「兒童高腳椅」,墨墨義大利麵 mur-mur pasta,106台灣臺北市大安區義村里忠孝東路三段276巷10號,unknown,yes,unknown,unknown,高
ChIJw9FlzOerQjQRPGPvmFNDRYU,廚房客家美食,105台灣臺北市松山區中正里敦化北路120巷20號,https://www.google.com/maps/search/?api=1&query=%E5%BB%9A%E6%88%BF%E5%AE%A2%E5%AE%B6%E7%BE%8E%E9%A3%9F&query_place_id=ChIJw9FlzOerQjQRPGPvmFNDRYU,提供 (Yes),Google 地圖「簡介」頁面明確標記「兒童高腳椅」,廚房客家美食,105台灣臺北市松山區中正里敦化北路120巷20號,unknown,yes,unknown,unknown,高
ChIJwQPcmc-rQjQRtXDQA__PPwg,solo pasta,106台灣臺北市大安區安和路一段29-1號,https://www.google.com/maps/search/?api=1&query=solo%20pasta&query_place_id=ChIJwQPcmc-rQjQRtXDQA__PPwg,提供 (Yes),Google 地圖「簡介」頁面明確標記「兒童高腳椅」,solo pasta,106台灣臺北市大安區安和路一段29-1號,unknown,yes,unknown,unknown,資訊不足
ChIJwUS0HmmpQjQR5BB-NYezal8,新葡苑餐廳 台北中山店,104台灣臺北市中山區中山北路二段24-3號,https://www.google.com/maps/search/?api=1&query=%E6%96%B0%E8%91%A1%E8%8B%91%E9%A4%90%E5%BB%B3%20%E5%8F%B0%E5%8C%97%E4%B8%AD%E5%B1%B1%E5%BA%97&query_place_id=ChIJwUS0HmmpQjQR5BB-NYezal8,提供 (Yes),Google 地圖「簡介」頁面明確標記「兒童高腳椅」,新葡苑餐廳 台北中山店,104台灣臺北市中山區中山北路二段24-3號,unknown,yes,unknown,unknown,資訊不足
ChIJwYqqLCGvQjQRsTBPcxjXj7Y,好吧,111台灣臺北市士林區三玉里天母東路84號1樓,https://www.google.com/maps/search/?api=1&query=%E5%A5%BD%E5%90%A7&query_place_id=ChIJwYqqLCGvQjQRsTBPcxjXj7Y,提供 (Yes),Google 地圖「簡介」頁面明確標記「兒童高腳椅」,好吧,111台灣臺北市士林區三玉里天母東路84號1樓,unknown,yes,unknown,unknown,高
ChIJw_wH6ROqQjQR3O3W6aukSD8,謝師傅熱炒店,116台灣臺北市文山區興光里興隆路三段19號,https://www.google.com/maps/search/?api=1&query=%E8%AC%9D%E5%B8%AB%E5%82%85%E7%86%B1%E7%82%92%E5%BA%97&query_place_id=ChIJw_wH6ROqQjQR3O3W6aukSD8,提供 (Yes),Google 地圖「簡介」頁面明確標記「兒童高腳椅」,謝師傅熱炒店,116台灣臺北市文山區興光里興隆路三段19號,unknown,yes,unknown,unknown,資訊不足
ChIJwwg1yqSsQjQRvlVdhq-2gdo,王家小館,"114台灣臺北市內湖區五分里五分街19號 號, 19",https://www.google.com/maps/search/?api=1&query=%E7%8E%8B%E5%AE%B6%E5%B0%8F%E9%A4%A8&query_place_id=ChIJwwg1yqSsQjQRvlVdhq-2gdo,提供 (Yes),Google 地圖「簡介」頁面明確標記「兒童高腳椅」,王家小館,"114台灣臺北市內湖區五分里五分街19號 號, 19",unknown,yes,unknown,no,高
ChIJx0bCJy6pQjQRGFbyiEYDeqQ,火月 咖啡.餐.酒館 F.M. Cafe & Bistro,104台灣臺北市中山區正得里中山北路一段33巷28號,https://www.google.com/maps/search/?api=1&query=%E7%81%AB%E6%9C%88%20%E5%92%96%E5%95%A1.%E9%A4%90.%E9%85%92%E9%A4%A8%20F.M.%20Cafe%20%26%20Bistro&query_place_id=ChIJx0bCJy6pQjQRGFbyiEYDeqQ,提供 (Yes),Google 地圖「簡介」頁面明確標記「兒童高腳椅」,火月 咖啡.餐.酒館 F.M. Cafe & Bistro,104台灣臺北市中山區正得里中山北路一段33巷28號,unknown,yes,unknown,no,高
ChIJx1oTFV6pQjQRUtZAGCMtB1I,禪風茶樓,104台灣台北市中山?松江路182號2樓,https://www.google.com/maps/search/?api=1&query=%E7%A6%AA%E9%A2%A8%E8%8C%B6%E6%A8%93&query_place_id=ChIJx1oTFV6pQjQRUtZAGCMtB1I,提供 (Yes),Google 地圖「簡介」頁面明確標記「兒童高腳椅」,禪風茶樓,104台灣台北市中山?松江路182號2樓,unknown,yes,unknown,unknown,中
ChIJx21xK_urQjQRJ0n6URaDN5k,添好運 松山車站店,110台灣臺北市信義區松山路11號號 2 樓,https://www.google.com/maps/search/?api=1&query=%E6%B7%BB%E5%A5%BD%E9%81%8B%20%E6%9D%BE%E5%B1%B1%E8%BB%8A%E7%AB%99%E5%BA%97&query_place_id=ChIJx21xK_urQjQRJ0n6URaDN5k,提供 (Yes),Google 地圖「簡介」頁面明確標記「兒童高腳椅」,添好運 松山車站店,110台灣臺北市信義區松山路11號號 2 樓,unknown,yes,unknown,unknown,資訊不足
ChIJx5xcVLqrQjQRefj2K5gdaZo,北緯二十五,110台灣臺北市信義區西村里松仁路38號1樓,https://www.google.com/maps/search/?api=1&query=%E5%8C%97%E7%B7%AF%E4%BA%8C%E5%8D%81%E4%BA%94&query_place_id=ChIJx5xcVLqrQjQRefj2K5gdaZo,提供 (Yes),Google 地圖「簡介」頁面明確標記「兒童高腳椅」,北緯二十五,110台灣臺北市信義區西村里松仁路38號1樓,unknown,yes,unknown,no,高
ChIJx7BexjypQjQRxzd5depLb-I,中華樓,"B1, No. 206號南京東路二段朱園里中山區臺北市台灣 104",https://www.google.com/maps/search/?api=1&query=%E4%B8%AD%E8%8F%AF%E6%A8%93&query_place_id=ChIJx7BexjypQjQRxzd5depLb-I,提供 (Yes),Google 地圖「簡介」頁面明確標記「兒童高腳椅」,中華樓,"B1, No. 206號南京東路二段朱園里中山區臺北市台灣 104",unknown,yes,unknown,no,高
ChIJxULym_SuQjQRQ7nEiSrGRm8,傳承茶蝦飯 我家客家小館,112台灣臺北市北投區八仙里中央南路二段14-1號捷運奇岩站,https://www.google.com/maps/search/?api=1&query=%E5%82%B3%E6%89%BF%E8%8C%B6%E8%9D%A6%E9%A3%AF%20%E6%88%91%E5%AE%B6%E5%AE%A2%E5%AE%B6%E5%B0%8F%E9%A4%A8&query_place_id=ChIJxULym_SuQjQRQ7nEiSrGRm8,提供 (Yes),Google 地圖「簡介」頁面明確標記「兒童高腳椅」,傳承茶蝦飯 我家客家小館,112台灣臺北市北投區八仙里中央南路二段14-1號捷運奇岩站,unknown,yes,unknown,no,高
ChIJx_wX4virQjQRX2J2swlasUo,Ombr?敦南店,106台灣台北市大安?北市敦化南路一段161巷70號,https://www.google.com/maps/search/?api=1&query=Ombr%C3%A9%E6%95%A6%E5%8D%97%E5%BA%97&query_place_id=ChIJx_wX4virQjQRX2J2swlasUo,提供 (Yes),Google 地圖「簡介」頁面明確標記「兒童高腳椅」,Ombr?敦南店,106台灣台北市大安?北市敦化南路一段161巷70號,unknown,yes,unknown,unknown,資訊不足
ChIJxcYXoSWrQjQRk0UEolx-iGM,The Tavernist,106台灣台北市大安?仁?路四段27巷25號12F,https://www.google.com/maps/search/?api=1&query=The%20Tavernist&query_place_id=ChIJxcYXoSWrQjQRk0UEolx-iGM,提供 (Yes),Google 地圖「簡介」頁面明確標記「兒童高腳椅」,The Tavernist,106台灣台北市大安?仁?路四段27巷25號12F,unknown,yes,unknown,unknown,資訊不足
ChIJxdRGEdirQjQRKLWOk-uOq5k,DOMANI 義式餐廳,106台灣臺北市大安區昌隆里建國南路一段65巷7號,https://www.google.com/maps/search/?api=1&query=DOMANI%20%E7%BE%A9%E5%BC%8F%E9%A4%90%E5%BB%B3&query_place_id=ChIJxdRGEdirQjQRKLWOk-uOq5k,提供 (Yes),Google 地圖「簡介」頁面明確標記「兒童高腳椅」,DOMANI 義式餐廳,106台灣臺北市大安區昌隆里建國南路一段65巷7號,unknown,yes,unknown,unknown,中
ChIJy4Zxx_WpQjQRfU5kuDH_EaA,濤濤鮮魚舖,103台灣臺北市大同區錦西街82號1樓,https://www.google.com/maps/search/?api=1&query=%E6%BF%A4%E6%BF%A4%E9%AE%AE%E9%AD%9A%E8%88%96&query_place_id=ChIJy4Zxx_WpQjQRfU5kuDH_EaA,提供 (Yes),Google 地圖「簡介」頁面明確標記「兒童高腳椅」,濤濤鮮魚舖,103台灣臺北市大同區錦西街82號1樓,unknown,yes,unknown,unknown,中
ChIJy8IZTV2tQjQRGUgoyrd-7Kk,Bear Brunch(熊熊早午餐),114台灣臺北市內湖區紫陽里文德路210巷30弄45號1樓,https://www.google.com/maps/search/?api=1&query=Bear%20Brunch(%E7%86%8A%E7%86%8A%E6%97%A9%E5%8D%88%E9%A4%90)&query_place_id=ChIJy8IZTV2tQjQRGUgoyrd-7Kk,提供 (Yes),Google 地圖「簡介」頁面明確標記「兒童高腳椅」,Bear Brunch(熊熊早午餐),114台灣臺北市內湖區紫陽里文德路210巷30弄45號1樓,unknown,yes,unknown,unknown,高
ChIJyQU1ZgWsQjQR5kN2WtEzKtU,頁小館,10463台灣臺北市中山區北安路595巷20弄4號1樓,https://www.google.com/maps/search/?api=1&query=%E9%A0%81%E5%B0%8F%E9%A4%A8&query_place_id=ChIJyQU1ZgWsQjQR5kN2WtEzKtU,提供 (Yes),Google 地圖「簡介」頁面明確標記「兒童高腳椅」,頁小館,10463台灣臺北市中山區北安路595巷20弄4號1樓,unknown,yes,unknown,unknown,資訊不足
ChIJyS57aNGrQjQRhRLHxCfDLdU,婷婷咖啡簡餐,106台灣臺北市大安區仁慈里復興南路一段313巷13號1樓,https://www.google.com/maps/search/?api=1&query=%E5%A9%B7%E5%A9%B7%E5%92%96%E5%95%A1%E7%B0%A1%E9%A4%90&query_place_id=ChIJyS57aNGrQjQRhRLHxCfDLdU,提供 (Yes),Google 地圖「簡介」頁面明確標記「兒童高腳椅」,婷婷咖啡簡餐,106台灣臺北市大安區仁慈里復興南路一段313巷13號1樓,unknown,yes,unknown,no,高
ChIJySwN8durQjQRpe5ndb5Zriw,筷子餐廳,106台灣臺北市大安區正聲里光復南路290巷1號,https://www.google.com/maps/search/?api=1&query=%E7%AD%B7%E5%AD%90%E9%A4%90%E5%BB%B3&query_place_id=ChIJySwN8durQjQRpe5ndb5Zriw,提供 (Yes),Google 地圖「簡介」頁面明確標記「兒童高腳椅」,筷子餐廳,106台灣臺北市大安區正聲里光復南路290巷1號,unknown,yes,unknown,no,高
ChIJyWoJeMmpQjQRi6xQIJ11JzI,凱蒂窩KatieHouse,103台灣臺北市大同區至聖里承德路三段247巷16號1樓,https://www.google.com/maps/search/?api=1&query=%E5%87%B1%E8%92%82%E7%AA%A9KatieHouse&query_place_id=ChIJyWoJeMmpQjQRi6xQIJ11JzI,提供 (Yes),Google 地圖「簡介」頁面明確標記「兒童高腳椅」,凱蒂窩KatieHouse,103台灣臺北市大同區至聖里承德路三段247巷16號1樓,unknown,yes,unknown,no,高
ChIJyZwTOpWrQjQRcTfYjqt_YJc,金山客家小館 光復店,105台灣臺北市松山區吉祥里光復北路11巷69號,https://www.google.com/maps/search/?api=1&query=%E9%87%91%E5%B1%B1%E5%AE%A2%E5%AE%B6%E5%B0%8F%E9%A4%A8%20%E5%85%89%E5%BE%A9%E5%BA%97&query_place_id=ChIJyZwTOpWrQjQRcTfYjqt_YJc,提供 (Yes),Google 地圖「簡介」頁面明確標記「兒童高腳椅」,金山客家小館 光復店,105台灣臺北市松山區吉祥里光復北路11巷69號,unknown,yes,unknown,no,高
ChIJyekOec-rQjQRE3MGd5lZJGs,C25度咖啡館,106台灣臺北市大安區建倫里安和路一段21巷23號,https://www.google.com/maps/search/?api=1&query=C25%E5%BA%A6%E5%92%96%E5%95%A1%E9%A4%A8&query_place_id=ChIJyekOec-rQjQRE3MGd5lZJGs,提供 (Yes),Google 地圖「簡介」頁面明確標記「兒童高腳椅」,C25度咖啡館,106台灣臺北市大安區建倫里安和路一段21巷23號,unknown,yes,unknown,no,高
ChIJz2Nt86ypQjQR2Q53B_FEtOA,御珍軒,103台灣臺北市大同區重慶北路一段62號2樓,https://www.google.com/maps/search/?api=1&query=%E5%BE%A1%E7%8F%8D%E8%BB%92&query_place_id=ChIJz2Nt86ypQjQR2Q53B_FEtOA,提供 (Yes),Google 地圖「簡介」頁面明確標記「兒童高腳椅」,御珍軒,103台灣臺北市大同區重慶北路一段62號2樓,unknown,yes,unknown,unknown,中
ChIJz33cy4auQjQR65Hx_CQE9VU,天母紅瓦厝客家餐廳,111台灣臺北市士林區天福里天母東路8巷67號,https://www.google.com/maps/search/?api=1&query=%E5%A4%A9%E6%AF%8D%E7%B4%85%E7%93%A6%E5%8E%9D%E5%AE%A2%E5%AE%B6%E9%A4%90%E5%BB%B3&query_place_id=ChIJz33cy4auQjQR65Hx_CQE9VU,提供 (Yes),Google 地圖「簡介」頁面明確標記「兒童高腳椅」,天母紅瓦厝客家餐廳,111台灣臺北市士林區天福里天母東路8巷67號,unknown,yes,unknown,no,高
ChIJz4guBbSpQjQRqmvmBKzcVVY,喜舍居酒屋????,108台灣臺北市萬華區東園街68-1號,https://www.google.com/maps/search/?api=1&query=%E5%96%9C%E8%88%8D%E5%B1%85%E9%85%92%E5%B1%8B%E3%81%84%E3%81%96%E3%81%8B%E3%82%84&query_place_id=ChIJz4guBbSpQjQRqmvmBKzcVVY,提供 (Yes),Google 地圖「簡介」頁面明確標記「兒童高腳椅」,喜舍居酒屋????,108台灣臺北市萬華區東園街68-1號,unknown,yes,unknown,unknown,資訊不足
ChIJz6ZRGACpQjQRvBPKifsQQXo,六堆伙房 北車站前店,100台灣臺北市中正區黎明里忠孝西路一段36號B1,https://www.google.com/maps/search/?api=1&query=%E5%85%AD%E5%A0%86%E4%BC%99%E6%88%BF%20%E5%8C%97%E8%BB%8A%E7%AB%99%E5%89%8D%E5%BA%97&query_place_id=ChIJz6ZRGACpQjQRvBPKifsQQXo,提供 (Yes),Google 地圖「簡介」頁面明確標記「兒童高腳椅」,六堆伙房 北車站前店,100台灣臺北市中正區黎明里忠孝西路一段36號B1,unknown,yes,unknown,no,高
ChIJz8_rGbyrQjQRD1-qfRm5C1M,JK STUDIO 法式餐酒館 (台北信義店),110台灣臺北市信義區基隆路一段147巷5弄13號,https://www.google.com/maps/search/?api=1&query=JK%20STUDIO%20%E6%B3%95%E5%BC%8F%E9%A4%90%E9%85%92%E9%A4%A8%20(%E5%8F%B0%E5%8C%97%E4%BF%A1%E7%BE%A9%E5%BA%97)&query_place_id=ChIJz8_rGbyrQjQRD1-qfRm5C1M,提供 (Yes),Google 地圖「簡介」頁面明確標記「兒童高腳椅」,JK STUDIO 法式餐酒館 (台北信義店),110台灣臺北市信義區基隆路一段147巷5弄13號,unknown,yes,unknown,unknown,資訊不足
ChIJz_UT0p-pQjQRrpA4MLmPo-A,詩篇咖啡餐廳Psalms Cafe & Restaurant,100台灣臺北市中正區中山南路20號B1,https://www.google.com/maps/search/?api=1&query=%E8%A9%A9%E7%AF%87%E5%92%96%E5%95%A1%E9%A4%90%E5%BB%B3Psalms%20Cafe%20%26%20Restaurant&query_place_id=ChIJz_UT0p-pQjQRrpA4MLmPo-A,提供 (Yes),Google 地圖「簡介」頁面明確標記「兒童高腳椅」,詩篇咖啡餐廳Psalms Cafe & Restaurant,100台灣臺北市中正區中山南路20號B1,unknown,yes,unknown,unknown,資訊不足
ChIJz_s4rJ6pQjQR6rNclhlf3JU,真北平,100台灣臺北市中正區寧波東街1號,https://www.google.com/maps/search/?api=1&query=%E7%9C%9F%E5%8C%97%E5%B9%B3&query_place_id=ChIJz_s4rJ6pQjQR6rNclhlf3JU,提供 (Yes),Google 地圖「簡介」頁面明確標記「兒童高腳椅」,真北平,100台灣臺北市中正區寧波東街1號,unknown,yes,unknown,unknown,資訊不足
ChIJzbdQk3SrQjQR3tQSV3Xo0Wg,暫停歇業,106台灣臺北市大安區光武里大安路一段31巷42號1樓,https://www.google.com/maps/search/?api=1&query=%E6%9A%AB%E5%81%9C%E6%AD%87%E6%A5%AD&query_place_id=ChIJzbdQk3SrQjQR3tQSV3Xo0Wg,提供 (Yes),Google 地圖「簡介」頁面明確標記「兒童高腳椅」,暫停歇業,106台灣臺北市大安區光武里大安路一段31巷42號1樓,unknown,yes,unknown,unknown,高
ChIJzwJyNACpQjQRHdGFtGIMWdw,民樂園私廚,103台灣臺北市大同區大有里民樂街62號,https://www.google.com/maps/search/?api=1&query=%E6%B0%91%E6%A8%82%E5%9C%92%E7%A7%81%E5%BB%9A&query_place_id=ChIJzwJyNACpQjQRHdGFtGIMWdw,提供 (Yes),Google 地圖「簡介」頁面明確標記「兒童高腳椅」,民樂園私廚,103台灣臺北市大同區大有里民樂街62號,unknown,yes,unknown,no,高
