place_id,review_content_1,review_content_2,review_content_3,review_content_4,review_content_5
ChIJ-0-weL2rQjQRyzUgFcOcehU,料理真的做的細緻好吃！本來是想說多點幾道分食、後面變成搶食！很推薦來的餐廳！來體驗他們對菜品的用心！,一人作業的小店，但上菜不算很慢，除了菜單也有黑板上的當日菜色，義大利麵和燉飯可以選半份或整份，配料例如蝦和干貝可以自行加點，每一道餐點都沒踩雷，檸檬酒燉飯我很愛，吃起來非常清爽。,義大利麵非常好吃，清燉羊肉的湯頭也很棒，氣泡飲的蜂蜜味也很足，羊排有點過熟，適合悠閒吃飯，整體來說會想再訪 位子不多，建議要訂位,慕名而來，真的每一道都非常喜歡，調味都很剛好，價格也很實惠。最令我鍾愛的是湯品，湯頭有滿滿的海鮮的鮮甜 義大利麵的麵條很有嚼勁，吸滿醬汁，十分有特色。 羊排的肉質軟硬適中，也不至於太乾，搭配一旁的蔬菜十分剛好。 不過廚房只有兩個人在準備餐點，忙進忙出實在太辛苦了，希望可以換到更大的地方，可以容納更多的客人,真的是寶藏店🥳實惠又好吃 重點是離我很近，之後會再訪的 只有老闆一人控全場超強的 看他辛苦又超熱的 服務掌控可以，出餐會稍等一下 食物整體的呈現味道都不錯 重點是品項有半份的！！超貼心 這樣就可以多點幾道，自己來也很適合 麵飯的配料可以自己選配 ❤️蝦醬麵汁好蝦，麵條彈牙好吃 會想外帶一份😆 ❤️檸檬酒燉飯，味道獨特 真的吃出lemon cello 味道 ❤️鴨胸的熟度處理的剛好，煙燻味重很香 ❤️冰糕比較少地方有，比提拉更喜歡 🤙帳單是用英文而且手寫，有溫度 沒有服務費太太太佛，謝主隆恩
ChIJ-3ozs6faDRQRyjuQLk-wjEQ,主要項目為： 水餃、鍋貼、湯品、飲品 △ 外帶內用 一起排隊 ▲ 週日 公休日 △ 11：10 ~ 20：30 ▲ 現場製作 需等候 △ 下午時段不休息 ▲ 附近自找停車場 / 格 △ 建議騎車購買 ▲ 僅 提供 現金支付 △ 有每日不同湯品 ▲ 每樣最少 10顆 這家已經用餐多次，硬要說缺點就是需要排隊，因為內用的位置不多，再加上煮都需要時間，訂單也大量，所以.. 要吃就要排隊。 另外，每一樣都是最少 10顆，這個...我覺得不是很方便，因為很想多 還有這附近很難停車，雖然有付費停車場，但是不是很近，而且費用也高，建議還是停遠一些再走過來，或是騎車是比較理想。 這邊就是先抽號碼牌等叫號，菜單也有日文、英文等，很多外國遊客也是會來用餐。 醬料就是自取，基本給的就是辣椒醬油、醬油、醋等，依照自己口味去調整。如果有需要小菜也可以自取，點了飲品（劃單時有先付款）也可以先拿，這邊就是點餐後，付款結帳等餐點。 我覺得比較驚艷可能是湯品，裡面除了本身的魚丸，還加很多花椰菜，一般都沒有。鍋貼、水餃都表現不錯，水餃皮挺好吃的，不過我覺得料沒有很飽滿，有點小空，這部分有點可惜。 服務雖然也是不錯，挺客氣的，不過我覺得外國遊客很多，菜單可以放在外面讓客人先看，不然放裡面，客人都不知所措的感覺。 如果要吃，建議離峰時間來比較不用等很久，經過可以吃一下，我覺得不是特別跑的那種，但整體來說還是很不錯的，推薦給大家，有興趣的人可以來試試。,隱藏在士林華榮市場周邊巷子裡的美食，每天中午都大排長龍，但是呢排隊的人龍裡也有外帶的，其實不用等很久，但實際上餐廳裡面的桌子只有7桌，進場必須要跟人併桌用餐、兩個人來吃飯最適合，人多餐廳就不好安排，人少流動快，等到的位置也快。 到了先抽號碼牌，商家第一次叫號就是要先幫你填單收取費用，結束後你先在外面繼續等第二次叫號，就是入座用餐，裡面還有一些小菜，海帶、滷蛋、小黃瓜、豬頭肉、豬頭皮、豆腐，這些都是水餃店裡面經常會有的商品，可點可不點。 水餃上來了，不由的說他的煎餃的確是煎的酥脆，內餡的湯汁飽滿，這個分數在我心目中確實是滿分，皮不會很厚，但卻有嚼勁，我只點了一樣韭菜水餃，味道中規中舉，皮可以吃的出來是現桿的，味道也不錯，我們還點了酸辣湯，酸辣湯也好吃談不上驚豔，但卻具有水準，這樣就算是不錯的水餃店了，難怪外面會到大排長龍。,總結：說不上特別，就是精準了油與鹽，拿捏恰到好處的油潤感。 評論： 北市的鍋貼專賣不算多 已吃待吃的 統計僅約15家 士林是熱區 及品 阿財 阿堂 最知名都在這 自認 鍋貼的美味級距並不大 即便如 阿財與及品 這種人氣分屬一二的名店 感覺口味差異其實並不多 ●原味鍋貼 4.5星 個頭不大 兩端閉合 有少許的冰花 口感 不是酥 是有如餅乾的脆 如網傳所說肉餡填充不紮實 但 這也許這就是密招 出空氣感 夾肉汁夾油湯 微微的香油與麻油香氣 好吃 但說不上哪裡好吃 像鼎泰豐 拿捏了對的油跟鹽 油潤 馨香 韻味足 ●鮮肉高麗菜水餃 4.3星 表現較為遜色 麵皮有韌性 用筷子夾不斷 潰縮沒有很好 跑水沒有鎖鮮 但調味是可以的 菜肉比約5比5 有一樣的油潤感 還可以 ●每日一湯(竹筍香菇貢丸) 4.5星 酸辣湯售罄 遂點這例湯 骨湯底 濃郁厚實 竹筍有處理過 出糯性 貢丸品質很不錯 作為名店 這湯沒丟面子 ●切盤滷味 4.2星 以切盤等 賣相不如現切 口味一般 整體而言 鍋貼可以 水餃一般 重點在精準了對的油鹽比 用油潤感撐起一片天,第一次來用餐，有看見外面貼著內用外帶都要抽號碼牌，但不知道怎麼運作，後來發現會叫號，所以走進去問，才知道第一次叫號是入內點餐拿小菜付款排座位，第二次叫號是有位子可以入座。 因為兩人用餐，跟別人併桌，餐點上菜速度還可以。 小菜照店家說法是多種選擇又是招牌，但是....花椰菜的生味還是冰箱味(?)很重，搭配腸子跟豆干，腸子滷得很入味，龍鬚菜木耳口味偏鹹。 脆玉白菜鍋貼(8.5元/顆)酥脆偏油，比起毫無特色可言的瘦弱鮮肉高麗菜水餃(8元/顆)來說，好吃很多，每種最少要10顆。 今天的每日例湯是蓮藕排骨，滿滿的蓮藕加上一塊排骨，算是今天吃到最滿意的食物，酸辣湯沒有酸也沒有辣，也沒有醋味跟胡椒味，比較像羹湯。 久聞齊名，門外久候，有點失望。,鍋貼皮煎得很脆，豬肉白菜很飽滿，招牌鍋貼也不錯，四神湯很好喝。 生意很好，但規劃得不錯，翻桌率很高，即使有很長的隊伍也不用等太久～
ChIJ-WB-7nerQjQRB4yWvA0THi4,透過 AI 搜尋黃仁勳喜愛的餐廳，意外找到這家店。朋友在比對照片時向老闆娘詢問，她起初有點不悅，不過後來聊開了才知道，這裡是創始店，也因此能夠娓娓道來完整的歷史故事。 老闆娘個性鮮明、十分有趣，不但和我們分享店裡獨家釀造的梅子酒，還熱情推薦招牌菜。整桌同事吃得非常開心，氣氛也越來越熱絡。 店內還收藏了許多從民國51年至今不同版本的大同寶寶，以及各種充滿兒時回憶的小物，彷彿走進一段時光隧道。整體來說，CP值真的很高，非常值得推薦。 晚餐後散步到成美長壽橋走走。橋上僅供行人與自行車通行，沒有車輛干擾，走起來格外舒適自在。 站在橋上，可以遠眺彩虹橋，俯瞰整段基隆河的水色流光，還能欣賞台北都市璀璨的夜景。微風徐徐，燈火倒映河面，整個畫面非常漂亮，也讓人心情特別放鬆。,公司聚餐選擇的地點 進門古色古香的 整體的感覺非常不錯 進門有柑仔店的感覺 琳瑯滿目的糖果跟用品 陳列在玻璃櫃檯之中 尤其是看到那大同娃娃牆 更是讓我覺得震驚 一個都價值不菲 更何況是一整牆😂 創始店還有二樓 不過因為我們在一樓 所以二樓不知道長得如何 說不定還有更有價值的😏 整體來說的菜餚都中規中矩 起司焗中卷讓我比較驚艷 是真的挺好吃的 而且非常的鮮美 廁所而言有點尷尬 不知道是不是我不會用 我真的不太會鎖😂 感覺會被人隨時打開 這種不安全感真的怕怕的,阿嬤生日來這邊吃飯💖💖💖不得不說～從訂位開始服務就一直很好，還會建議我們可以點什麼菜、份量夠不夠～實際用餐過後，真的蠻好吃的～～脆皮雞、椒鹽千里馬、山藥雞湯這幾道特別有特色的🧡🧡🧡好吃也很推薦必點～～～（補充：蝦球也好好吃），老闆娘真的超級熱情又好客～～店內佈置很復古，很多古早味零食跟大同寶寶，帶長輩來吃很有懷舊的味道😆😆😆 補充一下，如果有輪椅可以事前告知～ 不想要等太久的也可以事前先點菜唷！！,懷舊餐廳，古早味十足 今天吃座菜，最喜歡炸豬腳。皮Q彈香酥香酥，允指回味。 佛跳牆、雞湯都不錯。,炸蚵酥超好吃，脆皮雞優秀（雖然皮不脆);芋頭米粉湯也是必點。 老皮嫩肉、腸旺就比較一般。 氣氛還不錯，價格也算合理，適合小聚餐，
ChIJ-_bMiiitQjQRVwXUA-8CaPs,說真的這店明明外觀環境很好 怎麼裡面這麼不行？地下室也更不用說 一到樓下一整個潮濕黴菌的味道 尤其如果你是第一組客人到地下室 餐具也是很不okay水杯浮一層油餐具也不乾淨 接待的阿姨態度也差距甚大 帶你下樓的時候還可以一到樓下像我們是他隔壁鄰居莫名其妙跑來蹭飯似的態度？幹嘛我欠你的喔 而且價格也沒在客氣的品質是不差但價格也不差啊兄弟一個人隨便點個沒幾道人均就會破千那我何必選擇在此吃飯？在這個內湖東湖這邊還可以成為大雷店不容易 對了還有，都要被4.8的評價騙了雖然我沒有證據是不是買的評價也永遠不得而知可是我只能說那麼高的評價跟不斷有頻繁的人寫評價這件事情跟和牛涮的操作是如出一徹各位眼睛還是要雪亮一點,被門口裝飾的船隻吸引，我們全家一起進來用餐~ 剛開始擔心帶著小朋友，吃火鍋會很不方便，沒想到店員非常友善！ 幫我們準備嬰兒座椅及兒童碗盤 小朋友一歲而已，吃的到處都是，我們覺得很不好意思，店員卻非常友善的協助，服務態度超好🥰 📍肉 我們點了板腱牛和雪花牛，板腱牛吃起來很扎實、雪花牛帶點油花，兩種都還不錯！ 📍海鮮 魚滑是有帶魚皮的魚，煮起來Q彈軟嫩，因為帶皮的關係，不會煮一煮就不見 文蛤一送來就驚艷到我們，用閃閃發光的寶藏箱裝著的文蛤！！吃起來非常新鮮 📍熟食 口水雞本身是好吃的，不過有一點鹹，適合極重口味愛好者 流沙岩蝦球口感外脆內軟，個人很喜歡 有提供熟食超讚的，肚子餓的時候不用慢慢等火鍋滾，直接開吃！ 喜歡爆漿的，我很推薦牛肉起司爆漿丸~ 肉質緊實，起司牽絲，豪好吃啊 店內還有生日活動，幾歲就送幾隻蝦‼️ 擺飾完全不馬乎，看起來超氣派的！ 非常推薦想聚餐或是慶生的時候，可以來吃～,四川龍府主打各式火鍋與川味料理，這次選在這裡慶生，有幾道特別值得推薦的料理，像是柳州螺螄粉鍋，湯底微酸微辣很開胃，味道濃郁卻不刺激，鴨血豆腐好吃還能無限續；喜歡火鍋料的話更不能錯過他們的手工丸餃與手工漿，尤其是真材實料的蝦滑，口感Q彈紮實，完整保留鮮蝦海味，絕對是必點招牌。 另外川味料理表現也出色，四川晾肉是直接食用的川式冷盤，豬五花片肉質紮實，搭配鮮嫩黃瓜片口感清爽，香氣十足的油潑蘸醬更是畫龍點睛；流沙熔岩蝦球一份共五顆，外層酥脆帶香，一口咬開，溫熱的流沙餡隨之化開，蝦肉與鹹香內餡交織，口感相當討喜。四川燃麵麵條Q彈，拌勻後油香與麻香交織，入口麻香飽滿卻不辛辣，尾韻迷人。餐後附贈的四川冰粉也很好吃唷～ 必須說四川龍府的壽星優惠很有誠意，當月壽星只要當次消費滿1300元，即可獲贈與壽星同齡的等量蝦與干貝（需提前預約），還用心擺成蛋糕的樣子上桌，儀式感十足，拍照也好看。,四川龍府其實我一直很想來的，之前就看朋友推薦過，說 門口那艘船很有特色，拍照很有氣氛。剛好這次家人是壽星，就選這裡來聚餐。 他們的壽星活動真的非常棒呢！是幾歲就送幾份蝦/干貝🥳上桌的時候真的非常有驚喜，也很有儀式感，生日來吃很加分。目前還有兩人同行，一人鍋底免費的活動呢！ 我們這次 4 個人點了 麻辣鍋（小辣）＋牛奶鍋，湯頭香氣很夠，不會太嗆， 而且 鴨血跟豆腐都可以一直續，滑嫩又入味，白飯也是吃到飽，CP值很高～ 肉類質量也很讚，喜歡吃牛的我們，點了美國雪花牛，油花漂亮，涮一下就很嫩；美國板腱牛也很好吃，肉質很嫩。 另外一定要提一下銷魂飯和四川晾肉 ，真的是其他火鍋店很少見到的！ 銷魂飯是嫩牛片配上微辣的飯，辛香味很夠，加上半生熟蛋的加持，大人小孩也停不下來。 四川晾肉很有特色，滿滿的儀式感，第一次吃覺得蠻新鮮的呢～ 另外我們還有點手工蝦滑，口感Q 彈，吃得到蝦肉；牛肉起司爆醬丸也非常好吃又足料。 孩子很喜歡吃魚，我們點了招牌福氣魚 ，沒有想過肉質這麼細嫩～ 飲料跟甜點也很有特色，我們大人點了烏梅汁一壺，份量剛剛好而且很解辣；孩子點了紅茶奶蓋，順口不膩；最後還有四川冰粉，有點像愛玉的口感，非常清爽！ 整體來說，除了食物質素很好之外，裝潢也很有川味風格，門口那艘船真的很好拍呢～ 服務人員也很親切，會主動幫忙加湯、態度很好👍 附近也有幾個 停車場🅿️，開車來很方便。,這間四川麻辣＋螺螄粉鴛鴦鍋真的超讚👍完全適合聚餐或慶生！鍋底的鴨血、豆腐、白飯都能無限續，整個超有誠意，吃起來很滿足！！！ 我們這次點了酸菜白肉湯＋螺螄粉鍋做鴛鴦，酸菜白肉湯酸香開胃又順口，螺螄粉鍋辣香夠味，湯頭越煮越濃，涮肉或蔬菜都超涮嘴🤤這次帶朋友來慶生，朋友剛好30歲，壽星活動超貼心，我們選了15隻蝦＋15顆干貝，整桌海鮮直接升級，超澎湃又新鮮 再加上九週年優惠，兩人同行一人鍋底免費，CP值很高 我點的板腱牛、手工蝦滑、爆漿丸都很推薦，板腱牛大片軟嫩、蝦滑紮實彈牙、丸子咬下去爆汁，每一口都很可以哈哈哈😝 整體氣氛很熱鬧，服務也不錯，生日聚餐來這裡真的超適合，吃得開心又有活動感，湯頭、食材和活動都讓人印象深刻，下次還想再帶朋友來慶祝！🎉🔥
ChIJ01YLW3-rQjQRzHtinzvbCJk,當初用餐前其實有先看過其他網友的評論，現在回想起來，大家寫的真的滿中肯的。這次特地點了店內主打的漢堡排，原本很期待，但實際品嚐後有點失望。豬肉的腥羶味偏重，影響整體口感，即使店家貼心提供小石塊讓客人自行加熱，味道還是沒有太大的改善，對於喜歡清爽口味的人來說可能會比較難接受。 不過商業午餐的表現倒是還不錯，我點的泡菜燒肉口味很好，鹹香帶點微辣，很下飯。份量方面偏精緻，如果是食量較小的人，一份剛好可以吃飽；而且飯跟湯都可以續，這點算是加分。整體來說，用餐環境與服務都還可以，但個人覺得目前Google上的評分略為偏高。如果是第一次來，建議可以避開漢堡排，改點其他品項會比較保險。,第一次來吃，點了雙人套餐香炸雞排定食跟明太子漢堡排豬肉定食，小菜點炸唐揚雞跟涼拌小魚豆腐，甜點是蕨餅跟日式糰子，飲料是冰奶茶跟熱白桃烏龍茶。加上有集客集團加價點一個炸肉餅。 主餐味道都還不錯，小菜配菜也都好吃，就甜點來說，糰子跟日本或其他的糰子口感不太一樣，比較偏向麻糬。蕨餅很像涼糕的口感，不太像一般吃到的口感。 還算不錯吃~,點了秘製牛肉漢堡排 筋很多有點難下嚥 餐點有附一顆加熱石頭 鐵板裡還有附紅蘿蔔/秋葵/洋蔥絲/花椰菜，加熱石頭涼掉以後可以請店員幫你換新的 小菜都還不錯 高麗菜絲可能是本身出水的問題，吃到最後都是水，醬汁都被水沖淡 加點套餐+98元選了奶茶跟蕨餅 需要一成服務費,高分是評論五星活動刷出來的 實際遠不如 米塔集團的餐廳 大概只有商業午餐勉強對得起價格吧 牛丼味道算還不錯 所有服務生都很難找 都在聊天聊得很開心 跟人講話的時候語氣也挺冷漠的 這樣還要收10%服務費也是挺莫名 當然啦 畢竟台灣的餐廳服務費也不會真的給員工 好像也不能怪她們🤷,很好吃！ 對漢堡排沒有到喜愛的我，把整碗飯吃光，很下飯，肉質也很好才能搭配出這種味道！ 而且還有肉量加購的選項也很棒！
ChIJ04yBjBWvQjQReUH9xXgLaCo,去北投玩跟飯店接駁司機說要吃蓬萊，被司機稱讚有做功課😆 -排骨酥嚐鮮即可，秤斤計價且骨多肉少，好吃但沒有到必點的程度； ⭐️ 水蓮炒銀芽炒功不錯，清脆鮮甜； ⭐️ 軟玉豆腐特別驚艷！搭配沾醬很好吃，內裡包的紫蘇葉無論香氣或口感都提升了這道料理的層次； -三杯杏鮑菇沒有入味； -明太子鴨肉捲是冷盤，鴨肉很硬，明太子醬吃起來很甜很噁心，唯一一道吃不完的菜色； -鳳梨蝦球的鳳梨跟蝦球是好吃的，但擠了很多美乃滋跟巧克力米，味道變超怪（要把美乃滋撥開再吃才好吃）； ⭐️ 豬肝切得很厚實，有幾片口感偏軟、幾片偏硬，但整體來說是好吃的。 五人點七道（+3碗白飯）非常飽（本來還有點蚵仔酥但幸好單子沒寫到😅），5-6道應該比較剛好；服務人員都滿親切，座位也很舒適，適合帶長輩聚餐。,排骨好吃😋 豬肝份量超大～配上洋蔥超解膩好吃 炒地瓜葉牙齒友善，很清爽～ 芋頭條跟杏仁可以單點一條超優秀👏🏻,蓬萊台菜餐廳果然名不虛傳，每一道菜都能感受到老店累積多年的功夫與穩定品質。這次用餐點了多道招牌料理，整體表現都相當令人滿意。 最讓人印象深刻的是 蓬萊排骨酥，雖然是帶骨排骨，但肉質卻非常軟嫩，使用店家特製醬料醃製後再下鍋油炸，外皮呈現金黃色澤，吃起來油甘酥脆又多汁，香氣十足，真的是必點招牌菜。 佛跳牆 湯頭溫潤順口，配料相當豐富，有筍乾、豬肚、魚皮、排骨酥、鳥蛋、香菇與芋頭，每一樣食材都吸滿湯汁，吃得出用心。 軟玉豆腐 也很有特色，豆腐中包著香菜與火腿片，一起裹粉炸成一包，搭配沾醬後層次感十足，口感特別又好吃。 另外 蓬萊芋頭條 外皮酥脆、內裡芋頭香軟綿密，搭配鹹蛋黃鹹甜交織，非常推薦；鹹蛋杏鮑菇 調味適中不死鹹；地瓜葉 份量大又嫩；鮭魚雞粒炒飯 表現中規中矩，但仍順順吃光。 整體來說，是一家經典又值得回訪的台菜老店。,創立民國43年至今也70多年傳統老口碑名號了！位於北投中和街與雙全街口旁邊搭捷運新北投站步行7分、之前好友聚餐喝酒有吃過但回憶深刻滿滿......今天平日中午來用餐覺得裝潢有重新整理過約8張大圓桌、服務大姐也算盡職服務.....結合了酒家菜和台菜、蓬來的菜單首頁寫美食珍饌儘在蓬萊：招牌特色菜：排骨酥、白玉土雞、佛跳牆、白玉豆腐/芋頭條、糖燒豬肝........還有很多就不說明了++++總結論：最早期就蓬萊餐廳後來金蓬萊&興蓬萊是二代店出去經營的但三家都各有不同特色各支持者喜愛........吃遍下來認為還是價格佔優勢且炸物功力炒菜美味好吃.......人多點合菜CP高3200/4800/9000/10000/11000/12000、人少就單點幾樣特色菜......推薦各位有機會可品嚐看看我覺得還算不錯喔######,很道地的台菜風味，尤其炸排骨、芋頭條、百斬雞必點的佳餚，價格實惠親民
ChIJ0SWCQk-tQjQRNhAexjHgLBg,第一次路過造訪，點的是生魚限丼（是台式諧音梗嗎？不過“丼”其實注音是ㄐㄧㄥˇ）270，升級定食加120。 入座後桌上有前菜毛豆，熱茶自斟，點餐完後店員告知有贈送飲料（應該是定食裡的？），可以自己到冰箱選一瓶鋁箔包。 隨後定食和湯很快就上了，冬天先喝幾口熱湯準沒錯，湯汁不會太鹹，不像純日式超鹹那種。小菜也都蠻可口，不過高麗菜稍微太軟了些。 茶碗蒸也很有誠意，一顆干貝，還有鮭魚卵及海瓜子，唐揚雞肉質很嫩，沒有軟骨，如果有唐辛子就更棒了。 主菜生魚片丼不算太，但生魚片厚度足，新鮮好吃，中間的應該是鮪魚碎，蝦味魚卵也是一大球，整體有水準之上。 吃到最後，以男性成人的食量還蠻有飽足感，CP值很高，不過內用座位不算多，所以也無法訂位，只能現場候位，門口備有候位座椅。,1.跟第一家的食物比起來水準差非常的多不知道是什麼原因？難道是因為點的不一樣嗎？ 2. 點的唐揚炸雞飯，整體吃起來只有毛豆最好吃，再來就是味噌湯跟胡麻青菜 3. 主食跟配菜根本完全不行 飯的部分感覺像是很久的白飯，沒有米香也沒有有彈性 唐揚雞的部分有一點顛覆個人認知居然是小塊的類似雞胸肉去切的雞塊沒有骨頭，但是是用燒烤的方式做的沒有雞皮，根本像是在吃雞胸雞丁若不是加了所附的醬，還真難吃 青菜的部分也是感覺沒有很新鮮 4. 記得第一家店去吃過了，豬肉丼品質都算不錯，怎麼會差那麼多呢？ 5. 只收現金，但有發票。用餐環境普通還是比不上第一間店,服務態度很好 丼飯定食很划算，但對我個人來說醋飯口味偏甜,真的是CP值超高的日式料理店，價格超親民，份量超多，很精緻，非常好吃，連餐具都非常精緻，服務員態度很好，值得一來再來。,服務人員態度很好🥰 是有讓人感受到服務熱忱的那種 ❣️炙燒海人丼飯 海鮮新鮮鮮甜不用沾過多的醬料就吃得出來它的鮮美，搭配醋飯上面有炙燒烤過的香氣 ❣️附贈的味增湯料多味美，有魚皮鮭魚花蛤蜊一點也不吝嗇 而且可以續 ❣️不愛吃海也可以點燒肉丼飯 豬五花醬調得剛好有一顆溏心蛋 雖然據說漲價很多 但仍然是可以回訪的店👍🏻
ChIJ0TklDKqrQjQRLAWzZf2HNbI,離南港車站很近，餐點跟一般樂雅樂不同，除了一般餐點還有日本料理可以選擇，座位寬敞乾淨舒適，提供飲料自助吧,樂雅樂南港生技園區的店，位於南港捷運站、南港車站附近，走了3分鐘，非常方便。 連假的最後一天，人很少，進入生技園區，上二樓就是樂雅樂餐廳。空間大、乾淨、美，很舒服的設計風格。 之前在其他分店吃牛排類的，價格比較高、但沒有驚艷，這次大家都選比較安全的照燒雞肉、義大利麵、鮭魚排⋯⋯都不錯！ 對女生而言，套餐份量很足夠；如果想多吃，白飯和味增湯可以續一次。 自行掃碼點餐，外場人員有送上招待麵包2塊（可分為4塊），半開玩笑反應我們五個人，只給四塊怎麼分？外場人員沒有特別回應我們。自助吧有多種飲品可以選擇，但沒時間喝第二杯，就被同一個外場人員提醒，用餐時間到了，催促我們結帳。我們只有改去一樓的摩斯漢堡。 相對而言，另一個送餐人員服務態度比較好，送餐的時候看到我們坐靠窗位置，還主動提醒可以把窗簾放下比較不曬，很貼心。 可以現金、多元支付，若有加入會員，不時會有優惠活動。,雞腿排定食沒什麼配菜🥲 不知道是不是點錯了😓,空間明亮乾淨，座位寬敞，套餐美味超值，都有搭配蔬菜這點很喜歡，適合白天聚餐,花椰菜不是炒的、也不是烤的，是水煮，口感不是很喜歡 但因為想補充膳食纖維，點了才發現是水煮，一盤120元 再訪：女生真的很難完食一份餐點（不會趕人，超棒） 再訪：拿鐵不好喝，不要點 2025/11 – 飲料變自助吧，有氣泡水～～ 最近的餐都變好好吃🤤 2025/12 - 點了線上系統便當，比想像便宜，而且好吃；意外的收穫。 又再一次點了便當，非常好吃 😋
ChIJ0aAfEd8BaDQRNjnlm9gF9s4,有幸被獲招待，而有第一次來訪的機會，據說義式料理功夫紮實很是厲害，自個兒是點了墨西哥風味辣唐揚雞義大利麵套餐，不論主副餐皆真材實料呈現，湯品印象深刻，炙燒牛和風沙拉、提拉米蘇及伯爵奶茶也都恰到好處。,平日晚上人也不少 餐點不錯吃 泰式椰奶義大利麵蠻有特別 套餐+200 吃蠻飽 伯爵蛋糕好吃 裝潢也特別 值得來,文山最好吃的西餐廳。你，你，你，你不用找了，就是這一家。廚師手藝一流，就老板木訥了點。你問他河濱公園要怎麼個走法。往後走就到了。依舊面無表情。 嚐即深嚐，深嚐，每一道東西都不錯吃，連咖啡也不錯，略帶酸味。木新路上的車子從外頭不間斷的開了過去，下班時刻。店小二！叫錯了，是服務人員，服務人員媒紐（menu）再借看一下。再來一杯咖啡，喝完了這杯，請進點小菜，人生難得……挑高的大廳，拱門座次，二樓還有兩米五高，我跟太太坐在閣樓上，俯看著用餐的人們，人們時而言語、時而食物、時而做態、時而飲料、時而不知所以，話說一半食物也一半，真是一臉色的滿足與飽足。看了一下小米手錶，已經走了六公里，路不在遠，任重道遠。我再次看向天花板、廊拱還有天花板下用餐的人們，人們依舊虔誠摩拜著餐點。主樑橫過挑高的天花板，臥樑向兩邊斜落三兩度，味蕾散到兩頭，分不清真假，應該只是仿古裝飾用的，滿足味覺與視覺。建築是凝固的音樂，誰說的？想不起來，餐廳裡播放著有些年代的英文歌曲，誰說的不打緊。,餐點好吃， 裝潢精緻美麗～很適合帶朋友來聚餐！大推薦,今天來慶生，喜歡鄉村風氛圍，好典雅貴氣，餐點好吃，套餐＜主餐＞加200吃很飽，可以都能滿足到餐廳裡不同菜色的美味，麵包很有歐洲風味～好吃，彷彿置身歐洲午茶時光。很棒！很棒！今天的生日，吃的很開心。
ChIJ1-Osh6CvQjQRE5DbEVM_GGk,有點小隱密可以直接導美術館後上樓梯就可以到達 很安靜餐點都有給學生的優惠 這邊是現金付款 三明治餐點很好吃覺得可以再訪 酸種麵包老闆娘蠻推當天沒試 他的咖啡還行 整體算是蠻舒服的店 廁所也很乾淨很大 四周都有販售一些小物衣服可以看看 可以詢問是否寵物友善（那天有看到一隻狗狗在裡面 低消一瓶飲料,「Luguo Cafe / Z Space」藏身在北藝大校園內-關渡美術館二樓，即使谷歌的指引，也需要特別留意相關位置才能找到，外面有著寬闊的視野，一眼穿越關渡平原，更眺望北投焚化爐及台北101，瞬間回神發現這裡增添一份寧謐，遠離塵囂的感覺，是多麼悠閒自得！室內座位舒適，搭配木質的桌子，讓人覺得很有質感，或許緊鄰美術館的氛圍，總是有些許的藝術文青氣息。我們點有手沖咖啡、拿鐵、飲品，還點了幾樣點心「南瓜杏鮑菇鹹派」、「雙重起司鹹派」、「提拉米蘇」、「蘭姆酒葡萄巴斯克乳酪蛋糕」。第一次嚐鮮，除香醇濃郁咖啡好喝，飲品也不錯，鮮香味美適口，鹹派濃郁的香氣更迷人，軟酥的外皮很爽口，也發現這裡真的是一處品嚐咖啡的好地方。,嗨大家好，我是喜歡探索城市角落的美食與景點愛好者！不論是巷弄裡的隱藏版咖啡廳，還是老店傳承的小吃，我都熱衷記錄並分享最真實的體驗。透過我的Google在地嚮導帳號，你可以找到許多實用又有溫度的在地推薦。不只吃喝玩樂，還包含環境氛圍與服務細節，就是希望幫助你做出更好的選擇。如果你也喜歡用雙腳發現世界的美好，歡迎追蹤我的Google在地嚮導，讓我們一起挖掘更多生活裡的小驚喜！🌟 #Google在地嚮導 #美食推薦 #生活地圖 #咖啡廳推薦 #住宿體驗 週末小探店分享 📍北投 Luguo Cafe / Z Space 這間隱身在巷弄裡的咖啡館，氛圍寧靜舒服，很適合一個人帶著書或筆電來待著。點了一杯美式咖啡，入口清爽順滑，帶點果酸的尾韻讓人精神馬上被喚醒。搭配的甜點選了萊姆酒葡萄巴斯克乳酪蛋糕，綿密的乳酪口感中帶著淡淡酒香與葡萄的甜潤，層次感非常迷人，不會過甜卻又充滿大人系的微醺氛圍。咖啡的苦香與蛋糕的酒香交織在一起，完全是絕配！🍰☕️ 如果你喜歡安靜又帶點文藝氛圍的空間，Luguo Cafe / Z Space 絕對值得收藏，無論是來工作、閱讀，還是單純想好好享受一份甜點與咖啡的午後時光，都能在這裡找到屬於自己的節奏。✨ #北投咖啡廳 #LuguoCafe #巴斯克乳酪 #咖啡控必收,藏身於北藝大校園內，整體環境充滿藝術氣息，但位置有點隱密，暑假的週日去很悠哉，校園內很多停車位。 散步、遛狗、看風景和拍照完，可以在很涼的咖啡廳坐著休息吃東西，店內空間非常舒服，寵物友善毛孩牽繩即可入內，還有肉乾可以試吃，對於有毛家庭十分友善。 冰滴咖啡和冰拿鐵：咖啡的香氣跟口感都很好，兩種咖啡香氣不一樣，但都適合慢慢品嚐。 德式香腸馬鈴薯鹹派：份量不大但很美味，派皮是千層口感，好吃！ 辣牛肉貝果：剛上桌的貝果很燙，記得放涼一點再拿起來吃，起司很香內餡和配料很多，吃起來會辣但味道搭配得很剛好，牛肉的份量也夠，這個好吃！ 提拉米蘇：大人版的甜點，湯匙切下去的剎那，白蘭地酒液從飽滿的手指餅乾中流下，這畫面太療癒，酒精中和了甜點的甜膩感，大白天一口吃下去什麼煩惱都沒了。 杏桃蘋果磅蛋糕：溫熱的口感的甜點很特別，磅蛋糕本體沒有太多甜味但很香，搭配杏桃跟蘋果一起吃很剛好，是表現優秀不含肉桂的蘋果甜點，加熱的蛋糕淋上蜂蜜吃起來令人愉悅，但在減糖年代如果蜂蜜能分開放在旁邊就更好了，推薦給螞蟻人。 飲料餐點表現都很好，下次去還想嘗試不一樣的餐點。台派店家必須用新台幣下架，會再帶很多人回訪。,2025.03 在忙碌的生活中，偶爾也需要一個能讓人放鬆身心的小天地。這次造訪的 Luguo Cafe，就給了我這樣一個美好的體驗。雖然只是短暫的停留，但一杯令人滿意的冰拿鐵，以及一杯風味獨特的冰美式，都為這個午後增添了不少色彩。 首先要稱讚的是他們的冰拿鐵，真的是非常好喝！濃郁的咖啡香氣與冰涼的牛奶完美融合，比例恰到好處，入口滑順，炎熱的天氣來上一杯，頓時暑氣全消。 而他們的冰美式 也令人印象深刻。與一般的美式咖啡不同，這裡的咖啡帶有一絲明亮的酸味，這種風味並非苦澀，而是讓咖啡的層次更加豐富，喝起來清爽順口，對於喜歡帶有果酸調性咖啡的朋友來說，應該會非常喜歡。 除了美味的咖啡，Luguo Cafe 的環境也相當吸引人。外面的院子提供了一個可以遠眺北投風景的絕佳位置。想像一下，微風輕拂，手裡捧著一杯冰涼的咖啡，眼前是開闊的景色，所有的煩惱似乎都煙消雲散了。 室內空間則呈現出簡潔舒適的風格，沒有過多的裝飾，以簡單的線條和柔和的色調營造出一個讓人感到放鬆的氛圍。無論是想一個人靜靜地享受咖啡，或是與朋友輕聲交談，這裡都是一個很適合的空間。 總而言之，Luguo Cafe 是一間會讓人想再次造訪的咖啡廳。如果你也喜歡簡約舒適的環境，以及一杯能帶來美好心情的好咖啡，不妨找個時間來這裡坐坐，享受片刻的寧靜與美好。
ChIJ13WfAXupQjQRPSGT92Z0z88,兩隻貓咪超可愛～ 前幾日第一次到訪，甜點選擇紅烏龍巴斯克跟檸檬起司蛋糕，兩個都很好吃，巴斯克不會太甜，檸檬起司蛋糕很清爽，咖啡都很香，味道煮得相當好，服務人員也很親切，環境非常安靜。 唯一可惜的是每日甜點不一定，沒能吃到提拉米蘇嗚嗚！ 要特別注意小黑貓會想跑出去，我站在門口差點進不去哈哈,人均：$200多 🔸檸檬磅蛋糕： 蛋糕體有些乾，粉粉的沒那麼愛 倒是檸檬糖霜很不錯 酸甜平衡掌握的蠻好 🔸拿鐵： 微苦，喝的到香氣，不錯喝,少見的要脫鞋的咖啡廳，冬天很溫暖的秘密基地的感覺～ 一整櫃的人文類書籍、水彩畫、咖啡、貓貓、溫和的材質與淺色木頭的桌椅，像是去哪個有品味的朋友家裡面坐坐🥰 唯一一點遺憾的是貓貓不喜歡我所以沒有摸到貓貓🥹,"空間不大，但整體很舒服。 咖啡品質很好，風味乾淨透亮。 布丁很好吃😋 店裡有貓咪 The space is small but very cozy. The coffee quality is great, with a clean and bright flavor. The pudding is delicious 😋 There are cats in the store",中焙手沖仍有淺焙的輕爽口感。 蛋糕很紮實，感覺用料天然！ 店內播放輕爵士，讓人不自覺氣質起來~（怕會破壞店裡的氣氛，所以急忙把手機開靜音） 貓咪有帥到我 🥰
ChIJ1Tl3NsCpQjQRJOPnahxr1Cs,意外發現的4.5顆星意麵坊，果然在水準之內。 價格合理、口味不錯，中規中矩。 如果想簡單吃完意麵，沒有多餘時間跟太多預算，這是不錯的選擇。唯獨可惜的是餐廳的空間稍微狹隘了一些。,1、2樓都有座位， 中午用餐時間很快就客滿了， 店家有免費提供汽水及開水， 這次吃的是焗烤白醬燉飯， 味道著實不錯， 至於麵包跟濃湯部分， 不是很合我的口味， 如果要省點錢的話， 可以跳過...,初訪，肉醬麵還可，麵量夠，一般食量不用增量。 湯品更換成酥皮海鮮，內有兩顆蛤蜊、一隻去殼蝦仁、一塊小卷圈跟一小塊魚肉。 麵價格合理，海鮮湯覺得價格稍高。,2025/12/20，白醬不符合期待，因為偏台式醬汁，但青醬跟紅醬還不錯，酥皮玉米濃湯好喝，但湯品也是台式，勝在價格划算，免費汽水跟檸檬水也很加分,之前打電話外帶鮮蝦干貝白醬義大利麵結果拿回家發現是培根紅醬義大利麵，當下立刻打電話到店裡，店員提出的方法是立刻外送一碗過來，但那時候有急事所以他說會把我的電話放在櫃檯，下次來的時候再提供優惠，結果後來我再來的時候店員都像不知道這件事一樣。今天來店內內用，結果就在餐點上有一根毛髮，味道跟份量都不如以往了，可以確定的是以後大概不會再來這家店。有史以來最失望的一次。
ChIJ1UFLHaipQjQRC5ZDFnm8bpo,充滿新意的無菜單日式料理，每一道菜上來都是慢慢的驚喜耶！ 組合食材的方式乍看下很大膽，但入口時卻協調又能帶出彼此的美味，真的很厲害！ 期待下次可以吃到不同的菜色！,🍣 三十三間堂｜一吃就會想再回訪的日式無菜單料理 🍶 這次我們一行人特地來到萬華的老字號日式料理 三十三間堂用餐，為的是慶祝生日🎂 沒想到整個晚上被寵到不行，吃得超滿足！ 三十三間堂是開業多年的無菜單日式料理，只要先溝通預算與喜好，接下來就完全交給主廚發揮，每一道上桌都充滿驚喜。 ✨ 生日聚餐直接被老闆娘寵壞 當天老闆娘真的超豪爽又大方，知道我們是來慶生，一道接著一道端出誠意滿滿的料理，完全沒在手軟。 🦞 龍蝦、鮑魚通通上桌 不只擺盤精緻，食材也新鮮到不行， 龍蝦肉彈牙鮮甜、鮑魚口感細緻，每一口都吃得出用心。 而且驚喜還不只這樣—— 🍖 老闆娘甚至還讓我們外帶豬腳回家！ 真的是吃飽還有得帶走，心跟胃都被照顧得好好的。 🍶 用餐氣氛也很加分 店內是溫暖的日式風格，加上陳老大老闆娘的熱情又爽快的招呼，整場聚餐氣氛超好，完全不像一般制式餐廳，更像是被朋友好好款待。 📌 小提醒 ▪ 無菜單料理，價格可依預算調整(2000起跳) ▪ 一定要先預約 ▪ 非常適合生日、紀念日、重要聚餐 ✨ 真心推薦 如果你正在找一間 ✔️ 有溫度 ✔️ 料理用心 ✔️ 適合慶祝重要日子的餐廳 三十三間堂真的可以收進口袋名單。 這一餐，吃到的不只是美味，還有滿滿的人情味❤️,老闆娘非常熱情，會主動邀請一起乾杯🍻 價位2000元+10%/位，體驗高級又新鮮的食材，整隻活龍蝦🦞兩吃最令我驚艷！蝦肉脆彈、口感極佳，另有油潤黑鮪魚肚、干貝、超大比目魚鰭邊壽司、圓鱈、煮物等等，絕對是可以非常飽足！而且覺得CP值很高！ 如果下次回訪，可以往更高的價位或預訂料理體驗看看！ 用餐環境日式古色古香、年代感的木質桌椅，也是別有風情。,店內很有日式氣氛，環境舒適，老闆娘熱情款待，很好客，酒不收費續飲，食物新鮮，色香味俱全,老闆娘很風趣，東西美味又好吃，料理很特別，下次還要再來，太棒啦！
ChIJ1aZy0q6pQjQRwBhj14mvCbo,炒米粉好吃，米粉會Q彈， 羹湯蠻好喝的味道夠， 可以選不同羹湯或是綜合， 還有一些炸物可以點來配。,經過店門無數次的店家從未進去用餐，直覺裡是賣觀光客，貴且吃氣味的懷舊網紅店所以一直沒列入名單。今天決定試試這百年老店，我的直覺對了一半，的確是品味居多，份量絕對不是吃粗飽的地方，是貴了一點但不至於太誇張，可以接受。餐點好吃，口味略重，老店可以理解，下次再試試其它品項。,新式裝潢，古早風味，富有歷史的傳統老店，客人絡繹不絕；使用免洗餐具，雖然方便，卻覺著跟店內的風格不甚搭配。可惜可惜。,前幾天看了電視介紹，休假來台北就順便跑來吃吃看。點了綜合羹湯、炒米粉、魯肉飯、酥炸赤肉塊、牛蒡天婦羅。 魯肉飯跟炒米粉都很好吃，味道是我喜歡的口味！綜合羹湯，裡面的料還算不錯，料多紮實。但湯頭口味部分還好，有加了醋點綴一下，提昇口感。炸物比較喜愛牛蒡天婦羅，但炸物跟羹湯，都微溫而已，湯不燙口還ok。但炸物微溫，口感就比較沒那麼好就是了。,內用時可透過手機座位桌上的QR code掃描點餐，並可支援線上以信用卡或電子支付（全支付）直接結帳。若想採用現金支付，必須填寫紙本菜單進行點餐後，再到櫃檯先行結帳。 油豆腐沒有入味，綜合羹中的魷魚沒什麼味道，適合喜歡清淡口味的顧客。綜合羹的湯碗裡有第一籤、“大吉”二字~
ChIJ1aexh9GrQjQRBdl35-SffoQ,這次情人節當天中午去用餐，一開始就介紹的不清不楚，店員對自己家的餐點完全不熟悉，讓客人在點的時候完全不確定自己點了什麼。 前菜有沙拉或濃湯二選一，麵包是布里歐麵包，中間空心、無任何內餡，也沒有調味，濃湯是紅蘿蔔口味的不錯喝，主餐送來各5oz的特選牛排，用直火方式烹飪，表皮焦脆，但是點餐沒告知烹飪方式，送上桌還想說怎麼那麼黑，萬一有人不喜歡吃焦黑的口感呢？是聽到隔壁桌有人問才知道原來烤到焦黑是本店的元素，就算客人覺得這也黑到難入口了吧！也不給換喔！而且給的醬也是我們問了才知道是用來搭配牛排，也不說菜，問了才知道裡面有芥末然後有的沒的菜融合，我們到底吃了什麼完全不清楚，一客也要將近一人1500元左右耶？另外龍蝦是各半隻(有事先預留，但隔壁沒預留也有，所以我也不確定預留的用意)，烹飪用清烤的方式，有芹菜和紅蘿蔔的清甜味，肉蠻鮮甜Q彈的(唯一好吃)，然後甜點草莓起司蛋糕140元，原來是草莓醬的起司蛋糕...超失望，還半圓形的有夠無言...嗯...一次店，不會再來了！,主打牛排跟波龍的餐廳 應該是牛排類型菜單最短的吧 牛排有兩種可以選擇1000跟1500的 等級不一樣 都是套餐的模式 麵包跟濃湯普通 就是一般的水準 薯是比較細的，脆度表現的不錯 牛排就難說了 點了店家推薦的3分熟 但上來的看起來就不像 吃了一半服務人員有來詢問口味 也有反應熟度的問題 店家也是有心說可以換一份 但已經吃到一半了就表示不用了沒關係 後來又有問說要招待一份前菜 我們也表示不用 最後招待了泡芙 雖然好像打卡評論就有送的東西 以聚餐約會來說 這家的氣氛跟餐點都還行 但用牛排專賣店的角度 牛排的熟度可能要再注意 應該不是對熟度認知的問題 加同行的人 兩份都一樣太熟,上網看評論來吃看看 10oz牛排 肉質不錯蠻多汁的，單吃肉不會感到容易膩 配醬（辣根醬）看起來像奶油吃起來像芥末味 挺特別 清烤龍蝦 還不錯但就 因爲自己喜歡先全部去殼 放冷了吃可能就沒了一開始那麼香 但還是甘甜的👍 奶油菠菜 是泥狀，有加奶油調味與一般外面吃到的味道不一樣，草酸味被奶油蓋過去 個人偏好菠菜草酸味，調味上不合口味 下次有去會再試看看其他美味的餐點 提拉米蘇 酒味稍微多了一些 還不錯！喜歡酒味甜點朋友可以試試看 細薯是吃到飽的，也炸的很脆且不油膩 主餐送上來的時候也會附脆薯 個人建議：單純吃脆薯（主餐前會有另一盤子） 上主餐時請餐廳不要附 餐點因為是熟食會影響到脆薯的口感 變得比較濕潤 總體來說我個人蠻喜歡的 但下次可能會換成牛排加點半隻龍蝦 或是漢堡（還沒吃過 看別桌衝著漢堡來😆吃完就走 下次想試試看！,蠻美式口味的牛排🥩肉質油花偏多，不敢吃肥肉的建議吃龍蝦，Side dish每一道都好吃，可惜胃口不夠大吃不下了。缺點是洗手間在隔壁hotel，上廁所不太方便也不舒適。,"點了特級肋眼牛排$1500+10%，服務還不錯，套餐沙拉跟湯二選一，沙拉有擺盤調味也不錯很開胃，麵包也好吃，肋眼牛排點三分熟但感覺接近5分熟度，有多種調味可以選，味道不錯但筋不少雖然菜單說是""刻意""保留但還是不習慣，因為是肋眼所以有一大塊肥油跟部分小肥油，最後如果是單人用餐還有送甜點也不馬虎，相較下薯條就很普通雖然可無限續，蠻熱門建議先訂位 4.5"
ChIJ1eXQShWrQjQR-9Ev_CR9KkI,沒有柚子味的柚子蝦沙拉、 堅韌的綠咖喱雞、 沒有咖喱味&海鮮燙過直接丟進去的咖喱海鮮、 有冰箱味的月亮蝦餅、 鹹死人不償命的東蔭功炒公仔麵 無功無過的蝦醬空心菜， 說要幫我們反應請店長處理卻消失無影無蹤的員工⋯⋯ 大年初二跟閨蜜的一餐,口味普通，服務很好，老實還有很多更好吃的泰式。空間環境很寬敞，聚餐很適合～ 月亮蝦餅很讚，又點了一盤。白飯可續。綠咖喱正常發揮。打拋肉普通。檸檬魚很好吃，一整條的。酸辣湯其實不錯喝。 整體來說，體驗看看這個品牌的泰式支線還可以。但泰式料理愛好者會失望，不會回購～,笑死，我懂為何星數這麼高了。 想看更多，dcard/voucs搜尋喵喵貓！ 【初泰｜路易莎旗下泰式料理｜信義區】 臨時起意四人用餐（原訂位2位、遲到10分鐘），門市用線上訂位系統，現場服務人員態度很好，快速協助加人與帶位。位置在信義區邊緣，公車到店門口方便、捷運象山站步行較久；店內寬敞明亮、整潔，洗手檯旁有 ATM，外場另有泰式商品販售架。 本次餐點（四人套餐，簡評） 黑金蝦餅：外層微脆、可嚐到細碎蝦殼口感，搭配醬汁順口，本桌最推薦。 柚子蝦拌沙拉：酸鹹度偏重，風味過猛。 清蒸檸檬魚：魚肉嫩，但調味像「辦桌清蒸魚＋泰式醬」的組合，記憶點一般。 打拋豬（微辣）：鹹度略高，辣度對不吃辣的朋友還能接受。 蝦醬空心菜：整體像魚露＋醋感，鹹香明顯。 冬粉蝦煲：黑胡椒風味主導，蝦子表現普通。 瑪莎曼咖哩牛：牛肉嫩、很下飯，調味路線較特別。 羅勒豬肉丸子湯：似「貢丸湯＋冬粉」的配置。 甜點：摩喳喳、椰奶黑米芋頭甜湯風味中規；評論贈的泰奶戚風鬆軟。 白飯可續（單一品項）。 其他 口味整體偏重、偏鹹，香料感突出；若偏好清爽系泰味，可能不合口味。 觀察常客多採單點，初訪若不確定偏好，建議從單點開始再加點。 總評（個人主觀） 餐點：黑金蝦餅表現最好；其餘多為重口路線，接受度看個人口味。 環境與服務：座位舒適、動線清楚，服務親切加分。 CP 值：以地段與份量衡量一般；重口味愛好者可試，偏清爽者不太建議套餐。,明明最後加點時間是20:30，在25分想再點卻被拒絕，點的只是3支啤酒，提醒他我們符合規定，還在供餐時間店員才妥協。 去之前有打電話詢問是否寵物友善，電話中是不能帶寵物。但到了店內卻看到其他顧客有寵物同行並且落地？？？ 還在供餐時間就開始打掃和關室內一些小燈，把掃拖用具都拿出來，最後要離開時才9點初就不讓顧客使用洗手間 到一踏出大門就把門外的燈關掉，給人感覺在抱怨拖到這間店的下班時間 有打卡送蛋糕或馬卡龍的活動，評價看起來都是洗出來的，整個用餐過程一直很有壓力，那麼趕著下班乾脆店收一收不要開啦🤣,環境跳高空間很舒適，食物的小辣非常辣！！吃不了辣的別點，打拋豬真的很少失望，很像台式的炒肉末，然後大蒜放一堆，吃起來都是大蒜味😓😓😓，泰式豬肉炒茄子也是，都被大蒜味給蓋過食物的味道，服務生沒什麼熱誠，沒什麼笑容也不會主動介紹，整體來說價位中等，環境好，餐點普通。
ChIJ1x_RyCyrQjQRFeMwfE9teds,​這次用餐體驗與期望稍有落差。 首先，餐點頂部的鮮奶油品質優異，口感迷人，值得讚許；然而，其餘組件如草莓、糖漿風味及麵包本體表現較為普通，加上脆餅質地偏硬，整體風味層次較難與 380 元的定價產生對應感，環境搭配這個餐點整體感受有待商榷。 ​此外，關於用餐環境，觀察到有員工因病咳嗽仍安排在客席區休息。 雖該同仁全程配戴口罩，但這稍微影響客人的用餐感受，也反映出公司對員工休息空間與相關管理的規劃不足。建議提供員工適當的休息場域，讓身體不適的員工能充分休養，同時維護觀感及環境品質。,兒子國外回來，從網上選擇了這一家網美早午餐店，餐點還不錯，但價位比起我們常去的貳樓偏高，餐點飲料均需分開單點。 男廁的小便池位置很奇怪，使用時面對著進入男廁的門，如果此時有人進來有走光的疑慮😆,在二樓的不然，有戶外座位，氣氛不錯，室內座位的冷氣有點冷。不然的餐點的味道非常好，已經多次來用餐，價位稍高，服務細心。,室內設計以白色調為主，環境明亮搭配綠色植栽很自然乾淨。服務人員的服務很制式化，感覺比較沒有溫度。食物量少，整體看起來不豐富。偏油偏鹹。主餐沒有附飲料湯品，都是另外點。外加10%的服務費，整體偏貴，可以參考其他早午餐。,第一次老婆帶我來這裡用餐，剛好亂錄他們的朋友聚會，這裡的餐點點起來雖然不便宜，但我今天是屬於爆點的部分，所以一個人大約1000多元，環境乾淨整潔，往窗外看會突然有種在表參道的即視感，上餐的速度也挺快的，廁所也非常的乾淨，附近也算好停車， 吃完1樓也有服飾店可以逛，整體來說感覺都不錯，如果餐點可以再便宜一點點，那就更完美了。
ChIJ27QZUW6sQjQRKdZidoV-nAY,假日到訪，店內空間寬敞舒適，掃碼點餐很方便，點了牛肝菌松露野菇燉飯加價升級套餐，粉紅醬鮮蝦雞肉義大利麵、凱撒沙拉、炸物拼盤、麥片奶酪、氣泡飲。個人最推牛肝菌松露野菇燉飯，燉飯煮的軟爛適中，松露的香味在口中散發出來，搭配上野菇的口感，味道層次在嘴裡併發出來，甚是美味。加點的湯品與麵包也十分滿意，雞肉凱撒沙拉很好吃，但以個人而言，凱撒醬有點過多，吃到後面覺得很膩口，氣泡飲也是個人覺得很好喝的飲料，炸物拼盤搭配了炸薯條、炸雞、炸熱狗，炸物拼盤推推，炸雞炸的酥脆好吃又不乾柴，薯條也好好吃，唯一失敗的就是粉紅醬鮮蝦雞肉義大利麵，完。全。沒。有。味。道。吃第一口就無法再吃的難吃⋯基本上餐點都很好吃，義大利麵應該是師傅沒調味好，不然其他餐點都還不錯。 以上口味純屬個人喜好，僅供參考。,從一開始進來門口放了告示說要等你們帶入座，一般來說看到客人在門口等，難道不應該是到客人面前帶客人入座嗎？你們則是服務人員走出吧台，在要我入座的桌子旁，要我過去，我也不是老大心態一定要人從門口帶位，只是你們店內燈光較暗，你們也沒考慮過客人從很亮的環境進到你們店裡，眼睛是否能適應到看到你們的服務人員在那麼遠的地方招呼客人，這可能不是服務的態度 入座選後也沒有介紹消費方式，看完菜單之後請服務人員來點餐才告知要用QR CODE 原以為貼在桌上，結果她從我桌上的視野盲區拿出來，如果你們人員沒打算介紹點餐方式，那就請把點餐方式直接一點的讓入座的客人能自己知道 雖然我只點了把啤酒和炸薯條 但我覺得店家服務邏輯應該要想想 客人這樣點無非是希望薯條和啤酒一起搭配 但是你們先上了啤酒，再者你們這瓶賣這個價位，至少應該有個冰杯，我感覺不到你們的價值 松露薯條我不知道你們自己有沒有試過這個醬比例是否足夠，我醬沾完薯條還有將近一半（我一根薯條沾1-2次），詢問你們沾醬是否可續，你們告知一個30元，你們可能覺得理所當然，但你們這個餐點價格水準似乎不應該如此，我覺得醬1+1應該是你們這個價位應該做到的 所以就問那可以給我番茄醬吧，你們服務人員指了指旁邊的架子說自取，好吧我可以接受，這一切的服務，我想你們應該不收服務費吧~~很抱歉，你們照樣收服務費 憑良心你們薯條還算可以，但是其他部份就看你們自己想不想聽客人的,義大利麵不好吃，麵條很乾，裡面還有一根頭髮，有食安疑慮，不推 套餐附贈的果汁，來了只有半杯，很詭異，很像是別人喝剩下又端出來的 餐廳的空間很大，寬敞舒適。店員每個都面無表情又冷漠，不像美式餐廳會有的熱情 整體而言不推薦。這家餐廳原本看到評論蠻高的，覺得很期待，實際來之後，完全不會想要再來第二次,從頭到尾只吃到一口雞肉？？？？？？？？蛋捲裡面也是料很空虛，起司有一些跟一些九層塔還有墨西哥辣椒⋯⋯千萬不要為了肉點這個蛋捲，早知道就點舒肥雞了⋯⋯還我蛋白質啊啊啊啊啊啊！ 欸現在才想到根本沒給果汁啊！！！！！靠！！超不推的貴又偷工減料😡,二訪，煙花女義大利麵非常重鹹…不推😢 蛋捲很大很漂亮🤩 晚上還能吃早午餐拼盤真是不錯😌 生菜配黑醋、麥片優格、舒肥雞都非常好吃， 飲料可以無限續，紅茶味道很特別，常見飲品是瓶裝的令人驚訝🤣 空間寬敞舒適！ 雖然原價價格高了些，最近週一到週四，5點後全面八折，我覺得大家可以趁現在趕快來吃吃看😊
ChIJ2QfiI86rQjQRh0aHi2jtzeA,馬告鹹豬肉溫沙拉：淡淡馬告香，非常高級感👍 黑松露燉飯：松露味沒有很明顯，但也不錯！ 辣牛肉醬通心粉：一般能吃到的肉醬味，但帶有點微微煙燻酸味，也可！ 炸魚薯＆熱美式：尚可 壽星贈送 堅果提拉米蘇荷蘭鬆餅：超級好吃👍 本日服務人員親切專業5顆星給她！ 用餐環境後來人多了就需要大聲說話，有點累！ 低消$500／人,最近到台北內湖找朋友聚餐，發現一間氣氛很好、料理又有趣的餐廳 —— Knock Knock Heaven 內湖店。這裡主打創意無國界料理，把世界各地的風味巧妙融合成一道道有驚喜的餐點，從前菜、小食到主菜都有新意。我們點的厚培根奶油寬麵、墨西哥塔可和松露薯條等，口味都很好都讓人想一口接一口。 餐廳空間設計簡約又明亮，落地窗讓自然光灑進來，就算日間或夜晚來用餐都有不同的氛圍，適合朋友聚會、下班小酌或悠閒約會。料理不僅好吃，擺盤也很精緻，每一道上桌都會讓人想拍照。 因為餐點和環境都給人很有質感的感覺，來過一次就印象深刻，是那種之後聚餐還會想再帶朋友來的氛圍。,首次嚐鮮🤗很好吃喔！臨時前往，感謝店員還是幫忙安排座位，燉飯的米粒沒那麼軟，義大利麵蠻好吃的，風味很不錯👍下次還會再光臨，想試試早午餐系列。,餐點單價不算便宜，但每一道味道都滿意！炸魚薯條是出乎預期的好食，炸魚不會只有厚厚的炸漿。寬麵很濃郁很邪惡，還點了一個咸的有起司和生火腿的鬆餅和楊枝甘露冰沙也不錯。鰻魚不算很驚喜但飯有滿滿的鰻魚汁，好吃的。,早午餐份量實在，擺盤精緻。食物美味、醬汁到位，搭配咖啡很加分。氣氛舒服，用餐時間90分鐘，推薦值得再訪。
ChIJ2SJ2x6mvQjQRZit4gMTJ-ZM,這次到位於士林的萬麗軒用餐，整體感覺相當不錯，無論是環境、服務還是餐點品質，都讓人留下深刻印象。萬麗軒位在台北士林萬麗酒店內，餐廳裝潢走的是典雅高級的中式風格，整體空間寬敞舒適，燈光柔和不刺眼，給人一種沉穩又放鬆的氛圍，很適合家庭聚餐或朋友聚會。餐廳的位置也很方便，靠近士林官邸與捷運士林站，交通算是相當便利。 ￼ 餐點方面主打粵菜與多種中華料理，菜色精緻且口味層次豐富，每一道菜的擺盤都很用心，看得出來廚師對細節的講究。尤其是餐廳相當有名的窯烤片皮鴨，外皮烤得金黃酥脆，入口香氣十足，搭配薄餅、蔥段與甜麵醬一起吃，口感層次非常豐富，讓人忍不住一口接一口。除了烤鴨之外，其他熱炒與海鮮料理也相當有水準，食材新鮮、調味恰到好處，不會過於油膩，整體吃起來相當順口。 ￼ 服務方面也令人滿意，服務人員態度親切且專業，上菜速度掌握得很好，過程中也會適時協助介紹菜色或更換餐盤，讓整體用餐體驗更加舒適。整體來說，萬麗軒不只是餐點美味，環境與服務品質也達到五星級飯店餐廳的水準。這次的用餐經驗讓人感到十分滿足，如果想找一間氣氛好、料理精緻的中式餐廳聚餐或慶祝，萬麗軒會是一個很不錯的選擇。,平日午餐和家人前往，令人驚豔且印象深刻。從進門開始，服務人員展現出極高的專業與親切，尤其是在我們點了兩套招牌窯烤片皮鴨後，服務人員主動關心菜量是否足夠，並以專業判斷建議我們不需要再加點太多，這種為顧客著想的服務態度讓人備感溫馨。 招牌窯烤片皮鴨是絕對的主角。烤鴨需提前預訂，現場片皮後金黃酥脆的鴨皮與細嫩多汁的鴨肉讓人食指大動。搭配薄透的餅皮，每一口都充滿層次。兩吃選項中，鹹菜燉鴨湯味道濃郁且暖胃；京醬爆鴨架則醬香十足，是非常下飯的一道菜。 額外加點的水蓮也處理得恰到好處，清脆爽口，為豐盛的烤鴨大餐帶來了清新的平衡。餐廳環境融合了現代時尚與中式韻味，整體用餐氛圍安靜舒適，非常適合家庭聚餐。 萬麗軒的料理口味精緻，服務水準一流，是一次從菜色到服務都讓人心滿意足的用餐體驗。,因為有購買招牌窯烤片皮鴨二食餐券，所以第一次來萬利酒店的萬麗軒吃吃看，餐廳就在酒店的一樓，來這裡用餐車子可以停放在地下室；同時也可以折抵停車費非常方便！ 所謂的二食當然主餐是片鴨的部分以及麵皮、葱段、小黃瓜薄切片及沾醬，第二食就是肉骨可以熱炒或是煮湯擇一！另外這次餐廳也提供威士忌淺酌，所以吃起來非常地完美！ 現場服務員對每桌的服務都很好！會幫每桌餐客補茶、倒茶，對每道餐點都說得很清楚，餐具上每個人都是兩套筷子～公筷、母筷，感覺就很放心加分不少！唯一廳內的桌數不會很多，也因為這樣就不會覺得用餐會有壓迫感！ 最後這次的烤鴨很好吃，所以忘了多拍點這次的菜色部分！就等下次再來時再補上來！,特別訂了一隻烤鴨，鴨皮能夠再脆一點，應該比較好吃。鴨架的做法倒是比鴨片好吃些。,過年期間家庭聚餐🧧 點了$2500/人的套餐 要再加10% 菜單如下： 🧨萬麗軒雅集（新杭式燻魚佐黃金泡菜•冰鎮愛玉玫瑰露醉雞•玉荷包青檸聖女果） 🧨松本茸雨來菇雞湯 🧨灌木蜂蜜醬烤智利海鱸圓鱈 🧨開心果爆美國牛菲力 🧨鮑魚絲蝦仁妏伊麵 🧨主廚私房美甜品 🧨寶島季節水果 圓鱈跟菲力都非常驚艷 很嫩很好入口✨ 鮑魚伊麵的鮑魚感覺是代鮑 有點可惜 但調味還是不錯 甜點是糖水燉梨子🍐 整體而言每道菜都很不錯 很適合家庭聚餐🫶🏻 想看更多美食分享歡迎到IG: yayosharon_food
ChIJ2UiM5KesQjQRVScr2ns4Dxs,2026/01/31 到此用午餐，沒有預約但也不用等待，服務人員帶位後就沒有理會我們了，還要自己去找服務人員要桌號單才能掃碼點餐，想點的餐點都沒有（肉絲炒飯，芋泥驢打滾，西紅柿餃子） 此次吃的食物 拌菜（就是一般涼拌青菜，帶酸味） 蒜汁茄子（重口味） 三鮮餃子（蝦的腥味很重） 酸菜豬肉餃子（吃不出酸菜味，而且過鹹） 驢打滾跟芋頭西米露（甜點，滿滿的化學味） 香片茶（本次最好的餐點） 絲毫感受不到服務品質卻要求10%的服務費用，不會再回訪也不推薦此處...,整體來說，是個普普通通的餐廳，可喜的是菜的口味不難吃，價錢不誇張，還剛好買到餐券，699元可以抵1000元，很建議大家買餐券再去吃，就會覺得CP值不錯。 餐廳空間很大，也坐了三成滿，服務人力很不夠，我看店員是忙得穿來穿去的，但是服務態度不錯，例如加湯加茶，回應的速度都算快（沒把客人晾在那裡等著），值得稱讚一下。,老滿餃子覺得不錯，同桌家人也都喜歡 青菜類的個人是覺得還好 不難吃，就普普通通這樣 糖醋魚下飯，較重口味一點,環境古典、舒適、溫馨，有著北京菜的特色美味，價位合理，服務殷勤，還能變裝拍照，讓我們吃完心滿意足，還想再來吃！,大年初一用餐 很幸運訂到一個十人桌 年節期間只能點分享餐再單點 味道中規中矩 水餃跟煎餃好吃 用餐完去斜對面lalaport 走春
ChIJ2VWqSkKuQjQRuQkg3lsruls,115.03.05 1.十一點前的早餐，物美價廉，非常超值。最令人滿意的是空間寬敞，早餐時間客人不多，宜人的用餐空間。 2.商業午餐主餐有魚、豬、雞，湯品食材滿滿，飲料品項超多，還可以續杯，甜點也很讚。麵包有三種，口感紮實，可以續麵包，不過主餐吃完就很飽了。 3.午餐時間瞬間客滿，建議要預定座位。能夠屹立不搖多年，有其值得造訪的優點。,🥓 煙燻厚培根自家製奶酥軟法早餐 🍳 松露風鮮蔬歐姆蛋早餐 奶酥軟法外酥內軟，抹上自家製奶酥香氣十足、不甜膩；歐姆蛋滑嫩細緻，搭配松露香氣和鮮蔬，清爽又有層次。整體擺盤用心、份量剛好，吃得飽也不負擔。 小小建議是厚培根如果能再軟一點，口感會更完美～ 環境舒適明亮，很適合朋友聚會聊天，服務也親切不打擾。 在士林想找一間能好好坐下來吃早午餐、慢慢聊天的地方，這裡會是安心的選擇。 五星推薦 ⭐⭐⭐⭐⭐,點主餐就會送麵包無限續！重點是第二輪之後的麵包還可以選續哪種麵包👍👍👍 有沙拉、義大利麵、燉飯、排餐、兒童餐 餐點選項豐富！當天點燉飯都很好吃，排餐豬腳有點太肥！升級套餐的飲料可以無限續，還可以加價換酥皮濃湯👍👍 東西好吃、Cp值超高、餐廳氛圍不錯！,假日的客人很多，現場候位大概等了半小時。 每個餐廳服務人員的態度都非常好，不會因為客人很多、很忙碌而不耐煩。 餐點很好吃。 套餐的麵包跟飲料可以免費續。 逛士林吃飯休息的好地方。,入座會給白開水跟兩個QRcode，黑的點菜紅的點麵包跟奶油，如果麵包沒特別提就會各款都會給 排餐表現中等，可以放心享用但會陷入薩O雅理論的狀態 婉美飯店早餐的麵包吃到飽是優點，喜歡的羊角用餐當天烤的恰好，期盼能持續保持不要跑出菱角 個人套餐全配(飲料[★大多數可無限續]、湯、前菜、甜點)會撐，非大食客請三思
ChIJ3-qdbQ2pQjQRT18amXFhVNM,2026/03/01 點了豬排咖喱200元。朋友點唐揚雞咖喱。咖喱有附半顆溏心蛋、一小碟泡菜。QR code 點餐，只收現金。室內座位還算可以，無廁所。不用服務費。可以加飯、加醬。以這價位感覺算很親民。不過口味我覺得十巷咖喱更濃郁好吃，同樣價格肉也更大塊。,一直被朋友推薦的咖哩店，終於來試試，這間由3位大叔一起創立，主打各種主菜的咖哩飯，特別的是還有飯盒跟咖哩麵，不定時也會推出季節商品！ 招牌漢堡排咖哩，漢堡排超大片，外層煎到微微酥脆，切開直接爆汁，肉本身的鮮甜完全被鎖住，口感紮實卻不乾柴，一吃就愛上，咖哩醬也很有記憶點，使用大量洋蔥慢火熬煮，清甜中帶微辣，濃度剛剛好，非常順口。內用竟然還能免費續咖哩醬和白飯，真的很加分。 炸物也很有水準，套餐我們加點唐揚雞皮薄酥脆、肉嫩又多汁，份量大塊，沾上咖哩醬超級邪惡。單點推薦炸蝦與蝦排，麵衣厚度控制得剛好酥脆不油。尤其是蝦排最特別——完全不加蝦漿，而是使用十幾隻白蝦製成，吃起來脆中帶彈，滿滿真材實料。 近期還推出韓式辣湯麵，大醬湯底結合雞湯，喝起來溫順不過鹹，裡面還有肉片和泡菜，喝起來超暖。吃完還能加一碗飯變成湯泡飯，一碗兩吃超滿足。 整體價格親民、份量感人，難怪會成為很多人日常的午晚餐愛店。,漢堡排咖哩（250元）漢堡排超級多汁，切開以後肉汁會像打開水龍頭一樣流個不停，強烈推薦一定要點。但咖哩的部分，我就覺得稍微沒特色...可能我還是喜歡有料的咖哩，不然都沒啥口感。 套餐加購唐揚雞與可樂餅（120），可樂餅大優很好吃，但唐揚雞非常一般，感覺沒日式炸雞的風味，且應該不是現炸的？吃起來溫溫.... 這間咖哩與飯都可以續...吃不夠的記得追加,圓山必吃漢堡排、炸牛肉餅！咖喱跟飯還可以免費續！ cp值很高的咖喱飯🍛真的平價又好吃，難怪剛開門沒多久就客滿！ - #炸牛肉餅咖喱 必點！！炸牛肉餅麵衣酥脆，一咬下去真的爆汁！嘴裡瞬間充滿牛肉的鮮甜跟香氣，炸的很剛好完全沒有油味，非常喜歡(˶‾᷄ ⁻̫ ‾᷅˵) 咖喱很濃郁，是我喜歡的甘口，還可以無限加飯跟醬真的不怕吃不飽！ #酸辣炒麵 辣度大概有中辣，冷掉會更辣，愛吃辣的朋可以點！ #漢堡排 外皮焦香，裡面也是非常多汁！ - ๑ 炸牛肉餅咖喱💰300 （+一塊肉💰90/+唐揚雞、可樂餅💰120） ๑ 酸辣炒麵💰180 （+半熟蛋、起司💰30 ๑ 漢堡排💰120 ๑ 炸蝦💰120,手工唐揚雞咖喱$200+（$30起司片和半熟蛋）+日式漢堡排$250（$30起司片和半熟蛋） 2025/9/8晚 整體評分（1.5🌟） （歡迎ig搜尋生活良食，探索更多美食！） 看了許多網路推播和Google map的高分推薦，決定前來品嚐，店內空間乾淨明亮，點了最多人推薦的唐揚雞和漢堡排，只接說結論，餐點口味不會難吃到難以下嚥，但這口味真的偏雷，這炸雞絕對稱不上叫做唐揚雞，炸皮完全是軟的，雖然炸雞咬開裡面還附有肉汁，但整體吃起來就像學生餐廳水準，漢堡排好了些許，但口味上也稱不上美味，就是一般般水平，可來可不來，如果要拍網美照其實也還好，餐點擺盤也沒有什麼特色，所以個人有點不解為何如此高評價。 （在看到這菜單販賣的品項和餐點呈現方式，其實想到另一間也在差不多地區的小店，晴光市場的哞屋Mon wo，餐點價位差不多，餐點口味確好上許多，外加附上各式小菜和甜點任選，個人較推這間，擺盤上也比較美觀和設計感👍。） #台灣美食 #台灣美食地圖 #taiwanfood #taiwanfoodie #台北美食 #台灣夜市 #taipeifoodie #taipei #taiwanesefood #taiwanesetea #平民美食 #高cp值 #afordable #平價美食#大叔食事 #漢堡排 #咖喱漢堡排 #唐揚雞 #咖喱飯 #唐揚雞咖哩飯 #大龍峒 #大龍峒美食
ChIJ34cvQ2ipQjQRnOh2lyvPml0,今天帶妹妹出來吃飯，叫她訂位，結果誤打誤撞訂到一間可以帶狗狗的！還可以上椅子！不錯不錯！還可以水煮雞肉串給給狗子吃 讚讚,這次點了章魚燒 $99、明太子鮮貝烏龍拌麵 $179，還有黑烏龍茶 $59。 烏龍拌麵一如既往地好吃，明太子跟鮮貝搭配得很不錯，算是穩定發揮的一道。 不過有幾點比較可惜的地方： 現在有低消，一定要點飲料，個人不太喜歡這個規定。黑烏龍茶表現普通，沒有特別驚艷。章魚燒的部分偏小顆，口味對我來說還好，可能我比較偏好台式章魚燒。 另外以前有提供自助雞湯，現在已經沒有了，覺得有點可惜。 整體來說主餐還是不錯，但小細節和用餐體驗跟以前比有點退步。,來到居酒屋融合屋台風的「小小麥」，第一口就被招牌麻奶明太子鮮貝烏龍拌麵收服，濃郁的麻奶醬包覆著Q彈讚岐烏龍麵，明太子的鹹香和鮮貝的嫩甜做了完美平衡，越拌越香、越吃越上癮～ 酒蒸鮮蛤蜊清爽帶海味，湯頭溫暖又不顯負擔；椒鹽炸豆腐酥得輕脆，咬開還保有滑嫩；烤手羽先雞翅外皮微脆、帶點焦香，柚子胡椒雞肉串香氣清爽帶微辣，吃起來特別開胃！ 來這不用太猶豫，先點一盤招牌烏龍拌麵，再加幾串烤物，來杯酒，就對了🍶🍢✨ 📷ig：followmeto_eat 📷FB粉絲頁：「走～我們一起去吃」,點了三道菜，都很可口入味，明太子山藥燒有特色。麻奶明太子燒加干貝加溫泉蛋，味道很搭，麵條很Q彈，味道鮮美，再加點小辣粉絕配。 烤小雞翅，味道也有入味👍,價格實惠的台式屋台居酒屋 烏龍麵的麵條很Q，咖喱跟明太子都醬汁濃郁 天婦羅炸物蔬菜很豐富 服務熱情上就一般般可以接受
ChIJ37mFwu6rQjQRMDAw9IxDH44,看Google maps上的評論，竟然是個高分餐廳，但個人的感受並不好！ 一進門就要「手機號碼」，不是電話訂位是親訪，要手機號碼幹嘛？現在是什麼時代，手機號碼可以隨便給人嗎？這已屬個資的一項，不能不𧫴慎。 才剛坐定就來說，我們將在xx時間休息，看了手錶還有50分鐘，隨后也看到有其他客人進來，既然還要收客人，就不要講些讓客人有壓迫感的話。 正表明要吃點簡單的，馬上告訴我，我們這裡有低消的，因在附近曬太陽散步，原本只想喝杯咖啡，但既然有低消，就點個沙拉餐加咖啡=396元，店主應該滿意了吧！ 至於沙拉餐與咖啡普通。 餐廳裝潢由於沒裝天花板，客人講話聲產生回音，感覺有些吵。,田螺味道重，不推；塔塔醬炸魚好吃；小披薩皮鬆軟帶點Q的口感，好吃；佛卡夏麵包好吃，配的橄欖油很新鮮；培根義大利麵的醬有點水，起司香也不夠，不愛；松露燉飯味道濃郁，很棒，牛肉也不錯。 服務的部分，我們點雙人套餐，正常速度、不疾不徐地吃，結果用餐時間1.5小時內會吃不完，或者要吃非常趕，設計不良，大扣分。 可以再訪，但考量到用餐時間，點套餐的話絕對要三思，義大利麵也要挑一下口味,餐廳雖然不大，但是裝潢也很有品位；食物方面樣樣的味道都很不錯，披薩或他們的意大利麵必須多品嚐；服務方面也很好 今天還不小心打破了一個杯子，服務員的態度也很有禮，非常感謝,平日中午點1380商業午餐，有先線上訂位，蠻喜歡民生店的用餐環境！服務態度佳，上菜速度快，整體用餐體驗很好,2025.09.28 1. 櫛瓜很多汁很好吃 2. 燉飯店員會詢問飯要不要軟一點，確實軟一點口感比較剛好 3. 鱈魚塊份量不少，好吃 4. 甜點上的焦糖超脆，超讚 沒提到的餐點就偏普通了。 服務部分也很優秀。
ChIJ39G4keGtQjQRd5mdfKmFUlA,價格不高，口味普通，店內提供奶油蘑菇濃湯喝到飽，蘑菇料蠻多的，調味適中，不會太過鹹甜或太奶。用餐時覺得店內油煙味有點重，但吃完之後出餐廳，衣服倒是不太臭。 雞肉義大利麵的雞肉非常小塊，份量不多，紅醬的口味濃郁偏甜、不太酸，麵還算Q。 墨魚麵的麵條就太軟了些，但海鮮料的份量比較多，有新鮮、煮的剛剛好熟（但對我來說透抽跟淡菜都生了一點，而且透抽很難咬）。 生菜沙拉好吃，菜新鮮、油醋醬酸甜夠味，配上脆脆甜甜的玉米片，又增添了一些口感。 鱈魚條沒什麼特別的，但附的沾醬是凱薩醬而不是塔塔醬。乳酪布丁中間有分層，底部有一層蛋皮感，口感介在布丁跟布雷之間，還OK。,牛小排松露燉飯很超值，燉飯好吃，牛小排的肉也非常軟嫩且入味，只是要等比較久，大推。 青醬義大利麵也好吃，醬汁很夠味！ 雪花牛義大利麵比較不推，是一整塊牛排放在義大利麵上，跟麵有點不搭，就是豪氣，另外醬汁太番茄味，個人不喜歡 無限取用的濃湯裡面料很多，也很推。 總之是會想再訪的店！,這家是寵物友善餐廳🍴 用心及貼心的店家！ 本來我們兩人位 ，看我們東西多說要不然幫你們換到4人座位。 主餐鴨腿番茄扁麵義大利麵 ，肉直嫩，推一個好吃👍 濃湯不馬虎料多實在。水和濃湯採自助式還可以免費續碗 真是佛心啊～～ 店狗也很可愛也很乖， 會再訪的☺️,晚上八點多 看著店裡還有6成滿的客人 決定來吃吃看 上來先去舀他的湯來喝 第一口覺得 哇 這是免費能喝的嗎 濃湯有很足的蛤蜊香 蛤蜊也都有肉有吐沙 勾芡得剛剛好 可以知道這裡的料理應該沒在馬虎 上菜速度一般吧好像稍慢 那我感覺人很多的時候可能會需要等一下 點的是油封鴨腿番茄義大利麵 （名字差不多啦 鴨腿烤的恰到好處 沒什麼好挑剔的我吃的很開心 份量也很足 麵的味道也不錯 但我覺得好像香氣少了一點 我猜主廚想做得健康一點的吧 應該是油放少了 或許加其他調味料可以補足？我加了一把起司粉還是差一點 整體環境衛生口味CP值等等⋯滿分5分都可以給4分以上 五星 下次還會再來試試他家別的料理,已回訪多次 個人認為是這附近最好吃的義大利麵 點過各種品項幾乎都沒有雷的 最推薦肉類的料理 店裡有一隻牧羊犬很親人很可愛 飲料與甜點也都不錯 加套餐很划算
ChIJ3ZnMlHuqQjQRMj4lIpQR6xE,政大附近的美式漢堡店，從大學時期一路吃到出社會，對許多人木柵仁和政大人來說幾乎是青春的味道。 這間店深受學生喜愛，以大份量漢堡和飲料無限續杯受到校內外族群的青睞。 【座位與環境】 座位數量不少，但桌距偏近，用餐尖峰時段容易顯得擁擠。店內氛圍熱鬧，牆面與擺設走美式休閒風格，適合朋友聚會或學生社團聚餐，但若想要安靜用餐，可能需要避開尖峰時段。 【餐點】 🍔 漢堡 選擇很多，印象中沒踩過雷。 美式漢堡份量十足，麵包烤得微酥，麵包體本身柔軟且帶有淡淡奶香。牛肉排厚實多汁，咬下去能感受到肉汁在口中散開，搭配起司的濃郁與培根的鹹香，層次非常豐富。 【熔岩花生醬漢堡】 家人的必點，更是特色之一。 花生的香濃與牛肉的鹹香意外合拍，吃起來不膩反而帶有一種美式豪邁感。醬汁的調配也恰到好處，不會過於厚重，讓人能滿足地一路吃到最後一口。 【卡滋雙色起士堡】 所謂的卡滋就是洋芋片啦~ 是蠻有特色的口味，但我都習慣先把洋芋片吃掉再吃漢堡(邪門歪道) 【哈了彆扭辣肉醬起士堡】 有點墨西哥風味的肉醬漢堡，鹹香中帶點辛辣，整體口感濃厚。想吃重口味的話就會點這道。 🍟 薯條 中規中矩的定番搭配。 雖然環境在尖峰時段略顯擁擠，但整體氛圍年輕、熱鬧，餐點選擇多且穩定好吃。推薦來木柵的朋友聚會用餐，Juicy Bun 也是我們家不想跑太遠、卻又想吃美式漢堡時的首選。,吃過這家好幾次了 剛好友人來訪，就選到這家美式餐廳 雖然座位不多，但提前預約之下 就不用煩惱等候的問題 這家除了漢堡外還有其他餐點可選 不過既然都來美式餐廳了還是要給他選漢堡。 因為份量大，對於女生或是胃口小的人，可能要評估一下所點的餐點或是大家分享分食之類。 內用飲料可以續杯😇,好吃便宜 而且上餐速度很快！ 還可以一直續飲料～ 非常棒🥹 希望之後可以常常來吃 佛心價格的漢堡,"難得兒子回來，找了一家美式漢堡店，像大塊朵頤一番…在中國市政旁邊，好停車！假日的今天幾乎預約滿滿，好在我們11點開門就到店，還好有位置！於是我們順利入店，七嘴八舌點了三份漢堡跟點心還有德國豬腳一份…漢堡果然美式，但是口感沒有很juicy,滿分若10分，那就打8分囉！漢堡份量很大，飲料加費，無限續杯！德國豬腳算不錯吃！炸物…ㄟ…有寫太柴柴的…整體全部還說還是有8分😆！適合年輕人的餐廳喔！",造訪日期：2025.10.07傍晚 位於政大附近的美式漢堡餐廳 CP值蠻高的 座位雖然有點擁擠但數量不少 環境營造還不錯 店內也有電視可以看運動比賽 軟性飲料只要有點漢堡都會是可以續杯的 每種漢堡都會附上薯條 漢堡也可以額外加點配料 雖然蔬菜配料沒有很多但疊在一起依舊厚到無法一口咬下 整體來說是一家還不錯的漢堡店，適合學生一起聚餐等等
ChIJ3eVGaACtQjQRgQvpyfaX5Fs,之前經過很常看見在排隊 用餐完心得是：沒有排隊的話～可以嘗試一次(但應該不會續訪) 有景觀靠窗座位 只是這次沒坐到 點套餐可以無限續用泡芙麵包跟奶油(有QR code要自己掃自己點) 有收服務費 但需自行點餐 水杯跟餐具都在桌上採自助方式 飲料部分就非常普通 奶茶味道淡如水 主餐Huli Huli 烤半雞＋酥炸軟殼蝦及 鳳梨雞腿排+酥炸軟殼蝦 軟殼蝦比想像好吃 調味很棒 雞腿排及烤半雞口味偏重 不需要沾醬也可以 只是沒有驚豔之處 兩者比較的話 烤半雞>雞腿排,"之前聽朋友推薦, 剛好假日晚餐和朋友一起來光顧這間夏威夷風餐廳，點了一個雙人套餐和單點的翼板牛Loco Moco A餐和一個單點鬆餅。 •••整體上餐速度：快，還有可以無限續的泡芙麵包(鬆軟好吃有加分) •••湯品(蘑菇和蝦番茄濃湯)：水準有符合期待,中規中矩鮮甜平衡很開胃 •••主菜：兩份翼板牛Loco Moco 和一份鳳梨雞排+軟殼蝦，先說結論有點小失望。先說烤雞排的份量稍小, 蝦感覺給的很沒誠意，調味一般吃不太出來有什麼特別的亮點, loco moco說實話是最大的敗筆，撇開牛肉本身熟度口感火候掌握烤得並不差算得上好入口，但可惜並沒有看到漢堡排的本體和搭配的肉汁, 如果說半熟荷包蛋和半片鳳梨就瞞混過關的話有點算是魔改夏威夷經典食物和有誇大誤導消費者之嫌！(菜單上有寫漢堡排飯請問漢堡排在哪？) 建議店家把內容物敘述清楚, 其實如果沒有多汁漢堡排+ 其他額外創意變化as side dish）根本就不能算是loco moco這道菜好嗎？！算是認知被顛覆嗎？畢竟我從來沒遇過這個情況, 重點是沒有肉汁！沒有肉汁！沒有濃稠肉汁基本上這道菜等於沒有靈魂, 半熟蛋汁勉強湊合, 建議廚師去夏威夷考察再重新設計菜單！！ •••甜點：巧克力鮮奶油鬆餅不錯，夏威夷豆堅果鬆餅上面有一層燕麥糊, 淋上楓糖漿風味順口甜而不膩 因為時間有限吃得稍微有點匆忙，店家的整體服務算是貼心, 店內用餐氣氛也還不錯, 有感受到異國島嶼風情, 餐點請再加油吧！",一次店不會再來了！首先等了90分鐘期望太高非常失望食物「非常」難吃不是普通的難吃根本跟夏威夷料理完全沒關係完全頂多就是台式夏威夷「風格」裝潢裝飾餐點而已主餐的牛肉送來還有血請他們二次加熱之後送來除了牛肉是溫溫的飯是溫冷的配菜也是兒童餐也很難吃尤其是漢堡排薯條連小孩也覺得不好吃吃一口就不吃了再來明明現場沒有到客滿卻無法自己選座位？？？我們有帶小孩還安排在中間的位置詢問是否可以換到沙發被拒絕但我們快吃完才有客人坐到那桌另一點服務人員感覺沒有接受過完善的教育訓練ㄧ問三不知還要問另一位服務員…總結完全不推薦 Lalaport裡面有其他更好的選擇！,豪華雙人套餐$1780+ +10% 掃QR code點餐，雙人套餐有湯、泡芙麵包、沙拉、拼盤、飲料跟甜點，有些可以加價升級，加一加就兩千多，當日壽星或當月壽星有不同優惠，麵包好吃，口感特別，續麵包掃另一張QR code，第一輪的麵包比較好吃，第一次吃夏威夷餐廳，有各式鳳梨餐點，番茄湯蝦味濃，不適合沾麵包，上拼盤後，顯得桌子不大，有點擁擠，豪華拼盤有四種肉，豬排厚實帶骨，只有牛肉先見切好，帶點筋不好咬，炸魚酥脆粉偏厚，雞腿中規中矩，配菜不少，有櫛瓜、甜椒、玉米筍、花椰菜、洋蔥、鳳梨、葡萄柚還有很多薯條，兩邊還有四樣沾醬，吃到後面，店員詢問要不要開始準備甜點，需要十到十五分鐘，結果馬上就上了聖代跟蛋糕，沒地方放，只能拼盤換小盤裝，蛋糕椰香重不錯，現烤法式吐司普通,蝦濃湯口味很特別 餐包可以一直續 泡芙的口感 烤雞 比想像的小隻 很好吃 雞胸肉很嫩 像舒肥雞胸
ChIJ49WFWqOuQjQRrf0Diips1Oo,餐廳位於捷運站旁，地點相當便利，對通勤族或臨時想簡單用餐的人來說十分友善。主打義大利麵料理，整體口味表現穩定，醬料比例與麵體熟度拿捏得不錯，以店內的價格帶來看，份量與味道都有一定水準，整體CP值算是偏高，屬於日常聚餐或快速用餐都合適的類型。環境部分較為特別，一樓只有一桌座位，大部分用餐區集中在二樓，動線相對單純，但也因此需要走樓梯才能上去用餐。需要注意的是店內沒有設置無障礙空間，對於行動不便者或推嬰兒車的客人可能會稍微不方便。整體而言，如果是重視交通便利、價格合理且想吃一份穩定表現義大利麵的人，這間店仍然是值得考慮的一個選擇。,想說這家開了很久從來沒吃過 就來試試看 老闆娘人很好餐廳也很乾淨 就是那個蛋包飯怎麼會有辦法這麼難吃？ 哈哈哈哈哈哈 已經匪夷所思到引人發笑 有基本味覺跟邏輯的人 看到照片應該就知道不會好吃了 不想細說⋯我頭痛 （吃了飯之後已經失去嘗試豬排的勇氣了） 只能說當下已經覺得 好像我自己跑到他們廚房做蛋包飯 也有很高的機率會比他們端出來的好吃 老闆娘人真的很好 但是我已經好久沒有吃到這麼難吃的東西了 快瘋了 比他們便宜的蛋包飯也很好吃啊😧,（照片內有菜單） 餐點份量多、可免費加大。 一樓只有兩桌、其餘座位要上二樓。 調味一般、價格平價，Cp值蠻高的！,歐品鄉廚的用餐體驗普普通通，沒有太多驚喜。這次點了經典肉醬斜管麵、法式雞肉焗烤飯和辣味白酒蛤蜊細麵，整體來說口味偏台式，並不夠道地。肉醬麵的醬汁味道平淡，焗烤飯的奶香不足，蛤蜊細麵則調味普通，沒有令人驚艷的層次感。 環境氣氛一般，裝潢簡單，沒有特別吸引人的特色，座位間距適中，但整體氛圍比較平淡。服務方面算是基本水準，沒有特別貼心或熱情的感覺，但也不會怠慢。 整體來說，這間餐廳並沒有太大亮點，餐點和氣氛都相對普通，算是一間吃過就不會特別想再訪的店。不太推薦，總體評價三顆星。,19年的味道依然沒變！！ 一樣那麼的好吃。 老闆，老闆娘還是那麼的好，還是沒什麼變！ 看到這篇評論的大家，要多多來嚐鮮喔！ 跟其它義式料理餐廳絕對不同。
ChIJ4QL3EsjWDRQRAj_JjQvT6GM,其實鬆餅本人是很香也很好吃的～ 但…..我第一次在小小的鬆餅裡面吃到這麼多蛋殼，真的是不誇張的多耶！到底是蜂蜜原味鬆餅還是蛋殼蜂蜜鬆餅啊！！！太誇張了吧！ 增加口感也不是這樣吧！前幾口吃到我還能忍忍吞下去…結果好幾口都有蛋殼😞 甚至有一口是咬下後能完整從糕體裡徒手挑出蛋殼，以為在挑魚刺…. 這個品管也太粗糙？這麼多蛋殼都不挑起來再攪拌麵糊嗎？蛋殼上的細菌也被我吃進去了吧😟 更誇張的是與老闆反應後卻得到雲淡風輕的回應，連最基礎的道歉也沒有…………吃到心情超級差 這盤鬆餅真的不是在整我嗎？ 住在附近二十幾年第一次走進去就離譜的要死！,蛋糕是冷凍久放的，這輩子沒吃過這麼硬的蛋糕，切都切不下去，還帶有碎冰，想說這咖啡廳有4.7顆星就光顧一下，結果踩雷，可能又是洗評價的一家店，毀了我想吃甜食的心情 PS. 店員臉很臭,☕ 森優咖啡 🧇 餐點很平價親民，提供的咖啡跟餐點很多樣的一家社區型小店，感覺假日一定不少人！離捷運站大概 10-15 分鐘距離，整體是我很喜歡的木質裝潢，氣氛很溫馨安靜，座位大多有插座，很適合久坐工作。 卡布搭蜂蜜鬆餅有下午茶套餐價 $190，鬆餅跟火腿鹹派 $120都偏濕潤，但個人喜歡脆脆的口感~~~餅皮跟鹹派塔底倒是都不錯，沒有麵粉味，奶油也不死甜👍🏻 ✅ 營業到晚上 9：00 ✅ 支援街口、LINEPAY 、金融卡蠻多種 ✅ 近文湖線捷運六張犁站,常常在店內可以欣賞不同畫家的作品，真的讓人舒心。店內服務親切貼心。咖啡好喝，甜點也不錯。,空間很大舒服乾淨整潔 一整個下午看書彈琴很讚呢😍💕 美食也很讚價格超美❤️會再來呢～
ChIJ4X_60A-vQjQRltT9fRg8H08,1)竟然有服務費、每位低消。 2)餐點價位媲美頂級五星級國際飯店價位，但是竟然沒有提供桌邊衛生紙、每桌餐筷桶，還要自取檸檬水。 3)餐點品質與價位有極大違和感。 4)裡面座位超級擠、燈光極暗，三人要坐兩人桌，兩人也坐兩人桌⋯ 5) 點餐時可以更實在一點，無需用什麼無聊的話術！ 是一家我自己再也不會想要光顧的店。,兩個人吃2碗麵2個小菜 要1400… 我覺得我點的拉麵根本就叫做「白開水拉麵」🍜 第一次吃到喝起來跟白開水一樣的拉麵 完全沒味道 也沒加鹽巴的感覺！！ 兩碗都一樣👍 雞肉串吃起來超油 然後烤年糕吃起來有油耗味 是多久沒換油？ 某個服務員態度也不是很好 問你有沒有鹽巴可以提供還一副傻眼的樣子 您不知道你家的拉麵吃起來到底多難吃嗎？ 所有的東西都吃完了 要準備走了 飲料才上來👏 自助區的七味粉跟辣椒粉還有檸檬水也全部都沒有了也不補 總而言之 這就是一家難吃到不行又超級貴 然後服務也不怎麼樣的白開水拉麵店 給一顆星都覺得多了🌟 要不是因為過年沒東西吃 到處都排隊 我也不會來這裡踩雷🙄,"1.定價偏高、份量偏少，適合觀光客，本地人不宜食用。 2.蚵酥一份2顆150（本以為是一碟）、蝦捲一份2顆95、炸豆腐一份2小塊60,點一份送來2份+60（不知道為何算兩份錢），反正先已結帳，就算了。拉麵399（很清澈）+40（蛋） 3.沒有開單子，沒有啥服務，但+10%服務費，CP 值偏低，建議去舊址的那家拉麵店比較看看。",主食拉麵偏少，價格不低但味道真的很普… 溫泉蛋根本水煮蛋，撥的像狗啃的而且沒什麼溏心，超不用心的🙄 小配菜還不錯 上菜速度超慢😑 點兩個單點小菜+兩碗麵，小菜那一份那麼小也上超慢… 然後麵也是分開上，我女友吃東西已經夠慢了，她都快吃完了我的還沒上😑 麵*2+小菜*2+飲料*1+溫泉蛋*2，這樣一千多。 然後沒吃飽,湯頭中上雖沒有極致濃郁但很好入喉不死鹹。拉麵軟硬度是我喜愛的偏軟一點。桂竹筍乾和海帶芽做搭配，挺爽口。搭配店家烤沙茶雞肉卷，滿適宜。可惜是醬汁停留在表面，雞肉內部沒有吃到醃入味。 餐點389，我覺得可以，畢竟是觀光地區。但以餐點和服務態度我可以接受。 服務人員態度很好，不小心碰倒筷筒散落，趕緊協助。感謝店家 補充一下，可樂餅好吃（有咖哩味甜度剛好還熱的）。先生點豬排烏龍麵，炸豬排炸起來不乾柴，入口還有點奶油香味，有驚艷到。溫泉蛋也是七八分熟，一般都是快熟了，要不就是太熟。 另外，份量我覺得很夠。
ChIJ5-09PB2tQjQRxn5hRz87wV4,餐點好好吃，特別是義大利麵的醬汁調的真好！鴨胸也很讚，回神過來想到要拍照的時候只剩下一半了。店內有很多很讚的繪畫塗鴉，下次還會想再回訪~~,這家真的好吃，我第一次吃到可以把鴨胸和章魚處理到很嫩不材還很好吃的店，尤其是章魚，真的很厲害！時常處理/吃/做料理的人都知道，章魚很難煮～一不小心就會過老像是嚼蠟～他們的麵包也是自己做的，很好吃～,店面不大，裝潢很簡單，平日下午有兩三桌都是很有氣質又悠閒的長者在用餐聊天～看菜單覺得單價算高，但是餐點上桌後覺得很值得！生菜很新鮮，肉烤的剛剛好，麵包紮實好吃！下次會再來～,好久沒有這種每道菜都好吃的經驗了，從套餐附的湯就讓人驚艷，濃郁微辣，配麵包的果粒醬超有誠意！ 小卷義大利麵真的超讚，小卷好有嚼勁，義大利麵有加奶油，也滿香。豬排燉飯不論豬排或飯都優秀，豬排很Q，飯很好吃。 西西里柚香咖啡也超讚，沒想到本來很可能偏酸的西西里咖啡，加上柚子可以這麼美味。是我喝過最棒的西西里咖啡了！ 唯一就是要等比較久，然後因為是開放式廚房，餐廳裡面油煙味比較重。,餐點味道還不錯，價格也不貴，可惜有點油煙味。但是開在這個地點真是有點奇怪，感覺這種住宅區只適合一般小吃店呢！
ChIJ51ckrG2rQjQRMY8TOluuHNU,黑米套餐-三選三170💰 白酒蛤蠣麵290💰 黑米-墨魚燉飯370💰 香煎櫛瓜180💰 辣烤雞翅200💰 烤布蕾90💰 酒香巴斯克95💰 牆上有隱藏版菜單，基本上就是店家有才會賣，這次的六種隱藏版只有「生火腿芝麻葉披薩」店家有提供。 套餐是沙拉、湯品、拖鞋麵包 三選一100💰 三選二140💰 三種都有170💰 每天的湯都不一樣，今天是南瓜湯 覺得南瓜濃湯太甜了也比較像清湯喝不太習慣；拖鞋麵包外皮酥脆、內餡軟，沾橄欖油轉味～ 這次主食點了墨魚燉飯，墨魚好脆口！燉飯是吃得到米心的！而且調味恰恰好，吃得到微微蒜香，醬汁偏濃郁又不會太濕，吃了一口又會想繼續吃！然後吃到嘴巴都黑黑的🤣🤣🤣 還點了我愛的白酒蛤蜊麵，蛤蜊都固定微辣，這辣度很剛好～油封蒜爆炒❤️橄欖油加得多但加起來不會有油膩感～反而在咻咻咻吃著粗麵體時，能非常剛好的品嚐到醬汁與麵融合的鮮味，使我欲罷不能！ 前菜的櫛瓜是厚切的，一咬下去就大爆汁～表面有點微焦吃起來帶有焦香味；雞翅大概小辣程度，有棒棒腿還有雞翅，也是聚餐蠻推薦的！甜點再來個布蕾、巴斯克蛋糕，對布蕾情有獨鍾，布蕾偏軟但有濃郁蛋香，焦糖也烤得脆脆的，一起吃真的是幸福～巴斯克則是偏乾，個人愛濕潤的，小可惜😢然後名字叫酒香但我卻沒吃出酒味😹更可惜了～～ 消費滿500元累計一點,第一次來有名的黑米 墨魚燉飯滿好吃的份量很夠 今天聽到店員說最後一份排餐 就點了肋眼牛排🥩但⋯吃起來還好 一客980 牛排表面煎的香氣不夠 加上天氣比較冷 瓷盤是冷的很快就沒熱度，店員推薦五分熟吃起來偏軟 下次會吃看看義大利麵系列🍝,棲身在捷運新店線萬隆站附近巷弄内的小餐館，地點隱密不太好找。店內空間不大桌距甚窄，如鄰桌聊天音量過大勢必直接影響到用餐心情，但所幸戸外用餐區尚稱寬闊舒適若不想受干擾且天氣許可或可選擇在室外用餐亦是一種不錯的安排。 他們家的招牌料理首推墨魚燉飯也是我此行最主要的目的，網上評論說萬隆店的口味和其他分店明顯不同，為了印證所聞故特專誠前來朝聖，我另外又加點了一道香煎蘑菇作為搭配，以下是我的感覺： #墨魚燉飯 他們家的這道料理不僅食材新鮮且看得出在細節處理上特別用心，墨魚片川燙後再用火烤除能蓋掉腥味又可增添火烤焦香鑊氣，咬下有種清脆Q彈口感甚是好吃！另外燉飯的火候控制也恰到好處，光看外觀似乎有些黏糯，但咀嚼時就可明顯感受到其實米心仍帶有彈性加上不時會咬到混雜其中的小顆墨魚粒，讓每一口都充滿了節奏和韻味，彷彿經歷了一場驚喜不斷的美食冒險之旅。 #香煎蘑菇 或許由於我拍照耽誤太多時間，蘑菇吃到嘴裏時已經有些涼了感覺不是那麼明顯，殊為可惜！但也只能留待下次再仔細品味了。 整體而言，本次用餐經驗甚好料理表現亦是可圈可點，個人極為滿意是一家值得再訪的餐廳。,好吃好吃超級好吃！ 墨魚飯推推，墨魚很大很脆，飯量超級足夠，粒粒分明，可以吃飽飽！ 松露雞肉麵是寬麵，但是松露味好重，我沒有這麼愛🫩但還是推！喜歡松露的人會愛死～ 蝦就一般般可以不用點～ 但能在萬隆有這樣的餐廳真的滿足了😌慶生來的，對方很開心😍💕,"The seafood is incredibly fresh, and the risotto is cooked perfectly with a nice al dente texture. Every dish is rich in flavor — the pasta and pizza are both excellent, and the slipper bread is absolutely amazing! We come here almost every week. It’s a great place for family gatherings, with a lively atmosphere and attentive staff who always make sure your water is refilled. A wonderful restaurant overall! Make sure to book a table in advance if you’re coming on the weekend! 海鮮非常新鮮，燉飯也有保留米心，口感特別好，而且每一種味道都濃郁，無論是義大利麵還是披薩都非常好吃，特別拖鞋麵包超級好吃！幾乎每週都來，適合家庭聚餐，氣氛活絡，服務生也會隨時注意加水，非常棒的餐廳！如果要週末來，一定要事先訂位！"
ChIJ63TtzA2pQjQRYLTOoGVHw3g,因為10個人訂了包廂，有低消7000元，於是選了兩組套餐，套餐裡完全沒湯品，所以再單點個雞湯，可含服務費，就超過了。 而且兩邊可選的菜色加起來也幾乎是單點菜單上七八成了 六人澎湃台味（3660元） 四人豐盛台味（2460元） 砂鍋白菜燉土雞（680元） 整體是普普，超過一半料理都不夠到位，應該是不會再回訪 服務人員沒問題，但也沒有想像中的王品集團系統的積極，但是基本ok的 比較好吃的單項： 酒香四杯雞 芋絲香米糕 芋香粉蒸排骨 砂鍋白菜燉土雞（湯有濃香，但雞肉只有一隻大腿的量）,餐廳位於捷運松江南京站4號出口，走路右轉3-5分鐘。餐廳在2樓，招牌不明顯，沒有電梯。 我們4人於12月21日去用餐，事先訂位11點，抵達時已經有幾批客人排隊入座了。 我們點了雙人套餐$1280，再加點2道菜，餐廳正好有活動送白飯吃到飽，雖然每道菜份量不大，但對我們3個女人1小孩來說，完全吃不完。餐廳上菜速度蠻快的，一下子就整桌滿滿還沒吃到菜就冷了，有點可惜。 我們點的菜色都是不辣的家常菜，口味適中沒有雷，但也沒有特別出色。朋友們喜歡芋頭米粉湯好吃，但是我個人是覺得胡椒味太重，滿口胡椒辣味，怕辣的可能要斟酌一下。我們唯一不滿意的菜是黑麻油燒蛋，服務生問了雞蛋熟度，我們特別強調蛋黃要熟，結果來的是流心的生蛋黃。 王品集團的餐廳強調有一定的水準，這間餐廳不論價格，份量味道都適合家庭朋友聚餐，雖然美中不足，但仍推薦給想試試家常台菜的網友們。,菜色很豐富，服務人員非常親切有禮。 平日也客滿，建議提早訂位。 六個人點太多菜，桌子偏小，稍嫌擁擠，但很合我們的胃口。上菜速度很快，願意再回訪。,過年去吃的 菜色比較單一 有幾樣都像預製品 口感也不怎麼樣 最難吃的應該是那個炸魚 弄得非常老 豬腳也是蠻柴的 調味我覺得是還不錯 但是口感就有待加強 份量也差強人意 每個人吃一口 一盤就差不多沒有了 長輩給的評價也不好 但我覺得還蠻新鮮的 還是可以一試,東西都蠻好吃的，但份量都不大 來講兩道沒有那麼喜歡的菜： 沙茶蘿蔔糕：因為沒有沙茶味也沒有蘿蔔糕本來的味道 客家小炒：蔥實在放太多了，找不到料 再來說一下其它菜的感覺： 芋頭米粉頭：傳統好滋味，要是能加多點胡椒就更棒了 滷豬腳：相較之下份量較大，滷得很不錯 酸湯魚：湯頭濃厚，魚肉彈牙，腐皮蠻嫩的 鳯梨蝦球：蝦球很大顆，鳯梨甜又多，小朋友的最愛 麻油燒蛋：必點菜色 白菜滷：也是傳統口味，份量也不錯
ChIJ67abfVavQjQRscMhuF5_tQA,收藏已久終於來了，這次點： 1. 番茄雞肉義大利麵 $300 2. 小朋友番茄麵（附飲料） $270 3. 迷迭香烤雞腿早午餐（附現打果汁+飲料） $440 番茄雞肉義大利麵 味道不錯 小朋友番茄麵 上桌讓我愣住，因為我沒有檢查菜單內容，所以讓小屁孩吃了澱粉+炸物，而且都是加工食品🥺🥺 番茄麵、薯條、雞塊，口感及口味吃不出與一般早餐店的差別，這樣餐點與價位有點對不上，餐費仿佛更像是繳場地費 迷迭香烤雞腿早午餐 • 雞腿有烤出脆皮，沒調味，可以自己撒些鹽比較提味 • 歐姆蛋也是沒調味，可以自己到廁所前的醬料區挑味道 • 生菜可選佐醬，巴薩米克醋不錯 • 麵包可選抹醬，榛果巧克力醬香濃，麵包就… • 菇菇大、水分足 • 葡萄柚的苦味搭配焦糖脆片剛好 - 還沒開門前就有好幾組客人在門口等 在窄窄的門口大家有先來後到的排一下 門一開就有後面的人先衝進去報訂位電話 大家都有訂位，對於這樣爭先恐後不是很喜歡 服務生的控場力有點弱 - 點餐是服務生到桌邊點菜，不知道服務生是不是太內向，音量偏小而且講話蠻不清楚的 點餐後不到5分鐘，服務生來說餐點已經做了無法更換，我滿頭問號，我重複說了一次我們點的品項，表示我們沒有要求更換，她才發現跑錯桌 環境是乾淨的，空間是喧嘩的，可能在傳統市場+科教館附近，有這樣的店存在是難得的，所以備受盛譽,燉飯好吃，可再+100元升級成套餐（麵包+濃湯+飲料）。 另單點炸雞翅差點吃不完，因太飽了，但此炸物太乾，所以比較不推薦。 而店家在巷內，剛好隔壁施工路況偏窄，若開車會不方便找車位。,意外發現的一家店，餐點份量很多，很好吃，而且不收服務費，焦糖葡萄柚還幫你挖好切塊，只有在飯店會遇到這麼貼心的。 打包也很用心，已收入口袋名單,生意很好，但服務態度跟餐點，不因忙碌而打折，是個很讓人舒心的店。 早午餐有兩杯飲料，店員會主動詢問是否續杯，很貼心；焦糖葡萄柚超好吃，為了這個才點早午餐。 薯條好吃、義大利麵也不錯。 真實評價：讓人會想再訪。,115年1月23日1100時跟老婆到店用餐 店家座落在美崙街旁 店外觀看起來較普通 店內裝潢簡潔明亮～ 上次來的時候是假日～太多人客滿～ 假日常常客滿～可能需要預訂～ 好險這次來的時候是平日 相較沒什麼人～～～ 料理都很好吃～ 而且超推早午餐拼盤 早午餐拼盤有整塊的新鮮杏鮑菇超棒～ 拼盤的部分份量都給得很足 也很推墨西哥薄餅 薄餅很好吃😋 用餐有無限續的飲品 餐前還有好喝的果汁～ 內用算是可以飲品喝到飽🤣
ChIJ6RR3U3GvQjQRmFa2ScNW-xY,服務周到，餐點有家常味，也很好吃。點餐時，可以依照人數多寡選擇大份或小份，也可以客製化選擇少油、少鹽和素食（部分餐點）。餐廳旁邊還有他們的咖啡店，服務層面周到，結帳時會收10%服務費。感覺到店家的用心經營，力推！👍,有推出適合二人、三人、四人、六人、八人的精緻合菜，也有推出適合一人享用的點心組合以及平日限定的個人套餐，一個人也可以來用餐，上次點了「法式牛粒」、「梅汁排骨」跟「麻婆豆腐」都很好吃！,外帶便當 之前因為有到店裡用餐過，覺得口味不錯，所以加入line 訊息，看他們有發每天的特色便當，一天一口味還不錯，所以陸續訂了有7、8次，每次3個便當左右，今天一次訂了5個水煮雞便當，結果⋯⋯湯匙舀下去，第一口便吃到「一根長髮」，心想算了⋯⋯（努力給自己心裡建設），然後⋯⋯哪知吃第三口⋯又來「一根長髮」，這下心裡崩潰掉⋯⋯我實在無法再說服自己「無視」，食不下嚥只好丟掉，以後⋯⋯再也不想委屈自己，直接刪掉line,相當有水準的地方小館，中式料理樣樣精緻！ 意料之外的好口味～～天母石牌北投吃飯真的可以約這裡！ 招牌的咖喱雞實在辣度太爽快，喜歡吃辣的朋友一定要試試～～,份量一如照片看到的就是極度精緻， 口味上雖說每個人觀感不同，兩人點了雙人套餐，單點一份咖喱雞，沒有一道菜的口位在平均值之內。 加價購的飲料 都不知道怎麼婉轉的形容了， 價格是可以直接單買手搖飲， 除了看到濃濃的色素， 入口化學味以及死甜。 服務生的動作緩慢的不可思議， 制式化的詢問建議就可以省略了， 沒有加分。
ChIJ6ZLHHYmrQjQRKeVAlEcW3Jk,坐窗邊的三個小圓桌要小心，我今天站起來因為不小心踩到圓桌底座，但底座不穩，當下桌子大歪，我也反應很快去扶桌子和接住咖啡玻璃杯，否則可能碎碎平安，就這樣一杯黑咖啡翻倒桌面和地上，也噴的手機和電子書都是，很狼狽，但瞬間飄滿咖啡香。 男店員立即拿紙巾給我擦拭身體和重要物品，反應很快很好，也立即拿拖把和抹布來清潔。雖然是我的不小心，但我覺得桌子不穩這件事情可能以後會發生在別的客人身上，會是個不好的體驗，建議店家改善可能更好。咖啡還沒喝就剩3/2，當下感覺沒很好，但或許就是要我不要喝那麼多。 今天點個酪梨大早餐+長黑，餐點都還不錯，女生應該會覺得份量剛剛好，我其實是已經有吃過早餐的，但身為男生可能會稍嫌不夠，下次可以試試其他早餐。早上沒人很安靜，開始人多時，餐廳的音樂音量也變得有點大，還是可以交談。 低消是至少一杯飲料喔！要注意餐點不能抵低消喔！平日不限時，也有插座和Wifi。 點餐在座位上掃Qrcode點餐送出後，櫃檯付款方式三種，現金/轉帳/linepay。,讓人驚奇的咖啡屋，也是一間高雅的早午餐廳，座設在南港花園社區裡，緊鄰著南港公園的頂部，在社區群樓層間的一樓，門前像公園一樣有一排樹林，這種靜謐的幽雅環境，讓咖啡屋充滿了浪漫！ 為看南港公園的週圍環境，在google maps地圖上，東𨍭西晃，看到了這家獨立遺世的咖啡屋，週邊幾乎沒有其他餐廳，坐著257公車花了30分鐘在「花園社區2」下車，幾乎走10步就看到這間白格大窗的咖啡屋，內裡挑高空間開闊，，而且還看到一套很大的名牌音響，清柔播放著清晰音樂，真的很享受的情境。 這家咖啡廳是以咖啡爲主，也有早午餐，點了起司歐姆蛋=300元+德國香腸= 40元+黑咖啡=120元+++=460元。咖啡不用說是「主場」也，歐姆蛋算正宗，蠻好吃的。 不過來此要先弄清出去的路線及交通工具，因這裡已算郊區，沒想到的是坐257公車來，卻要穿過整個南港公園，去「南港ㄧ站」搭回去的班車，走路約10分鐘左右，ㄧ路瀏覽著綠草如茵的南港公園，也是另一個收獲。,三明治非常好吃！！！ 吐司烤的恰到好處 雞翅就別點了蠻雷哈 咖啡也不錯 用餐環境陽光灑進來很漂亮 用了不錯的JBL音響 現在沒有肉桂捲了,早午餐配料豐富，鮭魚、雞腿排、香腸、生菜蠻好吃，麵包類的吐司、鬆餅比較弱，尤其酪梨會有出水問題讓吐司濕軟，建議新增法棍切片或全麥，黑咖啡很好喝，環境視野很棒，如果在台北市偏東側+有開車，這間會是我首選,十分熱門的咖啡店，親子友善。 餐點好吃😋，咖啡好喝，老闆娘十分親切。 附近路邊有停車格。
ChIJ6ere6rurQjQRCmicPiS523g,"。平日下午茶（202512） 。食材一般；口味一般；廚藝一般 先說服務員人不錯，有幾道菜還是他幫我拿的，換句話說就是－有些菜沒有服務員幫忙根本拿不到 主要問題就控餐，之前去旭集就有一點點感覺了，這次饗饗可以說演都不演 現煮湯台永遠在排隊，明明有兩個灶台就是只開一個，連服務員幫我拿都等了10-20分鐘 煎台很明顯供不應求但就是不多煎，一個品項故意只煎五塊讓煎台永遠處於缺貨狀態 羊排自由？想多了，直到餐期的最尾巴我也只拿到4塊 煎台旁邊的熱菜從沒補滿過，和牛漢堡跟火焰蝦更是完全沒看過 然後是麵包蟹，明明都只剩一堆廚餘了就是不補，後面還是我主動跟服務員要才給，然後餵個2塊就不給了，我是來乞討的嗎 其他很多菜也都補得非常慢，菜盤裡有一個沒一個，真的蠻誇張 推薦： 。現煎羊排：微鹹味超級嫩超級鮮，火候超好，有些帶筋不好咬就是，堅果醬辣味不怎麼結膩也不是很好吃 。比目魚鰭邊壽司：非常優秀，油嫩鮮甜有點嚼勁加上上面魚軟增添口感 。佛羅倫斯燉牛肚：牛肚調味不錯微辣鮮甜口，口感也行 。夫妻肺片：非常到位，麻辣口感都很好，偏辣，平常不吃辣不要試 。蝦鬆：調味口感都還不錯，少數拿２次的菜 沒了，說實話都在一般水平，不如饗食天堂那種 不推薦： 。烤魚下巴：超油超硬，鯛魚土味也超重 。小缽跟蛋：干貝苦又水，蛋實在鹹，就算同樣的東西硬是比旭集難吃很多，火腿香瓜到底是誰想出來的 。獵人燉雞：超難吃，雞肉完全乾柴跟冷凍感 。蝦餃：腥味超重 特別不推的也不多，饗賓的下限還是不錯的 其他： 石斑魚不嫩，味道也有點腥 烤鴨味道不錯，但口感一般，餅皮稀巴蘭 生魚片整体沒問題但比不上旭集，但甜蝦會苦很不行 螃蟹怎麼說，偏中下了，麵包蟹都瘦，不過鮮度沒問題 比目魚偏鹹，整體軟嫩沒什麼問題，配的醬酸口很無措，就是魚調味太鹹 今天的肋眼還不錯，熟度油度都剛好 蛤蜊很大，難怪大家都在排蛤蜊湯，排骨也還行，湯一般沒鮮味 甜點沒空試不過這次巴斯克還不錯，比旭集好 整場沒看到過的菜：白蘭地火焰蝦、松露野菇和牛漢堡 整場都在排隊的地方：煎台、現煮湯台 不如旭集是預料中的，但海鮮是真的爛 熟食普遍不錯，饗食天堂水平 總共羊排9支；草蝦6隻；比目魚5塊；麵包蟹上蓋半片5片還是跟服務員要的 不是不想拿而是極限大概就這樣，只要起身就去煎台，順路再拿其他菜 最後提一下壽星部分，給幾個旁邊就拿的到的甜點寫上happybrithday就了事了，這個""生日獻禮""還真的是不知道怎麼說，不如不要吧 漲價後我認為饗饗已經不值得來了，特色不如另外幾家",考量到地點、景觀、硬體等綜合因素，整體質感還是挺好的。起碼view好。 因為我不太喜歡吃海鮮生食，生食無從判斷；熟食的話，食材都是好的，細節上精緻度還是普通了一點點，依照自己喜好吃就好，不會失望也不會太驚豔，高單價熟食料理有一定水準。以吧費來說，整體還是很優秀囉。 甜點我很滿意。 水果是處理好的，大部分好吃，鳳梨百香果頗酸。 飲料我只喝了錫蘭紅茶跟碧螺春，還行。 廚師跟服務人員的氣質都很好，談吐禮貌佳。 可以看到101，踩著昂貴地磚，使用高價餐具，偶爾奢華一下過過癮挺開心的。,之前吃過 饗JOY 和 旭集， 饗JOY 提供的是 多元的國際料理，再加上 高空景觀（像是 101 景色）， 整體菜色選擇非常豐富，甜點也做得相當精緻， 很適合 不想被單一菜系侷限、想一次吃到多種風格料理的人。 而 旭集則是主打頂級日式料理， 像是 帝王蟹、和牛、生魚片、握壽司 等日料選項都很有水準， 對於 日式料理愛好者來說會是首選。 這次用餐的這家整體定位與風格則 介於饗JOY與旭集之間， 不論是服務或餐點表現都相當穩定，整體水準平均都有 4⭐️以上， 非常適合朋友聚餐或家庭聚餐， 而且 座位區也能看到 101，增添不少用餐氛圍。 餐點部分印象最深的是 干貝和牛肉塊，熟度掌握得剛剛好。 晚上還有 母香魚，魚卵飽滿、烤功到位； 另外 豬肋排 也很好吃，肉質軟嫩、調味恰到好處。 這次選的是 晚餐時段（17:30–21:00）， 整體用餐時間 非常充裕，可以慢慢吃、慢慢聊天， 完全不會有被趕的感覺。 整體來說是 有景、有美食、也有酒可以小酌， 再加上時間安排得很舒服，整體 CP 值算滿高的， 是會讓人願意再訪、也很適合聚餐的一家餐廳。,以這個價位整體來說還不錯 調酒 漫月光 真的超級好喝 不喝酒的人也不排斥！ 鮑魚粥 松露濃湯 牛肚 煎烤區 我覺得很好吃 其他就普普還可以 起司義大利麵酒味太重 不合適 烤生蠔跟烤牛肉串真的超夯 根本拿不到 可以跟桌邊服務生反應 不然去了好幾趟根本拿不到 用餐時間很長 可以慢慢吃 還不錯,推薦 生魚片-黃金鯡魚 炙燒壽司-比目魚鰭邊 油花入口即化 煎台-魚不錯 不過有點油無法吃太多 松露薯泥-濃又綿密 比肉好很多(? 明太子山藥-很好吃 有稠稠的口感 不會太鹹 冰淇淋-芝麻還不錯 一般 拌好的沙拉滿多種的 很方便 吃起來就還可以 煎台-羊肉還好 不太好咬 炸蝦-兩種蝦肉都好吃 但是炸皮還好 飲品-橙焰落日 酒味對我來說有點重 還好 帕達諾起司義大利麵-吃起來苦苦的 不是很愛 甜點-提拉米蘇 不是印象中的味道 比較像布朗尼? 巴斯克我也不喜歡 乳酪味很淡 甜點區除了冰淇淋 都滿失望的 人潮很多 就算是平日下午茶 也建議早半小時到場排隊 還有外國人來吃 買厲害的 裡面拿餐基本上都要等 然後可能因為下午茶時間比較短 有些很快就不再供應了(? 冰淇淋那區不知道怎麼回事 沒有洗挖勺的水??? 那挖勺就一個傳一個 上面沾滿各個口味 真的滿噁心的 店員基本上都滿友善的 還會跟你搭話 食物算合口味 下次想吃吃看晚餐時段
ChIJ7-iV4NmpQjQR0aadctCL7hk,找到幾年前的照片，可惜北門最近在整修，不然景觀更美。咖啡很香、甜點美味、服務親切，嫩蛋起司帕里尼是我的最愛！,自從北門改善之後，這裡變得寧靜許多，再也聽不到喧鬧的車水馬龍的聲音，彷彿置身於另一個結界，給人一種鬧中取靜的感覺，坐在北門前，第一排座位，啜飲一杯手沖香濃的咖啡，看著車來人往，就像在閱讀一本故事書，道盡北門興盛繁榮與塵埃落定！,單看店面以為很大一間 實際上小小的 比較適合小歇一下 不是給你坐著聊八卦的哈哈哈 比較驚艷的是 很少看到有茶味的巴斯克～ 珍珠伯爵巴斯克很推！😍喜歡 飲料配點心可以折50元 有優惠讚讚！ 收現金,大年初一的早餐！有蛇財有得！蛇來蛇去，蛇🐍去喝杯咖啡，咖啡店的老板英文很好哦，店裡幾乎都是外國人，來電訂咖啡也都講英文啦！,早上突然想喝西西里咖啡，於是路過買了一杯外帶。雖然價位偏高，但真的很好喝！！是在台北少數能喝到好喝的西西里咖啡
ChIJ78KtsmiqQjQRQAFTAhWCTJk,台北動物園附近 逛完動物園來吃看看 台式居酒屋 東西還不錯吃 不過價格非常高 算貴 擺盤方式都一樣 沒什麼花樣 連鎖餐飲SOP 如果可以改變一些會更好 員工服務還可以 在親切一定會更好 餐廳擺設也還行 附近停車格很多,吃了又加點菜、兩個人吃這麼多、茶足菜飽。 服務人員真誠開朗的接待、很輕鬆自在 ～ 我還想再來 👍,店員很親切，酒也蠻好喝！文山區居民還有免費的shot可以喝！,店員都很可愛很親切 好shot流一口乾，六種口味很有創意！ 調酒也都很好喝～是女生會喜歡的😍 環境很棒～和朋友都很開心,因為剛好有事來到木柵走走，就很臨時跟友人到渣男小酌🤭🤭真是回家前最棒的結束。店家自製的滷味小點都很不錯吃💕💕其實我們晚餐已經吃的很飽，但來到這裡還是被開胃了🤣🤣 因為我個人習慣第一次去的店，一定會點一杯本店推薦最美的調酒，當晚服務人員推薦渣男🤣🤣🤣可能坐在外面太暗了，我直到很近的拍照才發現是紫色，不過漸層色的渣男真的很美很好喝🥰🥰🥰不愧是渣男啊！ 另外的兩款啤酒也是讓我們非常喜歡👍👍👍 有機會再來木柵會再來坐坐😌😌
ChIJ7TAYfLyrQjQRysgf1KWfY2A,口味還OK，不過稍貴，不知道是不是新馬料理就是這樣還是怎樣，配料、肉基本都是冷的。內用+10%清潔費，有評論+IG按讚送蛋的活動。,整體餐點符合期待，分享量恰恰好，雞肉的口感佳，孩子也吃的開心！現在以LINE加入會員，有入會好禮！,食物還行，飯、麵、湯可免費加量。 明明是美食街店，也不是真的坐在店內，是坐在店門口的走道上，只是店員會幫忙送餐上桌，就會算是內用，要加收10%服務費。如果選擇外帶，會加收3元餐具費用，再自行帶去美食街吃，這樣就不用收10%服務費，有點微妙。 加官方line會贈送3杯飲料，但一次消費只能兌換一杯，即便是多人用餐，點了多份餐點也只能換一杯，很怪的規定。,捷運1號出口走道旁的小店，要收10%清潔費，但原本的餐點費用在環球內也算低價位，重點是很好吃！！！ 海南雞的白飯跟湯可以續、叻沙的麵也可以續，加入Line好友送的三張凍檸茶原本以為就普普，結果也很好喝，不會太苦澀跟酸，生椰吐司也很好吃，不會很甜，但是有奶油的油，很好吃,雖然要收服務費，但是員工很親切，餐點好吃，凍檸茶很大杯划算，下次還想試試其他料理~
ChIJ7wNaysSvQjQR_SXHqoILp1k,食材處理得很乾淨，每一隻蝦的腸線都去掉了，食材品質很好，燒賣、糖醋排骨也是瘦肉多、不會肥膩，各區的食物都很可口，我最喜歡的是鮮蝦腸粉、魚翅羹、雞湯、奶黃包、杏仁茶、初心蛋捲，搭配一壺現沖茶，好享受！這家餐廳深得我心，烹調的口味不會太重，連小蛋塔都甜得岡剛好，不像其他餐廳那麼死甜又膩，感覺每道菜品都很用心。 餐桌間距夠寬，不會吵嘈，用餐環境舒適，服務態度好，旁邊就有停車場，真的是很優的用餐選擇，推薦！ 吃得太開心，忘記多拍照了😂,服務員態度很好，取餐的吧台師傅還會注意湯品不夠熱，主動幫顧客更換👍 餐廳後面有停車場，機車、汽車停車都很方便喔！ 魚翅、烏骨篸湯、叉燒酥、粉蒸排骨、蛋塔、無骨鳳爪、馬來糕、叉燒包、燒賣、魚蛋、杏仁豆腐、紫米紅豆粥，還有哈根達斯的冰淇淋，全都好好吃！！,村民食堂 廚窗港點（士林官邸店） 位於士林官邸旁，是台北極具人氣的港式飲茶吃到飽餐廳。主打現場手工製作的蒸籠點心、粵式燒臘及熱炒料理，並提供哈根達斯冰淇淋無限享用。 🥢 菜色亮點與評價 經典港點： 必吃奶黃包（每日限量出爐）、原味蝦餃皇、五斤蘿蔔糕、鮮蝦腐皮捲。 熱食與燒臘： 提供燒鴨、油雞、叉燒、蛋白海鮮炒飯、以及現煮的鮑魚粥、香菇雞湯。 甜點飲料： 楊枝甘露、絲襪奶茶、杏仁茶及哈根達斯冰淇淋是許多網友推薦的亮點。 環境優點： 空間寬敞乾淨，後方即有大型公有停車場，停車非常方便，適合家庭聚餐或帶長輩前往。,3.5顆星，多半顆給清潔大哥 他真的很棒，我在等待女廁時 大哥剛打掃完另一間廁所 馬上請我過去使用 走進去才發現地板拖的很乾淨 還沒乾不好意思用 大哥説沒關係可以用！🫶 最後離開還是大哥幫我們拍合照呢 吃到飽自助式港式飲茶 平日792元，入座前先結帳 腹地算大，坐起來也不會太擁擠 餐點部分選擇性不會很多 但每樣都有70分標準 脆皮雞，鳳爪，炒高麗菜好吃 港點也可以 入座後才發現 「本餐廳保有任何更換或調整菜單之權利。若有任何異動或調整，視當日現場營運狀況為主。」 本來想吃奶油白菜、菠蘿油 實在很可惜！ 走了兩輪就不知道要吃什麼了 不知道是不是天氣冷 湯品也沒有很熱 整體用餐下來cp值算高 糕點看起來太難吃我們都沒吃實在可惜 飲料跟熱茶都不錯 冰淇淋是哈根達斯 收桌服務生收的超勤快👍 平日用餐只要沒有客滿 大致上不會趕人 餐廳正後方有停車場可以停 但不是合作廠商有可能會收費喔,平日/週一～週五： -午餐11:00-14:00 價位$720元(供餐至13:45) -晚餐17:30-21:00 價位$720元(供餐至20:45) 假日/週六日與國定假日： -午餐11:00-15:00 價位$760元(供餐至14:45) -晚餐17:00-21:00 價位$760元(供餐至20:45) ^^^^^^^^^^^^^^^^^^^^^^^^^^^^^^^^^ 孩童優惠 80公分以下 免費 81~100公分 清潔費120元 101公分～140公分 半價 以上價位均須另加10%服務費 用餐時間120分鐘 ^^^^^^^^^^^^^^^^^^^^^^^^^^^^^^^^^ 整體菜色偏少，菜單上有的不一定會有，夾食區不能拍照～ 炸蝦起司球好吃 有點涼掉 腸粉好吃 腐皮卷好吃 但皮滿膩的 吃得到韭黃的香味 燒賣皮都滿Q 粥還不錯 煮的很軟 炒飯飯超乾 奶黃包時間到會呼喊 還不錯 希望醬多一點 最後吃甜點泡茶聊天愜意～
ChIJ82GvfICsQjQRey8st1BvYjM,六品小館內湖店 就開在瑞光路上 靠近捷運港墘站 是內科桌菜餐廳。星期日晚上一家五口去用餐 點了 鲜魚燒豆腐（大盤 $1480） 豆乾豬肉𢇃 左宗棠雞 乾扁四季豆 四碗飯 $3058 價位中高段 好吃！,這次是與公司同事四人一同前往六品小館內湖店用餐，整體環境乾淨明亮，用餐氣氛也算輕鬆。菜色選擇豐富，從家常熱炒到招牌菜都有，出餐速度算快，適合多人聚餐。這次點了幾道經典菜色，其中糖醋咕咾肉的酸甜比例拿捏得不錯。不過其餘幾道菜，口味偏淡，少了點層次感，整體調味較為清淡。服務方面人員態度親切。以這個價位與份量來說仍算合理，適合家庭或同事間的聚餐。如果能在菜色風味上再多些變化與細節，相信整體印象會更好。,因為公司聚餐來吃，聽說在永康街很有名氣但我沒聽過，實際來用餐後也還不錯，只是口味偏甜，我最愛的是花椒荷包蛋，今天是被肉肉填滿的一天啊～,2026初一中午用餐。 各方面水準都不過不失，個人沒有再次前來用餐的打算,用餐體驗不佳，點單到出餐超過四十分鐘，也無人協助 12:00抵達 12:05點餐 12:40第一次催餐 12:44第二次催餐，確認餐點未送出，且部分餐點已無配菜 12:50第一道菜終於上桌 12:58把桌上已吃過的魚料理突然端走 13:00詢問服務員不予理會 13:03服務員前來解釋 13:36來正式道歉請了兩瓶飲料 整體來說服務相當混亂，人員也沒有仔細檢查訂單與上菜項目，不過菜確實還挺好吃
ChIJ85whEZurQjQR5oeX9Aq3e2Q,可以先訂位，店內位子不多，空間也小小的，附近算好停機車，位於熱鬧的商圈，餐點現點現做要等上一陣子，還蠻好吃的！份量也多，吃完好飽啊～品項沒有到很多可是很夠了！整體來說很讚👍值得吃～多人聚會好去處,餐點表現出色，用餐氣氛輕鬆舒服，非常適合聊天聚會。因為太急著開動，主菜來不及拍照就被掃光😂，整體 CP 值很高，會想再訪。,餐點非常好吃、環境也相當舒適的義式餐廳，提供口味特別的義大利麵、燉飯、鬆餅&飲料等～大推海鮮椒麻義大利麵！！麵體吸飽了醬汁，超級涮嘴😋紅酒牛肉飯的牛肉也很大塊，燉到入口即化❤️巧克力鬆餅也是我的愛，趁熱吃有夠酥脆！配上冰淇淋&巧可力醬超級享受！建議巧克力醬份量可以再多一點，不然一下就吃完了，不太過癮～店內裝潢也滿雅緻的，氣氛也滿好的，非常適合與三五好友聚聚聊天、享用美食👍第一次來用餐時，郭子乾還坐我們隔壁桌，但他和朋友聚餐，就沒有打擾了～,今天吃的是蕃茄香紅酒牛肉燉飯 來之前才發生了一次小擦撞 帶著車子受損的哀傷心情來這果腹 不吃不知道，一吃驚艷到爆！ 牛頰肉燉得軟嫩多汁，一開始想說還要用的刀來分切，根本不用！湯匙就能輕鬆切斷軟嫩牛肉～更不用說放進嘴裡的口感了！ 燉飯保有著他經典的口感，在臺灣因為很容易被誤以為是「米心沒透」所以都會煮得比較軟爛，或是用一般的米來烹飪，但燉飯就該用燉飯專用的米種，那種口感真的才是經典！ （吃不習慣的朋友們也有選擇口感軟的選項唷） 燉飯的醬料也是讓人吃了不會膩也不會有味道不夠的問題～這家真的很猛 真的要給自己的舌頭享受的機會 停車的話不用擔心，旁邊有兩個公有停車場 都是走路就能到的距離唷！ 大推～絕對會再來！,不知道餐廳名字是不是改了，上次來的時候好像叫「夏綠蒂」。環境溫馨明亮，是寵物友善的餐廳。餐點也很有特色，食材新鮮，調味馥郁、有層次！
ChIJ89MCdu6pQjQR17vPpkI-s1g,四年前吃過覺得好吃，這次跟女友去古著店回程經過再來吃一次，大概下午5:00左右剛好有空的兩人座位，點完餐就已經變成很多人排隊了。店面空間不大，把外面的座位加進去也不是很多，大概跟一般小間拉麵店差不多大而已。 點了烤午仔魚跟鮭魚刺身，附兩碗飯跟兩碗味噌湯。味噌湯裡面有鮭魚塊非常好喝，鮭魚刺身蠻大塊的，但只有幾塊而已會吃的不過癮，要吃過癮的話兩個人也需點兩份；午仔魚非常好吃，烤得皮酥肉香，非常好下飯，附的白飯上面還有小塊玉子燒，好棒的。 很喜歡的店家，會再回訪，但要記得提早來不然要排蠻久的。,築地良味食事處位在台北大同區塔城街、北門一帶，走的是巷弄裡的小型日式食堂／居酒屋路線。店面不大，以 L 型吧台為主，座位之間距離近一點，但也因此有種「看師傅現做、吃得很專心」的緊密感。平日午餐來也可能遇到需要等候的情況，想吃建議避開尖峰或提早到。 餐點整體我覺得味道還行、海鮮算新鮮，不會有腥味，丼飯的配料和生魚片、握壽司吃起來都算穩定，烤物也有基本水準，是那種不太容易踩大雷、想吃日料時可以安心選的店。不過老實說，吃完會覺得價格偏高一些，以份量和精緻度來看，沒有到「超值」的程度，比較像是用地段、氛圍和新鮮度來撐起整體體驗。若你剛好在北門附近想快速吃一頓日式海鮮料理，這裡是舒服順口的選擇；但如果追求高 CP 值，可能就會覺得小貴。,"明太子烤馬鈴薯真的很好吃，去了兩次都有點 奶油蛤蜊口味偏鹹,喜歡重口味的人可以試試看 其他餐點也都不錯吃~ 位子不多建議可以提前先去訂位！ 麥茶跟味噌湯都可以續，湯裡魚肉都蠻大塊的 寵物友善！😍",食材很新鮮、用料實在、價格不高，是CP值高的小店，唯一的缺點就是位子太少、太小，會有一點擠。我們點了東石生蚵醋，大顆又沒任何腥味。北海道海鮮丼裡面的海膽很鮮甜、胭脂蝦也很大隻很甜，胡麻過貓很嫩，烤干貝一上來的時候就要趕快吃，不然會生水。店狗很乖，很可愛，值得推薦的好去處。,過貓很好吃 高麗菜不大份但很豐盛，而且好吃，配味的不錯 味增湯很濃郁料也OK，有魚味。 熱茶是好喝的麥茶 炸唐揚雞的皮有日式醬，比較香。肉質Ok 烤雞腿次之，較為普通 茶跟味增可以續加 飯甜甜的，搭配裡面的配料很合口美味。 烤魚必點，烤的很香。 服務不錯。
ChIJ89QkcQCtQjQR5jOCwSGoPtc,又來吃了一次漢堡，這次加好加滿，變更巨大美味了🤣 （雖然比較不健康） 只能外帶😭 漢堡麵包體不是一般早餐那種，比較像麥當勞，較細緻結實！ 生菜給的不少，鮪魚料普通，蛋特別好吃。 手打漢堡排出格的美味又巨大！ 明顯比漢堡麵包還要厚又多汁， (即使我要求不加美乃滋、沒點花生醬跟培根) 109就能吃到真的很不賴。 希望晚上也能吃到它🤣好吃程度及大小，能跟附近的 認識一下漢堡 對坑了,每個餐點都很好吃！還點了薯條跟熱狗也都很好吃,"之前在三峽創始店吃過 回味無窮 現在內湖開了分店 品質一樣讚! 讚! 讚! 首推""手打牛肉起司堡"" 聽老闆說 是認真手打的 難怪鮮嫩多汁 貼心提醒 請趁熱吃 咬的時候會爆汁 請小心食用 =)",漢堡超好吃，價格經濟實惠用料實在👍🏼👍🏼👍🏼,蠻好吃的，尤其手打牛肉堡！大推！
ChIJ8R3JH0WuQjQR_5ttGeLOWTs,有預約被安排坐窗邊，即使窗簾拉下來也跟太陽直射沒有差別，非常熱和刺眼，餐點等了50分鐘才來，隔壁晚來的都上餐了，詢問疑似是忘記做單，餐點部分炒飯蠻好吃的，螃蟹粥沒有味道，重點跟服務人員要濕紙巾時被置疑，請問吃剝螃蟹蟹腳不用擦手嗎？飲料去冰也問了三次，最後沒有去到冰，下次不會再來了😡,牛腩筋軟嫩好吃，果汁咖啡自取飲用，套餐附甜點。,優點： 餐點本身是不錯的。 缺點： 服務流程災難級。 • 等待時間： 入座50分鐘未上餐（11:40-12:30），理由是廚房漏單。 • 順序錯亂： 晚到的客人都吃完走了，我們還在等。 • 專業度不足： 員工來確認餐點三次還搞不清楚狀況，飲料去冰也做錯。 如果您趕時間或重視服務品質，建議三思。希望店家能重新教育服務人員。,,
ChIJ8R7p8mipQjQR4J3PHLfBw84,就在晶華對面，藏著一個低調的刷刷鍋 一踏進來就是很溫暖寫意的爵士音樂 餐廳設計也很棒 食材新鮮不在話下，山胡椒雞湯和柚子湯底令人驚艷，非常好喝！ 大推！ 最喜歡的還是最後弄的粥，加上松露更完美，若太鹹可加上雞湯和蔬菜，完美！ 隔壁就有一個停車場，很方便,雞白湯比柚子胡椒湯頭好喝。 前菜有燕窩飲（我的給J喝）和醃製水果，口味不錯。 菜盤似乎本來要另外點，拜訪時(2025 8月)隨餐附。 主廚招待了雜炊和牛舌。 主食J點翼板、我點烏骨雞，品質和份量都頗有誠意。 青魽下巴由於比較小，店家有主動折價。 這一頓吃下來，我們很滿意。,｜食物｜ 🌟山藥好吃但沒有說有海膽，還想說這個價格配這個量怎麼CP值不太高😆原來是有海膽。本來想說搭個醬油，結果醬油酸酸的（好像有醋吧）個人不太喜歡～ 🌟火鍋的豬肉很好吃耶！！！看起來很乾的肉，吃起來卻很嫩（就算煮完看起來還是很乾😂） 🌟海鮮個人覺得都還好，可能我比較喜歡吃生的吧？不過會有人來幫煮，服務還不錯。 🌟壽喜燒味道普普通通，跟家人都覺得普通。 🌟甜點看起來不錯（確實很漂亮！）但跟家人都覺得不太好吃😆 感覺可以換個內容物！我自己是覺得白木耳嗎(?)跟柚子不太搭啦⋯不過可能個人口味不太一樣,除夕套餐非常超值又美味，吃完午餐直接飽到隔天！平常的火鍋也十分好吃，是想要打牙祭時的好選擇😋😋😋‼️,雖然是為了品嚐今年的秋刀魚而來，但很高興認識到一間很有質感的日式鍋物店，除了火鍋以外也有生魚片握壽司等。 商業午餐價格不貴，湯頭好喝，安格斯翼板牛肉片的尺寸和厚度都令人滿意，鍋物裡面只有原型食材沒有加入人工的火鍋料，吃起來剛剛好沒有負擔。燙好的牛肉片搭配可以請服務生續的蔥鹽，吃起來很下飯。最後還附上一碗清爽好喝的甜湯，以及自製的果乾，完美結束快樂飽。 店員的桌邊服務很好，非常有禮客氣且親切。 最想吃到的秋刀魚握壽司實在太美味，肥美好吃，今年能夠有機會吃到覺得很幸運。 是以後會想再回訪的店。
ChIJ8cB1EeatQjQRzyJE5xssb_M,距離故宮不遠處，很適合先來用餐再到故宮逛逛。我點了排餐的鴨胸7分熟，鴨胸超多汁、肉質甜美，我很喜歡！朋友點牛排五分熟。 排餐送來時，店家會讓我們確認肉的熟度是否是自己理想的熟度，若覺得太生可以再請店家調整熟度。 因為遇到過年假期，所以現場人比較少，氣氛悠閒舒適~不小心坐了超久。 個人覺得鴨胸蠻值得點的，朋友也覺得好吃。 甜點布朗尼超濃郁，是巧克力比例高的版本，很有生巧克力的口感，不會太“蛋糕”，很好吃！ 看到其他桌都有點義大利麵類，感覺有機會也可以再來試試看。,牛桿菌松露燉飯超好吃！是有一點點口感的燉飯，搭配的生菜也很特別，是在台灣吃過會讓人印象深刻的燉飯😭 可惜份量比較少一點 千層義大利麵也很好吃！口感很特別，QQ的，有一點像板條的口感，但沒板條那麼軟爛。 點了一杯午夜占卜的調酒，味道還不錯但酒感偏淡，適合給不喜歡太濃的女生喝。 當月壽星免費招待甜點，有布蕾和提拉米蘇可以選。布蕾很濃郁很好吃！！大推！ 唯一稍微普通的餐點是披薩，我們點鱈魚口味。 一間餐點不馬虎的店～ 雖然離市區有點距離，有機會一定會再來吃！,0207初訪~ 點了月見松阪豬義大利麵選擇寬麵，口感吃起來有較Q，醬汁味道濃郁不膩。鮮蝦干貝濃湯海鮮味很濃郁。椒麻雞翅喜歡麻辣的人必點！提拉米蘇不會太甜，整體口感也很好，不會太濕。,去故宮看完大都會展 想說在附近找一間走路就可以到的 但是是台北人的可以走路距離😆 平日下午時段空位很多 所以用餐也不會特別限時 結帳檯有放會打折的合作單位的牌子 進去才發現感覺有點運動酒吧的性質 菜單的取名就很有感 空間寬敞，不會桌椅擠在一起 但是不是每個位子都可以清楚看到螢幕 廁所乾淨，還有準備貼心小備品 戶外有一桌看起來可以抽煙的 服務員的感覺很Chill又不失專業 聽他們說話很舒服 。副餐麵包是條狀起司麵包附蜂蜜奶油 超級好吃！！！！！ 。今日例湯是蘑菇濃湯 真的很濃，而且上面還打一團泡泡和不知道是什麼的脆皮，是意外很用心的湯欸 。炸洋蔥圈有附兩種醬 旁邊也有醬料可以自行取用 。牛肝菌松露燉飯 也很濃郁，上面的芝麻葉很提味，吃一吃翻開才發現還有更多松露。看起來很小份，但是吃起來會飽（女生 。塔香野菇千層麵 味道比較平平，不會不好吃但是也沒有驚艷，可是有蔬食就開心 。黑糖鮮奶茶（去冰） 上面打了厚厚一層鮮奶泡泡，可能因為我很愛吃泡泡所以覺得特別好喝 如果有機會或許會想試試有比賽時去,雞翅很好吃，松阪豬義大利麵也好好吃🤤，坡蕯也美味，牛筋燉飯普通，可樂可以續杯很好，整體來說食物和環境都有一定的品質，氛圍很休閒，每月都有一天披蕯或漢堡特價，很划算。
ChIJ8d31sryuQjQRYRWoyUaa2YM,令人驚豔的平價義大利麵，江振誠推薦入選500碗，不管是麵體和醬汁都不隨便，用心製作，特別喜歡蝴蝶麵的Q彈口感，份量也不少，普通份量女生就能吃很飽了。另外前菜只要79元有夠佛，白蝦酪梨塔超讚必點👍 內用環境舒適，也很親子友善，假日圓框女店員服務超好，貼心又熱情，對於小朋友需求和客製化餐點都很仔細確認，還主動給小朋友圖畫紙打發時間。 👍蒜頭小魚乾辣椒麵(220元)：被江振誠主廚稱讚「如果要我用蒜頭、小魚干、辣椒做一道Pasta，我很可能也會做成這個樣子」的台義合璧口味，真夠有創意的，雖加了豆豉但調味不會過鹹，鹹香辣味十足，配上Q彈的蝴蝶麵很好吃！ 👍義大利肉醬千層麵(260元+加大20元)：好吃，超大片千層麵還保有一點Q彈口感，不會過於軟爛，沾上起司和紅醬味道平衡，而且加大份量真的好多啊～女生點普通就能吃很飽了 ✅義式肉醬佐奶油麵(240元)：不錯，肉醬加奶油是好吃的調味 👍白蝦酪梨塔(前菜)：超好吃的，像中式的薄皮炸餛飩塞入冰涼涼的飽滿酪梨餡，口感清爽 ✅番茄起司布斯切塔(前菜)：不錯，下面麵包很脆，配上上面的番茄和濃厚起司很搭 ✅薯條：滿酥脆的，沒什麼調味就是，還行,前菜的外殼吃起來有點油味 整體的用餐環境和其他分店落差大 品質希望可以兼顧,主餐有點普通，前菜和甜點很不錯 鮮蝦酪梨塔$79：非常喜歡的一道，口感好，酪梨給的很多，蝦子新鮮 番茄斯特拉恰泰拉起司沙拉$79：沒有嘗試過的料理，能吃到濃郁的起司和小番茄，蠻好吃的～ 泰式酸辣炸雞柳條麵$240：泰式口味沒有想像中的酸辣重口味，覺得有點小可惜，可能是為了配合大眾口味，如果能開放調整也許會更好～ 甜點（奶酪、提拉米蘇）：兩個都很好吃，奶酪的奶香味很足夠，提拉米蘇的餡料比例搭配得宜，整體來說很喜歡 還有服務員奈奈很親切～！,Ocard會員生日禮跟入會禮結合一起使用的話會有非常超值的體驗。 創義麵的東西都蠻好吃的，每一家分店也不會有水準落差很大的狀況，整體來說吃起來味道都滿一致，也有很多創意的口味，親子/寵物友善，所以在用餐環境上可以自行評估。 吃了這麼多年還是覺得蠻不錯，看到牆上有提到入圍500碗，不知道有沒有因此有更多人看見這間義大利麵店？口味上當然不能跟正統的義式相比，但是選擇不少也都不錯吃，記得以前有寬麵（不知道是不是記錯）現在只剩下細麵了。,🍝義大利麵和頓飯都不錯，還有蝴蝶麵體可以選～加上套餐吃很飽，價格便宜～ 🎂生日有送很多優惠券，非常划算～店面在二樓喔！位置滿多的～
ChIJ8e4b2r2tQjQRR3LLK-OpD_4,"烤過的酸種麵包好吃, 酪梨芝麻葉搭起來味道很合, 生火腿比較一般, 偏軟口感不太好。很推薦這裡的咖啡, 美式喝起來很圓潤順口。有做料理時店內油煙味很重。",歐買尬叫外送好好吃喔，酪梨配鮪魚也太搭，再加上一片起士跟酸種麵包一口咬下…超讚！！（圖片小黃瓜我自己加的 拿鐵少冰也滿滿的，還會想再叫💓,精緻可愛的咖啡館 綻藍搭配金色的招牌和空間設計 雖然只是一個咖啡廳卻很有高級感 座位不多卻很舒服自在 餐點簡單卻不馬虎 和朋友意外發現的好地方～很喜歡,看到一個月前有人做評論，外送的三明治用了兩個麵包屁股包。結果我今天點外送，三明治是用四片麵包屁股包起來的。外送付的錢比較少嗎？三明治用兩個麵包屁股，我還勉強可以接受。用四片麵包包屁股包三明治是不是太過分了。所以這家咖啡廳的外送策略是這樣欺負外送的客人不會反應嗎？ （之前我吃過好幾次自己去外帶的都是正常的切片麵包，今天叫外送，結果這樣真的讓人太失望了）,酪梨牛肉三明治好好吃 麵包是酸種 芝麻葉很多但不太苦 必須好評支持用心做餐點的店家
ChIJ90YV0NytQjQRu7MgOPDCZkc,餐飲體驗對應價格～ 價格偏高，東西好吃、一成服務費。一個人大約$1000 服務人員訓練需加強，越南店員聽不太懂中文，台灣店員重複不同人上來問問題。原本訂位說沙發，另一位堅持帶我們到椅子，本來打算不吃了，剛好原接電話人員帶我們到沙發區,初次到訪，餐點普遍不錯吃，環境也可以，但服務人員態度令人無法恭維。一是口頭點餐一直略為不耐煩叫我等一下，因為一個套餐含的選項必須要一個一個輸入，重點我也是慢慢一個一個告知要的品項，速度也不快，這口氣與態度確實令人不舒服。再來是久違的同學聚餐難免分享些小禮物，就是分發在坐的同學如此而已，並未拆開食用，因為我們知道店家禁止外食.但自此之後每拿出個什麼東西，服務員就一直看過來或走來假意收盤子，防止客人吃東西到這個地步，感覺被監視是很糟糕的體驗，是不是太矯枉過正？最後最誇張的事，我吃完的義大利麵放旁邊桌子一直視若無睹不收掉，我的同學盤裡還有一口食物，叉子也還拿在手上，居然走來問我同學：“這盤不用那我收走了喔”手同步過來準備收走🙄這是很不禮貌的行為欸！非常震驚.,第一次用餐，滿驚豔的 空間舒適寬敞，服務人員態度良好，餐點CP值高，份量超大，兒童餐夠一大一小（3歲）吃,不錯吃， 尤其是花生麻糬披薩， 原以為味道會很奇怪， 但意外的好吃😋,店內的氛圍是還不錯的，中間有大螢幕播著棒球比賽、環境很大也算明亮，餐點不會等太久，是線上點餐的方式，店員都很有禮貌，座位有雙人四人還有包廂的，選擇蠻多的，店往前一點就有一個停車場 奶油燻雞義大利麵奶味蠻香的但除了奶味就沒有什麼味道，鮭魚簡餐的鮭魚還不錯吃，整體吃起來不會太膩，開胃點個沙拉吃很不錯，沙拉上的燻雞很嫩很大塊，披薩很脆餅，上面的番茄醬和茄汁義大利麵的番茄醬，真的很茄，偏酸的那種，和想像的不太一樣，甜點的部分，青檸生乳酪還不錯
ChIJ90ln_c-rQjQRp2jywC1baXs,"意外走進來的店，內部空間很安靜舒適，不會太擁擠，餐桌多是4人小桌，靠窗的座位一半是沙發、一半是座椅，但也有小包箱，適合私人小聚會。 麵包上來是熱騰騰的、一口咬下充滿堅果香氣，抹醬雖然有鯷魚但一點都不腥，抹在麵包上剛剛好讓麵包的味道更豐富。 南瓜湯非常香濃~上面的似乎是...橄欖油嗎?(如果說錯就抱歉了QQ"") 不僅沒有被濃郁的湯味道蓋過，舀到的時候還可以嚐到不一樣的香氣，很特別。 比斯馬克茄汁披薩上的芝麻葉很新鮮、半熟蛋軟嫩不乾，拿起來的時候黏稠濕潤，平衡了生火腿濃郁微乾的口感，吃的超級飽。 飯後的香草冰淇淋又香又濃...甚至可以看的到香草籽，真的很棒...最後的熱紅茶甚至有貼心附上檸檬片和棕砂糖，可以自己慢慢調整到喜歡的味道... 這次是選擇主菜是披薩，價格落在7百多，覺得很值得，服務人員也都專業又親切，會想要下次再來試試看義大利麵~",有看到這則留言的朋朋們，都給我去吃！！ 這家真的很棒，cp高、氣氛超好、東西美味有創意、人員親切專業（在這邊需要特別強調，是每一位人員都親切 熱情 高專注。在我的觀察裡大部分餐廳都是一群人裡面可能只有1-2位特別有熱情，其他人都很累的感覺。但在這裡不需要特別期待被某一位服務人員服務到，因為每一位都很優秀。也完美體現和合理為什麼需要有服務費的部分。在其他餐廳有時需要服務費我都會有點問號，例如服務人員臉很臭 也不知道在介紹什麼 問什麼都不知道）有一位服務員姐姐接待了我旁邊桌的兩位外國人，流利的英文介紹著菜讓我覺得如果我是外國人真的會更喜歡台灣 從打電話訂位到用完餐一切都是很美好的，是一家我絕對絕對絕對會大推給朋友或是不斷回訪的餐廳！真的太謝謝自己找到這家餐廳了！ 在我心目中的全臺餐廳，綜觀氣氛 菜色 價格 人員素質 裝潢 ，這家真的排名前三那種,餐廳的氛圍很好，服務人員的態度非常好，讓人覺得服務費付的很值得 這次點了套餐，整體菜色吃起來沒有特別驚訝，算是中規中矩，反倒是主廚特製辣椒油讓我印象深刻，有額外單點起司蛋糕，但服務人員忘記了沒有送上來，算是有點可惜，下次再去吃吃看吧～ 另外義大利麵出乎意料的很有口感（偏硬），跟平價義大利麵不太一樣，我挺喜歡的～ 菜色推薦：提拉米蘇、奶酪、義大利麵,昨晚到這間義式餐廳慶祝五週年，留下了非常美好的回憶 💖 備註寫了週年紀念，餐廳貼心送上小蛋糕，盤子還寫著「五週年快樂」，驚喜滿滿！ 套餐約 1480 元＋10% 服務費，CP 值很高。 餐點精緻好吃、份量足，每道菜都有細心介紹，水杯也會即時補滿，服務非常周到。 浪漫的用餐氛圍加上溫暖的員工互動，讓整體體驗更加分。 這是一間會想再回訪的餐廳，也是一段很值得珍藏的回憶 ✨,比較復古的日式義大利餐 建議預先訂位，因為蠻熱門的 當天點晚間套餐 主食的肉類和義大利麵：可以想像的好吃（稱讚） 前菜類別（沙拉/前菜/冷盤等）：普通，沒驚喜 甜點：可以想像的好吃（一般ok） 服務的部分 禮貌的同時有人情味，給大家一個讚 客人五花八門 如果想要私密空間 建議訂包廂 如果純粹體驗或喜歡食物就沒差
ChIJ97N8KHGqQjQRwyZ8CRnNiuQ,除夕中午領年菜動線混亂無規劃讓人久等，蟹黃娃娃菜550吃不出蟹黃味,前陣子去動物園附近找餐廳🍴 點少油但還是感覺非常油（個人主觀意見） 個人推四季豆很好吃👍很下飯 一碗白飯$20 沒有收服務費 二人，一男一女，本身食量不多 三個菜，三碗飯，差不多就飽了 費用大約$1000,木柵區公所旁用餐的好選擇，東坡肉很讚！,最近去木柵吃了一間很有特色的中式餐廳——潮飯，整體吃下來感覺還不錯，菜色很多是那種有點「功夫菜」等級的，不只是家常味而已。 他們的桂花甜芋是我很期待的一道，吃起來芋頭本身略硬了點，不是那種入口即化的口感，有點小可惜。但配上淡淡甜味的桂花釀，味道還挺舒服的，不膩，很適合當飯後小甜點。 四季肥腸我很推！肥腸炸得外皮酥酥的，裡面還是軟的，不會乾柴，配上脆口的四季豆，整體口感很有層次，一口接一口超涮嘴。 然後是東坡肉，真的一夾就斷，完全不費力，肉超級軟爛但不會油膩，沾點醬汁配飯超讚，這道真的有水準。 最後的麻糬豆沙鍋餅超驚喜，外層撒滿香香的芝麻，裡面包著Q彈的麻糬和綿密的豆沙餡，一咬下去甜香四溢，不會太甜，剛剛好,餐點還行 只是每道菜都太下飯⋯ 蝦仁炒飯味道清淡不適合單吃，飯沒一粒一粒的 京醬肉絲的小黃瓜建議分開放 不然會搶味 老皮嫩肉中規中矩 ❌鹹光餅不建議點（感覺是蒸的或微波爐加熱的，不是酥的是軟的） ❤️炸銀絲卷很推薦 苦瓜也很推 蔥爆松阪豬肉中規中距
ChIJ9SRDXVGtQjQRzVBCVI_dMH4,有老闆請客跟同事來吃桌菜，中規中矩吧，裝潢環境比較老舊一點，菜是都還不錯吃，旁邊有立體停車塔，停車方便,「招牌蒸龍虎斑一上桌，立刻吸引全場目光。魚身晶瑩剔透，澆上熱油後香氣四溢。魚肉鮮嫩細滑，口感緊實又帶著絲絲甜味，配合清香的蔥薑與醬油，完全展現粵菜『清而不淡、鮮而不膩』的精髓。這道菜既是味蕾享受，也是宴席上寓意吉祥的必點佳餚。」「蝦餃晶瑩剔透、鮮蝦彈牙；燒賣飽滿紮實、肉香蝦鮮；蘿蔔糕外酥內嫩、鹹香回味。三款經典粵式點心，每一口都道地又滿足！」以這樣的食材水準和環境，價格超值很適合家庭聚餐或宴請朋友！,昨天與阿姑&她的朋友去享用午餐 ⋯⋯ @用餐過程中、大家都被這場域給吸引了，空間超大的超舒服的 @用餐過程中、大家都被這餐點給吸引了，菜餚豐盛&美味佳餚！ @很值得再次光臨 歐！價位很實惠、停車超方便的（旁邊就是停車塔）,晚餐時間來，非常大的店內只有我們和另一桌客人，令人不禁懷疑食材是否新鮮，幸好上菜後確實是新鮮的。炒飯非常好吃，因為等候了一下，一上桌就分了，沒拍到整盤，其實夠裝這樣小碗大約7至8碗，是這次餐點裡最好吃的。茄子煲太鹹，打包回家隔天拌白麵吃，剛剛好。醉雞是最貴也最失敗的一道，酒味太重，蓋過雞肉的鮮甜，從冷凍的解凍，肉質不佳。 店裡有個奇怪的味道，感覺像是廁所芳香劑，聞起來不太舒服。另一桌應該是常客，有在櫃檯寄放沒喝完的酒。 整體來說，菜是好吃的，但客人比之前同地點的727海鮮少了許多。,除夕夜團圓飯 菜色擺盤看起來不錯 但今天的餐食泰國蝦肉軟爛 感覺不新鮮 蟹肉米糕 蟹肉也還好 ，干貝吃起來口感太Q彈 感覺很奇怪🤔！最後一道魚翅羹湯 太鹹 因為是新年也花了不少錢，但品質有待商確！ 今天的服務桌上的蝦蟹殼已滿 服務人員說不可以換盤感覺不好最後請她提供垃圾袋我們自行處理！用餐體驗這次很不ok!
ChIJA7xCuqirQjQRGwBOltepJQk,豆漿紅茶喝了一口，發現喝起來泥狀還臭酸，打開來看整個變豆花狀，喝到臭酸整個很影響心情，小肉豆上面也黏了頭髮，整個衛生餐飲品質堪憂，打電話過去也感受不到歉意，只說下次補償飲料券,太黑了吧 看到評論很多人說會焦掉 還是沒改善嗎 我自己煎蛋餅這麼黑也直接丟掉 店家端出這麼焦的食物可以嗎 但蛋餅皮是好吃的 等有改善再回來改評價,11/09 08:31-08:50之間發生的事 希望店員不要拿客人的薯餅來搓手..取暖？ 剛剛等餐點好的時候 看到櫃檯的男店員雙手拿著一塊薯餅來回搓 （就像影片這樣） 想說該不會是我點的薯餅吧 然後就看到這份薯餅出現在我的袋子內了.. 😱,今天買了三個蛋餅 原味/鮪魚/打拋豬 蛋餅皮很硬很乾 也沒切好導致料都掉出來 只能分開吃皮跟料 小孩根本無法好好吃….,位於台大辛亥路側門的早餐店，座位不少，無紙本菜單採用座位掃描點餐，有多元支付，也有提供WiFi 。 餐點部份味道較清淡(秘製豬排吐司蛋不加醬)、厚切豬排蛋餅好吃但是份量太少、和風醬燒牛吐司蛋是的牛肉是肉片，調味不錯，但是食用時肉片會一直逃離吐司，很難優雅的食用。 飲料點的是小時候紅茶、無糖四季春和厚奶茶，紅茶奶茶無法調整甜度，味道中規中矩。飲料應該是為了快速提供都預先裝好外帶杯並封膜了，自備環保杯也只是將封膜打開倒入自備杯中，冰的飲料溫度只能算涼。 用餐環境整體來說算不錯，但是一進到店裡就發現店裡的冷氣空調卡滿灰塵，請店家注意濾網清潔，為了顧客健康更為了貴店的荷包，定期清潔濾網可以提高冷氣效率降低耗電量的。 另外，使用的餐具有破損的狀況，容易藏污納垢也容易讓使用者受傷，請適時汰換。
ChIJA9_TFFmvQjQRA-tp1e3KJlo,每次看到大排長龍的店，第一次嚐鮮，可能期待值過高，覺得不是很合口味。 蛤蠣雞腿湯一共三塊雞腿肉，滿滿的高麗菜還加了九層塔，我不懂😅但是雞肉非常好吃。 牛蒡瘦肉湯牛蒡有點苦味， 滷味個人感覺不夠入味， 酸菜拌意麵還不錯，酸菜味十足， 愛恨椒芝麵吃起來像偏乾的麻醬麵，份量偏少，油金滷肉飯是真的油，肥肉超多， 很喜歡醬油辣椒，沾了以後感覺食物都變好吃了， 兩人桌桌面真的太小，多點一點都快放不下，跟隔壁座也沒有距離，用餐環境擁擠不舒適,來北投水美泡溫泉，看了附近的餐廳評價，覺得不錯就來嚐鮮了。 喜歡吃辣的，愛恨椒芝麵是個大推的選項，香香的花椒味，搭上芝麻的麻醬香，有一種相輔相成的感覺，讓人感覺1+1卻是大於2，相當的驚艷。 黑松露拌麵，松露味道超濃厚的，一口吸進去，松露的香氣充滿整個鼻腔。 雞汁拌飯也有自己的特色，特別炸酥的油蔥，灑上白胡椒粉，淡淡的鹹味，別有一番滋味。 大力推薦，湯品一定要點，阿甘剝皮辣椒雞腿湯，雞湯的湯頭鮮味十足，真的會讓人一口接一口停不下來，每一口都很舒服，雞腿肉很嫩，是一整隻大雞腿。 份量方面，麵類一個大男生可能吃不飽，就是要另外點個拌飯。 位子因為用餐時間人多，而且桌數有限，所以1、2人來併桌很正常。 服務方面都很棒，唯一美中不足的是，這次剛好遇到送馬年紅包袋的活動，因為真的很可愛，服務人員卻把我們忽略了，最後變成我們主動索取。,《雙月》 🌷在北投圖書館對面，在光明街228號，微居高處俯視溫泉公園，交通便利，🅿️停車得找附近停車場。 🌷11:00開始營業，門外就已大排長龍，須抽號碼牌，等候叫號後才可開始點餐。 🌷近期有活動，贈送麵線數碗，油蔥麵線，很香(^^)。 🌷滷味各式滷味小菜都很不錯（滷蛋、海帶絲、豆乾、月亮肉、白紅蘿蔔、油豆腐、甜不辣⋯等）、燙青菜（有點小油）。 🌷松露乾麵很中式，有蒜片很提味。 🌷軻仔、魚肚⋯都十分新鮮美味。 🌷座位不多，等候的客人很多，店家或者合適邊邊區提供椅子供等候用。 🌷20260301初次造訪。,服務生服務親切又專業👍愛恨椒芝麵好吃到再追加一碗😋干貝燉雞湯也很鮮甜！非常好喝！有空會再來！,❤️ 愛情製麵 ‧ 雙月食品社 ❤️ 第一次認識這個品牌 是因為全家便利商店推出的聯名商品 除了餐點美味，名字更帶有詩意 後來才發現原來它同時是必比登推薦與國宴料理，確實相當厲害！ 假日來到北投溫泉博物館散步 剛好雙月北投店就在對面 真是一趟「一箭雙鵰」的行程 🤣 ❤️ 用餐環境： 店面以瓦片屋簷搭配大面積落地窗呈現中西合璧的風格，內部裝潢以白色基調搭配木質餐桌簡潔大方！環境明亮乾淨讓人用餐舒適自在～ 點餐方式採人工登記帶位智慧點餐機輔助 動線規劃流暢！ ❤️ 特色美食： 愛恨椒芝麵 (Hot)：川味的麻辣可能過於激烈，但當加入芝麻醬之後柔和了口感，變成了一種全新的味覺體驗！ 金腸伴幸福 (Hot)：雞腸其實比較少吃因為嚐鮮才點，但很意外的喜歡！雞腸搭配豆芽菜一起吃，會有兩種不同的脆感，酸甜的醬料味道特別！ 甘貝燉雞腿湯 (Hot)：他們家的湯很酷，料都裝滿滿的跟爆炸頭一樣！干貝湯頭清爽甘甜，除了主打的麵食外，他們家的湯也是我覺得值得點的品項。 月亮骨肉：半肉半軟骨吃起來口感豐富。 黑松露拌麵：味道濃鬱，喜歡松露口味的可以點看看。 仙草雲飲：半流體狀很酷！有仙草的顆粒感還有滑滑的木耳！ 以上，推薦給各位 💯💯💯
ChIJA9vu3HqrQjQRWhhwjOBFkcA,簡單乾淨的店面、燻雞蛋餅是粉漿蛋餅，皮Q不爛，內餡充足，吃起來滿足度很高。雞塊也炸的很酥、不會太油。還有一家店中店專賣咖啡。 可現金/Linepay,今天的早餐日常💛 手打豬總匯三明治（110元）蔬菜量超多，豬排醃得剛剛好～香氣滿滿不死鹹，只是咬的時候有點小筋，有點跟牙齒拉扯😆 手打豬蛋餅加蛋（80元）是粉漿派，軟嫩滑口，但我私心還是愛酥酥脆脆的那種❤️ 火烤雞腿漢堡（90元）表現中規中矩，蛋要另外加15元～ 整體來說份量實在、價格偏小貴但吃得飽飽的，適合想簡單飽餐一頓的早晨✨,從外送平台點了奶油吐司居然塗成這個樣子…根本就沒有認真塗。鐵板麵也超乾，醬汁超少，豬排肉腥味重，傻眼的一餐。,1.蛋餅是粉漿Q彈好吃 2.豬排蛋（全麥）吐司 好多生菜好吃無負擔 3.紅茶普通但屬順口,這次來到南港的一間不錯的早餐店找諶 Chen’s Brunch，我點了他們家的粉漿蛋餅和薏仁漿。這裡的粉漿蛋餅皮厚實柔軟，帶點Q彈的口感，吃起來和一般蛋餅不太一樣，更像是介於傳統粉漿和一般蛋餅之間的獨特版本。薏仁漿裡頭還有整粒的小薏仁（也就是大麥仁），喝起來不但香滑，還帶有一點淡淡的穀物清香，非常順口。 店裡的設計也很有特色，後方連著一間咖啡廳，我看到不少客人都點了咖啡，特別是那杯拉花精緻的拿鐵，看起來很吸引人。這次因為已經點了飲料，所以沒機會嘗試他們的咖啡，下次一定要來試試看。 這家店的選擇不僅僅是傳統早餐，它給人的感覺像是提供更多元的美食體驗。如果你經過南港，真的可以來試試看。
ChIJASUZtbquQjQRNQwpDbydjLI,2/14晚上吃的。 口味都還不錯。 百年建築裡面用餐，別有一番風味。 套餐紅茶不能調成甜度（太甜了，不喜歡） 出菜速度比較慢一些。,偏台式的泰式料理，沒有這麼道地。份量一般，客人太多了，店員忙不過來。表情跟回話難免比較笑不出來。空間很棒，別有洞天感。喜歡老宅可以去！檸檬魚是最好吃的其他就一般般。,第二次造訪😊這次和家人一起吃晚餐，5位大人，一位兒童，餐點好吃，戶外也適合多人聚餐,曼谷炒飯吃起來很泰式稍微酸冷感（是熱食），二種醬可交替使用。 雞肉多也好吃。比較粘稠的炒飯，吃到最後會覺得蠻香的。 炒水蓮看起來很油膩但吃起來還好，口味上還OK。 月亮蝦餅是稍薄的那種，蝦味有，皮脆脆的。 蝦蝦米粉煲，會幫忙翻，米粉椒鹽味重，但很香。 蝦子非常好吃 服務很好，環境乾淨。,原來在士林夜市有百年古蹟的餐廳，走進著實有令人驚艷的感覺，餐點也都很美味好吃，還是寵物友善的環境唷。 推薦爽味魚，魚肉很鮮嫩搭配的紫蘇梅醬汁酸甜開胃。
ChIJAzYuPUWuQjQRTlPsow9JKf0,來北投吃過無數拉麵了，第一次遇到要服務費10%的拉麵店，真的很囂張喔 拉麵算好吃，叉燒也很大塊，麵體也非常q彈，但是到底為什麼要服務費，請問跟其他家的拉麵店服務有特別好在哪裡？？？倒不如說是變相的漲價 新店面，午餐時間來客量頗多，須排隊 但是我以後應該不會來了 最便宜的麵加上服務費就200以上了,因為是人氣餐廳真的是高朋滿座，蠻推薦他的握壽司真的很好吃！麻糬也是一絕，很特別，氣氛非常好，門口坐著候位可以拍拍照～,真心推薦 麵很好吃湯頭也不錯 尤其是招牌麻糬超級無敵好吃 還是熱熱的那種燒麻糬 納入口袋名單了 價格也不貴,要收一成服務費，我不是很喜歡其他拉麵店都沒收，跟朋友來吃一人點一碗拉麵，炸豆腐跟烤麻糬，烤麻糬我覺得最好吃,玩遊戲炸豆腐半價，很有趣！ 溫泉蛋的醬油下的恰當好處！ 拉麵台式風味，加上高麗菜很有趣。 炸豆腐皮厚，個人偏好薄皮型。 麻糬個人不愛，過甜。
ChIJB3tqu_WpQjQR4k8D1g1BPUI,火腿蛋餅 是整罐胡椒鹽掉下去了嗎？ 香雞漢堡 裡面咬出蛋殼 蛋餅是我一生中覺得最難吃的 這品管 真的不行,太有才了，有封口的飲料沒放在杯架外，掀蓋的咖啡杯放在杯架外，到公司後整個就是撒的剩半杯…溢的袋子都是😩😩,這巧克力吐司也太離譜了吧？一口咬下去卻是芥末味，整個早上瞬間毀掉。拜託，下次出品前能不能先自己吃一口？ 更新：吃一口後半個小時開始肚子痛，早餐店之恥當之無愧,昨天早上內用點了抓餅蛋等了很久才送來，一看到餐點我傻住，整盤焦黃，看不出來有蛋，翻看了一下才看到些微黃黃的蛋黃，整個抓餅蛋被煎到像餅乾一樣乾硬難吞嚥，我因為趕上班所以快速吃一吃就走了，沒有特別反應店家。 今早心想昨天可能是不小心的，再給他一次機會，上班前又前往內用點了鮪魚蛋吐司及外帶黑松露焗烤厚片，今天鮪魚蛋吐司蠻快就送上桌，餐點正常，想說今天應該沒問題了，吃完吐司我的外帶還沒好，走去櫃檯問，店員說快好了，我又等了一下，看到店員拿東西在刮我的厚片，我心想不妙，該不會烤到忘記焦掉了吧？拿到餐點後趕上班去，到公司打開來看我又傻眼了，是有沒有這麼倒霉，連兩天都碰到有問題的餐點，本來還蠻喜歡來這吃早餐的，整個不太想再光顧了，真的太傷心了…..希望店員們能注意並修正這個問題。,午餐至農安街 買了Q堡簡易套餐。 奶酥全麥。蔥薯。無糖茶。 無論速度。服務。餐點都非常棒。尤其奶酥全麥是我早餐店心中第一名。奶酥不油不過甜。吐司鬆軟適中。 紅茶不苦不澀。解膩佐餐最佳。推推推！
ChIJBQCOmmStQjQR0DvynmAtv7c,P.Ming泰式廚坊給我的感覺就是用心又帶點小驚喜的泰式料理店。餐點的味道相當道地，酸辣平衡得很好，不會死鹹或過辣，像是打拋豬、綠咖哩、月亮蝦餅都很推薦，香料味濃郁卻不膩，吃完還會想再來。店內環境乾淨明亮，座位不算太多，但氛圍舒適，適合朋友聚餐或家庭小聚。服務人員態度親切，介紹菜色時也很耐心，讓人感覺很放鬆自在。價格以泰式料理來說算合理，份量也不會太少，CP值不錯。如果想在市區裡找一間不用飛泰國就能品嚐道地風味的餐廳，P.Ming泰式廚坊很值得一試。,比比覺得很讚！有一點點台味的泰國菜，可以調整辣度，蝦醬空心菜很讚酸辣海鮮湯也不賴，奶茶好喝。,生意很好，假日人潮眾多，建議都一定要電話訂位，如果沒訂位直接前往可能有很高機率沒有位子。 用餐有時間限制，我們點了幾道菜，重口味下飯，整體好吃度我覺得就跟一般泰式餐廳差不多，剩在可能CP值高，而且不用再收一成服務費。 涼拌大薄片：很開胃的涼拌菜，份量十足，大薄片薄嫩好入口，醬汁酸香濃郁，表現不錯可以點選。 蝦醬空心菜：每次吃泰式料理必點的菜色，這裡的蝦醬空心菜表現有在水準，炒得香而入味，脆口度剛剛好。 黃咖哩鮮蝦：濃郁且非常適合配飯的角色，咖哩醬濃厚且香氣爆表，鮮蝦有部分去殼很方便食用，且口感Q彈新鮮，可吃蝦的都要點。 椒麻雞：表現中規中矩，雞肉塊也是切得比較細的那型（但不會到太碎）。 香茅酸辣魚：這道是炸魚，再搭配香茅調料，魚肉吃起來外酥內嫩，份量很夠，酸香氣也非常濃郁。 月亮蝦餅：普普通通，但是比很多其他吃過的月亮蝦餅還有厚度。,最喜歡黃咖喱鮮蝦🍛白飯給一鍋很讚欸，松阪豬份量也多，辣拌松阪豬比較有味道,餐點基本上都無雷！記得一定要先訂位 強推： 1. 香茅酸辣魚，調味酸辣過癮、肉質鮮美細緻 2. 鹹蛋四季豆，每一根四季豆都均勻蘸上鹹蛋黃！每一口都讓人滿足 3. 香蕉卷冰淇淋（絕對是黑馬中的黑馬） 4. 烤松阪豬，真的是點起來來！肉質軟嫩多汁脆口 建議可以pass點別的： 泰國傳統嘎拋豬，這我不懂「泰國傳統」在那？？？我在泰國到的…更酸、更辣，更夠味 綠咖哩雞，無功無過沒毛病、沒有特別驚艷
ChIJBU_cKzAAaDQRcCcJUAS4lmM,貓空清泉山莊 - 每次來貓空都會想來吃的餐廳！ 最推：鐵觀音茶葉蛤蜊雞湯 $600 （小鍋） 滿滿茶香，加上蛤蜊鮮味滿滿。 愛喝湯的不能錯過！ 桂竹筍$200 很嫩，美中不足：太油太鹹 至少他們桂竹筍沒有炒肉炒其他配料～還是能吃到竹筍的鮮甜。 放山土雞 $600 算不錯，真的好吃的還是竹子湖冠宸食館的雞肉。 鐵觀音煎蛋 $130，也是每次來都會想點的，熟悉的好味道。 - P.S. 老闆娘人超好的！ - 🍊🍊🍊🍊🍊 2026/2/28,3訪~你還在Google找貓空的景觀餐廳嗎？不用找了，真的！清泉山莊絕對是你最好的選擇，我不保證你會給他5顆星，但是他們絕對值得4.8顆星，不管你是招待親友、家庭聚餐、上山賞景品茶，他們的餐點及服務不會讓你失望。 餐點有單點及2人、多人以上合菜，非常推薦直接叫合菜，合菜本身就是精選必點，他們的桂竹筍必吃啊！用著餐廳精華高湯滷出來的，是我吃過最好吃的桂竹筍，超級推薦！！還有茶葉炒飯、鐵觀音蛤蜊雞湯，必點必點！！ 餐點很多以鐵觀音入菜，帶著淡淡的茶香卻不失餐點本身的味道，不誇張 每道都是拿手菜，份量十足、也可換菜色補差價、還附贈一壺鐵觀音 無限暢飲，CP值超高！！ 環境沒有高檔裝潢，但是佈置的很溫馨很溫暖，給人有回家的感覺那種舒適感，有分 室內座位及室外觀景座位，人潮不多時可以自由選擇。 最後給清泉山莊的小公主10顆星，她應該是老闆的女兒吧？應該 我猜😅，不管多忙，她總是活力滿滿、帶著開朗的笑容笑聲 服務每一位客人，滿滿的情緒價值 是來清泉山莊最值得且無價的，謝謝妳的服務，每次來我們都很開心❤️ 來貓空一定要來清泉山莊用個餐，未來還會n訪，大大大推薦👍👍👍 最後附上的景觀照片是第一次來訪時的景色，真的很美，看得見101大樓喔！,太喜歡了，開心的週日慶生聚會，美麗的夜景、美味的餐點、熱情親切的接待人員。 一坐定位，店家就馬上上ㄧ壺鐵觀音，讓坐戶外的我們立馬暖活起來。 重點可以一直續壺。 對咖啡因敏感的我，晚上喝茶竟然沒有心悸也沒有難入睡，真的要推推推。 每一樣菜上來都被快速的掃盤，真的好好吃，沒吃過這樣的茶類料理，非常驚艷。 四人套餐份量很剛好，cp值爆表👍 鐵觀音茶葉蛤蜊雞湯： 超級推、茶香好特別、沒想過茶葉可以這樣煮湯，湯頭有茶香清香但又濃郁，整體很清爽。湯頭還可以一直續，真的很佛心，而且雞肉非常嫩。 烏龍茶香炒飯： 茶香堆疊出來的色香味俱全，真的很特別，簡單又不簡單。 自家栽種高麗菜： 超級鮮甜 茶籽油麵線： 壽星首選 酥炸茶葉： 搭配梅子粉真的很刷嘴。 桂竹筍： 沒有另外魯過，吃食材原有的清甜，竹筍很嫩，很好吃。 黃金酥炸嫩豆腐： 好酥好嫩 茶葉菜埔蛋： 好吃好吃 可惜老闆娘自製的布朗尼和起司蛋糕都賣完了，希望之後有機會吃到。,雞肉很好吃，鐵觀音雞湯也很好喝 還可以無限加湯 鐵觀音炒飯跟鐵觀音炸豆腐很好吃 好吃到小孩說下次要再來 服務人員很親切,料理好吃，有看到大家推薦白切雞，果然很好吃～其他炸豆腐、青菜、雞湯也都不錯，老闆及工作人員都服務很親切❤️ 這次搭貓空纜車再步行，是下午四點抵達餐廳，慢慢用餐剛好可以從白天的景色看到夕陽和夜景，很不錯的體驗。期待下次再訪！
ChIJB_wial2pQjQRHZYJmy3ZKNo,餐點水準一般、服務一般、環境偏小 店家大部分應該是以外送接單為主 店內沒有廁所，這點建議可以改善。 雞排和豬排我覺得還不錯吃，中規中矩 卡拉脆雞不建議點！幾乎都在吃外皮，內部的肉實際非常少～～點這道有點算踩雷了！ 蝦排不建議點，吃起來口感很軟，感覺沒有很新鮮 黃金泡菜不錯吃！ㄧ小碟40元，價格見仁見智囉！ 整體吃起來我覺得住附近的話可以前往吃看看，但不用特地大老遠跑一趟到店家！ 單點兩個主餐、單點蝦排、兩個薯餅、一小碟泡菜，總共$400，尚可接受～～,平價、份量足、口味樸實不花俏。餐點選擇多，像炸豬排丼、牛丼、燒肉等都算有一定水準，重點是吃起來有飽足感，適合下班或宵夜時間快速解決一餐。環境不講究裝飾，但整體乾淨，出餐速度也算快。是一家適合想吃得簡單、不想花太多錢又想吃飽的店。,丼飯很好吃 有點的小菜也都不錯 小小的店 氣氛放鬆放鬆的 音樂不會太吵 不過是沒營業到真的很深夜 晚上10點差不多就關了 但推薦 路邊有停車位可以停 或者停旁邊學校的停車場,單位中午訂外送。我去拿午餐時，同事都已經嗑光了，只拍到我自己的炸竹莢魚雙魚丼。 我覺得如果我吃的丼飯是70分，那現場應該會有85分！因為海苔絲都被熱氣浸濕了；不過還好炸魚塊與竹莢魚的麵衣還算酥爽，魚肉很新鮮，炸竹莢魚則有適度而不會讓人討厭的魚腥味！類似親子丼的雞蛋湯汁浸泡入白飯，放了一段時間這麼吃還是很下飯，如果是現場吃應該更讚。白飯份量也很足喔！ 一致同意列入點餐優選名單！,吃兩次後的心得： 炸物偏鹹，吃多會膩。 花椰菜🥦好吃。 咖哩醬一般般， 丼飯太乾⋯
ChIJBao-TG6sQjQRSPZBdnvF7Bw,菜色好吃，服務親切，環境舒適！豆苗好好吃！豆腐軟嫩香味夠,2025年08月 要不是有人熟門熟路，我還不知道瑞光路有這麼好吃的餐廳，各種菜色都有一定的水准，直的是好吃，值得推薦前來品嚐。,感受的到主廚用心創新的料理，美味可口。,今天點的菜都很好吃，豆乾炒肉絲、鹹蛋皎白筍、旗魚芋頭米粉湯、椒子雞（椒麻口感。 服務的阿姨都好熱情還幫忙換盤子，米粉湯也主動幫忙加湯，最後還送甜湯,菜色豐富多元美味，服務熱親切。
ChIJBy9WAHyrQjQRCDU8Cp-PLAc,感謝老闆願意提供親子空間，遊戲區讓孩子可以放電一下，老闆娘也親切有禮。願意做親子餐廳真的不多，這點值得肯定。 但很可惜，整體用餐體驗仍有不少需要改善的地方： 1. 服務流程混亂，影響用餐體驗** 男店員過於囉嗦，而且記憶力不太好。明明已經點過餐，卻一直反覆確認，麵和飯也一直搞混。如果能直接寫下來，應該會更清楚也不會讓客人覺得困擾。 2. 青醬雞腿麵的雞腿品質非常不OK** 麵還算可以，但雞腿既硬又冷，像是煮好放很久才端上桌，味道也不新鮮。這盤雞腿麵要價 400 元，卻端出這種口感和品質真的太令人失望，連我的印傭都吃得出來雞腿「怪怪的」。這樣的出餐品質真的讓人很難再訪。 3. 價格偏高，但與品質不成正比** 我們點了三份義大利麵，加上兩杯超小杯的紅茶，總共 1260 元。以這個價格來說，CP 值真的偏低。老實說，隔壁早餐店的用餐體驗可能會更好，也難怪假日中午只有兩桌客人。餐廳若選擇高價位就要承擔品質上的期待，不然真的會讓人覺得在殺雞取卵。 4. 遊戲區動線與規範不明確** 要求要脫鞋，但現場看不出界線在哪裡，希望能做更清楚的標示，家長才不會摸不著頭緒 5.拜託不要在意大利麵裡面加苜蓿芽了,下課帶小朋友來吃午餐，餐點很精緻，明太子花枝義大利麵很新鮮，素義大利麵的口味很清爽，燉飯好香。小朋友很喜歡店內的玩具，店內的玩具感覺是很用心挑選的，都是木頭材質，而且可以發揮創意的。大推果汁耶，新鮮又好喝，小孩一次喝二杯。整體環境乾淨整潔。有一種媽媽終於鬆一口氣的感覺。,5天前左右訂了週日下午的4大1小位子，台北市的親子餐廳幾乎都滿了，很難得有親子友善的咖啡廳。當天人也不多，有小孩的客人會被帶到遊戲區旁邊的位子。來這用餐的好處是小孩坐不住也沒關係，就放生去旁邊遊戲區，雖然不大，但童書、溜滑梯盪鞦韆、玩具也是應有盡有，當天有4個小孩+4個大人在遊戲區裡，也不會感覺到擁擠。 餐點就是一般台北市水準的味道跟價格，希望能有餐點搭配飲品的套餐服務，以親子友善餐廳來說，味道算可以。 唯一美中不足的是，進入遊戲區雖然需要脫鞋，但是小孩跑來跑去一樣會光腳跑到爸媽的用餐區，然後又光腳跑回遊戲區。如果能多加管制就更好了,老師帶我們來這裡餐聚～ 很喜歡餐廳的裝潢和氛圍，從裝潢就可以感受到老闆的用心，我點了寶寶餐來吃，漢堡排很多汁！茄汁飯也很夠味～ 這裡的餅乾超級好吃！很推薦貓舌餅乾，是那種有厚度的餅乾🍪 香草冰淇淋鬆餅可以多個人一起點來吃，我們是四個人一起點，冰淇淋超級香！ 之後有經過還會來消費😆,
ChIJC1PDcsmrQjQR_f22mdWyC-g,點了二人套餐，黑松露蒸蛋與炒空心菜算得上好吃，花生米血骰子牛剛吃的時候覺得口味還不錯，但吃到後面有點膩的感覺，九孔滷肉飯則是敗在滷汁太鹹。但很棒的是套餐可以補差價換菜，我們把蝦卷換成了煎虱目魚，這道好吃！但整體來說，感覺還是高級版的時時香。 另外，能理解店開在新光三越裡面，租金必然影響營業成本，所以對於水要付費這件事情，我其實沒有太多的糾結，因為多的是不提供免費水的餐廳，只是當詢問是否可以給我一杯水時，服務人員很明顯的防禦反應：水要付錢喔的態度，可以看得出來應該有非常多人知道後的反應，才會造就服務人員一聽到水，就神情緊張，急著主張付費的規則。 還有詢問為什麼兩人套餐只有一份甜點？服務人員一樣防禦性的回答告知：夠吃、你們兩個人夠吃。對於我們只是單純好奇「兩人」套餐為何只有「一份」甜點？沒有得到答案，反而讓人感到突兀。,當晚與先生點了二人套餐，結帳總共2189，當中的黑松露蒸蛋與炒空心菜味道還可以之外，其他的炸蝦卷、花生米血骰子牛、九孔滷肉飯口味就很ㄧ般，尤其整盤米血糕比骰子牛的份量還多很多，會覺得似乎在吃夜市小吃的感覺，不是很不好吃，只是覺得價位不符。 最後有點令人疑惑的是，二人餐的飯後甜點只有一小碗，另外又給我們一個空碗？？！服務生請我們自己分著吃⋯⋯ 結論是結完帳走出餐廳時，有點空虛，覺得⋯好像吃完夜市的感覺。,原本只是想去嚐鮮「鮑魚滷肉飯」，點了幾道推薦菜，沒想到竟被驚艷到！🤩 花生米血骰子牛，一開始還想像這樣的搭配會呈現什麼樣的味道，沒想到竟有古早味豬血糕的感覺，搭白飯吃真的很下飯。 香煎虱目魚，這是最讓我驚艷的一道菜，不愛吃魚的我還很猶豫這道推薦，當煎得恰恰的魚肉搭配酥脆的米香，這豐富的口感+蔥薑的香氣，讓人停不下來啊。 黑松露鮮蝦蒸蛋，也不讓人失望，一上桌就被松露香爆，加上鮮蝦脆脆的口感，真的很好吃。 相較於傳統台菜，小香的菜色口感豐富、嚐起來非常有層次，也不會太鹹過於油膩，個人非常喜歡。 烏龍茶氣泡飲跟小香綿豆花也很推薦，吃到整個撐肚；下次打算去嚐其他菜色！😋,#202602 #初訪 #5星 給五顆星，確實不錯吃，尤其大推鳳梨蝦球！合菜適合多人共餐，兩個人吃起來沒辦法點太多菜，而且分下來價位也比較貴0.0,店內的白開水要自己點，750ml $120；菜餚的調味很特別，米血骰子牛很香；3.5杯雞是近期吃過最好吃的三杯雞，值得點！
ChIJC2sNRzOrQjQRLjwFHKve68E,餐點還不錯吃，粥特別好吃！ 不過有位年輕的妹妹上餐點問了是誰的飲品….在亂放位置..那為什麼要問？ 我們碗筷不足要個碗筷，一直問為什麼要碗筷？ 所以碗筷很珍貴嗎？ 由於我有事前通知我有帶嬰兒電話中說沒問題，到了現場居然叫我們把嬰兒車收起來.怕影響到動線….（當然最後我是無視他們展開嬰兒車，本人無法抱者嬰兒3個小時） 私房菜到8:50就最後出餐這部分請訂餐的時候注意！ 我們是訂20:30用餐 結果到了今天7:30電話趕快看一下餐點訂餐 8點到現場趕快看菜單訂… 沒有訂位時提前通知，這點不太好！,感覺菜品偏貴，不過這五星給服務人員還是很值得的。 整體來說，菜品口味不錯，也很特別的開到很晚 （但是好像九點後就沒有炒菜了）。 感覺晚上能吃到這品質的點心加上粥品，還是不錯的。,整體來說我覺得食物不值得這個價格 尤其每一道菜上來幾乎都偏冷 只有紅蟳粥的溫度是正常的 芋泥丸的話幾乎吃不到鹹蛋黃 如果是很喜歡鹹蛋黃的人會很失望 高麗菜就是非常普通的高麗菜 菜本身也沒有到非常甜 老皮嫩肉整道菜幾乎是冷的 宮保雞球的話沒有什麼辣度 香氣也還好 大概就是鹹味而已 珍珠奶茶的話 以這個一百多塊的價位真的超小杯 而且甚至是奶精奶茶不是鮮奶茶 春水堂的珍珠奶茶比較值得這個價位,我覺得品質在下降，兩年前覺得好吃，這次去點的每一道都不夠美味，非常普通。 老皮嫩肉的醬汁死鹹，蝦捲的醬不曉得為什麼會是番茄醬，蘿蔔糕本身也不像蘿蔔糕，蒜蓉醬沒特色。蟹腿粥的香氣也不夠，粥裡面沒什麼料。整體超級失望，已經大不如前。,二訪，用朋友的餐券 潮汕砂鍋粥就是好吃 把米粒的黏稠感都煮出來 綿綿密密糯糯嘰嘰的口感 一碗接一碗停不下來 配上紅蟳的蟹黃非常鮮美 老皮嫩肉尚可 醋溜娃娃菜最讓我驚艷 味道調得特別好 鹹酸度很符合我的重口味 非用餐時間去沒訂位剛好有位子 建議先訂位 ✅紅蟳砂鍋粥 ✅老皮嫩肉 ✅醋溜娃娃菜
ChIJC8ObMXqpQjQRXnbI0Upn_4Y,服務的夥伴非常的用心又real 沒有跌倒真的是太好了！ 因為我不是一個味蕾很纖細的人，所以非常欣賞這家店的調味搭配，帶去吃飯的朋友本來不愛吃沙拉的都開開心心的吃了一大半，鴨胸跟牛排都烹調的恰到好處，醬汁搭配更是解膩且爽口，每一個料理都讓大家讚不絕口！ 有幸跟朋友一起來吃，大家點不一樣的東西來讓我今天可以品嚐到不同的料理～ 今日有品嚐到的餐點： 鴨胸：軟嫩好吃，搭配的醬料十分爽口 牛排：五分熟 熟度剛剛好，吃了一小塊很快樂 培根奶油義大利麵：培根是煙燻的厚培根，香氣有出來整個吃起來很快樂（但不是我點的） 墨魚飯：鮮味十足，整體調味非常的融合，雖然我吃不出來有什麼但是吃的很快樂，搭配的兩個干貝也是外脆內甜 反正超推，超喜歡，未來有機會會再帶朋友去吃,🔸炸雞翅： 外皮薄且酥，吃下去才發現是包餡雞翅！從來沒吃過，超級特別🤩而且可以單支單支點餐，我覺得很友善，這樣就可以點多一點菜了。 🔸油封鴨腿： 這是今天的特別開胃菜。那個皮超級恰，有夠讚，配上甜甜的醬汁實在很搭，配菜的馬鈴薯也很好吃。 🔸墨魚干貝燉飯： 干貝透抽好吃，調味適中，份量不多兩個人分食我覺得很剛好。是帶點硬度的米粒，但又跟我過往吃的有米芯的燉飯不太一樣，不知道是不是用的米品種不同，但我覺得整體不驚艷。 🔸威靈頓牛排 8oz： 這次有先提前預訂一份8oz的牛排，這是我第一次嘗試威靈頓牛排。外層的酥皮烤到非常酥，再往內一層抹了滿滿的蕈菇醬，味道十分濃厚（個人覺得太濃了），牛排的部分是很漂亮的粉紅色，不過威靈頓牛排不知道是不是本來就不使用太多油脂的部位？我自己吃起來覺得雖然軟嫩卻較沒有油脂香氣，可能比較不適合我。 店家有一樓跟地下室，這次被安排到的位置是一樓，氣氛的部分就普普通通。服務人員都很積極。餐點部分感覺就是餐酒館的水準，主角的威靈頓牛排在台北感覺沒有很好找，所以很開心這次能夠在大嗑擁有第一次的體驗，非常新奇！ 但要更講究氣氛的話，我覺得應該能找到更有情調的類似餐廳。,招牌炸雞翅 - 點之前還以為醬汁是裹在外面或是另外裝的，結果令人意外的是包餡雞翅。雞翅外皮炸的比較酥脆，裡面很嫩還保有肉汁，中翅的部分已經去骨了。包著滿滿的蒜味卡士達醬，吃起來非常滿足非常罪惡，搭配起來十分恰當，但又不會太膩，不愧為招牌。 薯泥 - 算是非常綿密帶有奶香的薯泥，很好吃。 墨魚燉飯佐干貝 - 干貝又大又新鮮，吃起來很棒。燉飯的米粒口感很特別，米粒比較大，有點像是米心沒煮透的嚼勁，但是卻沒有生硬的感覺，應該是比較特別的米。醬汁調配的比較稀一些，不過味道很充足也有帶著滿滿的鮮味，不過個人更偏好濃稠一些的醬汁。 油封鴨腿 - 店員有強調這道份量比較少，算是開胃菜，不過實際上蠻大的。鴨腿本身非常好吃，外皮酥脆，吃起來很油很爽，鴨肉本身卻很嫩而且多汁，完全不會乾柴，處理的非常棒。搭配應該是洋蔥 + 巴薩米克的醬汁很解膩。 威靈頓牛排 - 今晚的重頭戲，切開之前會很貼心的上來給我們拍照，視覺上已經覺得很滿足了。第一次吃威靈頓牛排，吃起來算是接近自己想象中的味道。菲力牛排本身油脂不算多，但嫩度跟肉汁烤的剛剛好不會乾柴。中間的菌菇味道很明顯，不過和整體的味道是很搭配的。外層的酥皮比較薄，存在感不算高，但口感和香味還是對整道菜加分不少。算是很神奇的一道菜，每個部分看似各司其職，但是搭配起來還是很巧妙。 餐廳的氛圍還有服務也都很不錯，是一家很棒的餐廳。感謝店家細心的提供蛋糕擺盤，還協助拍照。也謝謝女友招待令人難忘的生日大餐。,之前對這間餐廳期待很高，好不容易訂到位，卻迎來一場相當不愉快的用餐體驗。 用餐過程中，服務生頻繁提醒剩餘用餐時間，即使我們的餐點尚未全部上齊，也一再催促，整體節奏非常倉促、讓人感到壓力，完全無法放鬆享受餐點，這點真的讓人感到意外。 此外，當我們詢問能否更換盤子時，服務人員的態度不太友善，甚至直接拒絕，令人相當錯愕。以這樣的餐價與定位來說，服務品質落差實在太大。 用餐後再回頭看其他評論，才發現不少人也有類似體驗。整體而言，這是我不會再回訪的一間餐廳。,超級無敵推薦！！櫃檯小姐的服務態度真的是五顆星！！ 帶男友跟家人去吃生日餐還招待男友一盤生日小甜點😍😍 真的是超級推薦！一定會再回訪！ 想許願干貝海膽燉飯回歸！！看之前的照片超級想吃😭😭
ChIJC9bmhw6pQjQRMzLaT4VIVCo,富宏牛肉麵位於台北萬華洛陽街，在洛陽停車場附近，福星國小的對面，網路評價很驚人，高達2萬多則，最大的特色是內用有飲料機可以喝到飽，不喝飲料機的人，可以去冰箱拿鋁箔包飲料喝，鋁箔包飲料限拿1瓶，多拿的話需要付費，外帶則不提供飲料。 富宏牛肉麵生意很好，一半以上都是慕名而來的觀光客，冰箱內有小菜自取，小菜是用袋子裝的，不想排隊的話，避開用餐巔峰時段來比較好。 牛肉麵的麵條有細麵及寬麵可選擇，寬麵條的口感比其它家來的硬，牛肉的部份有滷透，帶筋的部份給的比較少，湯頭喝起來偏淡偏甜，ㄧ定要加上牛油才會比較好吃。,之前吃別家，12/2這次跑來富宏吃。 店家生意不錯，這邊蠻多外國觀光客。 點了一碗牛肉麵和一碗魯肉乾麵（不吃牛店家有用麻醬提出香氣） 魯肉乾麵吃起來不死鹹，還蠻好吃的。 家人吃牛肉麵，覺得湯頭還不錯，比之前吃的那家味道還濃郁一些，牛肉吃起來對比兩家，結果一樣，牛肉會柴😅。 店家內用位置，選到裡面的，之後要出來（加湯拿飲料）有點麻煩，位置比較窄。 麵條部分選擇細麵，一開始有跟店家說麻煩煮久一點（麵心要透）之前吃別家的，也是跟這邊一樣麵預先煮好，但麵心都是沒透的。（看了評論才發現，原來這邊也有一樣情況，還好有先說，麵心沒透，對於腸胃不好的人來說，吃完後，胃真的會比較不舒服。 生意好的店，有時候會因為生意太好，湯頭或者內餡會因為太忙，吃起來都會不同。 希望下次來的時候，味道還是一樣。但牛肉的部分蠻柴的不知道會不會改變😅。,牛肉麵的肉超少，點牛肉湯麵就好 牛肉麵的肉咬不動，點牛肉湯麵就好 牛肉麵的麵沒有咬勁，點牛肉湯麵就好了 優點是價格110～130，可以加湯，算是吃粗飽的，但牛肉湯麵只要半價，更有CP值。 吃完不知道自己吃了什麼,真有夠好吃😭 太好了找到了這一區最神的牛肉麵 我一定會回來很多很多很多次！！！ 我第一次來，點了綜合麵，細麵（也有寬麵可以選擇） 應該就是牛肉牛雜麵的意思 湯頭香而不膩，也不會太咸，剛好； 麵感覺是新鮮煮，咬下去很有口感； 牛肉更是讓我吃得感動，如果能有多幾塊肉就好了，下次我直接點牛肉麵而不是綜合試試看； 牛雜我覺得有點偏向普普通通，但整體來說還是很好吃的 阿姨我一定會回來的！ 下！次！見！❤️,第一次走進這牛肉麵大街 ~ 第一次吃富宏牛肉麵。 看到網評，很多人留言湯頭較為清淡。 但對於我跟我太太來說: 由於常在家自己料理來吃且吃得較清淡。 這湯頭熬煮得非常溫和入味且不死鹹。 第一口湯頭喝下，整個胃給暖了起來。 牛肉煮的非常軟爛， 雖沒到入可即化的那麼誇張，但每一口牛肉入口，基本不用咀嚼。 加入酸菜又變另一層次風味， 再加辣椒後風味又變不同。 這家的麵條是粗麵條，咬起來非常有彈勁， 整體來說這家牛肉麵不管牛肉. 湯頭. 到麵條都非常完美。 麻醬麵: 有著濃郁的麻醬香氣， 麵條Q彈。 最主要是店家在碗底有勺一小瓢湯汁。 濃稠的麻醬跟著湯汁把整碗麵條給拌勻入味。 讓整體不會太乾，口感拿捏得恰到好處。 讚 ~ *飲食口味及價格接受程度見仁見智 *生活不易，分享是個人覺得不錯外也為了給在地店家一個鼓勵及支持
ChIJCyKuHW-sQjQRLbLgae6QWSU,生意很好，強烈建議要訂位，否則現場候位可能需要一小時。 交通便利，鄰近捷運站，附近汽機車停車也都很方便。 吃過很多次早午餐，從來沒有踩過雷，基本上口味都還不錯。餐點份量充足，除了主餐外，還附有2杯飲料，其中第二杯是可以無限續杯的。 外場服務人員Hana很親切，也很及時注意各桌狀況，值得嘉許。,我蠻推薦Second Floor「貳樓」，我個人是第一次吃，住內湖的朋友有吃過推薦覺得好吃有質感，朋友想說我考上考試，吃好一點慶祝一下，剛好彼此放風，只要付自己吃的部分就好，可以好好聊天的感覺真棒👍🏻 貳樓平均價位、消費方式 貳樓Second Floor每人低消需點選菜單上的任１品項（加價購項目除外），也就是說，每位顧客需至少消費１份菜單上有的正餐或飲品，且需加收10%服務費。餐點部分，以豐富多樣的早午餐盤、義大利麵、燉飯、漢堡、排餐等為主軸，平均價位落在360元～760元之間。 我朋友本來要訂［南港車站店］生意超好的！訂位都滿了！後來發現［西湖店還有］，但，只剩下10:30的時間，果然是名副其實的早午餐😁假日生意也很好呢！位於內湖科學園區，看網路介紹，平日晚上生意更好。「貳樓」很搶手呢！ 餐點很厲害，我跟朋友點了： 橙香法式丹麥舒肥雞、班尼蛋奶油炒菇煙燻鮭魚，各有2杯飲料，點了新鮮果汁和茶飲；甜點是苦甜脆脆黑巧冰磚及布蕾波波冰淇淋杯。 而且飲料無限續杯，還可以喝不同的飲料，我跟朋友喝了熱飲2次，冷飲1次、果汁1次；桌上有提供番茄醬、白開水和黑胡椒。服務員還會幫忙補白開水，超讚！不用擔心聊天口會渴 「貳樓西湖店」用餐時間2小時，位於捷運西湖站旁邊，走路大約五分鐘就到了。是個寵物友善餐廳，當天用餐，我們隔壁桌就帶了一隻狗狗，很乖的坐趴在桌子底下，中大型犬很可愛。,適合聚餐，寵物友善的環境。食物都蠻好吃的，飯跟麵類份量也蠻大的，飲料也可以無限續杯。兒童慶生還有特別的佈置與蛋糕，真的很用心～,餐點、服務都令人滿意！寵物友善，而且會給毛孩美味的炒蛋，這點也非常加分！已多次回訪👍,今天跟女朋友四週年一起來吃貳樓！ 整體餐點很好吃！而且女友還有備注我們今天是來四週年！感謝帥哥服務生ARIC幫我們準備小驚喜蛋糕跟巧克力畫 之後有機會還會來吃👍👍👍
ChIJCzPYW2ipQjQR-p1YtM7k8jA,帶老婆來台北吃浙江菜，推薦無錫排骨東坡肉，要配飯 否則太塩和太甜 。5星級 中價位 比港式飲茶好吃,拜訪日期：Dec/2025 蝦鬆要趁熱吃，冷掉後油條會吃起來更油 小籠包還不錯、菜包很特別的是他的皮，很軟嫩👍🏻 年糕雪菜、蔥爆牛肉都超鹹的，可能不小心加太多鹽 最後來個心太軟當作甜點 這裡超多觀光團客、想吃建議先訂位,第一次發現的寶藏店，大推的是小籠包（真的湯汁超多又超級燙口）👍雪菜肉絲炒飯也很香，白飯粒粒分明～會推薦朋友來👍,因為看生意非常得好，所以我們就進來嚐鮮，1:30還有九成客人，東西真的蠻好吃的，廁所乾淨，唯一最貴的就是生菜蝦鬆加一片生菜要$20。 中午只到2:00， 要吃要早一點來、記得訂位哦。,跟鼎泰豐很相似 但熱炒的部分口味較重很下飯 炒飯的話，鼎泰豐略勝 小籠包的部分都可圈可點
ChIJD0Os712rQjQRoQEIH9Hvm0k,從忠孝東路開進325巷停車場B棟最順，停6樓坐電梯到7樓走到萬怡大廳，再坐電梯上8樓粵亮 旅展燒鵝券$4099，燒鵝超大一隻，很好吃！可惜上桌的醬料跟三色餅皮都沒有介紹，還要自己詢問是什麼醬，自己翻菜單看餅皮是什麼口味，以六福萬怡的等級，這樣的服務覺得不行 辣丁雞真的很辣偏鹹，熊貓豆腐魚覺得勾芡很重沒有很愛， 停車$1500/小時，最多4小時，玉山信用卡打9折,這次來用餐的感覺真的很不錯！餐點很好吃，甜點的造型也很特別，每一道菜都很好吃，不會踩雷。 另外服務人員的態度也很好，很有耐心也很有熱忱，點餐或有問題的時候都會很親切地幫忙說明，整體的用餐過程非常好，一定會再回訪,招牌櫻桃烤鴨三吃真的是大滿足，第一吃-片皮烤鴨附三色餅皮、 第二吃 濃湯福菜鮮筍鴨架湯、第三吃-蘿蔓松露脆米炒鴨鬆 鴨架湯真的是很濃郁，加上鮮筍很解膩，三色餅皮都各有口味，片皮鴨就是脆爽，炒鴨鬆也很不錯 粵式慢火戰斧牛相當霸氣，一上桌就驚呼連連，師傅會先用高梁燒火增香氣，接著再切片，整個牛肉的口感相當的嫰鮮，一口就愛上，真的份量感很夠，吃不完帶回家吃，隔天更好吃了 琉金龍湯極品鍋可說是火鍋多吃的選擇，龍蝦、蝦、干貝等海鮮熬煮，其湯頭最後拿來煮雜炊真的是大大滿足 胭脂壽龜餃 很適合年節聚餐的時候吃，裡頭帶松露香氣的內餡很有高級感 我不是玉米是一道很趣味性的甜點，楊枝甘露的口味，外型就真的是玉米,地點方便，環境整體不錯。 烤鴨三吃很有特色，餅皮有菠菜、紅蘿蔔和原味三種顏色。紅蘿蔔餅皮入口時有類似跳跳糖的口感，風味特別，滿有記憶點。 用餐後想點豆花，服務人員告知需等待約一小時，對於五星級飯店來說，備料似乎略顯不足。 茶資每人 90 元，茶味偏淡，喝起來像白開水，略為可惜。,公司聚餐考慮交通跟人數關係預訂了粵亮的桌菜，一共20個人，分開兩桌.. 前菜水準還不錯，口味品相也都很可以，湯品因為是港式料理所以燉湯水準有達到最基本的水準，後面開始每一道菜就很「落漆」…. 烤鴨鴨皮不夠脆，鴨肉偏乾… 而且片鴨也很不ok，鴨肉片的很粗魯，厚度太厚導致口感不佳.. 鴨油幾乎都留在皮上而不是留在肉上. 九宮格調味料看起來很花俏，但是蔥絲跟黃瓜的新鮮度普普通通跟份量也都偏少. 五色餅皮原本在蒸籠上面是很軟嫩的.. 但服務生太早打開蒸籠導致餅皮很快速的變得太硬.. 龍蝦麵整個調味太過濃稠反而失去了龍蝦的鮮味，一入口全部都是醬汁的味道😫蝦殼也都沒有處理好沒有破開，要吃的滿手都是醬汁非常不便利也不美觀. 河粉上面全部都是醬汁而不是龍蝦的汁.. 偏鹹又偏甜. 調味過重. 最失敗的是蒸魚，石斑魚很大條，但是土味很重，第一次看到用松露去蒸魚，感覺松露的味道跟蒸魚並不搭而且會讓魚的味道感覺起來臭臭的.. 魚肉蒸太過頭，整個魚肉僵硬失去嫩度浪費了一條好魚！ 用餐期間服務領頭的服務生一直在收拾桌上的菜跟小菜，小菜剩下一點點也不會問一下有沒有要吃還是要收走，就直接打包，剩下一口的貢菜也浪費一個盒子打包，服務生一直在收拾好像就是在趕人要下班，明明7:00開席用餐到9:00都還沒聊天聊夠就把桌上都收拾乾淨好像就是在趕人，一桌25000的菜+10%服務費，菜品質量不怎麼的，連服務水準都差的可以.. 完全沒有大飯店的水平，非常糟糕的經驗！完全不推薦！
ChIJD2QAcsCrQjQRsoPgiqP9iBU,台北松山區巷弄美食探秘🍤京融合菜系的味蕾盛宴 開完會議，又遇到下雨，亂走一小時，走進松山區監理站附近的一個隱藏版美食天堂——「四海一家」。這家創立于1970年，主打京融合菜系的餐廳，隱身在巷弄之中，不到五點卻依舊人潮絡繹不絕，可見其美味程度絕非浪得虛名。 一進門入口小，老闆還貼心：一人可以等一下，馬上有位子。往裡面走環境大有天地，還有包廂，讓人彷彿穿越時空，回到了那個京味巷弄濃厚的年代。今天，我們要品嚐的是這裡的幾道招牌菜：泰式涼拌海鮮、合菜戴帽、川丸子湯和牛肉餡餅。 首先上場的是泰式涼拌海鮮（泰式），這道菜一上桌就讓人眼前一亮。新鮮的海鮮搭配上泰式特調的醬汁，尤其加入鳳梨，酸酸辣辣的口感，讓人一試成主顧。海鮮的鮮甜與泰式香料的辛辣完美融合，每一口都是味蕾的享受。 接下來是合菜戴帽，這道菜可是京菜中的經典。所謂的「戴帽」，其實是指在炒好的菜上鋪上一層煎蛋，這樣不僅讓菜色更加豐富，也增加了口感的層次。蛋香與菜香、粉絲、豆干、豆芽交織，讓人回味無窮。 再來是川丸子湯，這道湯品可是解膩的另一道亮點。丸子採用新鮮的豬肉製作，經過精心調味後，加上粉絲及黃瓜片，口感清爽，湯頭清澈，川丸子帶有淡淡的薑味，加上晒干鮮蝦，喝上一口，鮮美暖胃又暖心。 最後是牛肉餡餅，這道菜可謂是京菜中的靈魂。餡餅的餅皮微軟，內餡則是滿滿的牛肉和新鮮的鮮蔥，一口咬下，肉汁四溢燙口，鮮蔥的清脆與牛肉的鮮美完美結合，讓人欲罷不能。 這些菜餚不僅美味，背後還隱含著豐富的多元融合飲食文化。京菜，作為中國八大菜系之一，以其精緻的做工和豐富的口味著稱。從這些菜餚中，我們不難看出京菜對食材的新鮮度和調味的講究，這也是京菜能夠流傳至今，深受人們喜愛的原因。 在「四海一家」，不僅能品嚐到美味的京融合菜系，還能感受到濃厚的社團交誼文化氛圍。這裡的每道菜，都是對傳統飲食文化的一種致敬。無論是與家人共享天倫之樂，還是與朋友聚會暢談，這裡都是不錯的選擇。 有趣的是，這裡的客人們似乎都患上了一種「看菜癮」，每桌都在偷偷瞄著隔壁桌點了什麼菜。我點泰式海鮮，隔壁大姐說我很會點，加上蝦子又大，眼巴巴望過來，然後我與他們之間交流起來。這裡的氛圍讓人感到親切，即使是陌生人也能因為一道菜而打成一片。 長輩們也會趁這個機會教導子女，如：夾菜時不可在盤子裡挑三揀四，這不僅是禮貌問題，也是對同桌的用餐人尊重。這樣的餐桌禮儀，不僅讓用餐更加和諧。 #文旅品牌生活家#Life ABEL#台北美食 #京融合菜系 #四海一家 #美食探店 #傳統美食文化 #餐桌禮儀,台北市四海一家餐廳！我們三個人都說鹽酥排骨外皮酥脆非常好吃非常酥脆口感也很棒！四海一家餐廳服務人員服務很好！非常親切熱情都笑咪咪！非常的棒！非常的讚！每一位四海一家餐廳漂亮美麗的服務人員服務很好！非常親密親切！非常的棒！非常的讚！我們三個人都說蔥油餅餅皮非常酥脆口感好吃喔！廚房裡頭的廚師做蔥油餅，非常辛苦！上班辛苦囉！下班辛苦囉！過年快樂！新年快樂！🧧🧧🧧🧧🧧！,酸菜白肉鍋的湯很好喝 味道夠 裡面的料也蠻多的 聚餐的好地方,開了50年的老店，東西真的好吃又便宜。環境普通、服務還可以，但重點是餐點本身，吃得滿足，價格也很划算,四海一家的東西雖好吃，但整體有點偏油，吃完後回家會有噁油的情況。 酸菜白肉鍋，包含了魚丸、獅子頭、豬腸和白肉，但白肉偏肥，吃起來就不夠爽口，建議配上他們的獨家醬料，會減少油膩感。鍋內還有螃蟹，難怪這鍋價位不算低，但吃完螃蟹，會有些過敏反應，若有過敏體質，要留心。（這個螃蟹加的有點多餘，因沒有做到提味效果，反而有扣分情況） 蔥油餅有點油，所以不夠酥脆。 合菜戴帽內的豆芽菜與木耳、豆乾絲都很脆，只是味道偏淡、豆乾炒肉絲的味道也蠻淡的。 炸豆腐三明治好看也好吃，外皮酥脆，但內有包香菜，有些人可能會不喜歡這個味道。 服務生們的態度算親近，這是老店難得見到的情形，加分！
ChIJD6Po8jqrQjQRAWmFk3XnIUk,雖然我只有一個人，但還是受老闆的好好照顧（真不好意思）店內真的十分熱鬧，感覺大家都是很快樂且放鬆的在這裡聚餐。餐點也很夠味，要是那天可以喝酒，酒水暢飲的方案真的是非常划算！下次一定會再過去好好吃一頓喔！,喜歡熱鬧的可以去 偏日系沒錯 大家喝開就吵起來大聲講話的氛圍 但食物很鹹、生蠔不新鮮,"生意超級好,一定要訂位. 雖是串燒,但口味一點也不過鹹. 還蠻多特色餐點,建議都點來吃吃看,都很好吃. 剝皮辣椒皮蛋豆腐,2個口味的鹹酥雞都蠻好吃的,豬血糕烤很透,烤飯糰,百頁豆腐,烤茄子,烤豆皮,都好吃. 佃煮的喜相逢,樣子很怪,但是風味和味道很不錯. 醬料也和一般燒烤店不同,醬料中特別提供檸檬汁,說和辣椒拌在一起很提味~ 個人覺得較有問題的是雞屁股,烤得太軟嫩,到了有些粉的口感,吃起來有些怕怕,還是比較喜歡烤到去油,有焦香感的那種. 店員超級親切,店裡氛圍蠻酷的,推推~",餐點在水準之上，尤其是調味的部分確實恰到好處。像本人喜歡的節瓜，醬料不會到太鹹與太甜。烤功也相當ok。不會太乾或不熟，當天老闆也很大方的請了很多酒類，還提供許多遊戲。讓氣氛相當不錯。下次會再來拜訪,最近一個月已經來了三次了 已經是我的口袋名單 用餐環境氣氛很好 服務態度也不錯 適合朋友聚會的好地方 東西很好吃 酒也很好喝 喝酒的氣氛很棒，還有很多的小遊戲可以玩 以後訂不位為怎麼辦？
ChIJD7sYG7SpQjQRVicqpYHeUOg,二訪，這次有把餐點都拍照做紀錄。首推生氣燒跟烤魚下巴，真的很好吃~ 香菇肉燥飯很特別，肚子超餓的人可以來一碗，CP值高！ (小建議：鹽燒豬肉，建議老闆可以再烤久一點，因為是豬肉……還是盡量烤到全熟吧>,都很好吃！尤其是香菇滷肉飯的香菇很厚實，非常厲害！生氣燒很特別，適加入了花生元素的玉子燒。烤雞肉串、烤豬肉也都很好吃，吃得出來有用心的調味。整體來說很好，適合下課下班的聚會。,平日的晚上九點光顧，還是非常多人。 白飯煮的非常漂亮，非常喜歡紅燒肉、魚下巴、牛五花番茄，基本上菜單推薦點點的，點下去就是，海鮮組也非常划算，四品項$350，CP值很高！！雖然店內非常吵，但推！,好吃又CP值很高，花生粉加玉子燒非常爽～香菇肉燥飯的香菇居然是一大朵超多汁大家快嚇死好好吃 XD 店家也很支持本土文化與在地商圈，推推！,看了萬華人貼文來的，服務親切，雞湯可續，推薦創意料理「生氣燒」，這道製作好像比較費時，需要等比較久，但是口感滑嫩不會乾，推薦大家來的時候吃吃看
ChIJDRg6PQCrQjQRF5UBQT_vCSE,在台中美村店吃過覺得不錯，特別帶香港朋友3/1日一起來慶祝自己的生日 可能期待過高，肉質有些不錯，可能服務人員幫烤的時間，香港友人覺得牛舌吃起來不好吃 服務人員有兩個，第二個幫我們烤甜點的先生，服務很好 小插曲是香港友人對餐點有疑問時，服務人員的解釋好像也沒解釋到 明明入座就有提醒有當月壽星，到我們用餐結束 還要我們自己去詢問，不是入座有跟服務人員說，有當月壽星了 服務人員才拿了小蛋糕，盤子甩在桌上，好制式化的問要幫唱生日快樂歌嗎 整個好心情都被打亂 沒有想要再回訪台北門市,這次的用餐體驗雖然中間出現了一些小插曲，但整體服務品質依然無可挑剔，讓人感受到滿滿的用心與專業，無論是餐點的美味程度，還是舒適雅致的用餐環境，都令人十分滿意。 特別感謝服務員全程細心且耐心地協助我們，面對需求時始終保持親切的態度，經理也不時關心每位顧客的用餐狀況，主動提供協助與服務，讓整體用餐過程備感尊重與貼心，真正有種賓至如歸的感受。 更讓人驚喜的是，店家還特地為我們準備了生日蛋糕替壽星慶祝，以及精心手繪的祝福版子，這份貼心的安排不僅增添了滿滿的儀式感，也讓這次的用餐回憶更加難忘與珍貴。 由衷感謝今日辛苦付出的每一位服務人員與經理🙏，讓我們擁有如此愉快的用餐回憶，未來一定會再度造訪！❤️,🔥🔥Jacky、班森🔥🔥的服務真的非常好‼️ 答應你們的用餐小小心得作文來了🤣 2/26 公司聚餐選在這裡，真的非常滿意！ 除了餐點本身好吃之外，服務更是讓人印象深刻。服務生會主動關心我們有沒有吃飽、口味是否合適，讓人感覺非常貼心。當他們得知我們四個人吃了五人套餐還覺得不太夠時，竟然還貼心招待我們一份龍蝦壽司和一份鴨胸，真的超驚喜！ 即使現場客人很多，他們仍然時時留意每桌的需求，處理事情的速度也非常迅速。有些餐點還會主動協助代烤，讓我們可以更輕鬆地享受用餐時光。更可愛的是，在代烤的過程中發現我們想拍照，還特地秀了一段十分專業的烤肉火焰讓我們拍，畫面超帥又超有氣氛，真的很用心😎！ 而且他們除了非常熱心以外，也非常健談，相處起來就像朋友一樣自然，讓整個用餐氛圍變得更放鬆、更自在，完全沒有壓力。 整體來說，服務人員態度親切又專業，細心又周到，讓整個用餐過程更加愉快，是一次非常棒、也讓人想再回訪的用餐體驗 👍,這次前往老井極上燒肉用餐，雖然發生了一點小插曲，因前一桌客人耽誤而稍微延遲入座，但後續的服務品質完全彌補了這點等待。我們這次點的是三人套餐，從入座開始，便能感受到經理與服務團隊的專業與禮貌，面對我們對食材的疑問，人員都能以淺顯易懂的方式細心解說，讓人感到賓至如歸。 餐點由清爽的沙拉與熱騰騰的雞湯揭開序幕，特別想稱讚他們可以無限續加的雞湯，入喉後的香甜回甘對愛喝湯的我來說，簡直是最大的福音。主餐部分的肉質表現相當出色，不僅新鮮度極高，切片厚薄適中且鎖住了豐沛肉汁；隨餐附上的三種沾醬各具特色，但我個人最推崇昆布鹽，最能引發出肉質原始的鮮美層次。 到了用餐中後段的牛肉與海鮮，則由服務人員提供專業代烤。儘管現場客滿，服務生無法時刻駐守桌邊，但他們節奏掌握得宜，隨時都在留意爐火狀況與食材熟度，確保每一道珍貴食材都能呈現最佳口感。雖然最後的甜點部分顯得中規中矩，尚有進步空間，但整體而言，老井的服務細節與食材水準，依然使其成為聚餐時非常優質且值得推薦的選擇。 可以加強的地方：希望消費可以折抵停車，而非下次消費換肉品。,餐點品質和服務都沒有話說！ 從在外面後位的時候， 就會適時關心和照顧客人， 入座後， 也會時不時詢問， 餐點和口味上是否需要調整， 尤其選擇生日的時候來用餐， 還會給蛋糕和畫盤！
ChIJDY3p2retQjQRulLVrOQw7G8,從前菜到甜點，每道都滿好吃的！餐點選擇很多元，也有2人/4人套餐可以選擇，店員服務也很好～會想回訪嘗試其他餐點！ 前菜首推泰式酸辣小卷，酸酸甜甜的很開胃，小卷也很嫩 主餐選了蒜辣牛肉義大利麵，可以選擇細麵和寬麵（照片中是寬麵），蒜味超級世界霹靂濃郁，比預期的辣一點大概有小辣的程度，牛肉七分熟吃起來也不會太老，有種油香味 唯一不是那麼推薦的餐點是薄餅，餅皮有點乾硬,雙人饗宴，餐點水準以上，上菜速度很快，雖然價位稍高但算值得探訪！ -核桃麵包/主廚濃湯：麵包的香蒜醬很好吃，玉米馬鈴薯濃湯普通。 -干貝佐松露：松露味道不太明顯，但現煎干貝鮮香味很棒。 -蒜辣牛小排義大利麵：小辣偏中辣的蒜醬，牛排選五分熟但覺得稍韌。 -墨香中卷義大利麵：海鮮料豐富，中卷蝦子干貝新鮮，墨魚醬濃郁，整體推推！ -紐約起士/香橙牛奶巧克力蛋糕：蛋糕都好吃，香味濃，香橙牛奶巧克力蛋糕酸甜味道搭配脆片口感很讚。,⭐️雙人饗宴套餐 $1780 》核桃麵包、玉米馬鈴薯濃湯 》鮮煎干貝佐松露 》青醬牛小排燉飯 》蒜香奶油鮮蝦義大利麵 》甜點：蒙布朗、香橙牛奶巧克力蛋糕 ⭐️葡萄優格水果沙拉 $370 ⭐️香蕉oreo巧克力冰淇淋麻糬鬆餅 $300 在內湖科技園區內的人氣餐廳，餐點主打義大利麵、燉飯、早午餐等 雙人套餐的份量非常足夠，三個人分也很剛好，加點的葡萄優格沙拉清爽，水果分量足夠，搭配腰果核桃等味道豐富，是大人小孩都喜歡的前菜。開胃菜的部分相對來說比較普通，新鮮的干貝搭配一點沙拉，但干貝和沙拉本身沒有合在一起，算是稍微可惜的一道 主餐的部分青醬牛小排燉飯米心軟硬適中，帶點嚼勁的牛小排搭配燉飯一起入口，慢慢咬會讓濃郁的青醬在口中散開，喜歡青醬的朋友很推薦。另一款蒜香奶油鮮蝦義大利麵名符其實，蒜香濃厚，伴著奶油醬汁和五隻去殼的大蝦，是重口味的朋友會喜歡的一道料理，小缺點是蒜味真的很重，要約會或是比較注重形象的朋友可能就不太推薦拉 最後的甜點選了蒙布朗和香橙牛奶巧克力蛋糕，兩個調味比起主餐略顯普通，口味上來說蒙布朗更甜，是不難吃但也不會驚豔的安全牌。額外加點麻糬鬆餅上的巧克力冰淇淋非常濃厚，鬆餅裡面夾著麻糬軟Q又不會過乾，胃口大的朋友推薦可以點著一起吃喔,"座位算多，感覺是綜合西式美食，有美式brunch，義大利麵,薄餅pizza，西班牙燉飯，食物質量好！ 當然價格也是中上，註冊會員可省100元。",捷運西湖站附近，店內寬敞明亮，內用的座位很多，平日晚上客人不多上菜的速度非常快，每道菜份量跟口味都很不錯，比較可惜的是服務人員有點狀況外，不太知道怎麼招呼客人和整理桌面
ChIJDac_FEmrQjQRWFjYb8KNK3Q,義大利麵和松露奶油野菇燉飯的份量都不小，整體表現算是中規中矩。比較可惜的是，燉飯上另外加點的「香煎雞肉」口感不佳，肉質偏粉，少了應有的彈性與多汁感。 主餐升級套餐的沙拉清爽開胃，濃湯則喝起來有點像在 Costco 買的罐頭濃湯風味，不至於難喝，但對我們而言少了些驚喜感。牛肉漢堡吃完後印象不深，整體記憶點不高。 當日餐點中炸雞最讓人驚艷，外皮薄脆、肉質非常多汁，調味剛好不過鹹，還能吃得到雞肉本身的鮮甜與紮實口感，是當天表現最出色的一道!!,"1.紅辣椒辣味漢堡＄524 單層/切半|可口可樂（ZERO）（+40） 每日小沙拉＋每日主廚濃湯（+140） ＋蛋（+30）/+蘑菇（+35） 台灣小吃店會有的辣椒油那種，所以整體吃起來偏台式的美式漢堡、，味道被辣帶走了建議第一次可以嘗試經典美式漢堡，生洋蔥偏少，覺得可惜 2.美式紅酒蘑菇起司漢堡套餐＄459 單層/切半|飛想茶（檸檬紅茶）（+40） 每日主廚濃湯＋每日手作甜點（+140） （（當日：海鮮巧達濃湯|布朗尼）） 味道滿特別的，但也是偏台式 有點清爽，有點複雜不知道怎麼形容的味道喜歡嚐鮮的可以試試 濃湯溫度很可以（非常燙，個人覺得湯就是要喝很燙的！）喝起來的口感跟味道跟Costco的蛤蜊濃湯很像但很好喝！！！ 布朗尼口感比一般的還要黏牙，不綿密 這次都選單層加套餐，但吃的非常非常飽 套餐飲品可無限暢飲，奶昔、果昔需另單點菜單還有義大利麵、燉飯（份量看起來很多）炸物、美式餐點肋排等 香草牛奶奶昔 ＄160 跟美國當地比偏小杯台味道淡偏水 喝起來感覺真不像在美國那麼的極附罪惡感 1,143 服務😐 一次性手套/水/黃芥末醬/tabasco 自助",氛圍很棒的一家漢堡餐廳，店內的用餐環境不錯，店員的服務也很親切。 西部牛仔洋蔥圈漢堡279元，美式雙層起司辣味漢堡339元。漢堡皮處理的很不錯，用料也很新鮮，搭配上美味多汁的漢堡肉，整體的風味非常的均衡，個人覺得很不錯；不過我覺得比較可惜的是份量沒有到很多，雖然有附薯條也很好吃，但是吃起來大概6分飽。 另外有點焦糖蘋果派加冰淇淋135元，味道還不錯，聽說正宗的蘋果派就像如此，蘋果派與餅皮搭配著奶油與冰淇淋，層次真的很棒~ 現金付款無發票。,美式漢堡超級推薦 漢堡肉多汁厚實 但是義大利麵是真的難吃 麵跟醬是分離的 麵吃起來粉粉的 雞肉有騷味,招牌漢堡牛肉多汁，來不及拍照就吃光了！好炸雞也是皮薄酥脆雞肉還有雞汁！環境很適合朋友聚餐看運動賽事👍
ChIJDcbHlEipQjQR15zhkJX0LO4,踩雷了！沒有仔細看評論，只看到有4.4 分就進去吃，點了商業午餐的鰻魚飯$580，吃到的內容和菜單有很大的出入，海鮮沙拉變成綠花菜，魚骨味增湯沒有魚的味道，非常淡又沒味道，手卷普通，主要是鰻魚飯應該是調理包加熱，非常小非常腥，旁邊放很多薑片和醃菜來充場面，吃到一半我就不想吃了，很雷很後悔，家人點的生魚片尚可，但份量也是很少，甜點選了蕨餅，但說沒有，用紫米紅豆湯代替。很無奈的踩雷經驗，商業午餐兩人付了1040，我覺得只有大約6、700 的價值。,點了不可能的商業套餐，內容有：花椰菜、洋蔥鮭魚捲、蘆筍手捲、味增湯、鯖魚、飯、紅豆紫米湯。價位只要360元，CP值很高！留評論還送生魚片，讚！🐟,來花博逛市集、順便跟朋友約吃飯、看到這家日式料理感覺很不錯就來吃看看、店面空間精緻小巧、座位不多、建議打電話預約一下比較好！ 這次吃商業午餐「紅酒蕈菇牛肋」調理的非常好吃、龍蝦手捲也很讚、還有燻鮭魚🤤打卡還有送生魚片😋只是闕餅沒有我想像符合我的口感跟味道😂 畢竟主要是吃日式料理、整體來說還是非常好吃的！是我喜歡的味道😍,鰻魚飯裡的鰻魚，吃起來真的是批發鰻魚再加熱，非常不專業，要價600，要點的認真要三思，請避雷！！！過年期間，會多加10%服務費，鮭魚明太子壽司捲不錯,這間壽司店真的很棒！🍣 食材新鮮美味，口感道地，而且擺盤非常精緻漂亮。店面小巧溫馨，讓人感覺十分舒適。地點便利，很容易找到。服務人員熱情親切，上菜速度也很快。有機會我們一定會再來享用！💯✨
ChIJE1T0HLqrQjQRiTd_HoSvC1Y,優：氣氛歡樂，用很多古玩具裝潢 缺：有五星活動，Google maps平均分數失準；服務不夠友善積極；許多豬肉、雞肉燒烤料理調味寡淡，例如豬五花水蓮卷、手羽先 推：牛五花起司捲 (牛味足夠，調味夠味，烤到些微乾脆，跟起司濃稠感及奶香相當搭配) Ok：炸豬排 (肉排夠厚，口感偏紮實但不乾不硬；底部有少量生菜，頂部淋上經典豬排醬，沒有加分；整體份量充足，豬排品質不差) 蛤蜊湯 (蛤蜊不少，新鮮度不錯，湯底重白胡椒味) 小魚干豆乾 (冷菜，小魚干尺寸足夠、有肉感，豆乾仍有豆香，但整體調味過鹹),社區居酒屋很熱絡，有親子，好友，夫妻適合各式各樣的搭檔，沒啥壓力，口味不錯，尤其是串燒類，清酒順口。,無意間走進來的小店，竟然讓人驚喜！ 烤羽與蛤蜊絲瓜都非常好吃，味道剛剛好、不會過鹹。 店家招待的豆乾小魚小點心也很有心意，感覺得到用心。 整體用餐環境舒服、餐點美味，以後一定會常來！😌✨,餐點還ok~最好吃的是喜知次！烤魚烤的很棒～,一開門就有一隻哥吉拉瞪著你，還有哥吉拉清酒、喝台啤的哥吉拉，滿滿的哥吉拉氛圍。菜單是道地的居酒屋料理，烤香菇非常多汁，烤雞皮香脆，炸豬排厚實外酥內軟，一夜干烤的鹹香，烤雞胸肉串肉質偏柴，鮭魚親子炒飯也偏硬。料理口味重鹹，畢竟居酒屋就是要配酒的。
ChIJE5WLUEKpQjQRJclmSUePuLM,這家我已經回訪三次， 以後也是我的愛店，魷魚超級好吃！ 雞肉也好吃，他的辣椒很讚！ 每次來都要等40分鐘～,這次購買潑辣雞、魷魚圈、百頁，真心推薦魷魚圈（無敵爆炸好吃），超新鮮且肉質Q彈，像剛從海裏現撈的一樣！潑辣雞也超好吃！跟一般鹹酥雞不一樣，近期最愛的炸物就是這家了！,看到gomaji上有 來試試看 要等30分鐘蠻久的 店裡面可以等一下 不然外面風很大 我選孜然口味 超好吃 我覺得甜不辣最讚 蔬菜偏還好 啊豆皮也超酥很讚 鹹酥雞很多隻！ 不過包裝蠻多簡體字是稍微不是那麼喜歡的,可以用Line預訂很方便 備注可以講口味 東西真的好吃 推薦來吃 老闆人也很好,已多次回購，好吃唷，尤其是魷魚圈，大推!!! 無骨雞排也很讚~~
ChIJE63C8fypQjQRocBKJlXHlC8,餐點非常好吃，很適合想要嚐異國風味的美食，可以來試試,星洲炒米粉偏乾，感覺是咖哩粉下去炒，餐肉蛋飯真的就是餐肉，蛋，和白飯，以價格來說偏高,店內用餐空間偏窄但不擁擠，入座會送上熱茶。主食選擇多，比較可惜的是點心類品項選擇較少⋯⋯ 滑蛋牛肉飯$160 鹹甜醬汁超下飯，炒蛋給的很大方。牛肉很嫩。會讓人忍不住一口接一口吃完！ 糖醋魚片飯$140 魚片很嫩很軟，糖醋醬酸酸甜甜的配飯吃很讚～～旁邊的高麗菜偏清淡，感覺很健康。 鮮蝦腐皮卷$145 外皮酥脆，裡面有滿滿蝦仁、韭黃、香菜、筍絲、馬蹄粒。意外的驚豔！！！好吃到眼睛會為之一亮✨,民權西路捷運站附近的港式餐廳 裝潢濃濃港味 走道不大但座位不會擠 一入座就送上雞湯和茶 雞湯順口暖身 招牌滑蛋叉燒飯必點！ 滑蛋煎得熟度完美 軟嫩配飯口感極佳 叉燒調味重有嚼勁 另一個招牌西多士同樣必點！ 奶油糖漿配上花生醬炸吐司麵包 真的超級美味超級罪惡熱量爆表但超爽🤤 港點腐皮卷鮮蝦餃也都好吃 燒賣偏普通可以不用點 比較可惜的是檸檬茶不是港式棟檸茶而是台式檸檬紅茶的味道 店內很多道地香港風格裝飾 想必老闆一定是堂堂正正的香港人！ 香港加油願榮光歸香港！🇭🇰,好久沒吃港式茶餐廳了，經過此家接近打烊前，趕緊進來滿足一下。 點了一些茶點及兩樣主菜，口味都很道地，結帳時帥氣老闆也是一口香港腔，服務也很好，會再找時間帶親友來吃。
ChIJE9VkEfupQjQRDV-R2oV0w70,前陣子因為出差回到台北，下火車的那一刻突然很想念酸菜魚的味道。朋友之前推薦過台北車站二樓的「荖荖酸菜魚」，於是就順著直覺走上去試試。這次點了有微辣的個人獨享鍋（還特別請店員減辣），湯頭酸香舒服，不會刺激到失控那種，入口後的辣感是在舌尖慢慢展開的，很有節奏。一人份量剛剛好，暖胃又剛好填滿一天的空檔心情。我另外加了皮蛋麵，Q 度跟香氣很加分，配上魚片的鮮嫩挺合拍；鍋裡再放一點金針菇，味道更圓潤。 店內有提供熱茶，旁邊放著陳皮、洛神、梅子，可以自己調配味道，這小細節真的很貼心，也讓等餐的時間多了點儀式感。 套餐的小菜有小黃瓜、醃漬蕃茄和豆干，清爽的酸甜剛好能平衡主鍋的酸辣，吃起來不會膩。餐後附的仙草凍也很解味，下次我想換試看看粉粿，感覺滿有潛力。 服務人員不多，但負責帶位的黑框眼鏡店員態度很好，詢問菜色時回應清楚又有耐心，讓人感覺被妥善照顧。非尖峰時段來用餐，環境安靜、座位間不壓迫，一個人吃鍋也能很放鬆。 一鍋酸菜魚，把疲憊感沖淡不少；若你剛好在台北車站附近，想找一份暖胃又暖心的小確幸，這裡真的可以列入清單。,來這家第三次了，我在大陸常吃酸菜魚，所以吃的出正不正統這一家味道跟大陸有名的太2酸菜魚差不多，雖然我有吃過別家比太2更好吃的水煮魚片，但是太2的程度已經算很不錯了，而且在大陸很有名😆之前久仰刁民已久，最近跟朋友嘗試過了🥺刁民姥姥都吃過的朋友跟我的想法一樣，另外一個朋友吃過澳門的太2也跟我想法一樣覺得姥姥比較好吃，勝過刁民。這家味道夠正宗夠好吃，刁民味道不夠重不正宗沒有椒麻味不知道為什麼這麼有名？強烈推薦姥姥包括飲料也是，洛神花茶陳皮跟酸梅自己拿調配，喝得好過癮😆,這真是被酸辣魚耽誤的飲料店！ 酸菜魚湯頭中規中矩，還是比較喜歡刁民的刺激感，不過食材還是新鮮的，魚肉也沒有甚麼土味 他們家的無糖高山茶和奶茶巨好喝！！ 完全勝過90％的飲料店 Brew得剛剛好，更是香氣十足 奶茶也不遑多讓，點了微微，perfect! 油條也是另一個值得推的 口感比較像金門的油條，較紮實，點一點砂糖真的很對味 不誇張，最後我們又外帶了一杯高山茶，呵呵，開心！,辣和不辣的酸菜魚味道都很麻很辣，沒有要配合一般台灣人口味的意思，跟我在中國和海外吃到的類似還不錯。 $20Q米比不上自己蒸的牛奶公主米。 自己用原料泡的洛神花茶很特別。 男店員台式服務，女店員中式服務。 一個人想吃酸可以來，人多的話海底撈或青花椒可能整體上更值得。,🐟可以單人份量的酸菜魚，不用等太久相對方便許多，雖然價格比較不cp，但用餐環境乾淨，味道也ok，所以還是很不錯。 櫃檯門口的戴眼鏡男生店員帶位和態度都很好，值得鼓勵！
ChIJExaV59OrQjQRPTswyqFCMIg,想說跨年夜跟小孩來去口袋名單吃，結果7點快8點都開店至少2、3小時了吧？想喝湯發現到底了！沒補？雞腿味道不太好結果兒子沒吃完！香腸~知道現點現做要等，可也等太久....9點左右才上桌，中間還聽到廚房問櫃檯說：香腸去了嗎？最後先生看到別人抽獎就說我們也可以抽獎阿！原來我們被忽略了！甚麼？！？！跨年夜居然開店，開了怎麼是這樣對待懷著開心的心情進去想好好享受用餐時光的客人，有種既然不情願就不要開店不是更好嗎~的想法==,第一次來吃，之前來會常常沒開，可能要注意一下營業時間。 有味增湯自取，滿500送小菜。 炸年糕好吃，但是烤物雞心、香腸都很乾硬、主食松阪豬也很柴、牛小排還可以，250的主菜份量都很少，烤物雞腿肉還可以，但還是很少，一串都七八十，原先菜單照片以為是兩串一份，女生也吃不飽，希望主菜份量增加，品質真的要努力。,店家在萬芳醫院捷運站對面，藏身在二樓。 消費可以抽獎，1060元抽了三次獎，抽到雞肉串和烤豆皮的兌換劵。 這次點的起司熔岩牛肉丼口味搭配上讓人滿足，也有烤物和炸物，建議店家可以增加生啤酒，感覺會是很理想的下班小酌、聚會好去處！,丼飯份量十足，內附配菜是牛蒡絲與毛豆，也有免費的味噌湯可以喝。額外送的小菜則是炸皮帶魚，相當好吃,吃松阪豬丼飯 松阪豬很好吃。個人覺得洋蔥的味道可以淡一點 會蓋住其他的味道。味噌湯也好喝。但最喜歡的是店員的態度都非常親切，店內用餐氛圍放鬆舒服。日文歌也好聽
ChIJF50nBQCpQjQRRgV92GsnEqA,好吃的紅燒牛肉麵，特色二條粗大牛腱肉燉煮到極度軟嫩、搭配硬彈口麵條以及微辣紅燒湯頭協調性很好。 還能進步的是湯頭比較多醬香，中藥香料味較弱。,紅燒牛肉麵很不錯，湯頭鮮美，沒有豆瓣醬奇怪的味道 麵條雖然是陽春麵，但煮的剛剛好，口感剛剛好 牛肉軟嫩入味，給的也大塊 附餐的糖心蛋跟干絲都非常好吃 不過價錢真的是不便宜， 就算是當成點一碗麵加兩個小菜還是覺得小貴 有點可惜就是...,開幕時就來吃過，肉超級軟嫩，牙套妹我也能大口吃肉~回家後齒頰留香回味不已；我家女孩兒晚上睡覺做夢還夢到大口吃牛肉麵，睡醒跟我說好想再吃喔~ 好不容易今天又找到時間，忙碌的日子、冷冷的天，真的好想吃“牛肉湯餃”，於是我們又來了！！！ 咬了一口，媽啊~真的是“夢中情餃”耶！！！ 牛肉餃超扎實，一口咬下，肉汁噴出來~搭配紅燒牛肉湯，天阿~這會再度夢見大口吃湯餃啦！！！ 小菜每一項都非常可口，調味超適合搭配微微辣的紅燒牛肉湯~通通吃完一點都不想留下來~ 好吧！我說的再多都不及你來吃吃看~快來~,位於萬華火車站附近店家美食，這次點了皮蛋麵套餐、溏心蛋、紅油鮮蝦餛飩、小菜⋯⋯，麵體滑順有嚼勁滿滿的皮蛋香～真好吃，鮮蝦餛飩很飽滿加上特調醬汁～味道口感層次很豐富，老板人也很客氣，還分享了烏龍清茶～順口好喝👍⋯⋯期待下次再來品嚐沒點的美食^_^～哈,牛肉麵半筋半肉超喜愛吃的，皮蛋麵也超好吃很喜歡。位於萬華火車站附近走路3～5分鐘很方便。吃飽後可以到附近走走散散步，到龍山寺拜拜逛逛，有台灣三大寺廟之一很有名，還有剝皮寮文創區也有很多可以逛逛。
ChIJFRwCvjitQjQRIUW3FrHbvlw,義大利麵就是要吃到新鮮的蒜，還好一開始的時候沒有點大蒜辣椒我點了白酒蛤蠣，因為有爬過尾就有看到他們總理份量比較少，所以就有加45整理的價格也是蠻低的，但是在味道上跟份量像可能…店裡面偏愛座位沙發區有給狗做的，他會貼先問有沒有需要狗狗的水碗狗狗可以做沙發對狗狗來講是很有善的地方 但是食物不太,義大利麵好吃，筆管麵體軟硬適中，味道也好。喜歡自助區提供飲水與醬料，整體裝潢氣氛好，也算整潔。生菜沙拉單點$60，份量非常少。可以體諒生菜成本高，份量如圖，也許有人能接受，但我不太行。和風醬味道不錯，菜也都新鮮，唯一問題在份量。如圖所示，照片是完全還沒食用前拍的，菜五片，其中兩片不到手掌的一半大小😅,臨時決定要外出午餐，剛好搜尋到這家寵物餐廳。 旁邊就是Times停車場，僅有4個車位，不過很幸運停到最後一個位置。 舒服的空間，和氣又勤快的服務生，進門就先給狗狗🐶水喝，網路點餐後餐點很快上桌。 青醬奶油煙燻鮭魚燉飯，鮭魚鹹香入味，米粒悶煮稍微過爛（我是米心派），整體而言算是味道不錯。 奶油蘑菇嫩雞，雞肉軟嫩入味，奶油蘑菇醬香濃可口，非常好吃 加點的沙拉份量小了些，但甜橘味道甚好，回味無窮,義大利麵還不錯，屬於醬汁較少的，但蝦子個人覺得吃起來像發泡蝦。他的蛤蜊就很大顆很新鮮好吃。推薦蛤蜊類。 內用可以額外付費加料蛤蜊、蝦仁等。 墨西哥蝦仁麵的孜然味滿重，跟我想像的稍微不同。 狗狗很可愛。也很乖,這是一間寵物友善餐廳，可以帶心愛的寵物前來一起用餐，除了人吃的東西，店家也有準備一些寵物的餐點，在瑞光路的巷子裡面，旁邊就是公園，不算難找。 從店門口是看不出來，裡面有這麼寬敞舒適，沉穩舒服的環境，很適合帶著寵物來消磨一餐，一個下午的感覺，店狗，感覺有點害羞，很怕人的感覺，其他，其實不太清楚店家自身常備的看門寵物是哪些。 餐點的部分，算是價格合理，微微的偏貴，不過在這一曲也算還可以接受，口味相當不錯，份量算中等，但是因為用的盤子很小，所以看起來會覺得份量有偏小的感覺。 義大利麵，和燉飯都蠻好吃的，炸物很弱，湯普通，有機會還是可以再去試試其他菜色的。
ChIJFYxL_1upQjQRjGl7CEUZE-g,台北美味小館 真的是很美味 每一道菜都很好吃 是很厲害的小館子 消費也不高 獅子頭跟拳頭一樣大 而且內餡鮮嫩好吃 女生吃一顆就飽了 苦盡甘來是甜的苦瓜 一吃就很想配稀飯 金沙中卷像鹹酥雞 味道很高級的鹹酥雞 真的很適合聚餐 尤其喜歡中菜的 這間店必吃 #台北美味小館 #中正區美食,台大醫院附近 在龍門客棧旁邊的台北美味小館 招牌菜色 上海菜飯 、獅子頭砂鍋4顆 （巨無霸） 今天也是跟朋朋的一支會 日本福岡氣泡（Pinor 巨峰葡萄🍇混釀） 義大利米蘭氣泡 喬治亞橘酒（MyLOVE)（我的入坑之作） 西班牙#tempranillo 北義#barbera 葡萄酒友善餐廳 一桌$250 自備杯子,食物CP值很高！獅子頭真的很特別，週末人流不少，建議提早訂位！,砂鍋魚頭跟獅子頭是招牌菜，但個人不喜歡他們的獅子頭～太過紮實了！ 苦瓜也算一絕！我第一次吃到整顆（完整）苦瓜料理！而且不苦～,非常適合聚餐的店，我們是帶外國訪客來 是很能體驗台灣口味的店家 大推招牌「獅子頭」跟「菜飯」 當天是中午來，也接近滿桌 聽說生意很好，晚上可以喝酒，人會更多 每道餐點口味都很不錯，而且上菜很快 算是經典台灣合菜餐廳，推薦來聚餐！
ChIJFekkptgBaDQRNxL7DbKmF8E,有鍋燒麵跟日式丼飯，鍋燒麵一份170是不便宜，但還好是好吃的。飲料自取，是檸檬紅茶。溫泉蛋跟花椰菜份量滿足的，就是牡蠣稍嫌小顆了點。大致來說是美味的一餐，可以再來。,雖然在遙遠的文山區 和伴侶從交往的時候查到的好吃鍋燒意麵 一直吃到結婚懷孕生子 每次都騎車騎非常久才能到達 但非常感謝老闆 謝謝你讓我不用到更遙遠的嘉義就能吃到 真的非常幸福 鍋燒意麵 真的太好吃了 從好幾年前以前吃到現在 配料有些不同 但不變的是每個食材都特別講究 就像是把各個領域的美味專家 一起請到鍋子裡面跳舞 並且烹調的恰到好處 別於其他地方的口感和香味的炸蝦、豬肉片 層次豐富的九層塔丸 入口即化的溫泉蛋、年糕 原本只出現在烏龍麵裡的香甜的豆皮也被邀請 口感十足的鍋燒意麵 我最喜歡的香濃牛奶湯頭 讓我對這份美味的情感也層層堆疊 非常難忘 大家一定要吃吃看唷！ 今天吃的時候店內剛好播著伍佰的last dance 我不禁想著 如果聽著這首歌穿越的時候 可以回到這麼美味的鍋燒麵店 也是非常幸福的呢！,［上菜速度偏慢，價格中上，味道還行］ 平日中午12.一個人來內用 店內只有2-3桌有人 鍋燒意麵居然要等25分鐘 首先這個速度就覺得非常非常不OK… （發的同時，🍜還沒來） 沒有半小時等待時間的人 可以選別家🥲 補 上菜了： 另外，蛋沒有熟～直接變蛋水，可能要再煮一下才行xD 原味鍋燒170 炸豆腐50,疫情期間就叫過他們家的鍋燒意麵，真的好吃而且料很多。他們有掌握到一個訣竅就是意麵不能太軟，所以他會有一半泡在湯裡一半在外面。,手上有刺青的金髮女店員態度有夠差，一進門菜單甩給我，我以為她是外勞所以我沒跟她計較，我也不敢走進去，她沒講話我以為要點完餐才能入座⋯⋯結果結帳時故意問她有沒有載具才知道她是台灣人，她也很冷淡回我：沒有。東西上來還真的沒有很好吃，失望的不只有食物，還有店員態度，真的可以不用那麼冷淡，謝謝。
ChIJFyCtdQGpQjQR4djMX1rPQPs,480的滷味拼盤很一般 沒什麼特色 牛肉也一般 湯麵就是麵+湯 餐點選擇不多 調酒感覺就是在亂搞 調酒名字自以為的風趣 非常不推薦 巷口賣的陽春麵+滷味 可能加起來300有找,低消一杯飲料，現金結帳。 滷味和調酒的店，調酒ㄧ杯320起，滷味ㄧ小盤80起。 特製乾麵很好吃，這個必點，豬血糕也不錯，滷味拼盤就比較普通，口味偏死鹹。 中場還有贈一小杯shot給每人一杯。 整體來說氣氛很熱鬧，有點吵但是聽的到同桌的人說話，但價位不便宜下次會再考慮,整間店的定價完全不太懂 貴的好離譜 低消是兩杯飲料 菜單標示不清 滷味拼盤有什麼 攪和攪和又是什麼 想問店員 店員好像也沒注意到 一直在廚房聊天 晃來晃去 滷味拼盤 480沒什麼東西 （豬腱肉/雞胗/豆乾/貢丸/海帶）貴到荒謬了⋯而且就很普通的東西 烤餃子好吃 醬料很讚,餐點味道不錯，價格偏高，內用低消需要一杯飲品，因當天騎車所以喝了無酒精飲料，所以只喝了可樂，但店裡的燈光太昏暗，所以看菜單還有一點吃力。內用不收服務費。只是講話聊天因為環境吵雜會有一點吃力就是了。,餐點真的如google評價上的。 麻辣鴨血不好吃， 牛肚整個鹹到我不太想吃😥😥 炸餃子🥟還行， 素雞有黃瓜點綴也還不錯👌🏻 上次來的時候有吃乾拌麵， 印象中是好吃的～ 酒的部分這次喝了3隻猴子🐒🐒🐒 就一般的威士忌， 店員有很貼心的問我要幾顆冰塊，然後拿了水讓我自己加😊 上次來因為客人比較多所以只剩中間的小矮圓桌可以坐， 但是這次店內只有一組客人， 還是不給我們大一點比較好坐的位子，這點比較不ok。 確定會因為餐點的部分不在考慮來這小酌了🤣
ChIJG3lCC6mpQjQRjdUJV4xltuQ,餐廳在華西街內，東西都是現炒的，口味清淡也不油膩，吃起來不太像快炒店。 價位比較偏低，但兩個人吃起來份量是可以，可以多點幾道菜，但白飯就比較大碗。 味道中規中矩，有一點像家裡煮的菜。鹹度 辣味 口味都很淡,以前經過，看到座位全滿。這次同親友來試試。室內座位較擁擠。上菜快速，一般館子常見的菜色，這裡的價錢也差不多。口味是主觀的，這次點的菜，親友覺得合口味，其它菜色沒試過，就不清楚了。如果下次經過，剛好有空位，不必等待情況，就會再訪。,餐點真的偏鹹重口味，實際上可能是適合飲酒的熱炒店 物價偏貴一點，桌子都黏黏的沒擦乾淨，如果要正常用餐我不會選擇 在熱鬧的街道華西街裡面，是可以體驗古早街景,這是間算較平價的快炒店， 只是空間不大，桌與桌的間距稍微擁擠， 用餐區分為內外兩部份， 因為有供應酒的關係吧， 所以，坐在內部用餐， 若碰到了喝的儘興的、太嗨的 還真覺得太吵😰 ❇️炒羊肉~肉挺少的🤔，口味一般。 ❇️蚵仔酥~蚵的外面的粉太厚，沒感覺蚵的味道 ❇️炒牛肉麵~麵條入味，還不錯吃 ❇️薑絲大腸~腸有點軟爛，沒客家的酸味。,晚餐時刻隨意走進華西街，看到這家店鋪古典的招牌，就覺得這家應該坐下來。點了排骨炒飯、羊肉炒麵、炒箭筍與豬肝湯，每樣都令人驚艷。炒飯香氣十足、排骨入味好吃、炒麵醬汁濃郁、豬肝湯好喝且嫩，台式熱炒的精髓都掌握到了！但炒菜的阿姨只有一人，出餐要等一下，趕時間下次再來。我會帶外國友人來這裡吃飯、體驗台灣熱炒的美味
ChIJG5BF5JSrQjQRlC48QVBNydk,蠻喜歡蜜黑醋也在雞肉定食 酸酸的醬很開胃！ 日式炸豬排煮定食也不錯 但整體偏鹹 白飯湯都可以續 很下飯可以吃很飽🤭,鮭魚丼的份量稍微少了點，提供的醬汁斟酌倒，不要倒太多很鹹，比較讓人驚艷的是一口壽司，鮭魚卵意外的沒有腥味，且吃起來甜甜的，相當不錯,2026/2/7 豪華煮定食（豬）$360，炸豬排、豬肉片、炸蝦與蛋液與丼飯醬完美結合，搭配粒粒分明的越光米，相當下飯。 白飯、味噌湯及醃蘿蔔都能免費續用。 環境舒適明亮，店員會主動詢問倒水。,餐點好吃！定食套餐附白飯、味噌湯和醃蘿蔔都可以免費續，最多20份 假日下午已過用餐時段還是有不少人，還好店內座位夠多，沒有訂位可以直接入座，服務員都客氣有禮，之後有機會會再來用餐,一口壽司和茶碗蒸真的蠻驚艷的，但是主餐的親子丼就顯得有些平凡無奇，我想可能也沒什麼人會在這邊點親子丼吧，但整體還是可以感受到日本的おもてなし，可以理解日本到處都有的平價定時來台灣變成高級料理了
ChIJG5s_KO6pQjQRBlrh8GPJHP8,鹹食大致OK， 但是生牛肉點的第二盤都是 碎肉跟肥肉，很掉漆 甜點也不建議點，過甜😣,之前去過ABV的南洋餐酒館，很喜歡，也有一定的水準，這次因為家人喜歡日式料理，所以慶生就選擇ABV日式居酒館，結果超失望...除了照燒牛肉燒和青蔥肥腸串還可以接受，其中一道火烤辣味噌鮮魷，難吃到爆，根本不是現烤 ，送上來時不是熱的，也沒有火烤過的香氣，懷疑是冰箱拿出來微波的魷魚🙄。 還有點餐時服務生態度極差，環境又悶熱，也是此店很糟糕的部分。,預約定了6:30前往的時間到達的時候其實是有空位的，但服務生說不能入座因為有其他人預訂，結果我們這次確認其實有兩桌同時都是6:30預訂經過溝通才願意把其中一桌讓我們先行入座（我們提前15分鐘到達，我覺得是服務生的腦袋不夠靈活沒有想到可以讓我們先入座另一桌客人其實可以等時間到而原本的客人離席之後直接讓他們入住)還好同樣的服務生後來來的服務品質還算不錯，但也有人會假裝沒有看到我們舉手的需求 再來說說這家餐酒館的菜色，老實說很普通，沒有讓人驚艷而味增牡蠣鍋這是鹹到爆炸，不知道是不是因為味噌本來就是重口味的關係；另一道鍋物雞肉為主，就相對是比較安全，但是吃到後來也是比較重口味，恐怕要加湯，才能夠覺得比較適當，其餘的大阪燒或是烏龍麵等等都很普通 如照片當中所有的餐點及三瓶啤酒結帳下來這樣的份量是四個人使用女生的話是剛剛好價格是$3700有找；不算便宜唯一的優點是網路可以訂位離捷運站不算遠，然後就在飯店旁邊，所以也蠻多老外會進來來用餐供大家參考。,餐點都很好吃， 雖然啤酒沒有鮮榨， 但都相當有特色。 與好友相聚，啤酒、美食， 暢飲聊天，人生快意～,我很少替餐廳寫評論，但今天在ABV的體驗實在太好了，一定要寫評論。從入座到離開，整個過程都因為Alex而變得特別難忘和舒服。 他細心介紹菜單、分享酒品口味，服務自然又周到，還會恰到好處替我們整理桌面，卻不打擾我們聊天，感覺像老朋友在招呼。我們發現他招呼每一桌客人都是如此認真！這份專業和熱情真的讓人驚艷。 餐點完全沒雷，明太子起司玉子燒、牛肉大阪燒、獅魚稻草燒、燒雞肉串每樣都超好吃，啤酒選擇多，都是Alex的推薦，非常非常好吃！這是我在台北最舒服的一頓晚餐，下次一定再來，也會拉朋友一起！Alex，謝謝你讓這一晚這麼難忘。
ChIJGUQiXkmvQjQRo59OxREZD-I,先說結論，第一次用餐，應該不會再來了。 是衝著有送龍蝦的活動才來用餐，沒想到送來的龍蝦不是呈現新鮮的紅橘色，而是已經變成詭異的暗咖啡色，肉質偏硬，令人失望，不管是任何理由造成龍蝦變成咖啡色，是不是都不應該送上桌給客人？ 松葉蟹腳拿起來時輕輕的，果然，蟹腳裡面空空的，沒什麼肉，蟹腳內僅有的肉又乾又 柴，這種品質的松葉蟹腳還擺上餐台，餐廳是不知道還是裝傻，硬要湊數？ 干貝是唯一的亮點，符合餐廳該有的水平。 其他的熱食、生菜、水果、冰品等種類不多，像是semi buffet的規格，很快就可以吃完一輪，剩下很多時間可以烤麵包吃。 餐廳的環境很好，空間挑高，採光明亮，因為用餐客人不多，也不會太吵雜，服務生妹妹很盡責。,旅展餐券約1100元，12月底前平日晚餐送一隻龍蝦，這個價格是划算的。菜色雖不多，但有幾項很不錯。 生食區干貝新鮮會甜； 龍蝦紮實Q彈； 披薩冷掉都好吃； 可頌甜度剛好又有層次； 現打果汁及熱水果茶好喝； 口味不錯有：藥膳蝦、炒河粉、生春捲、熱菜區牛肉、烤牛肉、麻辣鴨血、生魚片、麵包區及甜點等； 中規中矩：蟹腳：不太能一次完整抽出，會變成一絲一絲的，還需要用工具處理，口味跟口感普通。 握壽司種類不多，口味普通。 哈根達斯冰淇淋很難挖。 特別一提服務人員態度極佳，連餐檯的師傅們也都客氣有禮。 因桌數不多，整體環境舒適。 若是還是餐券價格會有意願再訪，但要是高於餐卷會斟酌。,20260126，吃午餐 士林廚房場地不算寬闊，但是佈置得高雅大方。 以飯店自助餐廳來說，這裡的菜色有夠少，很快就能吃過一輪，然後挑選鍾意的菜色重複吃。 餐廳目前的活動是每人一隻位上龍蝦。 蝦殼拉掉，整隻塞進嘴裡，十分過癮🤣 馬告香菇雞湯滋味不錯，生食級干貝口感很棒，這是最有記憶點的兩道菜。 一般餐廳的現沖牛肉湯是顧客自行動手，在這裡是由工作人員來服務，而且肉片是汆燙之後再裝碗加湯，適合怕吃太生的顧客。 這次是使用餐卷，花費的價錢與漢來海港或饗食天堂相當，這裡雖然菜色不多，但是工作人員的服務品質不錯，是滿意的用餐體驗。,這是我吃過AE卡上買一送一CP值算低的，而且還是晚餐，食物乏善可陳，除了地點稍偏，食物CP值低可能也是人流少的原因。唯二亮點，星期三晚送龍蝦(一人只有1隻)，因為人少，所以取餐方便且環境不吵雜，應該不會去第二次了。,環境幽靜，位子跟位子間距不會過近，就算是平日晚上人也是不少。 食物品項不算太多，冷食熱食比例約一半一半。 麵包區的果醬一定要試試，麵包本體就蠻好吃的，搭配果醬挺驚艷的。 冷食部分大推干貝，跟其他間比起來等級高不少，生魚片給的也大片，部位也棒，沙拉也值得一試。 熱食部分湯品現煮魚湯表現優，土瓶蒸稍鹹加點熱水跟檸檬很好喝。推薦炒牛河跟牛排，有些菜色會換，建議慢慢吃，慢慢坐，不著急，有機會可以看到新菜色。 飲料跟甜品中規中矩，冰品是大家熟悉的老朋友-哈根達斯。 人員的服務都很可愛，不會過多的打擾客人用餐跟聊天。 這次的平日晚餐用餐很開心有參與到加碼一位一隻龍蝦的活動，還有贈送壽星的小蛋糕，還特地一直看我們吃好沒要送上來XD 直接送上來沒關係的，等我們吃飽才送上來真的太可愛了，都吃飽了吃不下阿~~ 雖然菜色不算太多，但是整體吃起來的感覺很舒適，可能較適合喜歡安靜及不喜氣味太重的小夥伴用餐。
ChIJGZIplKCtQjQRlsUdzV3hjrg,260221 位於 南港LaLaport 5樓，空間寬敞明亮整潔，座位舒適平板點餐流程順暢直觀，雖然假日人潮洶湧，用餐客人需要侯位，但上菜效率高，不會等太久！ ✅ 香炒肉片雙倍蔬菜定食：這道大推！外食族難得能吃到這麼大量的鮮甜蔬菜，大火快炒香氣十足，肉片鹹香下飯，尤其米飯煮得太好吃了，會不停的續碗！ ✅ 雙蝦南蠻炸雞：份量很有誠意，雞腿肉軟嫩多汁，醬料風味極佳，開胃解膩的醃漬蘿蔔與味噌湯皆可續，雖然我的湯碗有裂痕（需改進），但食物份量與美味兼俱，依然值得推薦！,整體環境很乾淨明亮，店內氛圍安靜、有條理，座位之間也不會太擁擠，適合朋友聚餐或帶長輩來吃。 鰻魚肉質濕潤不乾柴，配上白飯、味噌湯、小菜與漬物，是一套吃得剛剛好的餐點。 熱茶無限續，餐後還可加點甜點或飲品。整體上比較偏健康、清淡系的日式家常味，適合不喜歡重口味的人。 點餐用的是平板系統，操作簡單也不會漏單，餐點上菜速度還算快。環境整潔，動線流暢，吃飯過程舒適愜意。 平均一份定食約 $300～400 元之間，雖然不是超平價，但以百貨商場內的用餐體驗來說，CP值算合理。特別適合想吃一份乾淨簡單、營養均衡日式定食的人。,一坐下來就被甜點的菜單吸引，很認真的選擇三個套餐。 鰻魚三吃、豪華煮定食（牛）、鮮鮭玉子雜炊和壽喜豆腐牛定食。 鰻魚三吃，先吃原味、再加芥末，最後用茶泡飯，味道層層堆疊，很美味。 豪華煮的牛肉加洋蔥，一口接一口，好想一直吃。 鮮鮭玉子雜炊，飯量很足。 甜點選了咖啡阿芙加朵和抹茶阿芙佳朵，但因為咖啡好苦，我們把兩項甜點加在一起，意外獲得好滋味。 好喜歡這家的餐點。 服務人員也很親切。,平日中午，店內有不少人來用餐 彌生軒有很多間分店，這是第一次來用餐，點了鮮鮭玉子雜炊、鰻魚玉子雜炊和金的定食。 鮮鮭雜炊說實在的很沒味道，只能加它附的海苔絲來提味，鰻魚雜炊比較好吃一點，但店家的雜炊其實不是雜炊的做法，應該是燴飯的做法，下面一堆白飯，上面鋪上燴的蛋汁，但真的很沒味道的燴飯 另外，金的定食也很普通 只能說，來這種店本來也不是吃Cp值的，但沒有應有的質感，味道很空虛,會員生日每年會贈送八五折；剛好遇上10月週年慶消費滿$800可以抽獎抽中了第二套套餐半價，最喜歡吃他的鰻飯三吃，每次都選擇鰻加量，這樣他鰻魚的份量是樓下美食街鰻鰻的大概四倍量；湯與小菜還有白飯都可以無限續加； 點數換了茶碗蒸，結帳消費又送了免費券茶碗蒸，但是期限只有十天！
ChIJGaiHCqmpQjQReQD8Dmqjdvk,來到華西街觀光夜市，如果沒吃過連續多年蟬聯米其林必比登推薦的「小王煮瓜」，那這趟萬華之行肯定少了點靈魂。 視覺與味覺的雙重饗宴 走進店內，顛覆了傳統夜市老店的擁擠感，裝潢走的是文青懷舊風，明亮且乾淨。這裏最出名的莫過於那碗被戲稱為「黑金」的滷肉飯。 • 黑金滷肉飯：色澤深邃透亮，看起來鹹重，實則不然。肥肉丁滷得透徹，入口即化，滿溢著濃郁的醬香與紅蔥頭辛香，膠質在唇齒間留下的微黏感非常迷人。 • 清湯瓜仔肉：這是店內的另一靈魂。湯頭清甜，帶有老牌花瓜獨有的甘鹹味。手工肉羹紮實彈牙，喝上一口，剛好能化解滷肉飯的豐腴油脂，兩者是絕配。 總結評價 雖然在物價飛漲的 2026 年，它的價格已不再是傳統的「銅板價」，但穩定維持的品質與舒適的用餐環境，確實對得起米其林的招牌。這不只是一碗飯，更是一種將萬華在地家常味精緻化的極致展現。對於喜歡重口味、追求滷肉膠質的朋友來說，這裡絕對是必衝的朝聖地。,260222 不愧是連續多年獲得 米其林必比登推介 的艋舺名店！ 現場湧現排隊人潮，店內桌椅為數不少，店員有秩序的引導入座，等待時間不會太久！ ✅黑金滷肉飯色澤深邃、膠質感十足，入口不油膩與米飯完美融合！✅清湯瓜仔肉，黑瓜脆、湯頭清甜回甘，醃漬過的排骨肉紮實有嚼勁，這碗湯不可錯過！ ✅焢肉：肥瘦適中滷得極其入味，配上滷白菜、剛好中和味蕾，不會覺得油膩！ ✅滷豆腐與滷鴨蛋，著實令人驚嘆，沒想到最簡單的食物如此美味，二者外皮呈現黑亮，𥚃頭卻是無比軟嫩！ 👍這每一道台灣味傳統小吃是返鄉遊子心心念念必吃的經典！ 女兒從澳洲回來，特地前來一飽口福，真不愧是米其林必比登推薦的艋舺美食首選！,生意很好，而且很多觀光客會來朝聖，我也是其中之一，推滷肉飯跟瓜仔肉湯，今天點了油豆腐跟爌肉，沒有不好吃，味道還可以，算中上，滷肉飯口感偏濕，米粒粒粒分明，是我喜歡的路線，滷肉是肥肉路線，一開始還在想會不會太油，但入口後滿滿的膠質感！ 服務的部分…畢竟不是甚麼高檔餐廳，來這裡吃飯應該是吃一份情懷與古早味，所以服務就不要求了，餐點好吃就好！,"小王煮瓜 萬華廣場裡 🔹 環境 位於萬華廣場內，要走進商場才找得到 座位稍微擁擠，平日人潮就不少，假日通常需要排隊，不過翻桌率很快 有時候會看到一隻小白貓，我想應該是店貓很可愛🐈 🔷 食物 🔹 滷肉飯 第一次來建議從最原始、最經典的滷肉飯開始 台灣最具代表性的傳統味道 簡單卻耐人尋味 🔹 香菇滷肉飯 在經典滷肉飯的基礎上多了香菇的香氣，喜歡菇類香氣的人會特別喜歡 🔹 控肉飯 在滷肉飯上再加上一塊控肉 控肉在亞洲是經典菜餚 口感軟嫩、味道濃厚 如果覺得滷肉飯太單調可以升級這一款。不過若不喜歡肥肉，建議避開，對部分人來說可能偏油膩 🔹 滷鴨蛋 不是普通的蛋 滷得非常入味，口感偏硬但香氣十足，拌進滷肉飯裡非常搭，推薦加點 🔹 滷白菜 燉得相當軟爛，味道濃厚 一個人吃可能會稍微膩口 平常偏好清淡飲食可以略過這道 🔹 滷豆腐 使用板豆腐，質地偏硬，和滷鴨蛋一樣香氣濃郁，配飯很適合，也值得加點 🔹 清湯瓜仔肉 這道幾乎是整間店的靈魂。第一口可能偏鹹、味道厚重，但再喝幾口會慢慢回甘，讓人一口接一口。最棒的是可以續湯，真的很友善 🔸 總結 已經回訪多次，也帶過外國朋友前來，他們都很喜歡這種道地台灣風味。整體口味偏香偏重，如果平時飲食清淡，可能會覺得稍鹹。不過來觀光想體驗經典台式小吃，非常值得特地停留。 ———————————— Xiao Wang Zhu Gua | Inside Wanhua Plaza 🔹 Atmosphere Located inside Wanhua Plaza, you need to walk into the mall to find it. The seating is slightly crowded. It’s already busy on weekdays, and you’ll usually need to queue on weekends, though the table turnover is quite fast. Sometimes you’ll see a little white cat around. I think it might be the shop cat. Very cute 🐈 🔷 Food 🔹 Braised Pork Rice If it’s your first time, start with the most original and classic braised pork rice. It’s one of the most iconic traditional Taiwanese flavours. Simple, yet deeply satisfying. 🔹 Mushroom Braised Pork Rice Adds the aroma of mushrooms to the classic version. Perfect for those who enjoy a richer, earthy fragrance. 🔹 Braised Pork Rice with Stewed Pork Belly This version comes with an extra piece of stewed pork belly. It’s a classic Asian dish with a tender texture and rich flavour. A good upgrade if you want something more indulgent. However, if you don’t like fatty pork, it may feel too heavy. 🔹 Braised Duck Egg Not just an ordinary egg. It’s deeply marinated, slightly firm in texture, and full of flavour. It pairs perfectly with the rice. Highly recommended as an add on. 🔹 Braised Chinese Cabbage Very soft and flavourful. The taste is quite rich, so it might feel a bit heavy if you’re eating alone. If you usually prefer lighter food, you may want to skip this. 🔹 Braised Tofu Made with firm tofu rather than soft tofu. Well seasoned and aromatic, it goes very well with rice and is worth adding. 🔹 Clear Soup with Preserved Melon and Minced Pork This is almost the soul of the restaurant. The first sip may taste slightly salty and strong, but it gradually becomes sweeter and more balanced, making you want another spoonful. The best part is that you can get free refills, which is very thoughtful. 🔸 Summary I’ve visited many times and brought foreign friends here. They all loved this authentic Taiwanese flavour. The overall taste is rich and savoury, so if you usually eat lightly, it may feel salty. But if you’re visiting and want to experience classic Taiwanese comfort food, it’s definitely worth a stop",小王煮瓜位於台北華西街夜市。 曾獲米其林必比登推薦，名聲響亮。 外面掛著必比登招牌，吸引不少觀光客。 🍴 餐點體驗 • 黑金滷肉飯：外觀油亮，看起來誘人。入口卻滿嘴油，肥肉比例過高。醬汁只有死鹹味，缺乏層次，米飯不香不Q，吃到最後很膩。 • 瓜仔肉湯：湯頭帶有瓜仔的自然甜味，豬肉絲軟嫩。可惜溫度偏低，喝起來少了熱呼呼的感覺。 • 滷鴨蛋：鹹度高，入味確實，但容易過鹹，吃多會膩。 • 滷白菜：口感清甜爽口，算是少數清爽的配角。 • 焢肉：瘦肉乾柴，肥肉油膩，整體不太討喜。 👨‍👩‍👧 用餐氛圍 內用與外帶菜單不同，需自行找座位再到櫃台點餐。 店員收盤子很勤快，讓人有些壓力。 結帳時動作慢，服務態度一般。 💡 整體印象 必比登加持讓生意很好，但口味不如期待。 除了瓜仔肉湯與滷白菜稍有特色， 其餘餐點偏油偏鹹，缺乏層次感。 若只是路過可以嘗試，但不值得特地排隊。 ✨ 小王煮瓜雖有必比登光環，但滷肉飯肥肉比例 過高、醬汁死鹹，米飯普通，整體吃起來膩口。 除了瓜仔肉湯稍微清爽，其餘餐點表現一般。 想吃滷肉飯或焢肉飯，台北還有更多更好的選擇。
ChIJHQT4ZMepQjQRNA8BTVY9L-o,王品集團的阪前鐵板燒，預約訂位時要先付1000/人的訂金。 上菜料理的進度算是非常剛好，但吃到中後段快要飽的時候，會有些覺得怕來不及跟上出菜速度。 冬天在外面等入場風大有點冷，還沒開始營業前店員會讓人在玄關稍作等待入場，但店家侯位的區域有點小可能最多4人。 餐飲食材品質都可圈可點，服務人員的友善跟細心問候，讓我覺得王品集團的品質還是不錯的（之前去王品牛排或享鴨或其他店，都稍微有些地方沒阪前服務細膩，可能跟服務人數有關聯） 生日壽星可以用App領券換蛋糕，可以自由選擇要不要點蠟燭，但沒有拍照或印出照片的服務。 整個吃下來會覺得很飽，時間過得很快。 餐廳的廁所只有兩間，要稍微留意剛來或結束時，要排隊上廁所。 座位區與會提供一人一個置物籃，放在椅子下 結帳為服務人員到位置上結,這一餐像是一場被精心編排的味覺展演，從海味到肉香，節奏拿捏得剛剛好。食材本身的品質毫不遮掩，和牛的油脂細緻、入口即化，完全不需要多餘修飾；海鮮表現則更像主角群像，新鮮、甜度高，每一道都在「原味」與「料理巧思」之間找到漂亮的平衡。 料理手法細膩卻不炫技，醬汁多半是點到為止，讓味道有層次但不喧賓奪主。 整體吃下來沒有疲勞感，反而有一種被帶著走的安心感，像是主廚早就替你想好節奏，只需要放心享受。 這不是追求浮誇的晚餐，而是一頓會讓人默默記住、下次還想再來一次的用餐體驗。,可以察覺到阪前餐廳的菜色皆經過精心設計，幾乎每一道料理都能帶來令人驚喜的體驗。廚師在料理前會向顧客介紹當日食材的來源，並於上菜時詳細說明料理的製作過程。整體可以給到蠻高的評價,食材很新鮮很好吃，每道菜色師傅都會仔細的介紹細節內容。還會提醒等下可以錄影或拍照等等的很貼心。 餐桌前的小菜會在續，搭配主食一起吃很不錯。前菜的干貝我很喜歡口味很不錯。主食的和牛我個人感覺還好，但跟著旁邊醬料等小食提味搭配，就會升級不少。 龍蝦那道也很好吃，搭配的醬料簡直完美。還有看似普通的泡泡茶碗蒸也很不錯。 唯一我不喜愛的是最後的南瓜湯，味道普通。 最後的甜點兩款很讚，酒味那款更勝一籌，很特別酒味冰淇淋搭配些許水果很剛好，在嘴巴的酒味淡淡香香很驚艷。 在服務方面，收拾的很快速，加茶水也很細心，就是好幾次服務上菜時會踢到客戶的椅子，還不止一次，整體感覺會下降一些。,一間日式的鐵板燒料理 和牛和海鮮食材都沒話說 但更令人窩心的是王品的服務真的很棒！！！！！ 用餐途中，偶不慎把杯水弄倒，服務人員不僅馬上遞濕紙巾，連大廚都貼心的再幫我介紹一次和牛旁邊的小菜和吃法真的很貼心～～說實話！對我們一般人來說，一年真的可能只來一次這樣子的店，所以其實都蠻珍惜用餐當下的時刻，真的是感到特別窩心 謝謝美麗的邱大廚👩‍🍳～～
ChIJHZ56gp6uQjQRYaoc4dyx2lM,服務員態度親切 餐點上菜速度快 料理吃起來好吃😋 大人小孩都很愛 很適合家庭聚會或是跟親朋好友來吃,蒜泥鮮蚵 320 鮮蚵新鮮，如果蒜泥要分開要先說。 五更腸旺250 不會很辣，鴨血很多，腸不多。 紅燒獅子頭 感覺必點🤣 放山雞很嫩，有叫桌菜很適合預留。,超級好的的餐廳 1.客家小炒的調味有夠讚 希望豆乾可以選更有口感的 吃起來會更讚 獅子頭需要預約 當天很剛好是最後一份 裡面菜菜很多相當於一個手掌的量 2.獅子頭吃起來香甜可口 表皮脆脆的裡面嫩嫩的 超讚的～ 3.鐵板豆腐 裡面的配菜跟調味有夠讚 蝦仁新鮮姑姑有夠大顆有夠讚 裡面的碎肉有夠讚 主角豆腐外皮脆脆裡面嫩嫩 一盤至少可以配3碗飯 有夠無敵讚 白飯20元吃到飽算是對男生狠優惠 裡面不敢吃辣要直接跟老闆娘講 他可能會直接幫你配中辣 辣歸辣但還是很讚,第一次到訪整體口味感覺不錯，兩個人四道菜 1.雪菜牛肉 2.塔香蛤仔 3.山蘇小魚 4.冬菇白菜 全部吃完後覺得 最喜歡的就是雪菜牛肉 鍋氣味十足，很下飯 雪菜跟牛肉的比例抓得剛剛好 真的值得推薦點這道 塔香蛤仔也是很下飯的一道 不小氣的份量 如果可以的話調整辣度的話 下次我也會選再辣一點點 山蘇小魚口味鹹度都是我喜歡的感覺 山蘇很嫩，薑絲跟破布子的用量比例也剛剛好 可以說是很爽快的一道菜 冬菇白菜也不錯吃 只是跟其他道比起來略顯普通 也有可能是因為他是唯一清淡的一道菜 在吃飯的時候發現訂位客人蠻多的 老闆娘也蠻熱情的 聽到老闆娘在跟客人熱情推薦他們的宮保雞丁 她說外面絕對吃不到這個味道 下次再訪我會點來吃的 期待 旁邊有許多停車格 在週六晚上也馬上停到車 非常加分 附近車流不多 環境清幽,餐點份量足夠，菜色多樣，價格實惠。 僅收現金💰
ChIJHdyrxrWpQjQRVUx2nUhAuPs,今天是我第一次來貳樓用餐，之前就一直想來試試看，剛好家人想來吃，就跟來嚐鮮，我們餐點如下： 水牛城辣雞翅：真的有辣 西班牙海陸燉飯：味道偏重口味，個人覺得好吃 炸香菇：現炸還不錯 牛肉奶油炒菇溏心蛋：感覺味道不錯，不過馬鈴薯偏鹹一點 德國豬腳：算是蠻好吃的，口味剛剛好 另外值得一提是，為我們服務的妹妹Penny真的很用心👍一直注意餐點的滿意度跟需求，是非常棒的服務，給這位妹妹五顆星，謝謝你的服務🙏,菜單大改後有些餐點沒有以往好吃，但服務人員還是有一定水準～ Hana勤快、親切，平日中午一人撐2樓外場，忙碌但不失溫度及專業的服務！待顧客像自己認識的親朋好友，告知的需求不會轉頭就忘。 並不是要服務員卑躬屈膝，但這年頭王X、海X撈的店員連演都懶得演，真心想做餐飲的人越來越少，能在這條路上堅持下去並始終保有熱忱的夥伴都值得鼓勵💪🏻謝謝！ 這次覺得小圓麵包最讚～打包帶走😍,墨西哥雞肉餅 320 好吃 優秀 莎莎醬讚 小大人餐－起司蛋雞肉飯 270 附牛奶 這個大人也可以點～😸 上桌發現這道份量也很足。不因為是小大人餐就比較少 蕃茄底的飯好吃☺ 西班牙海陸飯 440 蝦 海鮮都好吃。調味偏重 松露蕈菇麵 430 加巧克力很特別，味道是搭的 但鮮奶油底的醬 吃起來偏濃郁。若單吃比較容易膩 巴薩米克蕈菇麵 410 醋膏品質很一般，拉低整體的味道 以後會想再點的是墨西哥餅和起司蛋雞肉飯😉,貳樓的食物和服務品質越來越差了，加點$90的韓式炸雞份量少得可憐。我們訂位是12：30、入座大概是12：35。2：15就被服務生要求離座，真的有夠差勁！！,貳樓的優點我想也不用多說，續麵包續飲料無敵，雖然我知道其實灌在餐點費裡了，畢竟一份餐點價格也不便宜 但特地來留言主要是服務人員真的有夠好！每一位都笑容滿面，對客人很有耐心，尤其是Penny和Eva，不管食物好不好吃，有這種服務生每道都變好吃了
ChIJI-uHec6rQjQRolls8XbSbdY,心潮飯店是一家很有想法的「中式／台味融合」餐廳，空間氛圍走復古摩登路線，整體很適合約會或三五好友聚餐——拍照好看、坐起來也舒服。 優點是創意和完成度在「對的菜」上真的很亮眼：像海鮮類前菜（魷魚／章魚這類）、干貝搭配紫米飯的組合、以及店內招牌走向的飯類料理，都能吃到設計感與層次；味道不是那種傳統家常台菜路線，而是偏「料理化」的呈現。 缺點是整體表現有點看菜色、看當天狀態：有幾道菜賣相很強，但入口後記憶點偏弱，調味有時候差一點「臨門一腳」，所以我會形容它是有亮點、但略微 hit-or-miss 的餐廳。價位也不算親民，更適合把它當成「氣氛＋特色菜」的聚餐選擇，而不是隨便點都穩的那種日常口袋名單。 點餐建議： 優先點他們擅長的「飯類／招牌路線」，成功率最高。 人多一點去更划算，可以把強項和嘗鮮的菜平均分配。 建議先訂位，熱門時段容易客滿。 總結： 有風格、有幾道值得回味的菜，整體體驗加分，所以我給 4 星；但如果你很在意「每一道都要穩」，可能要抱著「挑菜點」的心態來吃，會更滿意。 問我好吃嗎？我說：不錯 問我划算嗎？我說：不錯,必點：九層塔海鮮蝦餅、蒜香鮮蝦炒飯、皮蛋剁椒茄子、桂竹筍炒松阪豬、炭金芋泥流沙球 海鮮蝦餅上面有點像青醬的味道，很特別一定要點（很好吃） 蒜蝦炒飯鹹香夠味，蝦仁超級大，好吃！！ 炒松阪豬個人很喜歡，很下飯 厚炸排骨蠻好吃的，可以點 同行家人很推雞湯，很濃郁 滑蛋蝦仁、煙燻大卷、蒜炒豆苗都是可以想像的味道，不錯吃可點可不點 覺得干貝烏魚子炒飯、炸軟殼蟹這兩道可以不用點 最不推溫泉蛋過貓,塗鴨風格的菜單，又見綠色，餐廳的識別體系注重到每一個細節，可見一斑。菜單分類名稱，卻回歸傳統台味，給你滿滿的親切感。「正港手路」菜不點不行，那就來道＂暖心＂的「功夫郁香雞湯」和「招牌冷燻海大卷」；還有我最愛的炸物--「炸軟殼蟹裹蛋金沙與洛神汁」。 「功夫郁香雞湯」這道湯品真的很特別，你沒看錯！茶壺裡裝的不是＂茶＂，而是＂雞湯＂！這道湯有服務生桌邊服務，因為茶壺非常燙！這點很重要，所以服務生一再提醒，提醒我們自己倒的時候，一定要用三層衛生紙包住壺把，以免燙傷。「功夫郁香雞湯」裡面是滿滿的料，有金華火腿、干貝絲、巴西蘑菇、黃金北蟲草等，湯汁非常濃郁甘甜，濃郁到帶著些微黏性。 「炸軟殼蟹裹蛋金沙與洛神汁」秀色可餐，酥炸軟殼蟹香味撲鼻，搭配金沙鹹蛋黃醬與特製洛神花醬汁，幾根青龍椒。不管配色或擺盤，都很用心。很喜歡吃酥炸軟殼蟹，但是常會吃到不是殼炸得過硬，就是蟹肉乾癟的失敗作品。還好「心潮飯店」的軟殼蟹皮薄酥脆，蟹肉飽滿鮮甜。沾上金沙鹹蛋黃醬，鹹香味美；沾上洛神花醬，酸甜解膩，滋味迷人！可惜，量實在不多，令人意猶未盡！,過年🧨跟朋友吃好一點 ！ 點了每一道都很有水準 高級美味 炸雞🍗有種很道地台灣味 明明是肉 味道超級像水餃皮的哈哈哈哈似曾相似 旁邊的苦瓜！竟然是醃漬的很特別 以為是菜圃 蛤蜊大顆好吃😋九層塔調味超讚的！湯汁不浪費一起搭配 松露炒飯完美演繹！ 一吃就會記住的好味道💖 炒飯粒粒分明 好吃 松露香氣濃郁 再來開心果千層很厲害 👍必點～～開心果味道濃滑順口喜歡💕 這次做室外 希望下次可以安排室內～比較美😹,心潮飯店整體給人很舒服的用餐氛圍 菜色看得出來很用心 食材新鮮這點真的吃得出來 黑鮪魚松露炒飯香氣很迷人 松露味不會過重 和黑鮪魚搭在一起很順口 米飯粒粒分明 越吃越香 九層塔醬海鮮蝦餅外酥內嫩 海鮮味很鮮 九層塔的香氣讓整體更有層次 一口接一口很容易吃完 皮蛋剁椒茄子調味很剛好 茄子軟嫩 皮蛋的濃郁加上微辣的剁椒 吃起來很涮嘴 限定香料熱紅酒香氣溫潤 喝起來很順 搭配餐點很加分 調酒也表現得不錯 整體平衡好喝 店內的裝潢風格很有個性 融合復古與現代感 有一點老飯店的氛圍 又不會顯得老派
ChIJI0ufUFirQjQRz254cAjj26M,今天造訪 武侍酒 日式居酒屋，真心覺得這是一間「每個細節都很到位」的居酒屋。 一坐下來就能感受到舒服的日式氛圍，沒有壓迫感，很適合下班後慢慢喝、慢慢吃。 🍶 酒款表現超亮眼 點了一罐清酒，真的驚艷，是那種入口順、香氣乾淨、會讓人忍不住細細品的好酒。 另外柚子酒、梅酒也都非常好喝，果香自然、不甜膩，女生一定會喜歡。 🍲 料理每一道都很穩 • 酒蒸蛤蠣湯：湯頭鮮甜，蛤蠣飽滿，新鮮度一喝就知道 • 金目鯛一夜干：烤得恰到好處，魚肉細緻又有油脂香氣 • 燒串：火候掌握得很好，簡單卻不無聊 • 烏龍麵：口感Q彈，收尾吃剛剛好，很有幸福感 ✨ 整體感受 酒好、菜好、氣氛好，沒有雷點，從第一口到最後一口都讓人覺得「這餐選對了」。 不論是朋友小聚、想好好喝杯清酒，或單純想吃一頓有水準的日式料理，都非常適合。 📍 在地嚮導一句話總結 如果你在找一間「可以安心點、怎麼點都不會失望」的日式居酒屋，武侍酒真的很值得收藏。,我是2/6中午來吃飯的，外場服務人員態度超好也很熱情 看著內場的烤功很出色～ 店內裝潢採用大量木質元素與日本武士收藏品，營造出時光倒流般的日式懷舊 明太子雞肉串超濃郁的明太子醬經過炙燒，帶有焦香，配上嫩滑雞肉，是明太子愛好者的首選 唐揚炸雞是我吃過居酒屋最好吃的炸雞！ 生蠔很推薦～很大顆也很新鮮 香煎小卷也非常新鮮 果實酒系列真的是我的最愛濟州藍莓梅酒爆炸的好喝！！,可能因為附近平日很多上班族，難得找到中午就有開的居酒屋，週末中午來的時候，沒有什麼人很安靜。餐點精緻，味道的話中規中矩～,南港展覽館周邊的居酒屋，空間不大，但氛圍感挺夠的～很舒服。串燒還蠻好吃的，很特別的是有炸串，糯米椒牛肉挺好吃的～白醬烏龍麵的口感是個人很不喜歡的那種⋯很淡沒什麼味道感覺像是便當店的。,南港最最喜歡的居酒屋，從開幕到現在11年不變的好味道～生牛肉我的最愛！好吃又不貴～
ChIJI55cuqesQjQR8VGfK9gNLec,太久沒來吃了，感覺口味好像調得比較溫和，整體餐點都不太辣。（店員有詢問，有選擇辣的） 酸辣湯非常溫順，不辣，不敢吃辣的人也可以放心喝。 月亮蝦餅不錯吃。 魚好吃。很下飯。 打拋不太推，既不是打拋葉，也不是熟悉的九層塔香。味道非常普通，沒有香氣。,今天是2/8中午用餐：整體環境乾淨整潔，服務人員親切有禮。非常細心幫忙換溫水、換座位，隨時添水收拾桌面。 涼拌海鮮的調味很特別，加上腰果味道清爽⋯ 其他菜色各有千秋，都很好吃，紅藜飯像櫻花一樣美⋯ 最後甜點摩摩渣渣，看似平淡，原來經典藏在冰下面⋯為今日用餐畫下完美句點。 特別稱讚服務人員各個笑容滿面，看得出是發自內心的熱忱，加分很多。 Gino Emily 還有其他來不及看到名字的漂亮女生們。 好員工難尋，老闆要珍惜！,"餐點份量少又貴，口味並無特別突出, 上菜速度很快，但菜都沒有熱騰騰的; 8位成人安排一個小桌子，稍大圓桌須低消6000元, 平日午餐並沒有人潮，此安排非常不ok😂",份量較小，價格偏高，調味沒有泰式感覺 酸辣海鮮湯不夠酸也不夠辣，覺得最好吃的是軟殼蟹但醬汁調味也不是泰式，其他都普通 甜品非常甜但還可以接受 服務人員態度良好，環境乾淨,泰式料理連鎖店 服務還算周到，店員不定時過來補水 餐點的部分也還不錯 月亮蝦餅有蝦的口感 綠咖哩雞也很下飯 讓人連吃好幾盤的飯 整體來說還不錯囉
ChIJIU2EWtypQjQRjZIwpUbyzJs,店家大稻埕的一條神秘小巷內。 外場雖然只有一個人，但很細心，會主動介紹菜品，巡視桌面及做整理。 在每道菜與菜之間，等待時間較長，風格果然很法式，但剛好我們可以邊聊邊喝，所以怡然自得。 每道菜都很好吃，偏像法國鄉村家常菜，似乎在法國街邊，隨意走進任何一間餐館，都會能在菜單上，出現與「Les tables」一樣的料理。所以整體吃起來，美味又輕鬆。 《前菜》 選3樣（前菜佐酒，邊聊邊吃） 1.法式冷肉派： 肉派份量不小，感覺有加入肥肝，口感紮實，不會像傳統肉凍是濕軟口感。佐料芥末籽、自製番茄做的醬（自然的酸甜，配沙拉或麵包，超級好吃）、醃黃瓜、小洋蔥及小辣椒。 2.紅酒蛋盅 簡單來說，滋味就是熟度剛好的水波蛋，搭配法國勃艮第「紅酒燉牛肉」的醬汁。 傳統的「紅酒燉牛肉」，是搭配胡蘿蔔、洋蔥、蘑菇、大蒜，加入足量的濃郁紅酒，長時間燉煮，最後以珍珠洋蔥，上桌時以蘑菇和培根作點綴。 這邊就是將「牛肉」換成「水波蛋」。有點微酸，然後醬汁沒那麼濃稠。 3.蜂蜜百里香烤聖馬瑟琳乳酪吐司 這道料理非常下「吐司」，直接光盤行動，吃不夠，立刻再加點吐司。沾一點微甜牽絲的香烤起司，拿顆核桃與吐司一同入口，非常美味。 《主菜》 1.黑醋栗香煎鴨胸襯脆薯（Magret de Canard） 這道也是法國常見的名菜，廚師掌握的熟度很剛好，皮脆肉嫩又多汁。 其實鴨胸很難料理，熟度拿捏不容易，太生了韌又難咬，太熟了又柴又乾。 常見都是佐「佐紅酒醬 or威士忌橙醬 or 莓果醬」，比較少見佐黑醋栗醬再搭配薯條。 但感覺沒有隔壁桌點的「紅酒醋雞」那樣，香味四溢，光聞就覺得驚艷。 2.里昂梭魚丸（Pike Quenelles in a Creamy Shellfish Sauce and Mushrooms） 光看名稱，讓人完全無法想像這道菜的長相及味道。 服務人員是這樣介紹這道菜，它是在里昂任何一間街邊小店，都會有此道菜，只是每位廚師料理的味道，各有不同。魚丸不同於台式魚丸，口感是鬆軟細滑，沾醬類似濃縮版的「馬賽魚湯」。 上桌後一嚐，就像白肉魚製成的舒芙蕾佐上龍蝦濃湯。 份量維持法國當地特色，一顆就有巴掌大，胃口小的人光看就飽了，魚丸的外層烤到微脆，吃起來很香。店家還附上薑黃飯，可搭配濃郁醬汁品嚐。 《甜點》-生命之泉 就是自製的黑醋栗冰淇淋佐上白蘭地，簡單的搭配，但無敵合拍，完全不會感覺到烈酒的刺激，酸味及冰度，剛好將其中和，只剩下酒香。 店家看到line的訂位資訊，發現我倆是12月壽星，主動贈送插上蠟燭的壽桃，很可愛。 以法式餐酒館而言，這邊的主餐份量十足，男生也能吃飽。加上用餐地緩慢的步調，享受美食之於，能悠哉地聚聚聊聊。,平日中午來吃，氣氛vibe不錯，服務生友善介紹餐點也很親切！餐點整體有歐陸小店感，推薦！下次想來試試別的主菜,第一次去，沒想到在窩在冷清的小巷子裏，ㄧ人主廚但出菜有條有序，毫不拖延；手做冷肉派非常好吃，是我心中的第一，醬汁的功力非常深厚，不管是燉雞或牛排的胡椒醬汁都忍不住想拿麵包抹盤，值得給主廚拍拍手，鼓勵一下！,里昂沙拉-培根好吃不油不肥 楓糖抱子甘藍-調味很棒微微甜味烤在焦邊緣 燒烤黑豬離緣肉chimichurri-超讚超嫩的瘦肉嚇死 摩洛哥羊肉tagin-這也好嫩配北非小米 香草舒芙蕾-道地軟嫩舒芙蕾配香草冰淇淋超香 紅酒半瓶 大喜歡Merci 必回訪(⁎⁍̴̛ᴗ⁍̴̛⁎),一年之間來過三次，覺得每道菜紮實美味，讓人覺得滿足，尤其肉類料理，搭酒實在很棒。氣氛和服務也很好，在這樣的法式小館用餐，真是讓人留念許久。
ChIJJ4zWvACrQjQRfklXErrIHi0,餐點部分味道都很好，可能因為沒有額外加起司就不會太鹹；紅醬黑醬都好吃～肉都是雞腿肉帶皮，內有洋蔥地瓜馬鈴薯冬粉蔥，可以自行加點喜歡的配料。 個人蠻喜歡手抓飯的麻油香，很開胃。飯卷就適合多人分食因為裡面包起司，可能自己吃會很飽。 服務人員都滿友善親切的，只是空間比較開放旁邊經過的路人會看在吃什麼東西😆,手機掃碼點餐 要一成服務費 位子很少，兩人座有四桌、四人座三桌 用餐時間100分鐘 點了雙人套餐 黑醬飯卷好吃（中間有起士 玫瑰奶油燉雞 吃起來就是一點點辣的橘醬 肉蠻嫩的，有洋蔥、冬粉、年糕、一片馬鈴薯、一片地瓜 吃到後面有點膩 整體來說就是普通 不知道在吃什麼沒有特色,整體來說蠻失望的，不知道為什麼評論那麼高。這是一間我期待很久的餐廳，終於找時間來吃了，但從最一開始的服務就爛到不行。一到門口沒人出來主動帶位，等了幾秒才有一個男服務生走過來，不知道他今天是心情不好還是怎樣，臉臭到一個不行，搞得好像我們欠他錢一樣，置物籃甚至是我自己拿的，服務那麼爛還敢跟消費者收10%服務費？ 再來是餐點的部分，我們三個人點了一份雙人套餐跟單點一個泡菜鍋，除了玫瑰奶油燉雞好吃，其他的普到不行，甚至有點難吃的程度。其實價位也不算低 平均一個人快$500，但飯卷裡面竟然只有起司跟蘿蔔？泡菜鍋也好難喝，而且裡面有花椰菜？到底是怎樣啊？要不要乾脆叫台式泡菜豆腐鍋？ 說來說去其實最不滿意的還是那位男服務生的態度，希望公司可以看重這個問題。 我本人是再也不會進到這間店用餐了，非常失望。,店家人員很親切，餐點也都好好吃，兩大一小點了一份雙人套餐，本以為會吃不飽，結果吃到撐不下，喜歡吃韓式料理的人非常推薦來吃吃看，有寵物放推車裡是可以一起進入店裡的呦，真貼心，只可惜店內空間有限，內用座位數量不是很多，建議先預約訂位可以減少在現場等待的時間,餐廳位置較少候位等的蠻久的，點了雙人套餐，飽到不行，感覺三個人吃比較適合，最好吃的是鮪魚手抓飯，其他都中規中矩，燉雞畢竟是奶油比較容易膩，但年糕跟肉都很軟嫩！
ChIJJVBTsHGpQjQRujvx-I3zXPI,推薦 ·紅豆煎鍋餅，薄脆適中味道很平衡不甜膩 ·小炒肉應該是相對鹹菜最好吃！ ·悄悄話是其中最有特色的，豬耳朵脆香開胃但不驚艷 ·川味蒜泥鮮蝦正常發揮，我喜歡醬料的搭配 ·羊排用很特別的方式料理，比較像燉煮鮮嫩口感 筍殼魚很正常、醃篤鮮不好喝太膩、田雞腿可以略過,吃完這一頓飯後，心裡仍然回味不已。從一踏進餐廳的那一刻起，就能感受到與一般中式餐廳不同的氛圍：空間寬敞雅致、燈光柔和舒適，讓人一坐下就覺得放鬆愜意。餐廳的環境不僅優雅，而且安排得很有層次感，每一張桌子之間保有一定距離，不會感覺擁擠，很適合談心敘舊或正式聚餐。 ￼ 上菜的過程很有節奏感，每道菜都像是精心演繹的一部分。首先上桌的是幾款小菜，味道細緻，香氣十足，讓人一開始就充滿期待。之後的主菜每一道色香味俱全，不論是川揚風味的料理，還是帶有傳統精緻工夫的佳餚，都能從口感和層次中感受到料理的用心。尤其是那道香氣濃郁卻不油膩的湯品，讓人喝了還想再喝，簡直是這頓飯的一大亮點。 ￼ 不僅菜色具有水準，服務的細節也讓人印象深刻。服務人員不只是簡單送菜，而是真的會主動介紹每道菜的特色，並貼心關照每一位客人的需要，讓用餐過程既專業又不失親切感。整體節奏掌控得很好，不會等太久也不會過快。 ￼ 吃飽走出餐廳時，心裡是一種很滿足的感覺——不只是肚子被餵飽，更像是享受了一場精心安排的美食饗宴。這種愜意的感覺會讓人想再找時間再回訪，而且一定會推薦給朋友一起來體驗。,公司尾牙宴，份量吃得飽，價格不清楚。 最後一道鍋餅忘記拍照，就是正常發揮的鍋餅。 好吃但對於平常沒吃辣的我來說，有些菜色辣了一些，有好幾道都有用花椒，很好吃。,１．很棒！該飯店的名廚多如過江之鯽、其在餐飲業多年的用心經營而深具口碑～確實是老饕的樂園！ ２．我於大年初二上午11時，專程來領取年前所預購的常溫年菜，以供女兒、女婿與外孫女回娘家省親的午餐，而證諸賓主盡歡～其性價比確實是很高！註：其年菜乃係使用高檔的保溫器材、輔以搶眼的包裝～足可供我日後來使用它們！ ３．我同時參訪了提供此次常溫年菜的餐廳：SUKHOTHAI（宮廷泰菜、道地泰味、比薩屋（拿坡里比薩、義式料理）、安東廳（頂級牛排、精選佳釀）。除了仍未赴宴的客人外～幾乎全部坐滿，整體的氛圍均優！,幸好有提前一個月預定好位置，全家人一起的小圍爐，在喜來登飯店的12樓，久聞米其林名聲的請客樓，地點位置很好開車搭捷運都方便，餐廳佈置很中式典雅舒適，服務人員很細心貼心安排領位帶位置，點了一些經典的菜，每一道都很棒，食材實料也新鮮，烹煮道地，不愧是米其林一星餐廳，服務人員也很用心，只是應該是臨近過年生意客滿，人手有點不足，但是不影響整體用餐的體驗，適合一家人來此聚會用餐，值得推薦。
ChIJJwMI43OpQjQRwwiSvnmKVyk,總結一句，好喜歡！！ 有時候吃江浙菜、上海菜時，會讓我覺得比較膩，但這次蘇杭餐廳給我的體驗沒有上述問題，讓我們吃得很開心✨️ 📍店內環境 店內環境不算非常大，但位置不少，也有包廂。整體乾淨舒適，體驗感很好～ 📍餐點 菜太多了，先來說說讓我印象深刻的幾道好了。第一個是醃篤鮮，上回吃了台北到一家上海菜，那是我吃過最死鹹、油膩的版本了。正好這次來洗洗口味，蘇杭餐廳的醃篤鮮，味道足，但又不會膩，讓我連喝了好幾碗。再者，紅油羊肚絲我也很愛，不辣，但有點麻。它的味道有點像口水雞，酸味明顯，很順口✨️ 東坡肉這次我們點了瘦的版本（應家中長輩要求），所以沒那麼軟，但整體味道非常好，好愛❤️ 肴肉也不錯，很好吃～ 我們還點了上海菜飯、酒釀湯圓（偏甜）……（其餘我忘了） 每一道都好吃，有機會會再來拜訪✨️,好吃的店， 今天除了烏蔘吃起來很像微波加熱的口味，其他點的菜色都很不錯。 推薦東坡肉，蝦鬆，蒸餃。,自1984年超過40年，2018年起連續三年獲得《台北米其林指南》推薦，《蘇杭餐廳》 蔥油餅、東坡肉、醃篤鮮等經典上海點心一網打盡。 餐廳裝潢走中式典雅風格，想要安靜的也有獨立包廂可提前預約。很適合慶生聚會。 外皮煎得金黃酥脆的蔥油餅，焦香與麵香交錯，餅皮層次分明。 招牌必點菜色東坡肉，醬色十足，肥瘦交錯的五花肉燉得入味又軟爛，甜鹹比例拿捏得宜沒有過分的油膩感。 看似清淡的娃娃菜吸飽雞湯與火腿鹹香，整體味道非常細膩，鮮甜有層次。 帶有奶白色澤由火腿與雞骨熬出來的醃篤鮮喝得到淡淡鹹香與筍片的爽脆，是經典的江浙菜色。 菜色精緻、份量足、用料實在，好吃又經濟。 一樓是小桌適合三五好友，二樓有大圓桌及包廂的空間。 隔壁有付費停車場，半小時#50,上海浙江菜、蘇杭的特色，大概兩、三人吃的菜還算蠻剛好的。 曾經是3次米其林的得獎。喜歡嘗試各種不同的菜色可以來嘗試看看,很棒的餐廳，令人舒適的包廂，廁所也乾淨！服務也讚，上菜快不會讓大家挨餓，菜色豐盛，鹹甜適中，有些菜要先預訂手腳要快～之前有連續三年獲米其林 可刷卡跟line pay 此包廂低消是八千元，人數多隨便點就達標 石斑魚、土雞湯、蝦炒飯、小籠包、金銀莧菜、楊枝甘露等等等等都好吃👍🏻 隔壁有停車場半小時50 路邊也有停車的但是量比較少
ChIJJwVz116pQjQRFjYsnOaZJaU,平日中午到訪，店內位子不多，建議避開用餐尖峰時間！ 是平價高CP值日式餐廳，甜點竟然是草莓真的特別🍓🍓🍓 生魚片鮮度跟份量都蠻不錯的～附近上班族午餐推薦👍🏻,接近八點了生意還是客滿的狀態，價格不貴，但同樣的價格比一般吃過的日式餐飲店食材好很多，離緣肉炸豬排口感蠻喜歡的，沒有那麼肥，也沒有里肌肉那麼乾，軟嫩恰到好處。,今天點了炙燒海鮮丼加定食、綜合生魚片和手工雞肉丸，定食菜色搭配得宜感覺很豐盛，茶碗蒸、味噌湯、涼拌四季豆、芥末章魚、甜品等，我們兩個人吃得很舒服份量剛剛好，烤雞肉丸醬香味美👍 改天要先預約試試無菜單料理！,收一成服務費 鮭魚丼200 鮭魚油脂夠 味道不錯 但蘿蔔絲有土味 飯是熱飯 稍扣分 而且不知道為什麼要收服務費 店員只在一開始倒杯茶而已 其實完全可以自己倒,是這區蠻好吃的日式料理(不跟高檔比喲) 需要早點預約排隊～這次沒點到金目鯛
ChIJJyEuVRurQjQRh3hC1-l-J1M,付款方式：刷卡/現金 服務費：10% 青醬奶油湯很酷 提拉米蘇標準 巴斯克還不錯 鮭魚燉飯好吃 無刺 義大利麵可以調辣度 中辣就很辣了 整體好吃 麵包跟沙拉都很好吃 推推,商業午餐附的南瓜湯有餡料（馬鈴薯塊、杏鮑菇）很驚喜 寒冷的雨天喝到一碗熱湯胃都暖了起來 明太子奶油海鮮寬扁麵：味道不錯，明太子給的份量算多，配料有花枝蛤蜊巴沙魚(?)、蝦子也有去殼給讚👍🏻 瑪格麗特Pizza：尺寸蠻大的，起司很足、九層塔再多一點更香，但蕃茄醬汁偏甜個人不愛 環境舒適，會想再訪 生意好，建議訂位,今天點外送，選了檸檬清炒海鮮義大利麵，並將麵體更換為寬麵。海鮮配料算是有誠意，有蛤蠣、巴沙魚、蝦子與花枝，種類豐富、份量也不會讓人失望。調味走清炒路線，油脂感偏高，香氣足，檸檬的酸味讓整體不至於過於膩口，但酸香表現相對溫和，存在感沒有想像中突出。比較可惜的是麵體口感，寬麵在外送過程中稍微偏乾，吸附醬汁的表現不夠理想，如果麵條能再濕潤一些，整體完成度會更好。以外送義大利麵來說，整體仍屬中上水準，適合想吃份量足、配料多的清炒海鮮口味。,擺盤看起來不錯，但麵有點乾， 可能期望太高，有點失望。座位都很近，有點擁擠的感覺，隔壁桌聊天的聲音都可以聽的很清楚，也沒什麼服務的，就餐點端來之後就沒再有什麼服務或倒水之類的。價格不是那麼平易近人。,焗烤紅酒燉牛肉 牛肉軟爛好吃，飯看起來是用十穀米之類，蠻特別的👍 沙拉吃得到新鮮水果塊（蘋果、火龍果、梨子..） 烤布蕾綿密好吃😋
ChIJK-3CxhWpQjQRCdqRFa1pamo,牧山丘餐廳以溫潤木質空間與細膩料理，營造出舒適而有質感的用餐氛圍。餐點橫跨義式與創意西餐，從披薩、燉飯到主餐皆展現紮實功力。披薩餅皮外酥內軟，配料新鮮不厚重；牛排熟度掌握精準，肉質柔嫩多汁，搭配濃郁卻不膩口的醬汁，層次分明。海鮮料理表現同樣亮眼，蝦肉彈牙、燉飯米心保有口感，香氣自然。整體調味偏向清爽，能吃出食材本身的風味。無論是朋友聚餐或輕鬆約會，牧山丘都能以穩定品質與舒服節奏，留下令人回味的一餐。壽星還享有一份蛋糕，真的挺貼心的。,為了玻璃屋來到牧山丘，完全被這裡的空間設計給驚艷！老宅改建的空間保留了迪化街的古樸，室內的綠色牆面、藝術畫作與復古花磚交織出很獨特的藝術感。最美的是後院的玻璃屋包廂，滿滿的綠意與原木吊燈，真的很有城市綠洲的感覺。雖然吃飯時聊得太開心忘記拍照留念，但整體的用餐氛圍非常放鬆，是個適合與重要的人聚會、享受靜謐時光的絕佳地點。,第一次來吃這間店，因沒訂位所以坐在一樓高腳椅的地方，好處是可以看師傅料理食物秀（小朋友很喜歡） 餐點（3/5）： 義大利麵：口味符合大眾，份量一般，海鮮鮮味十足，醬偏酸（可能是蕃茄醬的關係）。 Pizza ：薄皮餡多，只是火侯可能稍微大了點，邊邊烤到焦苦味出來，撇除邊邊我覺得不錯吃。 烘蛋：可惜了，因為靠碗壁的地方焦黑，所以吃的時侯有苦味；內容物是培根塊居多，馬鈴薯反而比較少，我覺得應該要更名為西班牙培根烘蛋，這道我個人不怎麼喜歡 沙拉部分，份量蠻多的，醬料也是清爽，只是此道沙拉內的水果有用酒煮過（雖然都已揮發），但還是大人分食掉。 地點（4/5）：附近有汽車室內停車場 整體分數6（滿分10） 生意不錯，真的要訂位才有位子，整體覺得cp值沒有到很高，但如果逛迪化街累了，其實可以到這邊坐著吃個輕食休息一下，最後個人覺得烹調方式跟調味調整一下覺得會蠻合，地理位置也不錯，所以給此分數,跟著Googlemap推薦到訪 義大利麵的Q度及燉飯的硬度還不錯，不吃硬飯的我連吃好幾口，蛤蠣的鮮味吸入飯粒好吃；調味很好。蝦子很新鮮！ 凱撒沙拉的醬好吃但對我來說太鹹有點可惜！ 胡蘿蔔濃湯奶香味濃郁，洋蔥甜味很好吃！但不耐喝，適合沾麵包吃！ 整體還不錯！還蠻推的！,· 胡蘿蔔濃湯超濃，很好喝！ · 烤花枝甜蝦蘋果柑橘酸奶沙拉，推～因為蝦子是先烤的而且新鮮！沙拉醬比例剛剛好，讓人不會有負擔過多的感覺。 · 烤牛排與風乾蕃茄起司香草寬麵，味道很夠，不膩！ · 起司檸檬炸雞（🌟🌟🌟）皮裹的稍微厚，雞肉比較沒有味道～ · 烤大蝦鮮蛤 AOP 燉飯，可以選擇飯要硬/軟，我選硬的很好吃😍 · 碳烤牛肉野菇披薩，牛肉有厚度，整體披薩不錯吃哦！ 擺盤很用心、也看起來很大氣的餐盤👍🏻
ChIJK5GmlHyrQjQRPNKNdgjHRhU,點了九道菜沒有一道踩雷！！ 金沙蝦球 宮保雞丁 口水雞 老皮嫩肉必點 加上老闆用心招待 完美的用餐體驗 吃完就一個感受—哦原來這裡有一家寶藏小館🥰,口味不錯 老皮嫩肉真的大推~~~ 好喜歡這個口感 剝皮辣椒牛肉有點兒鹹 蒜泥白肉的醬也蠻多的太鹹 可以再想想要不要點的大概是胡麻炸雞跟梅汁排骨 胡麻炸雞就搭起來有點違和、梅汁排骨不太中意,以前常常買中午的便當料多味美，大推！川菜也都很有水準，水煮魚水煮牛肉都很讚，但感覺現在味道不太一樣了，而且比以前稍油。 宮保雞丁：感覺吃起來和以前不一樣，現在雞肉應該是先炸後炒，整體偏油還算不錯吃，但只有辣沒有麻滿可惜的。 酸菜魚：魚肉和酸菜都好吃，份量也給得不少，不過還是偏油，整碗浸在油裡。 麻婆豆腐：個人滿喜歡的，不會過鹹很下飯，不過很久沒點了不知道味道是否還一樣。,,
ChIJKTMk-LurQjQRj34Hcv02Muw,剛好跟朋友約這家店真的很好吃，雖然我們五個人跟我們坐四個人的位置，從我進來到處去旁邊根本就沒有坐人，覺得應該要給我們六人的位子，我們五個人坐起來蠻擠 酒單是要少桌上QR Code，吃的有實體菜單，整體來說沒有吃到什麼踩雷的東西都很好吃，就是菜上的有點慢 酒的部分都很好喝，尤其是茶類條飲會喝不出來，但是有點小杯,他們家薯條是細長型，我個人很喜歡口感很好 炸雞翅很搭酒 草蝦義大利麵，草蝦新鮮有彈性 整體來說他們家餐點都不踩雷,本次用餐是與女友一起北上 第一次來吃，店內氣氛歡樂，服務都很熱情，推薦的餐點都十分好吃 我們點了好幾道菜，開胃菜的部分我們點了燉煮牛舌，牛舌吃起來軟嫩厚實，份量也是不少，推薦一定要點 蔬食點了烤芥蘭&花椰菜，拌上他們的絲綢乳酪也是非常好吃 排餐我們點了菲力牛排，肉質軟嫩，配上烤大蒜吃真的很讚，不輸高級餐廳，隨餐附上的薯條也是酥脆好吃 主食我們點了海膽燉飯，飯的部分與海膽配合很滑順好吃，配上的干貝也很大塊，十分推薦點來吃 因為餐點實在太好吃了所以我們又多點了兩道 香檸雞松阪推薦給能吃辣的 整體酸辣下酒 也是非常的好吃 金沙軟殼蟹是我跟女友想了一下覺得沒什麼地方吃得到，最後決定點看看 結果點了之後我們兩個都很愛的一道，蟹身軟嫩、蟹足酥脆 整體餐點協調有配上金沙醬與龍眼蜜非常好吃，我跟女友甚至想再點一次 強烈建議第一次來的，或是沒吃過10月新菜單的一定要點！ 酒的部分因為女友不喝，我點了兩杯 第一杯是店家推薦的侍女伯爵 伯爵的層次豐富，柑橘味與迷迭香的層次很舒服，如果茶酒不知道點什麼推薦點這杯 第二杯是鐵觀音茶酒，這杯就偏甜，個人認為鐵觀音的香氣很足，但層次上仕女伯爵更棒 最後我點了一杯鐵觀音，茶香很足，冰的也很好喝 女友點的都是軟飲料 奶茶的部分茶香比較多一些，如果喜歡茶香多一點可以點看看 熱鐵觀音茶香很棒，而且可以回沖，女友很喜歡！！ 推薦給看到的你來吃看看，建議事先訂位，不建議開車，可以坐捷運到市政府站後走過來大概3-5分鐘路程 下次我跟女友有來北部玩還會來訪，餐點好吃，酒水好喝 平常不太打評論的，但這家實在太好吃，有被驚豔到！,酒水和餐點都不錯 喜歡茶No.2，喝起來清爽 香檸雞松阪和雞翅美味 難得吃到燉的軟嫩的厚切牛舌 牛排和薯條偏普通 軟殼蟹可能因為淋上金莎醬，炸皮大多軟掉有點可惜，但調味是棒的 跨年夜來 店內電視在放跨年晚會轉播 音樂是英文流行歌 用餐時間2小時 沒有跨年特別加收的費用或點餐規定 整體蠻享受的 不過就是有點偏貴 感覺一樣的價位可以試試別的選擇,#rangebistrokaya #鐵觀音茶酒 #末日雞翅 #香檸雞松坂 #黑松露菌菇雞燉飯 #當季鮮魚 觀音茶酒意外的很烈，才喝1/5勁頭就上來了 排餐的鱸魚非常新鮮，蘸上旁邊略鹹的白醬真的很搭🥰 不過最喜歡的還是燉飯，黑松露真的有一個很神奇的味道👅 不管配啥的很讚👍
ChIJKX8_B98BaDQRNv-wGZXLk7U,分量十足又不失精緻感。牛排熟度掌握得宜，肉質鮮嫩多汁，搭配特製醬汁更是令人回味無窮。無論是經典的牛排干貝套餐還是其他特色餐點，價格都非常合理，展現出「物超所值」的魅力。,今天8/28晚餐，我們提早幾天，預訂了13份餐點，可是燉飯跟義大利麵出餐比其他排餐晚了30～40分鐘，建議貴店如果出餐時間有那麼大的落差，可以事先建議客人選擇速度差不多的餐點。今年2/18我也帶過家人去用餐，那次麵包籃的麵包拿起來後，發現墊在底下的餐巾紙上有一隻小小強，但外場處理還不錯，其他餐點也沒問題，所以我這次也願意帶其他家人一起去用餐。可惜主餐出來的時間落差太大，我們很多人連甜點飲料都用完了，長輩還在等義大利麵。,不便宜但是食材都是真材實料，而且每一道料理都非常好吃，第一次吃很驚艷，非常適合闔家聚餐約會。 今天帶了蛋糕來慶生，餐後請店家幫我們拿蛋糕時，店家竟然幫我們拆開並點上蠟燭端上桌，服務也太周到了吧！這次用餐家人們都留下很好的感受，有機會會再回訪。,今天點了白板上的 美國Prime菲力，我覺得比教父牛排還要好吃。而且金額才賣1000出頭CP值爆表。 這是我進五年來吃過最好吃的牛排。,太好了吃啦！第一次吃，絕對會再訪！ 1）德國豬腳點了兩份，非常好吃（這個餐點需要預定，電話訂位時可以先說） 2）務必打電話先訂位，我們晚餐時段去，有兩組客人都沒位置，幸好我們下午有提早打電話訂 3）今天主餐吃了德國豬腳、牛排+干貝、青醬海鮮燉飯、鮮蝦義大利麵每一道都好吃 飯後甜點也很讚，四個人吃五份主食差不多剛剛好（我們一家都很愛吃） 4）主食可以按照人數加點180元套餐，很超值，有麵包沙拉甜點飲料
ChIJKcM2uWSrQjQRfon8d41sbGo,今年到金色三麥微風店參加跨年夜活動，整體體驗讓人非常失望。 每人收費 3499 元另加一成服務費，座位是安排在景觀最佳的位置，但實際的服務品質與價格完全不成正比。 首先，服務與上菜速度明顯過慢。標榜「啤酒無限暢飲」，卻必須等待服務生送酒，平均等候時間長達 20～30 分鐘，多次反映後情況仍未改善，讓人幾乎喝不到酒，與「暢飲」的期待落差極大。等待時間過久後反應服務人員，結果來一位服務員，服務員聽我們說完後，也完完全全沒有任何作為及改善，感覺又被敷衍了，真的很失望。 餐點方面，牛小排肉質偏差，份量與擺盤，完全沒有期待的驚艷感，未見應有的處理與熟成水準，現場也沒有任何餐點介紹或說明，感覺只是匆忙上菜，缺乏應有的專業與用心。 跨年夜付了一個如此高的費用，餐點沒有比平日來吃的餐更高檔也沒有變化，在餐點方面也非常失望。 跨年夜本是值得期待的特別時刻，但此次體驗無論在服務、出餐節奏或整體安排上都令人失望，希望店家能正視高價活動應有的品質與服務水準，避免讓消費者留下不好的回憶。,服務可能人手不足，速度較慢。 聖誕烤雞套餐份量6個人吃很足夠。 每到料理都很好吃，湯點了海鮮鍋， 很中式的湯頭，但好喝海鮮味很濃郁。 蛋糕體也很濕潤，不錯！,"位置在松智路微風南山的7樓，12/25(四)今天耶誕假期，所以晚上用餐很多人， 有先預約17:30分的時間，窗邊位子需要低消3,000元。 餐點有排餐、義大利麵、燉飯、PIZZA...等，還有一些特色餐點，價格約在200多至800元，套餐約1000多元。 這是第一次在這邊用餐，餐廳氣氛不錯 ， 但是等餐的時間非常久，而且有限用餐時間2小時（我們是到19:30分）， 平均是30分鐘，最後一個燉飯是等了1小時20分鐘，期間還有加點一道炸物拼盤，拼盤也都來了，燉飯還沒來， 期間也至少跟4位服務人員詢問，也沒用， 直到最後一位，才發現桌單上的餐點被塗消掉，送餐的人也許以為已經送了的意思嗎？ 但是期間我們詢問多次完全沒有工作人員發現，只是敷衍的意思嗎？ 最後雖然有告知燉飯招待， 但是對於用餐的人來說， 只想要吃頓飽飯，享受耶誕大餐而以。 扣除燉飯消費總金額也要4,400元（含10%服務費)",想要享受奢華氣氛卻不會太貴的餐廳那絕對可以來這家不同凡響的金色三麥，一旁就可以看到101，不管是下午、或是晚餐時段，白天、黑夜的景緻真的都很讚😍,當月壽星直接送了一個六吋蛋糕，實在太大方了！ 整體環境相當有質感，燈光美氣氛佳，挑高的空間搭配華麗的水晶吊燈，營造出浪漫又高雅的氛圍。 窗外夜景一覽無遺，邊用餐邊欣賞城市燈火，特別適合情侶約會或慶祝特別日子。 餐點不僅擺盤精緻，味道也相當出色，從主餐到甜點都能感受到店家的用心。
ChIJKcezcQCtQjQR1ApWkMx-oag,△ 超普 真的不好吃 ▲ 週一 公休日 △ 下午時段休息 ▲ 禁止外食、飲料 △ 內用 座位不多 ▲ 可內用 / 可外帶 △ 現金、電支 ▲ 無法訂位 賣完為止 △ 豬排專門 但豬排不行 ▲ 提供洗手間、熱茶 △ 附近自找停車場 / 格 ▲ 自行掃碼點 有會員活動 △ 不收服務費 ▲ 建議去吃連鎖品牌就好 剛好朋友說想試試，就特別過去等，在開門前就在門口先等候，店家準時 11：30 就開門。 店家不提供訂位，所以就是先來可挑選座位，滿了就是要現場候位，而內用座位不多，但是也有可能賣完就沒了，所以如果真的想吃的，建議早點來。 內用是掃碼自己點，店家很客氣，會提供熱茶也會介紹餐點，第一次來就是直接是招牌「濃黑巧克力咖哩 梅花肉炸豬排」的餐點，想說咖哩、豬排都一口氣試試。 等了一會餐點就來了，看起來整體的賣相是不錯，就直接來試試，體驗一下味道如何。 先說「米飯」。本身是尚可，但是我覺得配咖哩，可以飯再硬一些，米粒感再紮實一些會更好。 再來是「豬排」。這個豬排...本身的肉沒甜味、沒香氣，嚼起來還帶微微豬味，而麵衣跟肉是完全分開，沒有一體性，試了沾醬，只有鹹而已，我覺得這個沾醬口味太重，完全不搭。 然後試「咖哩」。就是只有一個字「鹹」！！而且是很鹹... 鹹到不適合配豬排，配白飯也完全不搭，吃起來毫無層次可言，本來也沒甜感跟香氣，就是吃到一個鹹，而且口味過重。 然後喝了湯、醃漬醬菜.. 也都是鹹，味噌湯的口味也是偏鹹，整體平衡沒有一個可以解膩，吃完好想喝個甜的或是喝一個清爽的... 第一次吃豬排，吃到這麼膩.. 嚴格來說，沒有一個好吃，雖然在 12：30 左右就差不多客滿，生意真的很好，但我覺得可能附近沒有競爭者吧... 這個體驗後的感覺，我覺得不會推也不會回訪，雖然服務費不收，態度也很好，可是餐點真的不行... 而且這個價格，一個咖哩豬排要 450 ... 成人根本就吃不飽..以這個價格來看.. 我覺得有更好的選擇。 說真的.. 這個豬排店的品質，跟連鎖比，也是完全被連鎖品牌比下去，連鎖品質穩定，高麗菜絲、湯、飯 都可以無限續，價格加上服務費也跟這裡差不多。 我覺得是不是洗評價... 唉.. 最多就是兩星，給服務跟店裡環境.. 餐點我個人真的不推、不給過，但..也許是我自己問題，看來還是很多人喜歡，就留給其他人來試試吧。,本來怕黑巧克力咖哩很辣，但濃黑巧克力咖哩香煎嫩豬的咖哩只有小辣而已，可以放心吃～ 沙拉附的山葵醬是辣的，會怕辣的話可以點青檸醋 店員服務態度也很讚，看到備注寫「不要辣」還特別到座位確認飲食口味👍🏻,📌［梅花肉炸豬排-特盛］ 好吃，可以續飯乙次，可以吃很飽 📌［濃黑巧克力-香煎嫩豬］ 巧克力咖喱不會有很重的巧克力味，小辣 味噌湯料給的也滿豐盛，整體很不錯，不過特盛稍顯貴了點，推薦可以點一般的即可👍,濃黑巧克力咖哩-梅花肉炸豬排$450 平常吃微辣的人，這咖喱對我來說 太辣了🤢 當時隔壁桌的不知點哪個，她也覺得太辣不敢吃、給朋友吃… 從menu上看不出辣度 希望店家能標示一下好👌🏽 味增湯很驚艷！豬肉很嫩、真材實料，所以湯頭鮮甜～好喝 餐後還有附牛軋糖小茶點～不知是否為過年前限定,託你的福讓我吃到這麼幸福☺️的豬排丼！ 雖然開在公司附近， 但是因為飲食控制的關係， 平常日很少吃這麼豐盛的中餐。 但是因為十二月已經跑了兩百公里的跑量， 所以有勇氣來挑戰這熱量十足的幸福餐。 雖然開了一陣子，但環境維持， 服務人員也很專業，菜單餐點特色都很清楚， 有油脂量較高的梅花豬肉與油脂較低的里肌， 因為是第一次前來，所以決定不做選擇， 點了梅花+里肌特盛的套餐， 餐前來了一杯無咖啡因的茶味道不錯， 上菜速度很快，而且擺盤一看就是份量十足， 沙拉我選的是蜂蜜檸檬， 新鮮有記憶點，可以緩解豬排的油膩。 炸梅花豬排略有嚼勁，雖然帶有油脂， 但是吃起來一點也不油膩，滿足😌度十足。 里肌肉雖然油脂較少，但一樣厚嫩有汁， 覺得兩者都點實在是明智之舉， 不過份量實在有點驚人， 我覺得不是很餓的話，擇一即可。 特盛可以加飯，但我放棄了。 附上的味增湯也很用心，非常好喝， 一點都不是來湊數的。 謝謝🙏提供這麼用心的餐食， 託您的福讓我有這麼好的用餐體驗。
ChIJL1eKp42tQjQRGJUTlorzFIk,整個裝潢很漂亮，空間寬敞明亮舒服，菜單選擇很多目不暇給！讓人猶豫了好一陣子！ 🍝卡波娜拉蛋黃醬雞腿義大利麵：覺得雞腿的味道完全蓋過麵，導致蛋黃麵就只是普通的義大利麵，只是顏色偏黃而已，有點可惜… 🍗酥炸嫩雞翅：菜單寫雞翅，其實給足了四隻雞翅四隻雞腿，炸的又香又酥，好吃！ 🍮提拉米蘇：一般好吃,裡面很漂亮，座位也很多，服務很好，每道料理都會介紹說明。晚上很漂亮氣氛很好。料理都不錯，義大利麵很推，披薩口感也很好。唯獨豬肋排做法是濕的，我們外帶回家用氣炸鍋就口感不錯。 鮭魚很厚實沒味道，我們自己灑上黑胡椒搭配還不錯。,牛排太熟⋯不能決定熟度，只是全熟或半熟，但是半熟也超熟 雖然很常想不到要吃什麼就來吃這家 但是這幾年覺得餐點品質有些微下降 而且品項現在超多看得很亂,不限時咖啡店，好適合聚會吃吃喝喝聊聊沒有壓力！ 沒有包廂或連在一起的座位，只能包區。還好還算可以聊天～大人一起，孩子一桌🤣 餐點好吃，惟飲料普普。工作人員聽錯、點錯餐點，還好可以換，算是服務態度好。生意很好，永遠客滿有點吵雜,服務態度我覺得非常好，從一開始沒訂位現場排隊帶位說可以到餐廳內等並可以直接點餐或掃碼點餐，用餐時間也沒有限制，非常適合聚會聊天，我點的米食料理部分看起來很不錯但吃起來很普通甚至是水準之下，飲料中規中矩，環境不錯位置夠多夠大且明亮，非常點一小份餐點聚會聊天。
ChIJL3zx0rgBaDQRdw7IJgZql9g,個人吃完感覺略低於目前評價 主要只針對滷肉飯和羊小排湯來評價 首先對於滷肉飯份量不太滿意 小碗滷肉飯+滷肉（如圖） 這樣要60（40+20） OK，要不給我大一點的碗？ 送餐的時候我還問店員這有+20嗎 不過吃過以後，覺得滷肉確實還行 口感軟嫩，肥中帶甜，非常下飯 但滷汁過於油膩，且沒滷肉的香味 如果吃到後面，就會發現滷汁沒味道 滿口都是豬油的口感，不適合常吃... 滷肉飯的部分 由於上週去南部有吃到超神滷肉飯 所以這次吃完感覺還好 就是少了點什麼味道... 台北最好吃還是全台灣最好吃 此類評價都在吹捧，完全過譽 羊小排湯要145 （大概5塊肉左右） 個人覺得比起滷肉飯，沒啥記憶點 就一般般的藥膳羊肉湯 雖然肉質鮮嫩，但價格也是稍高 吃完只對羊肉留下印象XD 羊肉湯頭的部分 中和的廣澤藥膳羊肉湯或是林口的老占元拉麵大王的羊肉湯都比這家優秀 但這家能選肉的部位，還是要給好評 整體而言，是水準之上 好吃，但不會推薦給親友去試 也沒有必要排隊等候... 現場只收現金和街口 附近不算太好停車 五點多就一堆人在用餐 未來有機會可能會再訪（？,當歸羊肉片湯$120，手切滷肉飯小的$40跟滷蛋$15，都還算不錯，但滷豆腐，比較普通，沒有真正入味，單純死鹹。,聽說跟賴岡山有點淵源 抱著一點期待來吃，結論是我還是好好排隊 整體來說，味道都偏淡些，小菜比較油一點點 羊肉湯則是香氣比較沒這麼重 經典滷肉飯也是味道比較淡一點，然後飯偏軟耶好可惜 但他們家辣醬很厲害！,一踏進店內，復古裝潢映入眼簾，彷彿時光倒流。因為曾被餐點與氛圍深深驚艷，特地再訪，這次帶著爸媽一同前來，也讓他們在懷舊空間中勾起童年回憶。 必點的魯肉飯令人難忘，肥瘦交融、油香溫潤，帶著豬油拌飯的古早味層次，整體表現甚至勝過不少知名連鎖品牌，爸媽一致稱讚。小菜與湯、燙青菜水準齊整，樣樣到位，建議放心全點。羊肉湯清爽無騷味，喝完毫無負擔，是畫龍點睛的一碗。 生意長紅、天天排隊，確實名不虛傳。這不只是一餐飯，更是一段值得細細品味的老時光。,冬天來碗羊肉湯就是讚，食物美味又剛好溫補。好久沒吸羊骨髓，能在這裡吃到真的很開心，而吃完不會口渴，感覺沒加太多添加物燉。店內復古氛圍滿滿，看得出來店家很用心佈置，會再回訪用餐的一間店。
ChIJL6olmHSrQjQRLQ7itONyGgs,這次我們專程預約了午餐時段，想來試試看平日中午專屬的商業午餐。 一抵達門口外還有七組現場待位組，看來午餐還是挺熱門的，報到的小姐姐很溫柔，發現我在看商業午餐的資訊時，馬上請我稍等，再去裡面拿出現場沒有的其他商業午餐菜單給我，也針對差異說明，這點很貼心。 入座後覺得跟左右邊的鄰居們有一定距離，是很舒服的空間，說話也比較自在。 我們這次點了「火山厚切牛排」、「日本A5和牛壽喜燒」，前者是以定食模式一整套上桌，後者可以同時吃到桌邊燒烤跟壽喜燒，以及還能吃到牛舌、橫隔膜、板腱牛排、A5和牛壽喜燒。 另外水資每個人80元，我們選了氣泡水，會放檸檬片，這點我們很喜歡。 桌面有三種調味品，蔥鹽、柚鹽、紫蘇鹽，是搭配肉品用的，點完餐接續會上三道小菜，而且可以續菜，泡菜、柚子白蘿蔔、小黃瓜，我個人喜歡小黃瓜。 第一道料理是生菜盤，中規中矩補充纖維，菜是新鮮的，醬汁也不會味道過重。 今天整理吃下來，我個人最愛火山厚切牛排，調味偏甜口，淋汁的飯很好吃，生蛋拌入更好入口，白飯也很好吃，定食的三道配菜與湯品也很適配，厚切牛排的口味與口感很不錯，我反而不喜歡太和牛的肉，份量相當剛好也不會膩。 烤牛舌很好吃，份量精緻一人吃或像我們一樣分食兩個餐也很棒，烤橫隔膜很柔軟，相對板腱牛排相較之下印象就比較薄弱，日本A5和牛壽喜燒餐期間會上半碗白飯，最後還會再上半碗炒飯，我覺得這個安排很不錯，挺有變化，甜品是柑橘水信玄餅，黑糖醬也很搭。 這一餐吃下來會飽，也不會空虛，桌邊服務比較制式。,基本上會有個隨桌的服務員，會幫你打點好你的每一片肉跟每一片菜。原本看看評價是稍微有點擔心服務品質，事實上確實服務員也有煎一煎肉然後消失的情況，不過肉也沒有放到過熟之類的，總體來講服務態度是沒問題的。 安排的座位倒是很有趣，是一個寬 U 字形的椅子，開口處是服務人員的站位，兩個人則是大概只用得到桌子的一角，遠的那一半是拿來暫存食材的區域。 介紹餐點時十分詳盡，後續的服務也都很好。點餐時原本和牛說是肋眼，上菜的時候突然變成羽下，一開始是有點小錯愕，問了一下他們是說肋眼剛好賣完了。不過到在煮肉的時候，我們的服務員突然說再額外補償一片羽下，整體感受還是很棒。 中途飯如果不夠配都是可以續的，也看到隔壁桌還有續小菜。 最後的雞蛋蓋飯是用鍋內剩餘的一點醬汁來煎的蛋，整個其實很鹹，應該是整餐最扣分的一道。有點因此猶豫要不要給 4 星，但畢竟也不是重頭戲，這分大概扣在心裡就好。 套餐的甜點很有趣，是微糖的豆漿配豆腐，溫的。搭配很不錯，沒吃過，覺得很有創意。 服務員原本說餐點都上齊了，我也忘記我當時訂位的時候到底有沒有填是來慶生的，結果以為吃飽喝足的時候又上了一個巧克力蛋糕來，真的是要飽到底了。巧克力蛋糕的頂的巧克力特別濃也比較甜，我很喜歡，蛋糕體是很鬆很軟的類型，一切就散了。 最後桌邊結帳。,"兩人用餐共消費 9,856 元，整體體驗與價位完全不成正比。 因 IG 廣告而前來，原本對服務與餐點有相當期待。但入座後僅被詢問要燒肉、壽喜燒，或兩者都要（指著菜單上的大滿足），卻沒有任何套餐內容介紹。以這個價位來說，至少應該說明當日湯品、肉品配置與料理特色，但全程幾乎沒有說明。 上菜過程中，服務人員多次只問「要拍照嗎？」，卻不介紹肉品部位、不說明特色、也未建議搭配醬料。燒肉本身沒有部位說明，烤好後也未引導食用方式。整體感受不像高端和牛燒肉餐廳，更像單純送餐。 壽喜燒唯一被強調的是撒糖的重要性，但實際甜度高到幾乎掩蓋和牛原有的風味。如果甜度可以調整，應事先詢問客人；若無法調整，也應提前提醒。這樣的呈現方式讓人失望。 甜點為熱食，形式特別，但同樣沒有任何說明。 優點僅剩白飯粒粒分明可續，以及進口氣泡水可續（另收費）。除此之外，服務專業度與價值感明顯不足。 以接近萬元的消費來說，這樣的桌邊服務與餐點介紹實在難以接受：） 附上我覺得不好吃的食物照片^^ 金價係被當盼仔 phàn-á",訂12:30的位子 12:20到現場櫃檯要我們等 想說11:30才開 前面應該沒有客人才對 這次經驗是需要時間到才可入場 提前到無法入場喔！ 點了午間套餐A5紐約牛排/綜合和牛壽喜燒 小菜提供三樣可以續(韓式洋蔥/柚香蘿蔔/小黃瓜) 全程都有專業人員桌邊代烤及料理 必須稱讚熟度抓的非常剛好 紐約牛排筋比較多 但完美熟度依然很好入口不難咬 燒肉套餐是定食方式 裡面有一道麻婆豆腐麵 吃起來是煮麵的水沒有瀝乾 整個麻婆豆腐醬都被稀釋 吃起來味道很淡 很像吃湯麵⋯ 壽喜燒料理的熟度剛好 不會過老 菜盤種類及份量不多 女生會吃飽的程度 結尾會用剩餘壽喜醬做一份玉子飯 一小碗也不用擔心太多 有收水資可選氣泡水及礦泉水 整體感想是不會覺得難吃～ 但一樣的價位絕對有更好的選擇,很頂的燒肉，肉質沒話說當然價格也略高，今日總消費近2500元。此餐吃到的全部都算滿意，服務環境也不錯。桌邊代烤的人員要看運氣，我們這桌就是說明烤的是何種肉類部位快速盡責烤完無太多介紹，聽到隔壁桌的代烤服務或許較資深就介紹的非常詳盡。（再看到其他人評論才知道三道小菜可以續，殘念，當場我們的服務員並無告知，小菜真的蠻好吃）有收一人基本水費80元加一成，但是水杯快空服務員不會一直來主動補水，要提醒他們，但現場挺忙就是不見得能馬上找到服務員。
ChIJLU4r6jurQjQRrr44krDtxuY,打拋豬肉飯套餐 洋蔥爆炒牛肉套餐 附美式咖啡水果 餐點現點現做。讚👍👍 美式太濃不愛（冰熱都喝過）,有素食菜單👍但咖啡不愛 松山整復KO酸麻脹痛卡 可搜尋：金松深層鬆筋膜,舒肥雞胸沙拉220 附美式咖啡100（可補差價） 不但好吃而且健康，半熟的水煮蛋搭配香脆的堅果還有生菜以及舒肥雞再淋上油，份量不算大，但價格合理 洛神花茶（補差價+30） 可回沖，不甜但很香，很順口，偏酸 柚香金萱茶（補差價+30） 可回沖，不甜但很香，也很順口 蘋果派 140 老闆自製，限定版，不是每次都有 真的非常好吃，內餡的蘋果+肉桂澎湃，超級香甜好吃，皮不是特別脆但也不軟，剛剛好，強力推薦 巧克力布朗尼 110 老闆自製，含冰淇淋一球 熱騰騰的巧克力布朗尼內有著滿滿堅果，吃起來香軟可口，搭配冰涼的冰淇淋，可以在沾上旁邊的甜甜巧克力醬，真的很經典，但不喜甜的自行衡量 老奶奶檸檬蛋糕 100 老闆自製 個人覺得比外面的都大片，而且很適合不喜歡太甜的人，酸甜的檸檬香在灑上檸檬皮後香味又更上一層樓，口感軟綿，好吃 店家服務超級好，而且環境整潔舒適，讓人很放鬆，適合和家人朋友去聊天小聚，超推他們的甜點，而且不用服務費,"從外面經過時,本來以為是自行車行,沒想到裡面是有好吃餐點的咖啡廳~",
ChIJLU89EYKpQjQRoPkxb7kg0Aw,一直都很喜歡吐司利亞的餐點 之前比較常去其他分店用餐 昨天是第一次造訪永康店 預約的座位被安排在 店門一進來的位子 入座之後其實就發現 怎麼一直有風吹來 左看右看才注意到 店門一直是開著的 本來想說通風也好 但後來等到餐點上桌 才發現因為太通風 餐點都很快就涼掉了 雖然每道菜都還是非常美味 店門開著的原因 也好像是客人進進出出沒帶上 但如果店家 可以注意這個小細節會更好,我的愛店之一！這一家餐點不僅好吃…餐點完全不踩雷！所以也是我常常光顧的店家！屬於價位偏高的店家但餐點真的很好吃…不得不說很難得一間店餐點不僅美味服務也很好！（極推！！！）雖然今天大約晚上10點左右前往用餐！但今天的餐點有點小小扣分！蛤蠣處理不是很好似乎吐沙沒有很乾淨有點小缺失！麵裡面有蛤蠣的小殘殼差點吃到！不過事後結帳時有跟店員反應！店員當下有向我示歉！態度非常得好！每一次用餐店員服務非常得好！,環境舒適，是個與好友聚餐的好地方！菜單品項也蠻多元豐富的，加上服務人員貼心且親切，非常推薦大家可以來試試看,第一次來這家店，只知道沒有什麼廣告，卻很多人來吃。位置都非常舒適主要是服務很好，也不會趕人走。地中海風味料理很有特色例如蘇卡還有一些餐點跟你平常吃的早午餐都不一樣，非常值得一試。,因為好友住在這附近 推薦這家特別的料理 看名稱像是賣吐司的 其實裡面別有洞天 店面的裝潢是我愛的風格 昨晚被安排到四樓 想說吃個飯還要爬四樓 我很感激被安排到高樓層 每一層樓都好美～ 因為我有外帶了兩個小泡芙當蛋糕 先告知服務人員 可以讓我拿出來唱個生日歌吹完蠟燭就會收起來 服務人員很親切的跟我說 沒關係 也可以在這邊吃沒問題的 好感動啊啊啊！ 但這邊料理實在太好吃的 所以讓好友帶回家再享用 感謝昨晚四樓的帥哥服務員 借我打火機還親切的服務 非常感恩 也讓我第一次來這的用餐經驗 非常棒 下次會再來！！！
ChIJLWGqc46rQjQRaHFMoW8TTZY,蠻好吃的，價格也不貴，不過感覺店家人手不足，所以上菜和送菜菜單都相對比較慢， 另外建議店家可以在廁所裡面放一個掛勾，脫個外套卻沒有地方掛，蠻麻煩的,民生社區的老店之一，從原本巷子搬到大馬路上的店面，手藝依舊，主要以家常料理為主。 炒菜類都是常見的菜色，我們點了青菜、金莎軟絲、三杯鳳腿、糖醋排骨等。 炒高麗菜、空心菜的火候掌握很好，算是青菜類的好選擇。金莎軟絲個人覺得過鹹，即便配飯吃還是蠻鹹的；糖醋排骨還不賴，酸甜好滋味；海瓜子也不會過老，鮮度剛剛好；三杯鳳腿就是青蛙腿做出三杯料理，其實跟雞肉差不多；客家小炒個人覺得有點雷，口味太重鹹，這樣就不像是客家料理了。豆腐煲和茭白筍算是中規中矩。 整體來說，用餐環境很不錯，不過點菜速度頗慢，菜色選擇多，可以挑選自己喜歡的家常料理。,菜餚道地，我吃比較清淡，所以會覺得口味偏重，但還是好吃😋 老闆人很好，便當也好吃：）,大家酒酣耳熱好不熱鬧，菜色有記憶點，很下飯,
ChIJLZxabbKpQjQR6cN-5ukbq78,經過我們爆點一波 我給你幾個必吃推薦 👍🏻花甘：軟又多汁，驚艷 👍🏻排骨：酒糟香氣，酥脆又嫩 👍🏻手切威士忌牛肉燥乾麵：熱吃很爽口，麵稍有硬度，牛油香撲鼻，但千萬不要冷的吃 👍🏻濃厚雞白湯+蛋：這個是真爽，蛋絲多，雞湯好喝，沒毛病。 蝦仁飯個人覺得稍微無聊，可能其他東西太順口了。 桌上基本上都沒有毛病，就是吃太飽而已。 當天前面六組，但輪的很快一下就到我們了。 好吃會再來喔！,😀位於捷運善導寺站附近的忠青商行，早已是台北中正區名聲響亮的眷村味名店。雖然許多人是衝著那碗滿滿蝦仁的「極品好蝦炊飯」而來，但真正懂吃的饕客，絕對不會錯過店內的隱藏實力派——家傳爛肉麵。 ​🍜 靈魂主角：家傳爛肉麵 ​這碗麵完美詮釋了「爛」字的最高境界。這裡的「爛」並非口感軟爛無神，而是指燉煮到化骨綿掌般酥軟的豬肉。 ●​肉質口感：精選的豬肉部位經過長時間文火慢燉，輕輕用筷子一撥即散，入口即化，油脂的部分更是軟糯而不膩口，充滿老派眷村家庭的溫暖感。 ●​湯頭與麵條：湯頭醇厚卻不鹹口，帶著淡淡的肉香與甘甜，搭配上吸飽湯汁、帶有Q度的麵條，每一口都能感受到濃郁的古早味。 ​🥢 延伸推薦：不容錯過的靈魂配角 ​來到忠青商行，除了爛肉麵，桌上建議再補上幾道經典小菜，才算完整： ●​極品好蝦炊飯：鋪滿蝦仁的視覺饗宴，蝦湯精華滲透進米飯。 ●​威士忌牛肉燥飯：創新的風味讓傳統肉燥多了層次感。 ●​雞汁燙青菜：雖然是配角，但鮮美的雞油香氣讓人驚豔。 ​✨ 總結評價 ​忠青商行的空間環境乾淨明亮，將傳統眷村美食包裝得精緻且有質感。家傳爛肉麵不僅僅是一碗麵，它更像是一種對「時間」與「火候」的致敬。對於不愛剝蝦、追求扎實飽足感與深沉肉香味的食客來說，這碗麵才是真正能代表忠青商行「功夫」的靈魂之作。,中午11:30左右抵達，店內尚有許多空位（反而是隔壁的雙月已大排長龍） 店內裝潢很有臺灣味，紅的喜氣 門口有提供熱的養生茶（其實就是黑糖枸杞紅棗茶）以及醬料區，其中非常推薦椒麻辣椒油，麻感與辣香兼具。旁邊亦有付費飲料區可自行選購 極品好蝦炊飯由白飯、蝦仁、蝦油組成，蝦味雖濃但單吃起來其實只有一般水準。不過加上半熟的香煎土雞蛋和椒麻辣椒油後風味整個升級，麻香、蛋液、蝦醬充分融合後讓整碗飯更有記憶點 高麗菜滷就是常見白菜滷的翻版，高麗菜滷的軟爛，十分入味 而最最最驚奇的是忠青炸排骨，完全是滿分的一道料理。炸皮使用傳統地瓜乾粉，酥脆且緊實扒在肉上。裡頭的排骨也有事先醃過，吃來肥瘦適中、軟嫩夠味。外頭撒上的胡椒粉更是突顯了台味經典 整體而言，食物皆有一定水準，不過價格偏高。最推薦必點的絕對是炸排骨，要說忠青是被蝦仁飯耽誤的排骨飯店也不為過…,感謝店裡的小姐姐幫助我推薦了招牌+受歡迎菜，讓我很快的點完和帶走外賣。 非常推薦 1。蝦仁飯 2。限量供應的飯 - 還有供應的選項中挑了軟殼蟹蝦仁飯。好吃！ 3。白菜 4。豬血糕 - 這是個人喜歡 5。滷味 - 點了海帶 6。花乾 7。豬排 店裡也有招待的健康茶。非常好喝不要錯過。,這次來到位於台北捷運善導寺站附近的忠青商行（善導寺本店）用餐，這家店一直以來都有「眷村文青風」的美譽，今天總算親自體驗。踏進店內，暖黃色的燈光搭配簡約的木質桌椅，牆上還掛著帶有復古韻味的書法作品與春聯，整體環境乾淨明亮，確實很有現代文青感，讓人用餐的心情也跟著輕放了下來。 首先上桌的是他們家的招牌「極品蝦仁飯」。這碗飯最迷人的地方在於蝦仁並非一般常見的泡過藥水的透明蝦，而是飽滿且保有口感的鮮蝦。每一顆蝦仁都裹著淡淡的醬汁，鋪在淋上蝦膏高湯的白飯上，撒上大把鮮綠蔥花，色彩誘人。白飯吸收了高湯的鮮甜，濕潤度適中，每一口都能吃到濃郁的海鮮鮮味，是那種傳統中帶點細緻的好味道，整體表現令人滿意。 配菜部分點了滷豆干。這份豆干光是孔隙很大，就覺得好好吃。吸飽了濃郁的滷汁，咬下去時湯汁在口中爆開，鹹甜適中，配上點綴的蔥花與辣椒絲，讓簡單的家常味層次感提升了不少。這種老派眷村的滷味功底，確實讓這餐加分不少。 炸排骨從外觀看，排骨炸得金黃酥嫩，外層的麵衣看起來非常酥脆，底下還細心地墊了瀝油架，這點細節值得稱讚。咬下一口，排骨本身肉質紮實且帶有肉汁，醃漬得也相當入味。 唯一美中不足的地方：排骨表面撒上的胡椒粉確實稍微偏重，對於口味較淡的人來說，鹹度稍微高了一些，吃多了會想多喝幾口隨餐附上的茶水。不過，搭配一旁清脆爽口的酸黃瓜片一起入口，酸甜的清爽感剛好抵銷了胡椒的鹹度，這種組合平衡了整體的口感。 整體而言，忠青商行的初體驗是愉快的。除了排骨胡椒粉稍微「重手」了一點外，食材的鮮度與料理的誠意都能在碗盤間感受到。這是一家會讓人想再次回訪的店，下次我可能會嘗試點個半熟蛋拌入蝦仁飯中，相信那種蛋黃與蝦膏融合的滋味會更加迷人。
ChIJLa98GXKtQjQRxQ58Wwem0NI,被多款自製義大利麵所吸引，嘗試了最基礎的蛋黃麵，吃起來醬跟麵是分離的，不確定是否道地，但個人沒有喜歡。下次想試試看其他麵的表現 反而被它的沙拉吸引，非常新鮮，且吃到難得一見的新鮮無花果，整體搭配起來清爽，可惜核桃糖切的太大塊，如果再碎一點更完美。 大蒜麵包又香又脆，搭配起司，還不錯。 烤雞中規中矩，倒是烤羊排令人驚艷，雖然外表看起來有點烤焦，裡面切開相當軟嫩，價位偏高，份量有點少。 加點提拉米蘇，不是個人喜愛的，可以跳過。義式冰淇淋選了香草與太妃糖口味，好吃且融化非常快。,中高價位的義大利麵 味道很讚👅 餐點都是很有水準的 墨魚麵是真的有海味，吃一口就驚豔 酥炸中卷300有找，覺得划算 唯一遺憾就是想吃哈密瓜盅點到莫扎瑞拉起司 松子青醬上也有一球起司 導致所有餐點吃下來起司量太高了，有點膩 服務蠻不錯的，環境偏吵雜 廁所不在餐廳內，是與大樓共用,手工義麵每道都優秀美味 現今的生義麵品牌也越來越多了 但這家店的口味設計獨具創意特色 不走傳統保守路線的口味 顛覆對義麵的味覺想像 不同的麵寬搭配不同的色香味 在台北分店也不少了 價位符合對它的期待 開放式的廚房 可以欣賞主廚們炒製的樣貌 也很賞心悅目,葡萄乾瑞可塔很有特色，帽子餃還行，加上整顆大地瓜，地瓜本身就香甜，沾點調料也不錯，愛吃地瓜的我是蠻喜歡的 蒜味細薯、無花果起士沙拉好吃 芭娜娜巧克力蛋糕還不錯,加入口袋名單很久的義大利麵餐廳，今天終於得償所願，很多人在說的油煙味的問題完全沒有感受到，除此之外，多種精心設計的麵條、搭配精心調製的口味令人印象深刻，特別推薦F1輪胎麵。服務用心並且注意細節，整體的用餐體驗讓人非常滿意，絕對值得五星好評。
ChIJM32hZV2pQjQRdYi2EMgYLO0,熟客制的義式私廚，整體用餐感受略低於期待 👉這次用餐吃的餐點： 晚間套餐 2000 / 人 ✨迷你泡芙｜火腿慕斯 佛卡夏｜瑞克塔起司｜風乾蕃茄 橄欖麵包棒 ✨雞肉凍｜鮪魚醬🧡 橄欖｜牛肝菌｜雞肉 蛋捲 ✨青花魚茴香葡萄柚沙拉 ✨胭脂蝦｜絲綢乳酪｜蝦醬🧡 ✨香腸青花筍貓耳朵｜乾燥青花筍花瓣 ✨紅蘿蔔餃子｜雞油菌｜鴨培根 ✨烤菲力｜帕馬森起司｜芝麻葉醬汁 ✨栗子提拉米蘇 當晚最令人驚艷的，是「胭脂蝦｜絲綢乳酪｜蝦醬」，胭脂蝦本身鮮甜純淨，質地柔潤，搭配滑順的絲綢乳酪與風味濃縮的蝦醬，層次堆疊得恰到好處，醬汁的完成度極高，好吃到讓人忍不住想用麵包將盤底抹淨，一滴也不願錯過 部分菜色的調味則較不符合個人喜好，例如「青花魚茴香葡萄柚沙拉」，葡萄柚的苦韻略為突出，與青花魚之間少了一點風味上的連結，整體顯得稍微分離 主餐的「烤菲力」雖為現場製作，但上桌時溫度偏低，芝麻葉醬與帕馬森起司的存在感強烈，反而掩蓋了牛肉本身應有的香氣，略為可惜 店內由主廚一人負責內外場，上菜節奏偏慢，約莫二十分鐘上一道，餐點份量精緻，往往短時間內便能分食完畢，使整體用餐過程有相當比例在等待中度過，所幸同行飯友都很健談，讓時間不至於顯得過於漫長 雖然店內未收取服務費，但以無菜單料理的形式而言，適度的菜色介紹仍能幫助客人更完整理解料理理念，當天首道前菜上桌時並未主動說明，直到我們詢問後才補充解說，這樣的節奏稍微令人意外 空間布置簡約溫馨，確實有種受邀至朋友家中用餐的親切感，不過儘管廚房設有抽油煙設備，現場仍瀰漫著明顯油煙氣味，對用餐體驗多少帶來一些影響 終於解鎖這間放在口袋名單許久的義式私廚，或許是當天菜色組合，亦或未搭配餐酒的緣故，整體感受對我而言略低於期待,存在口袋名單很久 剛好友人訂到位來幫朋友慶生 地方有點隱密很容易錯過🤣 套餐形式兩千不用服務費 只有兩桌，地方很小主廚一位 每道餐點都精緻好吃，感受到主廚用心與功力 橘酒也好喝,現在變成套餐的形式，一個人$2000不用服務費，從晚上6:30吃到10:30 從麵包開始上總共有八道餐點 最後今天是栗子提拉米蘇,一人費用兩千元，室內空間溫馨，只有兩組四人座位，一次接待兩組，所以可能無法大聊天哈 裝潢為工作室形式，一開始經過還有點不太敢推門進去哈,📍台北｜西門町 邊緣食堂 @antichisaporitaipei 2024.12.27 初訪 感謝朋友邀約！這次是6位用餐！喝了2瓶酒！ 老闆還為了酒鬼招待我好多酒喝！愛了！ Antichi Sapori 邊緣食堂位於台北市萬華區，主打義大利南部家庭風味的無菜單料理餐廳，由主廚阿邦一人親力親為，從食材挑選到手工製作醬料與麵食，致力於呈現最道地的義式地中海料理。 有一道餐點是麵，但有夠像老式電話的電話線！有夠可愛！我們6位吃飯是每人1500+ 阿邦話不多，基本上問他什麼他回答什麼🤣 揪他喝酒速度最快！🤣 餐廳內部氛圍溫馨，開放式廚房讓客人能近距離觀察主廚料理過程，增添互動樂趣， 整體就是有麵包，有澱粉，有肉，有甜點 📍店家資訊ℹ️ 邊緣食堂 @antichisaporitaipei 地址：台北市萬華區長沙街二段127號 預約方式：請透過餐廳官方Facebook頁面進行預約 #AntichiSapori #邊緣食#italianfood#italianstyle #義式料理#台北義式餐廳#預約制#台北美食推薦 #萬華美食#台北餐廳推薦#台北餐酒館推薦#西門站
ChIJM9l4kmOpQjQR9DEpCZWOlCM,今天點雙肉150沒有加套餐、現金交易、這間店是免開統一發票的。 以健康餐150元價位的蛋白質含量來說，個人覺得稍微偏少。還好他澱粉給的還算適中，我用餐完畢後，再去捷運站對面的全家補喝一罐無糖豆漿😅 但就口感來說，是我目前吃過副菜與主菜，調味都好好吃。肉處理很嫩不柴，菜的調味是有味道但又不過鹹，好吃到我菜湯湯汁喝光光（還是是份量偏少還餓所以喝光光！？） 整體我給4分！ 另外 捷運站出站拐個彎往地下街方向第一家就是，算是蠻好找！加分！ I人會喜歡的店，店員酷酷不太主動熱情，對我只想安靜吃飯好適合！ 用餐環境舒適，座位也很寬敞，還有水可以喝，都是加分項目！,真的非常好吃！ 豬肉和雞肉的口感讓人很驚豔，軟嫩到不像在外面吃到的那種，完全沒有乾柴感，吃得出來處理得很用心。豬肉多汁細緻，雞肉柔嫩又保有肉甜，搭配醬汁剛剛好，不會搶味。 配菜清爽、調味自然，整碗吃完很有飽足感但不會覺得負擔。是那種吃完會默默記住、下次一定會再來的店。,超好吃的 擺盤又好看。 在台北很難找到120的健康餐吧 已經三刷了，雖然不會特別來這裡，搭捷運經過這站都會下車來這吃,位於龍山文創基地內，從龍山寺捷運站往1號出口方向，旁邊有往文創基地的樓梯，走下去經過展覽的長廊後即可看到店家。 很用心的健康餐盒飲食店，目前吃過的餐點：舒肥雞胸、水煮豬前腿、素食餐、雙拼肉肉等，都沒有踩過地雷，肉類食材處理得很好，雞胸軟嫩、豬前腿肉有彈性，素食餐的杏鮑菇也非常好吃。 店內用餐環境看起來也不錯，應該是親子友善店家，店內還有兒童遊戲區。,點了兩份餐+兒童餐 調味都滿原型的 很推薦！！ 舒肥雞非常嫩 菜也很有水準😉 原本看照片以為遊戲區玩具很少 結果小孩根本玩到不想回家🤣 很喜歡這邊 下次還會再來 Cp值很高的友善餐廳👍🏻
ChIJMS0V1s-vQjQR5_38BIspw7g,香酥厚切炸雞排拉麵： 海苔與糖心蛋都要加價才吃得到，上餐有說雞排還在炸，所以先上拉麵，看到拉麵時真的有嚇到，因為拉麵的量只有外面拉麵店的一半量，麵完了主餐都還沒上，還要提醒店員，當下還被質疑沒有上桌嗎？後來一位資深員工了解之後跟廚房拿餐，可是上來的是冷掉的炸雞排，我一心想著小孩能吃飽就都給他吃，我再隨便點一下就好，湯頭算濃郁口感說不出的特殊 炸干貝： 一個$95或許是用進口干貝，也是整個都給小孩吃，就不予置評當作嚐鮮吧 特色日式燒麻糬： 還算裡面稍微可以接受的價位 冬瓜茶： 為了抵小孩的低消而勉強點的，不然其他品項價格都很有商業手法，結果一上桌看那一小杯的價位全家都傻眼 消費經驗： 點餐+上餐+結帳 誇張的慢，說實在的高價位我沒話說，但那個量真的是CP值超級低，不知道是不是消費的不夠多，結帳時小姐也不吭聲說等她一下之類的，站了一段時間才願意結帳， 是因為小孩一直餓餓叫又想吃麵，不然看到菜單的當下是很想站起來，家人說為了小孩就當作過年嚐鮮吧~,"吃完後，覺得有必要讓評分校正回歸，要不然我們真的是被4.1顆星騙來的（此區其他間類似的店更低）。 小菜我們點了溫泉豆腐、涼拌海帶芽，這部分老實說還行，價格偏貴但還可以接受,口味就是普通台式日料的味道。 拉麵的部分真的不敢恭維，非常貴，但完全不值這個價，湯不像用熬煮的像是粉泡的，麵體跟以前學校附近可以免費加麵的便宜拉麵店是一樣的，簡單來說就是成本低的拉麵，但最便宜的還要299，份量還不多,我相信是因為裡面加了北投溫泉區的歷史底蘊。 此店無法用line pay,純收現金，老闆會用一張超小紙片寫點餐明細，字跡潦草無法看懂並確認，雖然困擾但我知道紙本菜單的成本店家省下來了。 該店旁邊就有Sukiya和大戶屋，相信我那是更好的吃飯選擇。","先說結論，所有品項打六折就符合端上來的水準 正常來說，一碗299的拉麵，期待的是至少大骨慢燉的豚湯，但我吃到的""像是""粉泡的湯頭，嚴格來講泡麵調味包都還有層次一點，可樂餅一顆開價130不是不行，但應該要比50-60的充滿更多風味吧，事實上沒有，就很一般，炸豆腐也很一般，紅茶更是一般，分項給到四顆星是因為服務的妹妹親切客氣有禮貌，評價本位的餐點，只值兩顆星",『這間店的食物不是「日式拉麵」』 300會買到一碗「創意麵食料理」 麵條軟爛沒彈性、配菜是台式筍乾一片、海帶芽一搓、照片的溏心蛋需要單點、湯量不足導致整碗麵很快涼掉。 店址隔壁預售屋展售中心的交管人員很熱情的告訴我們：這間店很熱門、週末要排隊才吃得到；還會熱心帶人進店，把我們交接給店員。 同樣的錢，在這個區域你能有更多好選擇。 珍愛錢包，請謹慎選擇是否入店。 食伴的評語： 價格偏高又口味不合、還被門口的托給騙入店，不推薦！,原來滿漢大餐都超越這家滿足拉麵了 因為天氣熱，就近選擇這間拉麵店 自取的檸檬水（這完全是常溫檸檬皮水味道） 1. 冬瓜茶（去冰）跟正常冰和紅茶 當喝下去冰冬瓜茶的那一刻 （這是白開水吧，而且顏色好淡，超難喝） 2. 拉麵一上桌，我只能用嚇傻了來形容 一點濃郁的湯頭都沒有，份量也只有一半，溏心 蛋還是推薦我們加 點的，但這也太難吃，比 7-11所長茶葉蛋難吃，日式厚切雞排跟豬排， 這讓我突然覺得我是不是來到台式便當店用餐 了 3. 牛肉咖喱…完全無味道，醬也很少，薄薄的肉片 乾巴巴的，擺盤亂七八糟 這家店真的只有小菜能吃，還有環境很不錯。 吃完的感想，我應該多走幾步路 最快速簡單的7-11都能滿足吃完後內心的空虛感 $500/人，應該去任何地方用餐，我能吃的更滿足 而不是吃一肚子火，被當盤子了 拉麵能做到這麼難吃我真佩服
ChIJMTDjgL-rQjQRYK9zG2KJ-iw,#大台北松山區 #阿東壽司🍣 #臺北市松山區市民大道五段173號 姐姐來上菜：東哥搬新店，趁著年前和好友一起過來聚聚。餐食美味，友善店家可自帶酒，不收開瓶。目前沒有時間限制🚫新店裝潢很明亮寬敞，菜色價位1500/2500，很適合包場，座位11位。 今日2500菜單🍣 東哥醃製醬菜 鮭魚軟蒸蛋🥚 日本生蠔🦪 水イカ寿司 真鯛寿司 牛角貝寿司 トロ寿司 白鰻海苔寿司 海膽迷你丼 鮑魚淡磯煮 蟹迷你丼🦀 獅魚寿司 烤獅魚🐟 水針寿司 鹽烤白子 海藻蒜蛤仔湯🥣 炸牛蒡 日本哈密瓜🍈 — 在阿東師。,"#無菜單日式板前料理おまかせ #江戶前板前料理，每人 $1,500 ，無收服務費、無開瓶費、無刷卡、無行動支付，只收現金。 全套餐制，以生魚片、握壽司等生食為主，採預約制：午餐/晚餐/包場 每道食材都是阿東師親手操刀處理，擺上板前的每一貫壽司都是現場在客人面前捏製而成👍👍",東哥真的強大！赤貝真的超級好吃，其他地方我都吃不習慣，台北那哪裡可以吃到活明蝦直接處理成壽司給你呢？ 醋飯顧的也妥妥的，每次去吃都有回家的感覺❤️,朋友推薦，隱身在巷弄，沒有太明顯招牌。食材精緻的無菜單料理。最喜歡烤魚下巴、海苔烤鰻魚。師傅在吧台中間，還會跟下面的客人乾杯話家常，氣氛很不錯👍 應該蠻適合特殊節日來這聚聚！,餐點精緻美味，服務親切熱誠，推薦給所有喜歡日料的人
ChIJMUAZ63CpQjQRWLCOjtIeWkk,手冲咖啡果香味濃郁順口不酸，可麗露口感不好裡面像發糕，（可以參考＂嬌嬌咖啡＂可麗露），空間小客人講話干擾大。環境算自在，廁所也乾淨。,朋友說不想喝太昂貴的咖啡，在門外看了價格後，決定入店踩看看，各點了一杯熱拿鐵和手沖咖啡，沒想到竟出現大碗公。,今天中午在大稻埕店裡喝美式咖啡，坐一下之後離開，傍晚接到派出所電話，應該是我付完錢之後把皮夾留在店裡，好心的老闆（施銘勳先生）幫忙送到附近的派出所，裡面的錢跟證件一樣都沒少。 真心太感謝，給您添麻煩了。下回再當面去謝謝您👍。,要注意只能付現金，這個檸檬咖啡真的有驚艷到我，出乎意外的好喝咖啡和檸檬汁意外的很搭，燻雞起司蛋也很好吃但份量有點小，蛋和起司有點融化的ㄍㄡˊ在一起，肉桂捲相比滿普通的但肉桂很香，有點可惜的是身為一個咖啡廳卻沒有賣蛋糕有點失望 我前往「打卡咖啡館迪化店」。此店位置在迪化街，為老街之一。許多人去。店門口有門，門打開就可以進去。進去之後，有桌子，有椅子，也有牆。牆是紅色的，也有一些燈。燈亮的時候，室內會變比較亮。地板是地板。音樂有在放，但我忘記是什麼歌。 我坐在位置上。坐下之後，我看菜單。菜單上有很多東西。有咖啡，有甜點，還有茶。茶是熱的，咖啡也有冰的。我最後點了一杯咖啡跟一個甜點。甜點名稱是提拉米蘇。提拉米蘇是甜的。咖啡是咖啡味的，有一點點苦。甜點吃起來是軟的，然後有一點冰冰的，也不會太甜。整體來說就是甜點。 店內空間感覺寬。很多人在拍照。有人站，有人坐。有人拿手機自拍，也有人拍別人。牆上有字，那些字是英文字母，有點文青風。空氣中有咖啡味道，也有聲音。服務人員會走來走去，他們穿著黑色衣服，看起來是工作人員。說話不多，但會點頭。 我吃完之後，坐一段時間。時間過去，杯子變空。甜點也吃光。環境仍然存在，人還是在，有人離開也有人進來。窗戶透進來陽光，光線照到桌面，變成光亮。外面有人走來走去，有摩托車聲音。 我最後決定離開。離開前，我看一下牆，還是紅色。門還是門，我從門走出去。出去之後，我變成在外面。天氣普通，不熱不冷。店還開著，我已經不是裡面的人。這就是我今天去「打卡咖啡館迪化店」的經過。喝到咖啡，吃到甜點，也有看到燈。整體來說，是一間咖啡館，值得知道。,黑糖鮮奶茶很好喝🥛 鮪魚起司蛋吐司也好好吃🐟🍞 還有貓貓餐盤讓心情很好😆🐈🐈‍⬛ 空間不大但很舒適的咖啡廳 只收現金💰 有發票載具☑️
ChIJMUqmM3OpQjQRTKkB0Ue1hHA,上菜速度蠻快. 收餐盤、加水速度也很好. 今日： 嫩煎沙朗青醬燉飯：口味與一般義式料理的青醬口味差不多. 未到很驚艷，沙朗稍微有一點點柴，如果再生一點也許會比較嫩. 但燉飯很不錯～是好吃的. 鮭魚親子奶香燉飯：頓飯奶味很香，很好吃. 鮮鱸魚雙蛋琴風馬鈴薯：海鮮部分-鱸魚還行，松露醬超重味. 如果會怕口味太強烈的，可能要思考一下. 阿瑪菲海岸香鮭親子爆魚卵：蠻好吃的，吃一口才發現會辣（不過…菜單上沒有寫😅） 整體上還不錯. 氛圍很熱鬧. 用餐年齡層也很廣. 可以當作一個用餐小聚的選擇.,義大利麵香氣十足 必點！附餐的沙拉很新鮮 蘑菇濃湯好喝不膩 餐廳環境氣氛、服務都超棒。路過多年終於進來品嚐 真的很滿意！,五顆星是因為可免費升級飲料！！因為是帶女友來約會，特別看評價才來的，但可能是自己做功課還是不夠仔細，所以感受上還滿失望的🥲女友對於味道都不太滿意，幸好那個升級的飲料是好喝的🥹 服務：有收服務費，所以基本的服務是可以的，收桌速度也滿快的（對我來說是好事），補水也都很快。 餐點：當天點的是雙人套餐，沙拉是蕃茄乳酪，吃起來滿普通的，前菜是蕈菇節瓜鮮蝦那個，整體來說偏油，炒起來的味道很台菜，感覺去熱炒店能以更便宜的價格吃到的程度。 主餐麵點了番茄培根乳酪筆管、明太子奶油干貝麵，主餐的味道都偏重鹹，剛開始的確會覺得很好吃，但到後面會需要配水吃，番茄的味道很新鮮，但真的油到很嚇人，女朋友到後面吃不完，因為真的太油了，值得誇獎的可能是培根滿大塊的；明太子那款相較下比較不油，但干貝的份量算滿少的，味道不錯，如果不介意干貝少量可以點這款。 甜點應該是檸檬磅蛋糕，甜到會糖尿病的程度，幸好甜點不大，不然真的吃不完⋯ 氣氛：整體氣氛很不錯，可是廚房內場在播放台語歌，會讓人滿出戲的，畢竟菜已非義式。,今日與公司同事們第一次前來用餐，體驗相當愉快。室內氛圍營造得很舒服，不會太吵也不會有壓迫感，讓人一走進來就放鬆下來。服務人員的介紹與點餐也都很細心、自然，會主動了解我們的口味並給出貼心建議，讓人覺得備受照顧。 這次選擇了清爽、不膩口的餐點，風味層次比預期更突出，每一道都吃得出用料與手法的講究。平常我濃郁、清爽都能接受，但這次的爽口組合特別符合我的喜好。已經開始期待下次再訪，想嘗試更多不同菜色。,餐點好吃，服務很好，而且上菜時間恰到好處，不快不慢！餐廳裡的每一位工作人員都辛苦了，謝謝
ChIJMUwgSuKrQjQRizcHD3amAgk,聯名活動期間假日中午真的很忙 但店家態度還是很好，餐點也很好吃，謝謝店家的辛勞🙏 巧克力醬炸雞堡鹹甜鹹甜的意外的蠻好吃的🤣,吃過多次好吃，新口味也都很有趣 每次都會想來嚐鮮，這次生甜甜圈草莓煉乳口味吃了驚為天人 是帶點酸味的草莓，甜而不膩好吃 說真的店員都會打招呼這點也覺得不錯 我明明有事快步離開，還聽到後面跟我說了掰掰~ 感覺店員感情很好，也很有熱度😂😂,公司附近的拉亞漢堡，很喜歡里肌肉米堡，超厚超好吃,服務人員服務很好，並沒有先前人說的態度問題，吃很多次，漢堡跟麫食都不錯，值得給五星,服務人員態度很好，餐點現做要等，人員親切招呼內等，聯名商品可愛，早上人多建議先點才不用久等！
ChIJMXDWhoWpQjQRJvXnYteR7xE,餐點不錯，座位少，用餐過程中有看得到新客人沒有預約就沒辦法用餐，感覺人手不足所以需要等待，店內空間關係顯得很吵雜（但也沒辦法），很看旁邊的客人如何。 店內的貓非常漂亮也可愛，是最療癒的一部分。,食物非常好吃！細膩的味道配上新鮮的食材，真的一口接一口～但若用餐時間較晚，會出現部分餐點售罄的情況～ 最喜歡手工麵包盤，特別是酒蒜辣蝦口味，蝦子新鮮外，麵包非常香，口感有勁但不會過硬，配上酒蒜醬汁真的絕配😋 義大利麵最喜歡貓耳朵麵，但這次到訪因為時間較晚所以已經沒了，於是這次嘗試了煙花女義大利麵，番茄酸度剛剛好，配上有勁的辣度，非常完美，完全不會膩❤️ 飲料與前菜部分也是表現得非常好，基本上所有品項都是好吃的，酒的部分也表現的很棒喔，適合下班小酌的地方～ 現場位子偏少，上菜速度稍慢，適合閒來無事享受一頓美食的時候來吃，巔峰時間可能會沒位子，建議假日要訂位哦～ 還有店貓很可愛，要記得摸摸他，吃飯的心情會變更好😍 店家支援多種電子支付，非常方便哦！ 總體來說，非常值得嘗試，是可以納入每月固定到訪的名單喔🤩,食物非常好吃，自栽香草茶是一絕，自己栽種的新鮮香料，清香上乘的味道，無可比擬，氣氛輕鬆愉快，特別喜歡陽台空間，愜意美好,麵包是老闆自製，貓耳朵義大麵不錯吃，店內有漂亮貓咪，記得單純看，不要摸抱,麵包口感 麵粉香 香料香 平衡的恰到好處 沾著蝦仁湯超級好吃 沾好沾滿一滴不剩 義大利麵炒辣椒很提味 番茄酸的很入味 加上超級多的培根 整個香味很有層次 水果茶滿滿的水果 可以直接當甜點了 這次沒吃到貓耳朵很可惜 下次想吃
ChIJMdql9jOrQjQRz9ysezDvPAQ,第一次一個人吃燒肉，飲料有4種，雞湯熱熱好喝，醬料種類不多，因為下雨就沒吃冰，今天點平日的商業午餐+櫛瓜和杏鮑菇，飯少量，用餐只有60分鐘，如果時間能長一點點也許會再加點，加點蔬菜種類不多，牛五花不錯吃,超推薦肉執事 Meat Butler！ 整體用餐體驗真的太棒了～ 店內環境乾淨又有設計感，燈光柔和、位置寬敞，一個人來吃也不會尷尬。 他們的送餐方式非常特別，餐點會搭著小列車滑到面前，有趣又新奇！ （也是第一次看到個人燒肉那麼豪華的 肉質部分真的沒話說，油花分布漂亮、口感鮮嫩，搭配他們特製的燒肉醬超對味！ 套餐份量剛好，服務人員態度親切～ 來店禮還有一份肉🥩可以換 吃完完全沒有油煙味，環境清爽舒適 讓人想一再回訪～ 一個人也可以放鬆吃燒肉 已經列入我的口袋名單❤️ 2026/01/10 這次點牛五花+豬五花雙拼 不用$400就可以吃到 杏鮑菇非常多汁👍🏼,🚎位置在松山火車站附近，店裡有很多座位可以坐 平日去的時候客人不多 但週末建議提前預約 🥩菜單品項不算多 這樣一份是 389 烤著吃很好吃， 但我覺得對男生的食量來說可能不太夠，這樣一份吃完大概不會太飽 另外還有提供飲料跟冰淇淋🍦,一個人吃還不錯！人不多的時候可以慢慢享受I人燒烤 環境衛生都很乾淨 附飲料醬料台跟熱湯（喝起來很像泡麵水）跟冰淇淋 加會員有優惠卷 覺得教育訓練還需要再加強不然一問還要去問其他店員 如果胃口大的真的可以去吃到飽喔～ 對了對了廁所要去隔壁上🫩很麻煩,第一次用餐 用餐地點在松山車站旁邊 CITYLINK 貳號店 無法訂位 現場排隊可能是平日晚上 雖然等了一下但不至於太久 看空位很多，但換桌速度是真的不快 基本上是單點套餐 適合不習慣吃吃到飽的客群 有屏風具備隱私性，用餐環境漂亮 送菜軌道很可愛 小菜不能續，有基本飲料和雞湯 價位來說不便宜，肉質不算頂，偏體驗性質 同價位會考慮西門町燒肉吃到飽
ChIJMfJ0YverQjQRIb9ud_y5yQ8,#台北吃到飽 #隨意鳥地方內湖店 好ㄧ陣子沒來，現在多了很多主餐含自助吧的選擇 之前是清炒蛤蜊義大利麵，現在義大利麵自助式，客人自選麵條醬料自己煮，自選醬料配料。檯面直接整鍋炒海鮮，應該有加一些白醬，還堪吃。蝦子不大而且有腸泥要清，但這應該是檯面上的大主角了。其他菜色跟之前差不多，松露pizza如果可以拿到剛出爐會牽絲的真是人間美味。美式炒蛋不錯，茶葉蛋有入味鹹度剛好神美味 ，欲罷不能吃了15個 現在好像都只供應義式蕃茄蔬菜清湯，因爲最近3個月去都是這樣。只有加優格的配料有水果，蘋果丁芭樂丁加罐頭水蜜桃、糖漬鳳梨，新鮮水果跟加工食品併存不知什麼概念 清炒玉米筍杏鮑菇好吃，生菜新鮮，萬年不變的蜂蜜檸檬汁跟國寶茶。冰淇淋口味多樣但我覺得味道有點怪，鳳梨口味吃起來像檸檬，西瓜有很奇怪的人工香料味。還是之前的芭樂檸檬好吃 用餐環境還算舒適整潔，服務普通，會準2小時請客人離開。消費一千抵一小時停車，每小時30元。以這價位配這樣的菜色跟環境是差不多了，其他的就算了吧,之前來了好幾次都是客滿，這次到了之後發現客人不到1/3，原有的多種起司沒了，生菜種類有多一點，原本有的現場熱菜都取消，只有一個牛肚，牛肚入味軟爛，非常好吃，其餘是炒蛋，早餐腸，炒蔬菜 冰淇淋種類有多，改成自己挖，自己煮的義大利麵麵條剩兩種，煮麵爐兩個收到剩一個，如果希望客人點主菜，或許可以調整供餐條件與價格 之前吃過主餐是好吃的，份量也夠，只是單點沙拉吧一樣同價但內容砍成這樣，讓人不敢恭維。口味用料沒問題，只是這樣砍很沒意思，炒蛋還吃到蛋殼，之前從來沒碰過。,20250901 隨意鳥地方 內湖花市概念店，平日午餐，首訪 #台北吃到飽 #隨意鳥地方 #內湖美食 這家餐廳之前一直想來， 但對於住在中山站附近的我來說， 交通實在不甚方便！ 最好的方式就是騎摩托車來， 然後還可以順便逛好市多！ 這樣就不會覺得很遠！ 餐廳的營業時間是 11：00~15：00 17：30~21：30 用餐時間限2小時 可以點主餐含沙拉吧 最低799+ 10% 以上 也可以只吃沙拉吧 原價 699+ 10% 網路上也有其他優惠！ 午晚餐一樣價格。 餐檯菜色種類不多， 有生菜，pizza，火腿，起司腸， 炒蛋，白酒燴海鮮，麵包，優格， 茶葉蛋(晚餐沒有） 手工冰淇淋， 有南非國寶茶，沒有咖啡， 還有可以自己煮義大利麵， 基本上蛋白質的比例少， 幾乎都是澱粉！ 其中我覺得最棒的是~ 自煮義大利麵， 3種麵條可以選擇， 三色闊條麵， 雙色麻花麵， 原味吸管麵， 很特別的麵，而且按照店家建議煮3分鐘， 口感剛剛好， 然後加上牛肉醬或南瓜醬或燻鮭魚醬， 好吃！ 愛吃義大利麵及pizza的人， 應該會覺得這裡很棒！ 我們今天是吃午餐， 但既然午晚餐一樣價格， 我下次會比較想吃晚餐， 而且要點主餐才有足夠蛋白質。 因為地點的關係， 餐廳位於台北花市樓上， 晚上的客人會比較少， 我喜歡在客人相對少的時段用餐， 還不用早起！ #菁菁帕妃,餐廳環境非常漂亮優美，食物號稱吃到飽但少的可憐，飲料只提供國寶茶跟蜂蜜檸檬茶兩種，咖啡需要另外單點付費，湯品也只有蔬菜湯沒有濃湯，幸好主食披薩跟義大利麵是好吃的。,"2026/01/21 星期三 天氣11~13度C 下雨天 很多年都沒上隨意鳥地方用餐 最近看了網上介紹 剛好也去花市買花,順便吃了個中餐 目前的活動是 點個主餐送沙啦吧 點了個一千多塊的 牛排 又乾又澀又柴 刀子都切得很吃力 薯條上灑海苔粉 也難吃 麵包是熱呼呼的酸種麵包 難吃極了 那天天氣很冷 烤南瓜 冰的 唯的一盤吃起來正常的,只有玉米那一盤.但筊白筍整個老的皮也沒有削除 店裡除了風景很美之外 食物全都是地雷 花一千多塊吃了個肚子疼.還好沒有帶朋友. 和以前的水準,真的是差了個十萬八千里.不會再光顧."
ChIJMwu0sxmpQjQRhngWqb23XlQ,在赤峰街散步時走進【Waku Waku Pasta 赤峰店】，整體空間帶著日系清新感。木質桌椅搭配柔和燈光與簡約設計，氛圍輕鬆又舒服，很適合午後坐下來休息一下。 點了一杯美式咖啡，風味乾淨順口，苦韻不重、尾韻清爽；甜點選了芒果椰奶巴斯克乳酪蛋糕，外層微焦、內裡濕潤綿密，芒果的果香與椰奶的柔和甜味搭配得很剛好，整體清爽不膩。 店裡氣氛不吵雜，偶爾傳來輕聲聊天與餐具碰撞聲，節奏很舒服。不論是逛街途中來杯咖啡，或和朋友小聚聊天，都很適合停留一段悠閒的午後時光。 ☕🥭🍰,回訪第五次～每次來都非常喜歡！價格來說CP值很好，女生加套餐會吃很飽！（每次都打包）。 餐點份量夠、調味偏重口味，味道很好、偶爾有限定口味，這次剛好遇到聯名活動，聯名餐點都有可愛的小立牌插在上面，是一間好拍照、好聊天，也能好好品嚐美食的日式義麵館！ 只能現場掃碼候位～目前最久等候不超過30分鐘，等待的時間附近店家隨便逛，時間很快，還會覺得逛不夠XD，內用100分鐘限制，但翻桌率蠻快的～,那些說好吃的人，平常到底是吃多糟🤔我沒吃過這麼難吃的義大利麵，現煮的比100元等級還難吃，比外帶悶爛的義大利麵還慘，麵整個糊糊的、中卷吃起來也軟爛爛的，如果餐點好吃我才不管服務人員態度好不好，但問題是餐點就很難吃！如果對義大利麵有要求的人，千萬三思，然後剝皮辣椒炸雞點正常醬了還是很少醬，有跟沒有一樣，無法想像如果點少醬是不是幾乎要沒醬。,這家不能訂位，要現場排隊 不過個人覺得蠻好吃的 會想再回訪！裝潢日系、環境舒服，很適合聚餐～ ＊鮭魚親子明太子奶油細扁麵 鮭魚超軟、份量多，吃得超飽！ ＊鬆餅也很好吃，香味十足～ ＊飲料超可愛，是蘇打口味 ＊巴斯克乳酪蛋糕也很好吃 目前吃過的品項都沒有踩雷 每樣都很推薦 ～ 總之這家餐點、環境都很推！,"還行的一間義大利麵, 點了一個博多明太子中卷細扁麵，還不錯吃，就是麵量少了點，味道還不錯，這個我愛吃，松露薯條是很細的版本，稍微脆一點的口感，不是我愛的風味，番茄奶油唐揚雞義大利麵就很普，感覺麵是麵，配料和醬都是分開的感覺，大概也沒對到我愛的口感"
ChIJMxoKdLqrQjQRiFDQr8nIhug,餐廳位於新光三越A11二樓，交通位置便利，假日用餐務必訂位。 芝麻豆腐炒菇沙拉清爽好吃。松露野菇燉飯稍嫌普通吃了兩口就膩，上面的荷包蛋品質不錯。起司肉醬薄餅偏鹹。 用餐限時90分鐘（不知曾幾何時餐廳都要限時，不管你點多少都一視同仁😅）此次因為久等松露野菇燉飯遲遲不來，提醒服務人員後，服務人員告知今天廚房出餐出問題，目前正在安排中，寬延我們的用餐時間，此時我們才決定再點薄餅，安心繼續用餐。 看了一下用餐的狀況，不建議超過八人以上用餐，店內只能排一排長桌不是很方便大家聊天，另外觀察了一下很多家長帶小朋友來用餐，算是「親子友善」😆小朋友哭鬧在這邊很平常，家長不用有壓力。 餐點🥑 用餐環境✨ 用餐限時🥲,MiaCucina 是義大利文，直譯就是「我的廚房」，Mia 是「我的」，Cucina 是「廚房」或「料理」，食踐地中海式的飲食哲學。走進MiaCucina，是因為朋友說他吃全素，而信義區就近就這家，重要的是即使吃素也不能踩雷，所以跟著他開啟對於素食不同以往的美食體驗。這間標榜全菜單無肉，滿滿的蔬菜、起司、堅果、植物蛋白卻讓不是素食者的我吃了之後驚艷，原來素食可以這麼美味!!吃完後默默將這家餐廳成為未來再訪的美食清單裡。 為什麼?真的很好吃啊~~ 連假第一天，滿滿都是人，美食值得等待，入座點完餐後，雖然店員說可能要久候，但其實十幾分鐘就陸續上菜了。這家義式創意蔬食讓我驚呼：原來不吃肉也很饗受。分享一下食後感 ▌佛陀碗(朋友點)— 碗中堆滿烤蔬、碗豆、酪梨、藜麥、鷹嘴豆、番茄（有些分店加水波蛋）及豆干，食材可說配色繽紛，豐盛卻不雜亂。層次豐富到挖一口就不同風味，酪梨的油潤、烤蔬菜的甘甜、豆干外酥內嫩及穀物的扎實咀嚼感，酸甜醬汁讓整碗口感提升。據說源自佛教僧侶托缽化緣的概念、少即是多，簡單即豐盛。 ▌烤花椰菜鷹嘴豆沙拉(我點)— 花椰菜外層微微焦脆，帶著炭烤香氣，口感微辣，內裡卻保有水分與甜度；鷹嘴豆口感紮實，淋上芝麻與檸檬醬汁，讓蔬食更清甜，香氣十足，口感十分清爽，再帶一點點微辣的口感，層次十分豐富。 ▌三種起司烤番茄薄餅(朋友推薦必點) 他說MiaCucina的PIZZA每一種都好吃，所以點了一份，原本還擔心是否吃得完，看來多慮了。三種起司（切達、Mozzarella、巴馬）融化拉絲，配上烤番茄的酸甜多汁 + 新鮮羅勒/芝麻葉，口感十分清新不膩，每片都完美平衡，一口接一口，好吃到根本停不下來歐。 令人訝異吃完居然飽足感十足，且覺得好好吃飯，真的是一件令人饗受的事，有種蔬食的溫柔感，推~~,經過很多次 很常在用餐時間看到客滿 今天下午四點多前來用餐 來享受一下 起司三重奏薄餅很好吃 本來以為厚度很薄 吃起來會沒什麼口感 但起司與蕃茄的風味非常的棒 讓每片薄餅 都有濃厚的風味 北非蛋也還不錯 只是沒有很合我的胃口 沒有特別愛鷹嘴豆 如果沒有它 會更喜歡這道料理,初訪 這家蔬食餐廳是在新光三越百貨A11館2樓餐廳。 蔬食餐廳之一。點了一個大碗沙拉，一個黑松露野菇麵，一個酪梨薄批薩，一個松露野菇燉飯，都不錯😌吃，餐廳氛圍很棒，服務也不錯👍。,位於信義區A11的Miacucina 是一間裝潢漂亮的餐廳！ 消費過幾次都沒有踩雷過，而且令人驚艷的是這間料理都是素食的。 義大利麵、燉飯、披薩烤餅、沙拉、漢堡以及開胃小品多樣的選擇，會再訪多次的餐廳❤️
ChIJMzU45eirQjQRLJZBNaaDen4,🥟 小籠湯包：薄皮與鮮湯的圓舞曲 這裡的招牌小籠湯包，皮薄而不破，拎起來沉甸甸的很有份量。 • 口感： 輕輕咬開一個小口，鮮甜的肉汁瞬間湧出。 • 特色： 內餡肉質紮實，沒有過多的油膩感。沾一點薑絲與醋，那種鮮味在舌尖炸開的感覺，真的會讓人一顆接一顆停不下來。 🍛 排骨蛋炒飯：飽足感的標準 • 排骨： 份量非常有誠意，厚度適中，可惜醃漬雖有入味，卻稍嫌不足。炸得酥脆卻保有肉汁。 • 炒飯： 走的是米粒分明、蛋香四溢的路線。乾爽不油膩 。 🥣 酸辣湯：最完美的配角 • 料多實在： 隨便一撈都是滿滿的豆腐絲、木耳絲和肉絲，份量給得很大方。 • 口味： 芡汁勾得恰到好處，不會太厚重。酸度與辣度平衡得很好，喝下一口暖胃又解膩，為這餐畫下完美的句點。 小菜：份量夠，好吃😋,二訪內用 小籠包一籠20顆備飽到 滑蛋蝦仁加了醬油有古早香 排骨炒飯跟醉雞還是必點 小菜冬粉是醋溜很開胃 用餐時段態度還是很好 把客人當朋友一樣招呼 - 外帶排骨炒飯 店員超級親切 叫我坐著慢慢點 還問我要不要喝茶 炒飯蛋香味清淡 不是重口味那種 但你就會默默吃光 不會負擔 醉雞很入味 酒味不會太濃 薄度適中 有肉的咬勁 炒小松菜 菜量真多 清脆爽口 下次想試試內用,一踏進餐廳就讓人感到非常舒服，整體氛圍溫暖親切，裝潢帶有一種我小時候記憶中典型外省人經營餐廳的風格，充滿懷舊感，讓人一坐下來就很放鬆。 餐點表現相當驚艷，無論是炒飯、小籠包還是湯包，水準完全不輸鼎泰豐，但價格卻只有鼎泰豐的一半，CP 值非常高。服務品質也值得稱讚，服務人員相當貼心，會主動、頻繁地幫忙加茶，讓人用餐過程十分舒適。 因為是中午時段前來用餐，附近的上班族幾乎都會選擇來這裡用餐，生意非常好，用餐尖峰時段經常高朋滿座。整體而言，無論是餐點、價格或服務都表現出色，非常推薦大家一定要來試試。,服務人員親切，餐點表現較一般，小籠湯包其實不太懂為什麼要沾湯吃，味道上並沒有特別加分，烏龍茶小籠包前兩顆會覺得特別，但後面比較容易膩，應該是跟內餡有關，皮的比例也偏多，炒空心菜好吃，蛋炒飯還可以有香氣但偏濕，湯的話料算實在，但口味上完全沒有協調感,小籠包，有湯汁味道比較濃郁，吃起來好吃。 排骨蛋炒飯，排骨好吃，蛋炒飯味道偏淡。 紹興醉雞，酒味明顯，好咬不會有韌的感覺。 炒高麗菜，很脆很新鮮，好吃。 芋泥大包，內餡不錯吃，甜度適中。 服務很熱情，餐廳很有以前餐館的風格，有常見華人的畫作。
ChIJN1YpLEWuQjQRrdssZr1Xj8o,點680和980的套餐 餐點精緻，食材搭配用心 之後有機會再來用餐,點了$680和$980的套餐，都很讚！值得回訪,原本以為水美以溫泉為亮點，哪知餐點一樣很出色，一定要來嚐嚐！,,
ChIJN2UHYkCpQjQRwdxAiIhBEac,豬排蛋餅=6/10分 捷運餐車買，一盒有五塊， 可惜是冷的，有附一醬汁， 沾醬較好吃，皮嫩肉軟嫩， 調味是普通，貓會給六分。 奶茶=6/10分 味道是微甜，口感是滑順， 調味是偏淡，沒有啥特別， 整體是普通，貓會給六分。 煎餃加蛋=6/10分 一份有六顆，加上荷包蛋， 有附一包醬，加醬較好吃， 不加是普通，味道是鹹甜， 口感是軟嫩，整體是普通。 蜂蜜鮮奶茶=7/10分 味道是清甜，口感是滑順， 比奶茶好點，蜂蜜味道濃， 帶點奶香味，貓會給七分。,沒吃過這麼難吃的法式吐司，真的很難以下嚥。入座沒多久就看到很大一隻的蟑螂在牆壁爬來爬去，老闆叫別人出來打蟑螂，事後也沒有覺得不好意思之類的，還有一堆小蒼蠅在飛來飛去，一走進店裡就聞到了油耗味，看到這麼多評論五顆星，真的不知道怎麼給的，真的不能被評論騙來 喔還有這個餐點要180幾元，不懂在貴什麼,雞腿排拼盤套餐的雞腿排香嫩多汁，加上清爽沙拉搭配，如果是跑團跑完聚餐可先預約地下室大約有24個座位，安心用餐聊天也不怕打擾到其他客人，很棒。,餐廳環境乾淨，重點量多cp值很高 近捷運站附近方便抵達 已列入口袋名單～👍,價位真的蠻高的，可能是因為這個地方的房租也比較高吧所以轉嫁成物價，味道吃起來就是普普通通沒有特別驚艷，義式拼盤的麵包蠻好吃的。但是先奶茶喝起來超級像奶粉奶茶，味道跟好市多粉紅色的那個奶茶粉包泡出來的有90 %相近。 如從其他評論出與做之間的距離真的很近，所以如果有人大聲講話整間店就是吵到不行。 雖然有樓下的位置很好，可是要自己上下樓拿，那個樓梯的間距超級高，拿著餐點下去的時候完全看不到樓梯，我覺得我隨時都會摔死…
ChIJN6TVv8yrQjQRi2lEcyAobnk,因為童年的一些不好回憶，所以一直不敢來這條街用餐（小時候對我不當體罰的補習班，就開在這間店的斜對面）。 但今天我還是走進來了 XD 出乎意料的是，這一餐不是把我推回過去，而是把我拉回現在。 很多店的免費湯就是「熱」而已；但這家的味噌湯我會特別寫下來，因為它不是象徵性碎屑是真的有完整的鮭魚肉。而且湯體不死鹹，喝得出來是願意把基本功做好那種店 炸物最怕的就是油耗味、肉質鬆散，或是咬下去還要一直吐刺。 這份炸魚最讓人安心的是——魚肉很新鮮、口感扎實，最關鍵是幾乎不需要擔心魚刺。外皮酥、裡面是嫩的，配上旁邊的檸檬一擠，味道立刻清亮起來，沒有那種炸物吃到後面會膩的疲乏感。 還有點透抽天婦羅（好吃到忘了拍照）一樣很鮮甜、口感清脆，完全沒有腥味也不難咬 老闆也很健談，很會照顧客人的節奏——第一次來也不會尷尬，不會被過度招呼，但你想跟他聊也可以 我原本以為自己會很緊繃，結果反而是在咀嚼的節奏裡慢慢鬆開：原來同一個地點，除了痛，也可以有新的記憶。那種「我終於可以坐在這裡、好好吃完一餐」的感覺，比任何調味都更有重量,高CP值的平價日料，原本以為內用不附湯所以點了魚片湯，但意外的鮮甜好喝，而且很大碗才45$。主餐部分散壽司料多實在，魚蝦都很新鮮，茶碗蒸軟嫩好吃，高湯跟醬油的搭配很鮮甜，布丁更是讓人驚艷，入口即化的口感搭配獨特的太妃糖漿讓人想要再外帶一顆，一定會再回訪的店，,不敢吃生的，所以點了泡菜牛肉丼飯，味道挺不錯的～飯的軟硬度適中，是會再回購的丼飯，店內還有附免費的麥茶與魚肉味增湯，味增湯鮮味很足、味增沒有蓋過魚的鮮味，推推 最推他家的布丁，口感綿密，搭配焦糖醬汁，沒吃過這麼好吃的🤩，推薦大家有來一定要點點看！,內用味增湯跟熱茶可以自行取用 （湯的料很多 味道也調得很棒） 最喜歡的是生魚片 非常新鮮 厚度也很足 茶碗蒸棒棒！ 甜點的布丁也很驚艷！ 會想要再回訪❤️,平價好吃的日料，不過切生魚片的人（不確定是老闆還是員工）一邊切一邊跟旁邊的朋友聊天，至少整個用餐期間都在，超過二十分鐘，可以理解戴口罩很悶，但希望備餐時可以儘量避免非必要的講話⋯⋯ （非今日用餐）
ChIJNQ-iKA2qQjQR3Uqz2pmL8fI,在興隆路三段225號那家 魚玄雞小館 用餐後，心裡的感受是混合了溫暖、滿足，以及對在地老店的敬意。 那天下午走進魚玄雞小館，店面外觀並不華麗，是那種在社區裡一看就是被時間磨得帶著痕跡的小館子。裡頭空間不大，桌椅擺設樸實，一樓、二樓都有座位；樓梯有些陡，對行動不便的人來說可能有些不便。 ￼ 店裡的氣氛很親切，像是回到家裡聚餐一樣。服務人員動作流暢，有問必答，當天客人不少，但依舊能感受到熱情與效率的結合。點菜時，他們樂於介紹招牌菜與特色料理，也會建議配菜如何搭配比較下飯。這樣的引導讓我即便不熟悉菜單，也不會太無所適從。 菜端上桌時，各式菜色色澤鮮明、排列整齊。咬下第一口鹹蛋豆腐，入口即化的豆腐與鹹蛋香交織，鹹香適中、不過重；銀絲卷外層酥脆、內裡蓬鬆，搭配煉乳成為一道小甜點式的過門菜。 ￼ 塔香茄腸煲、豆酥魚或梅干扣肉等，都能看到食材的細心處理與醬汁的拿捏。菜雖有油光，但不會讓人感到太厚重，搭配白飯相得益彰。 ￼ 整頓飯吃下來，有種被溫柔撫慰的感覺。不是那種極致浮誇的美食，而是踏實的家常滋味，讓人感受到廚師與店家對食材的尊重與用心。胃飽了，卻不覺膩；嘴巴還會回味那股煙燻、鹹香、豆腐的柔嫩。店裡的燈光溫暖、環境帶點歲月痕跡，讓人坐久一點、放慢腳步也沒關係。 我回頭看那扇朴素的門面，心裡默默揣念：這樣的小館它承載了許多在地人的記憶與人情味。走在回家的路上，我還反覆咀嚼那幾道菜的味道，嘴角不自覺上揚，彷彿那一餐已經在心底種下一點暖意與餘溫。,口味還行，但衛生有疑慮。吃到一根毛髮，沒致歉，只問要不要換一盤。 坐二樓桌距近、滿擁擠的。炸銀絲卷跟常見到的不太一樣。,多年前來過 此店中途有暫停營業又重新開張 帶家人來回味 店員客氣友善 價格很實惠 份量都很足 味道對吃重口味的會稍微偏淡 但餐點都很好吃 有機會會再訪～,上菜速度飛快，每道菜都無雷、好吃，服務態度還可以，缺點是二樓桌跟桌距離有點近、感覺座位有點擁擠。,服務態度佳，上菜速度快菜色每一道都很好吃，但蔥油餅較油一些！
ChIJNY-ZoyWrQjQRKft5AHQ1Rcs,生意非常的好，服務態度也很不錯 內用有紅茶綠茶無限續用，綠茶是無糖的，紅茶的甜度大約是3分糖 麻辣牛肉麵是嗜辣的朋友一定要點的，口味上真的是很不錯，另外還有牛肉、牛雜以及綜合麵都很正點 桌上的醬料、蒜頭都給的很足，來到這裡可以吃的很開心,料多味美，cp值太高了。生意非常好。建議加酸菜與牛油，蒜頭加了也很爽口。 很不錯的店家,價格實惠，好吃份量足！湯頭不錯。搭配辣牛油跟酸菜更是增添風味不少！,1.牛肉麵湯頭很棒，但是麵（刀削）沒煮透，吃起來很硬。 2.魯豆腐味道沒魯進去，吃起來很乾。 3.台式泡菜高麗菜切的太細，超級不好夾，味道還可。 4.豬耳朵還ok,刀削麵有煮透，口感彈牙好吃 麻辣湯頭辣感偏輕，湯一開始有種「水感」，加了調料後就正常了 肉塊都是嫩的 紅茶沒嚐到有點可惜 注意夾板菜單跟牆面菜單不同，喜歡辣的要用夾板菜單
ChIJNZqcBoerQjQRvs1gO8HapYA,預約困難的義式餐酒館，與附近的名店花滔一樣師出同門於solo pasta，店內只有12個位置，油煙味稍重，且主廚一人作業備餐稍久，等了快半小時。 主餐份量偏少，味道算不錯，自製麵體都比較有筋道一點，可惜現在沒有羊膝可以點～不過前菜和甜點真的都很優秀，隨便點都好吃！而且整體價格十分合理，還不收服務費，以義式餐酒館的標準可說是相當超值了，不過環境比較簡單不太適合約會就是。 👍西班牙臘腸肉末炒小卷(350元)：好吃必點，強勁風味的豬絞肉和新鮮Q彈的小卷，份量給得毫不手軟，超香的底油沾麵包吃真的滿爽的 👍慢燉牛舌、馬鈴薯泥(450元)：好吃，鬆軟紮實的牛舌搭配和炒小卷類似的醬汁，但不會過鹹，搭配馬鈴薯泥超嫩超讚呀 ✅牛臉頰肉醬波浪麵(400元)：不錯，波浪麵是吃得到麵心的硬度，牛臉頰入口即化還帶著脂肪香味，有夠強，不過醬汁口味和前菜有點重複，希望服務員下次可以提醒一下 ✅煙燻起司貓耳朵(450元)：還行，貓耳朵偏硬，起司和煙燻味在醬汁，味道不是很明顯，不是我喜歡的type 🍰杏仁冰糕(150元)：類似冰淇淋口感，一入口就是滿滿的香甜杏仁味，和上面的花生焦糖粒碎片很搭，好吃 🍰義式冰淇淋(80元)：好吃，今天是無花果口味，味道很濃，再搭配上面脆脆的堅果，甜度也不高，喜歡 🍰開心果提拉米蘇(280元)：不錯，酒味強烈的鬆軟提拉米蘇，不過開心果醬的味道稍微被蓋住了比較可惜,黑馬小廚是一間讓人吃過就難以忘懷的義式小店 店面不大、座位僅有12個 因此強烈建議事先訂位！ 店內主打手工新鮮義大利麵 吃得到手工麵的溫度與麵心的口感🍝 炒小捲份量驚人 小捲新鮮彈牙、底部的豬肉碎與麵包吸滿湯汁 無花果起司沙拉是經典的義式搭配 鹹甜交融、口感優雅～ 牛臉頰肉醬波浪寬麵牛肉香氣濃厚、口感柔嫩 與Q彈的波浪寬麵完美融合 麵體可以吃得到麵心 羊奶酪起司麵則是奶香濃郁、風味厚實 對起司控來說是一大享受 當日的手工義大利冰淇淋是開心果口味 香氣超濃郁🍦 店內不收服務費但僅收現金 以料理品質與份量來看 價位相當超值 主廚親切、介紹仔細 料理細節處處可見用心 從開胃菜到甜點都令人印象深刻是會想一再回訪的好店🥰,整體來說份量精緻價格偏高 店偏小油煙味頗重 丁骨牛排、開心果羊排很推 其他菜正常發揮 甜點推薦開心果冰淇淋 開心果味道很夠,所有菜色裡面義大利麵比較不對味，點了豬頰肉麵，味道沒有煮進去麵裡面，有點可惜，醬汁口味也略帶單調，麵跟醬汁跟肉本身都很分開，缺一個主要的調味統合食材。 但其他前菜每個都很不錯👍尤其無花果沙拉跟牛肉carpaccio (外面炙燒過的生牛肉配上橄欖油跟鹽調味，加上芝麻葉跟魚子相當美味🤤），都是味道跟肉質掌握的絕佳的搭配，冰糕也很好吃，可惜當天沒有冰淇淋。本來訂位的時候看到說明以為店內油煙味會超重，但其實真的不會，很喜歡這樣先說明清楚的狀態，讓客人可以自由選擇。,黑馬小廚 耳聞許久的一間店 松山區的預約困難義式餐酒館 在休養期間突然想到來訂一下 結果有位子耶 而且改了2次時間都有位子太幸運了😂 去用餐前特地刷了一下大家推薦的餐點 做足功課前往用餐 在點餐時點了4樣不同種菜色 店員愣了一下看著我說我應該會吃不下 但我其實超餓的🤣 後來就聽從店員的介紹先點了2樣吃 結果吃完也太好吃了又再加點 加點完本來想再加點 但怕被別人誤會我是🐷🤣 店員說可以下次來再吃不一樣的 也是～ 所以我還會找時間回訪吃不一樣的 料理方式及調味都很合我胃口 另外甜點部分看大家來都必點杏仁冰糕 這也是讓我蠻驚訝的好吃😋 因為我不喜歡杏仁但這吃不出什麼杏仁味 ⿻ 跳進羅馬人嘴 ⿻ 青醬鮮蝦貓耳朵 ⿻ 涼拌牛舌 ⿻ 杏仁冰糕 ⿻ 西西里氣泡飲柳橙
ChIJNc0LPgutQjQRrSvB7evg2BE,訂了半年終於登島 這麼難訂跟這個價位 其實可以選擇其他buffet 但很喜歡島語的一個地方是他每一區餐旁邊都有搭配的清酒/雞尾酒 其他buffet 的酒就比較無聊 假日晚上還有半份龍蝦🦞 烤生蠔很不錯吃 海膽干貝手捲也還可以 但扣掉的這一顆星給甜點區的李先生（好像是姓李） 態度不太好的跟我說盤子要自己拿起來給他，我才趕快拿給他（有些區會被告知不要拿盤子），後來我繼續往右方移動選擇要的東西的時候他也是語氣不好的說：盤子！ 最後我說我要兩顆馬卡龍，沒認真看他是不是用丟的，反正就兩顆馬卡龍在我盤子上滾來滾去：）只差沒滾出來😍 我態度絕對沒有不好也沒有欠你😇 但調酒區的還有其他服務生態度都很好，謝謝🙏🏻,位於台北南港漢來大飯店的島語自助餐廳（Island Buffet），其早餐體驗在五星級飯店中堪稱天花板等級。不同於多數飯店早餐僅是「求飽」，島語將其主打的「一島一美食」概念延續至早晨，精緻度與午晚餐相比毫不遜色。 餐點特色與亮點 • 職人手作精神： 這裡的早餐不只是冷凍品加熱，處處可見職人巧思。例如現烤的生吐司配上多款手工果醬，以及台南直送的鮮燙牛肉湯，湯頭清甜、肉質鮮嫩，早晨來一碗非常暖胃。 • 在地與國際接軌： 燒臘區的現切火腿與香腸品質極佳；最令人驚艷的是其麵食區，不僅有現煮的古早味擔仔麵，竟然還有極具水準的鵝肉麵，誠意十足。 • 精緻甜點與飲品： 早餐時段依然提供高品質的精品咖啡，甚至有現做的舒芙蕾或特製鬆餅，滿足甜點控的第二個胃。 整體用餐心得 島語的早餐環境挑高寬敞，採光極佳，用餐氛圍從容優雅。餐點品項雖不如晚餐多到眼花繚亂，但**「精緻化」**的程度極高，幾乎沒有濫竽充數的菜色。對於非住客而言，專程前往用餐也具備高度性價比；對於住客來說，這絕對是起床的最大動力。,[ 超越期待的家族聚餐 | 食材與工藝俱佳的頂級饗宴 ] 這次為了家族聚餐，提前兩個月在網路上搶位，來到南港漢來大飯店的「島語」。整體的用餐體驗非常精緻，動線與氛圍控管得極好，完全沒有一般吃到飽的雜亂感。 【必嚐推薦】 生食區（沁）： 握壽司功力深厚，生魚片新鮮度絕對有 99 分以上，魚肉質地細膩，入口即化。 海鮮與肉品： 鱈場蟹腳鮮甜無比，龍蝦每桌一份且肉質Q彈不乾柴；干貝大顆且彈牙。現切牛排與羊排份量感十足，火候掌握得非常精準。 隱藏亮點： 強烈推薦他們的調酒與氣尾酒，非常有水準且順口；此外，現烤舒芙蕾與烤鴨絕對是必拿項目。 甜點傳奇： 櫃內的甜點豐富精緻，尤其是 Gelato 義式冰淇淋，連在義大利住過五年的家人都認證「比義大利當地的還道地」。 【服務與環境】 餐廳裝潢亮麗，座位寬敞且走道預留充足，拿菜動線流暢，補菜速度快且會主動告知出爐時間。特別讚許外場收盤速度極快，即便撥殼海鮮較多，桌面也能始終維持整潔。 【美中不足】 餐點與外場服務幾乎完美，唯獨結帳時的櫃檯人員態度略顯急促，給人一種被催促趕著結帳的負面感，與整晚優雅的用餐氛圍稍有出入，這是唯一覺得可惜的地方。 總結： CP 值極高，是目前台北自助餐的天花板之一，食物與酒水的搭配非常用心。整體給予好評，絕對會再回訪！,打算為男友慶生，電話訂位很幸運訂到位子。 🍽️用餐時段是14:30-17:00，午餐2。 空間很明亮乾淨，座位和隔桌之間也有一定距離不至於互相干擾，有9個主題中島，每區是不同的餐檯區食物。 因個人沒偏好海鮮，拿了甘貝不錯，但最推薦生蠔，真的很新鮮很大顆，肉好嫩好肥美，擠點檸檬汁相當鮮甜❤️炸牡蠣也很好吃！ 牛排的味道不錯，北京烤鴨和炸蝦也還行，但沒有特別驚艷之處，倒是每區佐餐的調酒🍸拿了幾杯都很喜歡🥰煲湯也好喝。 不過吃了幾盤肉和蝦後確實會有點膩，換成沙拉淋上柳橙優格醬身體舒服很多，起司也滿推薦！ 總得來說食物種類相當多，服務人員也都隨時會留意收拾桌面，是還挺不錯的用餐經驗。,年假最後一天剛好來南港 想說碰碰運氣現場候位一下 17:50現場候補第一組 結果18:20就有位置了 扯幸運的XDDDD 晚餐$2090（不含10%服務費） 18:00吃到21:30 有停車折抵 喜歡蝦蟹類的絕對不要錯過 餐前烤龍蝦很讚！趁熱吃肉才不會老掉 蝦子品質超級好 是我吃過的把費中最新鮮最好吃的 甚至連蝦頭都可以吸 蟹腳有附剪刀 因為我超級不會啃蟹類 有男友幫我處理(*≧ω≦) 烤生蠔很鮮甜 海膽干貝手捲的海膽給超少 比我擠牙膏還少⋯== 炙燒壽司都不錯 和牛必點！ 生魚片很普通 都是爭鮮吃得到的⋯⋯ 熟食區的牛肋眼非常好吃 一定去拿個幾片！！ 冰淇淋很酷 可以吃吃看花椒巧克力口味 其實不會太違和 除了蝦蟹類 整體覺得很普通 依我吃過的排名來說 饗饗（CP值很高）>NAGOMI（海鮮熟食都很厲害但比較貴）>島語（價格跟食材都比不上前兩家） 環境很乾淨寬敞 路上有兩個洗手台 盤子收的很勤 蜜香紅茶超級好喝 比較可惜的是下次不會回訪了🥲
ChIJO0Um2CmqQjQR1K5YldZ8Ibw,好久沒回來118巷了，這次運動完來回味大學時候的午餐時光，發現這家咖啡店很有文青風格義大利麵軟硬適中，很喜歡。,海鮮披薩很好吃，皮很脆而且起司很厚。芒果冰沙很綿密而且不會過甜，第一次來光顧就覺得體驗很好，之後還會再來。,很溫馨的咖啡廳！😍 空堂很適合來休息 松阪豬咖哩飯每次必點，真的很香～ 還有可愛的鸚鵡！,可以聽到鳥叫的咖啡店，飲料餐點平價卻飽足好吃～帕尼尼的麵包很讚！座位不多但推薦來看看！,平價、口味不錯、用餐環境還不錯的小店 商業午餐$130: 雞肉義大利麵+奶茶（可做無糖），沒有什麼好嫌的
ChIJO16aXm-pQjQR5OsC7hn8zKo,為紅蟳米糕專程來，結果有些失望，蟹肉偏乾，蟹黃乾硬得不得了，那墊底的飯也沒有什麼蟹味。不會再點。其他菜色都很好！,🍽️ 兩個人掃光四道菜，大滿足！台北老字號「梅子餐廳」二次探店，依舊令人驚豔。 🦀 紅蟳米糕：蟹黃飽滿，油飯香足。 🦪 蔭汁蚵：蚵仔飽滿爆汁，鮮甜入味。 🐖 煎豬肝：火候絕妙，軟嫩顛覆想像。 🐟 烤鰻魚：食材新鮮，肉質滑溜。 有幸遇見老闆娘梅子女士，親切互動中盡顯對菜品的堅持，體驗滿分。在台北，我也曾探訪過一些名聲在外的台菜餐廳，如山海樓、米香等。它們固然優秀，但唯有梅子餐廳，讓我有「每次來台北都想再訪」的強烈念想🤭🤭,餐點非常的好吃，服務也非常的細心。還有會幫忙拍照的服務員（雖然不知道拍的好不好，但蠻會帶氣氛的。,如點評饕客一樣感受，能感受餐點很用心製作！ 雖然今天一開始上菜速度慢了點，導致用餐有些空窗等待，單吃絲瓜和炒茄子有點鹹，也一直等不得點餐炒飯一起配…有點扣分。 但隨著每道上菜和細心分菜服務，招待家人吃的很開心和滿意！ 很推薦：紅蟳米糕、炒豬肝、糖醋排骨、脆皮雞、苦瓜鳳梨雞湯、杏仁豆腐 值得一吃！,整體位置都偏擠，裝潢應該是有些許翻新過（不然就是真的保存的很好）但真的很可惜桌椅沒有配合場地做起來不會不舒服，但擺放的位置偶爾會讓人尷尬。 煎豬肝應該是招牌，切的薄片，還是很嫩 白切雞（雞胸）有幾塊還是比較乾，可惜了～附的酸菜個人是不覺得搭，真的很像牛肉麵會出現的酸菜。 炒空心菜，非常好吃！鹹度適中、很清脆；但因為青菜類選項較少，平常不會點空心菜的我也算因禍得福了 炒飯，好濕，但我竟然蠻喜歡的；炒類的調味都很好 芝麻排骨，肉有嫩也有嚼勁的地方，但都不會乾，調味也很好（不過真的很像沒那麼甜的烤魷魚的醬） 服務都很主動，也親切；但金額是真的偏高 真的非常多外國人來吃
ChIJO1lQbwCtQjQRHSxoPz3smt0,結論先說： 餐點非常好吃，手藝很好! 用餐環境及服務好 有點小貴，但價格合理 - 最好吃： 香料烤半雞 - 皮非常薄脆，肉又嫩又多汁，檸檬烤過酸度變溫和，炒菇及馬鈴薯泥很香很優秀，是口感與味道和香氣兼具的表現。 法國手工柏迪耶奶油 - 口感柔順綿密，味道香醇清爽不膩，搭配海鹽點綴提味，是非常優秀的好吃奶油。 搭配酸種麵包好強。 - 好吃： 披薩 瑪格麗特、農夫派 - 披薩餅皮非常優秀，口感薄脆香氣又好，是越嚼越香的餅皮，披薩餅皮優秀就成功一大半了。 瑪格麗特的優點就是夠純粹，好的起司、優秀清爽的番茄紅醬、香氣清爽口感溫潤的橄欖油、新鮮清爽的羅勒葉 農夫派視覺很爽，培根超級優秀!香氣非常濃烈，沾蛋黃香氣更上層樓 香料芝麻豆腐沙拉 - 不是單純的生菜而已，很多蔬菜烤過，香氣好，口感有變化 香煎酸種麵包 - 優秀的酸種麵包，我個人是不愛酸種麵包的，但這個我完全能接受，口感軟嫩香氣好，還有額外給優秀的油醋。 但搭配奶油我好愛 寬帶麵 - 很經典的義大利肉醬，與口感好又香的寬帶麵，肉醬算是好吃的。 - 普： 所有飲料 - 感想最後慢慢說： 這是第一次吃SALT&STONE，6人的家族聚餐，可分享著吃，份量算足夠。 服務生服務非常好，看到水少了都會自動來加，也會盡量滿足客人的要求，例如額外要冰塊、要分著喝氣泡水的杯子，還每個杯子都會特地再多加檸檬片。 環境不錯，用餐環境明亮乾淨，位子算寬敞，也有不會被其他桌客人影響到的空間距離。 其實餐點內容都能感受到廚師的手藝精湛與材料優秀，都是對得起價格的品質。 最驚豔的是烤雞皮的薄脆但肉還是嫩的，還有奶油的口感及味道。 我想特地說說瑪格麗特披薩這件事： 其實我認為一間義式餐廳，最能代表這間店水準的就是瑪格麗特披薩了 前面有說到瑪格麗特的優點就是夠純粹，所以披薩的餅皮以及材料好壞就很容易被凸顯出來 廚師手藝是否能把餅皮做到薄、烤到脆，麵皮本身是否香、口感Q彈 起司是好是壞、紅醬是否好吃、油好不好香不香、羅勒葉新不新鮮 所以我到每間義式餐廳，能點披薩的話我首選都會是瑪格麗特披薩 這間瑪格麗特算是相當優秀的，下次來我也會再點瑪格麗特! 另外農夫派其實也做得相當好吃，優秀的餅皮為基底，但最優秀的當然是培根，其香氣真的很濃郁，口感也恰到好處 搭配紅蔥頭、馬鈴薯與起司的香氣，再加上半熟蛋的蛋黃，把整體香氣再往上帶，是特別且好吃的披薩 整體來說我覺得是很棒的餐廳，而且餐點手藝相當好 回訪意願高! 下次還想嘗試其他道料理,店內客人永遠是絡繹不絕座無虛席，引發我的好奇心，Lalaport開幕不到一年，這家餐廳就累積了600則評論達到4.6星，於是來初訪吃吃看。 蛤蜊蒜味義大利麵跟番茄肉醬寬帶麵都非常好吃，但跟價位相比份量顯得略少。 漢堡真才實料又很多汁，附的火柴薯條炸的很好👍 甜點胡桃派令我驚艷，我推薦為必點！ 柳橙牛奶綜合果汁很棒，其他餐廳很難找到柳橙汁搭配牛奶的飲料，這個也很好喝💖,1140106（二）中午來訪 平日中午也是近乎客滿，真的超厲害~ 正餐時段低消每人$600、下午茶時段每日 人$300 ✔️烤鮭魚沙拉：有鷹嘴豆，醬料吃起來偏酸。鮭魚烤得恰到好處，食材本身很不錯，非常好吃！沙拉的菜量給的非常充足 ✔️麵疙瘩：長相非常特別的義大利麵，內有羊肉，有點像是羊肉版肉醬義大利麵（可是店家給的是羊肉塊，不是肉醬），吃到辣椒的話才會覺得有微辣。麵體Q彈，冷掉之後會再硬彈一點。麵上面有灑一些脆脆的小東西，不知道是什麼，但感覺有點像炸天婦羅碎碎那種硬脆的口感。 ✔️農夫派：上面有半熟蛋，點餐時店員會特別提醒。不敢吃半熟蛋的我把蛋推到旁邊，直接吃pizza也很好吃！是薄皮手工pizza的口感 ✔️紅蘿蔔蛋糕：最讓我意外地是這道！居然有肉桂味！不過我個人是可以接受肉桂的。蛋糕上層有好多燕麥，蛋糕體中間的奶油讓蛋糕多了濕滑的口感~很好吃！ ✔️肉桂捲：表面有珍珠糖增加口感，麵包體本身偏甜。可能我先吃紅蘿蔔蛋糕的關係，我不覺得肉桂捲很肉桂（？） 店員親切，餐期尖峰出餐需要10-20分鐘，店內空間大、但座位也多。 今天和朋友一起share 餐點，平均每人消費$1000喔~兩個女生吃的非常飽~,⭐️松露布拉塔 $500 ⭐️香料芝麻豆腐沙拉(南港限定) $420 ⭐️煙燻牛小排 $1200 ⭐️香料烤半雞 $830 ⭐️寬帶麵 $420 ▫️蛤蜊麵 $420 ⭐️農夫派 $500 ▫️胡桃派 $240 ▫️紅蘿蔔蛋糕(南港限定) $280 ⭐️起司蛋糕 $240 每人低消為$600，用餐時間皆為120分鐘。6人以上訂位需酌收訂金$600/人（僅綁定信用卡，不預先收款） 松露布拉塔外層是莫札瑞拉，內部填充了奶油與撕碎的莫札瑞拉絲，切開後搭配酸麵包、番茄一起吃口感柔軟、奶香濃郁伴隨些微的松露香氣。芝麻豆腐沙拉則是走清爽健康路線，裡面包含羽衣甘藍、紅藜麥等，搭配豆腐整個分量適合2-3人一起共享 主餐的烤半雞份量很大，雞肉外皮烤得酥脆，切開雞肉也足夠軟嫩不柴，搭配薯泥、炒菇一起吃口感豐富。牛小排的部分肉質軟嫩，但有些地方筋比較多，搭配紫甘藍醬或是黑麥麵包醬可以降低油膩感，兩個主餐對女生來說可能份量都很夠，吃完會非常飽 胃口小的女生也可以選擇義大利麵或披薩，寬帶麵的肉醬包含牛肉、豬肉等，麵條偏軟搭配起司是主食中不會出錯的品項。另一個蛤蜊麵也是熱門品項，蒜味非常濃厚，雖然不錯吃但要約會的朋友可能就不太建議點這道，味道太重啦！Pizza的部分挑了餐廳推薦的農夫派，餅皮薄烤的酥脆，搭配半熟蛋、培根、洋芋等整體來說味道足夠口感也很好 最後的甜點，紅蘿蔔蛋糕本身的肉桂味非常濃，反而沒什麼紅蘿蔔的味道，搭配燕麥麥片、鮮奶油等，整體表現中規中矩，適合非常喜歡肉桂的朋友。胡桃派基底是焦糖醬裹上滿滿的核桃，切下去非常有阻力，一口吃下可可粉和焦糖混在一起的味道還算平衡，但吃久了比較容易膩。最後的起司蛋糕，淋上一點草莓醬甜度適中，糕體質地滑順，是裡面最不會出錯的甜點 整體來說食物都不錯吃，缺點是餐點價格普遍偏高，份量對女生來說非常足夠，適合和朋友一起共食，不過以男生來說主食如義大利麵可能就會偏少,沙拉相當好吃，炸過的羽衣萵苣 還有漢堡堡的炸迷迭香都會餐點提升很多風味 漢堡排的漢堡肉鮮嫩多汁，配菜也很營養，薯條也給很多 低消是一個人600
ChIJO31ex8qpQjQRem2fMQdSVls,1. 這家店的位置真的超級優秀，搭捷運過來最方便，出站走路五分鐘內就到了，完全不用擔心迷路或找停車位。 2. 人均消費抓在 600 到 1000 塊左右，如果你點酒或比較多特殊料理，可能會再往上一點，但以那個餐點水準來說，我覺得 CP 值算很高了啦！ 3. 空間雖然不算超大，但佈置得很溫馨放鬆，燈光也是暖黃色的，很適合下班跟好朋友一起來喝一杯、輕鬆聊天的氛圍。 4. 炒中卷（絕對是必點中的必點！新鮮度跟調味都厲害到爆）跟牛肚包這兩個是店裡的鎮店之寶，如果你沒點到，我真的會替你難過，其他義大利麵或燉飯也都在水準之上喔。 5. 這裡生意爆炸好，強烈建議你要早點訂位，不然現場候位真的會等到天荒地老。 服務人員蠻親切，而且付費很方便，支援行動支付跟刷卡。 不過，座位配置真的比較緊湊一點，然後用餐時間跟低消都有規定，去之前要先注意一下時間安排。,氣氛很好、食物也好吃的一家餐酒館，整體環境溫馨又帶點浪漫氛圍，很適合約會或是慶生來訪。 店員服務親切友善，態度非常好，只是介紹菜單的時候講話有點太小聲了，有點聽不太清楚😂。 餐點每一道都很有特色，也能吃出主廚的用心。當天最喜歡的是燉牛肚，牛肚燉得軟嫩入味，搭配兩種醬料能吃出不同風味，沾著麵包一起吃真的一級棒。 西西里鹹卡諾里也很特別，裡面的起司香濃但完全不膩口，外皮酥脆，整體口感很有層次。 當天還點了聖誕限定的餐點，可惜我忘了名字🥺，不過那道吐司搭配提魚、起司與淡淡蜂蜜香氣，鹹甜交錯非常驚喜。 主食也是聖誕限定的義大利麵，蟹肉份量豐富，肉質細膩鮮甜，只是整體稍微偏鹹。 紅酒的推薦也都很到位，與餐點搭配起來剛好平衡，是間會讓人想再訪的好店！,因為懷念義大利🇮🇹 所以查了這家有牛肚料理 但和網路文章味道上有滿大的落差。非常失望😞 價格 不但和網路文章不符 漲價很多 但味道更是讓人失望😞 又是一次店了,線上點餐 沒有菜品介紹 點的是套餐 但沒有套餐的體驗 上菜節奏很詭異 如果趕時間適合來吃 比熱炒店快一點 上菜速度快到像在趕客人 會一次把全部菜上滿你桌面 沙拉還沒吃完所有菜就上完了 桌面放不下其他東西 用餐體驗堪憂 沒有提供白開水 店員說他們員工也是喝一瓶100元的瓶裝水 部分食物偏鹹或太酸就是個人口味 馬鈴薯是整晚最好吃的 但有幾塊弄太焦了 羊排三塊不夠焦 其中一塊是認真沒熟（我個人喜好吃偏生都覺得很生，筋膜都沒受熱到）一塊偏焦 可能是一次弄大量 所以有這種品質問題 有收服務費 但不會幫你收盤子 餐點二星 服務一星 氣氛三星 用餐體驗不佳 服務訓練有待加強,這次在 Parko parko 點了炸牛肚、節瓜、羊小排，還有雞肝義大利麵，整體真的吃得很滿足。炸牛肚外皮酥脆但不油，裡面軟嫩有彈性，調味很剛好，越吃越涮嘴。節瓜看似簡單，實際上火候抓得很準，清甜多汁，剛好平衡前面的重口味。羊小排熟度漂亮，肉質軟嫩帶點嚼勁，香氣很迷人，不用太多調味就很好吃。雞肝義大利麵是意外亮點，醬汁濃郁但不膩，雞肝處理得很細緻，完全沒有腥味，拌著麵吃超順口。整桌吃下來有層次又不會疲乏，是會讓人想再回訪慢慢多點幾樣的那種好吃。
ChIJO6GuZb6sQjQRpNEp6bTjfr8,難得週六一大早找到有營業的咖啡廳，點了一杯黑沙芝麻飲，味道濃醇順口，搭配蘑菇雞肉口袋吐司很match～老闆夫妻服務也很親切☺,在康寧醫院附近的安靜社區，看到這間咖啡店。咖啡香濃好喝，茶類也是優質茶包，回沖還是很有味道。氣氛好，有室內及室外座位，開放式的空間，享受室外的綠意。店內有許多設計類的書籍可看。下次要來試甜點。,社區重要的存在！ 雖然座位不多，但老闆、老闆娘熱情款待，咖啡香、氣氛好，值得推薦！,,
ChIJOZb-_gWtQjQRXA4QgcB7KLE,看了評價，所以選擇來這間吃。6樓這邊的餐廳評價很懸殊，柚子花花是以客家菜為主。 我個人非常喜歡吃刈包，可惜沒有做兩人份的～店員推薦鮮魚冬粉湯，口味較為清爽好喝，但是我覺得魚肉有點少，香蔥飯我個人覺得非常大一碗⋯⋯最後才加點牛肉酸味高麗菜，帶酸嗆辣，很下飯，黃金櫛瓜非常好吃😋 下次還會回訪吃看看別的菜色，服務人員的態度都非常得好，五顆星是給他們的👍,無意中逛街逛到的新店， 不到六點鐘就已經有不少人入座， 逛了一圈後老婆還是決定來這裡吃， 結論就是老婆永遠是對的。 點了桂竹筍，筍片厚實但是口感鮮嫩。 菜圃蛋油量控制良好，蓬鬆不油膩！ 金沙節瓜是炸了再裹上鹹蛋黃， 這道的麵衣會有點厚，但節瓜汁水豐富。 梅干扣肉無功無過，可以點。 客家小炒出菜有點慢，後來上菜時看到， 看起來應該是一次炒多份，鍋氣十足， 芹菜翠綠，魷魚、豬肉、豆乾火候正好。 酸菜鴨湯是上桌用瓦斯爐現煮的， 鴨肉有四大塊，但要注意粉絲吸水後膨脹， 要趕快把粉絲撈起，湯不夠也可再加。 炸湯圓是贈送的，小朋友都吃光了， 我想應該味道是不錯的！ 很開心又找到一家可以列入回訪的店， 期待之後再回來解鎖新菜色。,"有幾道可以特別點名評論一下 菜飯，不是普遍吃到的那種混在一起煮的菜飯，真的是literally把菜放在飯上的 ""菜飯"" 雞湯，雞是臭的，真的，完全無法忍受。只能發揮客家精神把雞肉全部挑起來，剩下湯，有點味道，但勉強可以喝 其他就是挺一般的",每次經過入座率都很高，第一次帶公公去吃，孩子們吃得很開心都吃得很飽，連挑嘴的小寶都吃得比平時多(可能因為部分菜色偏甜)，印象最深的是佐火龍果的糖醋酥肉和鮮魚米粉湯(好喝到連孩子們都記得一定要再點)。 二訪帶婆婆去吃，同樣點了六人套餐但菜色有些許不同(帶孩子去吃所以都選不辣的菜)，每一道我都覺得很好吃很滿意，唯獨傳心鹽焗雞因為放離我太遠，我一塊都沒吃，最後那盤打包回家。服務人員都很親切，上菜速度飛快，這些也加分。 隔天把打包回家的鹽焗雞拿出來加熱再分給孩子們，最後我自己吃了幾口，天啊！有夠鹹！！！死鹹到我直接把剩下的雞肉全部倒掉了！如果知道這麼鹹，一口都不會給孩子們吃啊😭 少一顆星是因為這盤雞肉…. 整體而言，大部分的菜色都很滿意，我們還是會再訪，只是不會再點這道鹽焗雞💦,現場劃位大概等了20分鐘 上菜速度超級無敵快！ 點完沒多久全部都上桌 梅乾扣肉中規中矩，肥瘦剛好但有點小偏乾普普，不知道是不是先準備好在旁邊放有點時間，梅乾鹹度剛剛好，搭配起來鹹度剛剛好，梅干菜還蠻下飯的 鵝油菜飯，沒有明顯的鵝油味道，很普通，可能單點一道菜跟白飯會更好一點 金沙櫛瓜不夠鹹，但發現這道菜配鵝肉醬意外的的搭，沾著吃彷彿就是同一道菜歐 鵝肉最大優點是完全去骨，很適合叫給老人小朋友吃，非常方便，口感也算嫩 以上菜色吃起來都還算可以中規中矩，感覺很適合家庭或長輩來吃，兩個人也ok都適合，大家有來LALAPORT不妨可以吃吃看
ChIJObAPmYyuQjQRpFI6mLHcmT0,2026 年 2 月中旬某日，重回石牌的水龜伯古早味豆花。這裡可說是石牌夜市一帶的名店之一，但回頭想想也有些奇妙——先前在石牌住了十幾年，真正來訪的次數卻屈指可數。也許正因如此，這次再來，反而多了一點重新認識的心情。 店名是「古早味」，賣的東西是古早味，連整體空間與裝潢也都走同一條路線。店內擺放著不少老年代的物件：腳踏車、黑膠唱片、錄音帶收藏盒、老式電風扇等，一走進來就能感覺到店家刻意營造的懷舊氛圍，老味道十足，也難怪成了不少人心中「記憶中的豆花店」。 造訪當天，剛好接近過年前的最後一個上班日，人潮不少，門口排起了長隊。不過周轉率算快，實際等候大約十二分鐘便順利入座，流程算是流暢，沒有久候的不耐感。 這次點的是古早味豆花，配料選了三樣：粉粿、紅豆與花生；另外還有分開裝的芋頭，以及一份黑糖麻糬。豆花本身口感細緻，接近大家心目中對「古早味豆花」的想像：配料的風味濃郁、口感綿密，但整體甜度弄得剛好，不會太甜，不會膩口。粉粿的口感介於軟與彈之間，不會過黏、也不會刻意做得太 Q；紅豆與花生表現穩定，是熟悉、安心的味道。 至於另外分開點的芋頭與黑糖麻糬，表現就屬中規中矩，沒有特別驚豔，但也不至於失望，算是完成度正常、符合預期的甜點搭配。 水龜伯的「古早味」，我會形容為「接近古早味」，而不是完全重現。怎麼說呢？這些年來，曾在某些地方吃過真正兒時記憶中的「古早味」——那種一看到、一入口，彷彿搭上時光機的老做法甜品。只是老實說，那樣的口感與外觀往往「原始至極」，甚至稱不上好吃；如果現在的年輕人直接端上一碗，恐怕只會滿臉問號、甚至吐血。也正因如此，現在能被市場接受、又被稱為「古早味」的甜品，其實多半已經經過調整與修飾。 從這個角度來看，水龜伯選擇的是一條在懷舊與現代口感之間取得平衡的路線：保留記憶中的輪廓，但讓口感更圓融、更容易入口。或許少了一點真正「老派到極致」的衝擊感，卻換來多數人都能接受、也願意一再回訪的穩定表現。 整體而言，水龜伯古早味豆花是一家氣氛到位、味道穩定、適合帶著記憶來，也能安心推薦給現在的朋友的老字號甜品店。若剛好在石牌夜市一帶，想吃一碗不過甜、帶點懷舊氣息的豆花，這裡依然是個不會出錯又令人回味的好選擇。,2026/02 懷舊風格老店，價格便宜且量大。早上11:30營業，只收現金有開發票。 因為內用位置不多，建議先找位置再點餐，但翻桌率挺快的，用餐後要自行回收餐盤。 點了黑糖刨冰4種料(花生仙草湯圓Q圓），挺好吃的，份量也多，不是很餓的話中餐剛好也不用吃了🤣 就是不推薦加料加紅白湯圓，整個很硬，加珍珠或綜合芋圓都比湯圓好，芋頭要額外再加20-25元，地板跟桌子常常黏黏的。 整體而言3.5顆星，人多的話外帶也是一個不錯的選項。,只要經過一窺，永遠有排隊長龍，店內幾乎都保持滿座的狀態。 除了傳統口味且相當優質的冷、熱飲之外，價位在台北市、新北市是非常的「不合理」，實在是太佛心，在雙北地區那裡吃得到豆花加三款料的售價是45元？55元都算實惠了，更不要提前幾天在小鎮吃的60元僅加兩款配料的鄉下「名店」。 反正來這家店，再加宣傳也算不上錦上添花，就是要有排隊的心理準備，想不排隊，就經驗談，真有點困難。,生意超好常要排隊、座無虛席併桌是常態😅今天時間稍微比較寬鬆可以排一下👌🏻今天點了芋頭豆花60+芋見黑米粥80😋食材新鮮、品項選擇很多、甜度偏低非常適合我👍❣️牆面有抽取式衛生紙、外面騎樓有水龍頭、店內「無」廁所🚾,石牌水龜伯古早味美食謝霆峰也吃過！ 第一次到水龜伯來， 是爬完軍艦岩後很熱想找個冰豆花吃， 無意間看見很多人排隊， 好奇上網一查，才發現這是石牌名店， 張鈞甯還曾帶謝霆鋒來這拍過節目。 水龜伯的刨冰、豆花、麻糬都很好吃， 最多人推薦的應該是黑糖燒麻糬， 燒燙燙的麻糬從黑糖浴池撈上來後， 撒上滿滿花生粉， 一口咬下立馬感受到花生的香與黑糖的甜， 麻糬軟軟綿綿還帶點咬勁， 實在好吃！ 我個人最喜歡的則是雙仙鬧奶， 這一大碗裡面有滿滿的料， 包括仙草、杏仁、四色芋圓、紅豆、特調鮮奶油， 還有使用香蕉油的古早冰， 最上面還會撒上跳跳糖。 芋圓煮得很好，軟Q 有咬勁； 紅豆煮得綿密，味美香濃。 至於名字中的「雙仙」是哪雙仙？ 一仙是仙草，第二仙問了店員，說是杏仁， 感覺有點牽強⋯⋯但 沒關係，好吃才是重點， 吃完既消暑又有飽足感。
ChIJP6YFq-urQjQRxiqqPoCY7cE,羊排炕鍋內有已經去骨的羊肉、馬鈴薯、甜椒及大量洋蔥，用大量的香料及醬汁拌炒，有點像帶孜然味的沙茶醬，微微的辣度很剛好，另外加點的皮帶麵和醬汁也很搭，味道重且油膩 烤羊肉串調味沒有很重但羊肉卻不腥臊 羊肉湯清香味道也很足 甜的酥油茶是很甜很甜的奶茶加上奶油，很香很香，配上糌粑是吃不懂，糌粑一點調味也沒有，確實是店員介紹的燕麥味道，也不吸水，奶茶根本沾不起來，還是分開吃好，值得一嚐但喝不慣 整體口味重，而兩人吃能點的料理有限沒有其他可以換口味的菜色所以容易膩 店內裝潢富有大漠風情，店員親切,台北難得的藏區料理，香料豐富有層次，用料實在，主角的羊肉料理非常軟嫩，風味十足。 環境頗具西藏氣息，餐器，掛飾，音樂，加上親切的服務，值得推薦。 ps.只收現金,愛吃羊肉的人千萬不要錯過！ 除了有藏族特色風味料理，羊肉烹調的味道非常香醇！肉質入口即化！ 由於有豐厚的油脂，要趁熱吃，吃不完也可以外帶回家自行加熱！ 其中羊雜湯的味道比較重，會擔心羊騷味太重的人，可以點羊肉湯就好！,店裡裝潢濃濃藏族風情，和女兒二人點了羊排炕鍋(麻辣口感/有大量蔬菜)+褲帶青粿麵、手抓羊肉、紅景天羊肉湯(湯頭濃郁)…香料夾雜羊肉的風味，重點是每道料理的羊肉都很鮮嫩…愛吃羊肉的朋友值得一試(可惜要開車不能配啤酒)!! 唯一的失算，這份量…二個人吃得很撐…,第二次吃西藏餐廳，他們的羊肉真的都很嫩～建議趁熱吃，冷了之後羊肉的油感會跑出來。 如果想多吃一點品項的話，建議約超過4個人一起來用餐，因為他們的料理偏大份，人多比較好分食～
ChIJP7_VzqesQjQRZY2wwtcGGE8,點了柚子鹽味拉麵～湯頭很清爽很好喝，搭配細麵濃淡適中！ 高麗菜30元算CP值滿高的～用餐環境也很舒適乾淨，一人用餐也非常友善！,這碗拉麵真的好吃到讓人想默默點第二碗。湯頭濃郁香醇卻完全不死鹹，每一口都能感受到用心熬煮的層次感，喝到最後一口都還是很順口。麵條彈牙有嚼勁，完美吸附湯汁，搭配軟嫩入味的叉燒、爽脆的配菜，整體口感超平衡。吃的時候真的會不自覺放慢速度，想好好享受每一口，是那種會讓人吃完還念念不忘、下次經過一定會再回訪的拉麵 🍜,柚香鹽味拉麵湯頭清爽，美中不足的是麵條硬度無法選擇，會希望再硬一點。 二郎風拉麵的麵條跟油麵類似，肉跟蔬菜都很好吃。 最後布丁比想像中好吃😋,不知道是不是太晚進來快打烊了 肉微冰 、湯不熱、麵吃起來很像水沒滾就丟下去煮⋯ 辣的沒有什麼特色⋯ 不過服務很好唷⋯,吃的是二郎風蒜味拉麵，肉的肥瘦均勻，咬起來有點炙燒的香氣，湯底很濃但不會到太閒，微微的蒜味搭配的很剛好。溫泉蛋好吃。
ChIJP9NOG2yvQjQRaS3wT8t85kY,非常驚豔的小店。 每一道都好吃。老滷汁做出來的各項菜色，包括滷肉飯、滷豬腳、刈包等等都很好吃。雞肉飯也令人驚奇地香，難怪生意那麼好！,最愛豬腳飯，很常吃，好吃😋常用ubereats會員優惠外帶自取，很方便又比現場便宜一點🤩住附近的便當店最優選擇☺️也蠻常內用，多元行動支付也超方便！,到故宮看展，路過剛好有路邊有停車位，就進來試試看，結果店雖小但客人不少，點了雞絲飯及舒肥雞胸飯，都還不錯，尤其是舒肥雞胸肉非常棒，值得推薦一下！,店員很熱情，東西平價好吃，推刈包！ 附近有停車場,不錯吃但是飯少就是超級少 到有點難配菜跟肉🤣 下次知道了
ChIJPSyKR2mpQjQRLB_JwBEp9H4,相較於餐點的價位，份量偏少了 女生都吃不飽…… 味道普普通通，紅酒燉牛肉裡面芹菜很多🫠 義大利麵太創意了俗人吃不懂他的味道和分量，除了義大利麵的麵粉味跟油油的口感，完全沒有其他味道 甜點中規中矩 店內氛圍不錯，但沙發的位置太低導致桌面太高 僅收現金，有載具 不到很雷但不考慮回訪,直接被隱藏版-白雪公主吸引🤩特別來嚐鮮一下，個人覺得好美有創意，口感真特別，還是主食套餐比較好吃，我喜歡吃附餐的麵包。整體環境乾淨、空間寬敞、服務親切、份量充足、價位合理、無用餐時間限制，願意再次來用餐。,甜點很特別，餐點咖啡都不錯，假日人很多，要先訂位，只能付現喔,義大利麵要懂吃才懂他的價格與份量。 甜點創意成分偏高，套餐的麵包好吃。 只能付現金，所以服務扣一顆星，在價格偏高的狀況下，這點多元支付的服務應該要到位。,在這附近找不到用餐位置來這裏就對了，通常地下室有位置，而且常常有聚會＆小孩玩玩具，地下室環境沒裝潢，隔壁聊天聲音聲聲入耳。 這裡的主餐食物認真烹調，真材實料，擺盤也很美，附餐就普通，南瓜濃湯非常小一杯。 馬賽海鮮燉飯上面有檸檬泡泡，攪拌後燉飯多了檸檬清香，如同其他評論所述，燉飯的鹹度很低，幾乎沒味道，餐廳主動幫我重做了一份，上方有魚、蝦子算是料多；煙花女義大利麵辣味明顯，上方有一整隻乾煎魷魚（可能是中卷）還不錯。 推薦這裡的甜點，甜點大多有些驚喜又有趣的設計，可以為這頓飯留下一個記憶點。
ChIJPUX9iw6tQjQRE-UwkTLnci4,"公司尾牙訂了20人大桌包廂, 座位夠寬敞, 帶一間廁所, 整體空間感很舒適不擁擠。500盤推薦, 雖然不是米其林, 飲食口味畢竟是主觀的, 我個人覺得合口味喜歡就好, 畢竟即使是米其林認證, 過於精緻的餐點, 往往也未必好吃。一開始的幾道前菜就令人感到合拍對味, 沒有華麗的烹調, 卻有著腳踏實地的風味, 容易咀嚼的口感, 食材之間互不搶味; 真心推薦果味黑醋肉, 肥瘦剛好, 肉肉帶著脆度, 黑醋完全不嗆鼻, 沒有骨頭, 可以安心一口吃。腸粉包的炸兩薄脆不扎上顎不咬舌頭, 沒有過多的醬汁, 吃得到腸粉的香味。燉花膠也是恰到好處的膠質感, 不黏嘴, 一咬就開; 重點菜色烤鴨, 這是我目前吃過的烤鴨中的榜首!! 鴨皮酥脆不油膩, 鴨肉緊實保有彈性, 容易咀嚼好入口, 一咬就斷。龍蝦肉質新鮮富有彈性, 叉子一下再捲, 整條龍蝦肉漂亮脫殼, 非常乾脆, 大口吃下超滿足!! 牛肉粒和香辣小炒皇也是炒的香氣十足, 大推小炒皇, 裡面的豆乾應該有炒也有炸過, 可以處理得外酥內軟, 這個口感令我相當驚艷, 第一次吃到這麼好吃的小炒, 看似簡單能做到這種程度反而更費工夫, 必點!! 燕窩蛋塔/杏仁茶/吉拿棒, 我也非常推薦, 真心不騙!! 整體來說每道菜品都是恰到好處, 沒有過多的調味, 容易入口和咀嚼, 整套吃下來很紮實的飽足感, 卻不會覺得有負擔, 沒有過度的精緻感或花俏的食材/擺盤, 絕對值得再訪!!",東方樓台北漢來店是南港經貿園區的粵菜頂級殿堂，位於漢來大飯店3樓，環境典雅奢華，Art Deco風格的大理石牆面與藍金色調營造復古貴氣氛圍。圓形卡座、靠窗座位及多間獨立包廂選擇豐富，視野開闊，特別適合家庭聚會、商務宴客或慶生派對。服務團隊專業親切，從迎賓到上菜細節到位，讓人感受到五星級尊榮享受。 招牌必點片皮鴨三吃絕對是焦點！鴨皮脆薄如紙，油光閃亮配荷葉餅與蔥絲，入口酥脆不膩；鴨肉嫩滑，第二吃現切現煎，第三吃鴨粥濃郁鮮美，完美展現師傅刀工與火候掌控。金不換蒜子焗鱸鰻外脆內嫩，蒜香撲鼻；海皇腸粉彈牙鮮甜，蝦仁、蟹肉點綴華麗；潮州滷水鵝肉質細膩，滷汁入味不柴。其他如蒜蓉粉絲蒸龍蝦、蟹粉小籠包、流沙奶黃包，融合粵菜經典與創新，層次豐富令人驚艷，每道菜裝盤精美如藝術品。 人均消費約NT$1500-2000，CP值超高，Google評價穩定4.5星，完成度極佳。捷運南港展覽館站步行5分鐘，停車方便。無論長輩饗宴或朋友聚餐，這裡都是首選，強烈推薦預約包廂，絕對值回票價！下次還想再訪品嚐早茶點心。,公司尾牙選在「東方樓」，整個空間是藏青色系，低調但很有質感，不會太浮誇，卻會讓人自然放慢節奏，好好坐下來吃一頓飯。 菜一上桌氣氛立刻熱起來，招牌片皮鴨真的很可以，皮酥不油、肉也嫩，包著手工餅皮加醬一起吃很順，完全不膩。老火鴨雞粥反而是意外圈粉的一道，湯頭濃郁但喝起來很舒服，大家一邊聊天一邊慢慢喝，超適合尾牙這種場合。千層蘿蔔酥餅更不用說，外酥內香，幾乎一上桌就被清空。 服務人員的節奏也很剛好，不會一直來打斷聊天，但該注意的地方都有顧到，整體吃下來很放鬆。這場尾牙不只是完成一個聚餐行程，而是真的讓人好好吃、好好聊，也算替這一年畫下一個蠻舒服的句點。,一訪以港點為主，評價一般，而且對於要預訂的化皮乳豬有點失望。叉燒皇推薦，蘿蔔絲餅也很不錯，蝦皇也不錯，但腸粉的蝦就不太推薦…沒有吃到編織酥，事前預定就沒有了 二訪以桌菜和烤鴨為主，烤鴨非常推薦，除了桌邊現切外，那個皮真的處理的非常酥脆。鱸鰻也很推薦，一樣桌邊處理，香氣十足。港式蘿蔔糕也是很好吃， 二訪的經驗會讓人想再去一次 兩次服務都很好，但二訪點的東方美人茶比較好喝,入住漢來當天 也來試看看位於3樓的東方樓粵菜餐廳 這次來點了脆皮先知鴨、編織酥、金不換 先知鴨跟編織酥都是需要先預訂的 先知鴨在現場會有桌邊服務 處理成比較好入口的大小 現場有幫我們處理的主廚 先知鴨是只有幾個月的幼鴨 相比明爐烤鴨 會比較小隻 但肉質較嫩 我們還有加錢 煮成胡椒酸菜湯 （後來吃不完 回家煮成火鍋 很讚） 編織酥必點！ 現場看真的很精緻 外皮拿起來不會燙 但裡面的料都還熱熱的 吃起來有點濃湯的感覺 金不換也會有桌邊服務 有點像是三杯的感覺 最後會在鍋蓋上淋紹興酒點火 讓鰻魚肉有點酒的香味 鰻魚肉油脂很多 很好吃 整體來說用餐體驗跟料理都很棒 而且跟我印象中高級料理不一樣的地方是 這邊餐點的份量其實還蠻多的
ChIJPVfZFVeuQjQRDInpxCw-Mmg,位於唭哩岸走路1分鐘 附近也有停車場🅿️ 點了7人合菜$6600 1.和風珍味小菜 2.盛和花壽司 3.綜合生魚片（18片） 4.炸泰式牛蒡天婦羅 5.和風海鮮沙拉 6. 海鮮鍋 味噌/柴魚高湯（擇一） 7. 鹽蒸蝦 外表看起來很日式 吃起來很像台式 菜色都有擺盤 食材有新鮮 裡面最好吃推薦深海鱈魚🐟肝（不會有腥味） 但底層搭配都是大同小異 （洋蔥🧅蕃茄🍅小黃瓜🥒生菜🥬） 整體的調味手法無特別驚艷 最後還招待水果 跟西米露,參加活動結束後到這邊吃晚餐 點了梅定食以及豬排拉麵、炸油楊豆腐、可樂餅、花壽司以及炸蝦手捲 上菜速度算快，且服務還行，飯後還有小點心 定食的CP值滿高，拉麵湯頭也很不錯,餐點精緻美味、份量不多，週末用餐時段人較多，最好先訂位👌🏻❣️有兩桌大圓桌可容納較多人數🙃有特色的裝潢與可愛動物請見照片😍,跟以前在中央南路水準差太多了，飯超少，看得到碗底部，揚豆腐都太白粉（超累），套餐花生有油耗味（不行），雞腿排還烤焦😵‍💫😵‍💫😵‍💫，味噌湯以前有魚，現在味道也不行⋯不不到差這麼多😭😭😭,
ChIJPbbLlLurQjQReNJaofMjXFE,這次是晚上來內用，店在商場走道旁邊，外面一整排菜單跟招牌蠻好辨認，整體翻桌算快。店內座位間距還可以，冷氣偏強一點，聊天不會太吵，但尖峰時段人多還是有點熱鬧。 我們點了好幾道分享：綠咖哩一上桌味道很香，酸辣明顯、帶點椰香的圓潤感，裡面有透抽跟蝦子，料算實在；打拋豬肉炒得夠下飯，肉末偏濕潤、九層塔香氣有出來，辣度是舒服的那種；炒空心菜火候不錯，脆度保留得好，不會油到膩。檸檬魚是清爽路線，檸檬酸跟蒜香很突出，魚肉算嫩但要小心刺。炸雞翅外皮酥、裡面不乾，淋醬甜辣加花生很涮嘴。還有生食干貝配水果那道，口感新鮮、走清爽開胃。 飲料我們點了泰奶跟一壺偏檸檬/柑橘感的飲品，泰奶甜度偏高但香氣夠。價格以商場泰式餐廳來說算中上，不到便宜，但份量適合多人分，整桌吃下來CP值我覺得合理。服務人員態度客氣，出菜速度算順。會推薦給想吃比較「標準款」泰式菜、多人聚餐的人；如果喜歡重口味爆辣的，可能要記得先跟店員溝通辣度。整体來說我會再訪。,首先稱讚，他們服務是真的非常好，氣氛也佳，又是寵物友善... 幾年前第一次吃時，覺得他們家吃到飽很精緻，雖然品項不多，但是還挺好吃的，尤其是厚蝦餅很讚！ 這次生日特意再來吃一次，口味完全不行，大薄片沒什麼味道，青木瓜絲也不酸，打拋肉還可以，跟服務人員反應以後，他們馬上收回去給廚師反應，結果接下來的菜開始爆鹹，生蝦也爆鹹（好像吞了一口魚露），再次反應，生蝦又來了...結果根本沒退冰？ 老實說，一人1200多元這種品質，讓我很失望，服務人員是真的很好，餐點讓我...唯一繼續維持水準的，大概就是厚蝦餅一樣好吃,年初一來 只有單點～ 整體而言都很滿意！吃超飽 （照片中月亮蝦餅已經被架走一片）,服務員非常貼心，詢問家人是否濕紙巾，突然服務員就拿來濕紙巾，真的太棒了。今日餐點推薦蟹肉炒飯跟蝦醬空心菜。,最近去了位於微風信義的 泰集 品嚐泰式料理，整體印象很不錯。餐廳有提供泰式料理吃到飽，如果像我們只有兩三個女生用餐也有提供單點選擇，像是超厚月亮蝦餅、椒麻雞、蝦醬空心菜等經典菜色都非常受歡迎，特別是那厚實彈牙的月亮蝦餅令人印象深刻。 環境空間寬敞舒適，裝潢帶有泰式市集風格，適合家庭聚餐或朋友聚會。用餐氣氛輕鬆，不論是午餐或晚餐時段都能感受到店內活絡的氣息。飲料部分也有泰式奶茶、香茅檸檬蜜茶等選擇，搭配料理更添風味。以食材品質與菜色多樣性來說是會讓人想再次造訪的泰式餐廳。 如果想在信義區找一間味道道地、氣氛好、適合聚會的泰式料理餐廳，泰集會是不錯的選擇。
ChIJPxtqjXurQjQRVFC7Av8hfpg,《原來美味離我這麼近》 意外在公司附近發現的店，我只能摸著良心說，這麼高的星星等級，不是純粹靠打卡活動得來的，至少我們今天點的每道餐點沒有一道讓人失望。食材新鮮，料理美味，就算沒有送生蠔，我一樣要給5顆星，值得推薦！,整體吃起來蠻好吃的 ！牡蠣很甜但洋蔥放太多了一入口蓋過了牡蠣的鮮味！感覺可以再放少一點洋蔥不然好可惜,先說結論是大推！ 今天是來慶祝生日的，因為喜歡日式料理所以來嘗試一下，過往4.8以上的餐廳我都是抱持著「應該是洗出來的評價」的心態來吃，但這家真的非常的棒喔！ 尤其是老闆帥到沒朋友，請大家一定要來看一下，這個帥度應該打爆一堆明星了，有種成熟憂鬱型男的Fu~ 回到正題，今天點的餐點如下： 首先是玉子燒，調味適中到偏甜一點點，我個人愛吃甜的，所以很喜歡！ 再來是茶碗蒸跟味增湯 茶碗蒸的部分給了一整尾的蝦子，味增湯有滿滿的魚肉，這兩道我覺得中規中矩。 接下來幾道基本上我都是吃下口就直接驚呼的！ 首先是鰻魚，一般來說鰻魚的醬料應該會非常重口，但這間非常適中，而且烤的非常漂亮，我覺得是必點料理，魚本身完全是可以不用拒絕就散開的綿密！ 再來是壽司，我點了鮭魚肚、鮭魚、炙燒鮭魚及比目魚，我吃東西的順序是先吃最好吃的，以上是我食用的順序。 鮭魚肚真的不用說，入口那種脂肪的綿密感，帶一點點魚的口感，再加上表面應該是有劃幾刀，真的是好吃到爆炸！ 鮭魚也是不遑多讓，經過脂肪洗禮後，鮭魚本體完全沒有失色，而且反而把魚的鮮味再次帶回來，多了一點點嚼勁。 炙燒鮭魚則是多了那一點炙燒的味道，瞬間帶入另外一個風景，而且同樣保持了鮭魚本身的質地，這個鮭魚三吃真的不是蓋的。 最後是毛毛蟲壽司，這份當作收尾真的很適合，增加了一點飽足感外，內容物也是不馬乎，也是有魚有蝦，好啦 不說了，因為太好吃害我吃完直接在店裡寫評論，寫太久不好意思，總之請大家一定要來吃。,很像在日本去過的真實小店，不是那種企業連鎖的，是樸實真實的店家，店內播放沒聽過的在地日本歌最高！！推薦吧台區，可以觀賞師傅料理，食材新鮮美味，記得看黑板的菜單外料理！,態度親切、東西好吃又新鮮～ 很多老客戶回訪的一家店，也蠻多附近鄰居外帶回去吃
ChIJQ3o7S2SpQjQRe_XmRyh4OBY,,,,,
ChIJQ6qFRCSrQjQRf5i_pjyKv0M,二樓很適合讀書！插座很多 但中間位置離冷氣很近會滿冷的，其他都很好👍可以看到窗外風景心曠神怡,平日來完全沒有人，真心覺得是一間很棒的咖啡廳！二樓的桌子都可以掃碼點餐，店家會直接送餐上樓很貼心，食物也很棒，早午餐盤的油醋醬有加芥末我超愛！不限時有插座，很適合遠端工作的人，希望這樣的好店家可以在台北活下去🥹,小姐姐服務真的很好 大大加分👍🏻 食物好吃 蔬菜新鮮 很喜歡沙拉油醋加芥末的味道 有更多層次。咖啡我喝摩卡，好喝☺️ 沒有上去二樓 但一樓很寬敞 環境也很好 是會一直拜訪的咖啡店 😚,不要點披薩🍕小小一個$200😓😓😓 無花果拿鐵喝不懂 其他都很好 早點來沒什麼人很安靜位子很多👍👍👍,二樓有一整排的靠窗座位可以使用插座，彷彿來到K書中心，大家都很安靜的使用筆電或看書，很喜歡的氛圍，點了現烤土司，店員也會提醒趁熱吃，下次會再去❤️
ChIJQ74D72WpQjQRGFc9NT18x5E,"巷弄內的居酒屋，平日晚上原本以為沒什麼人，沒想到一進門，防佛來到日本，大多都是日本客人，店內環境舒適乾淨，雖然是居酒屋，但是很高雅，餐點也好吃，,店員也都會講日文。 🍗炸雞超級好吃，冷掉也好吃 🥦水蓮細嫩又脆 🐟黑鮪魚背肉厚切，一口吃下去超滿足 🦑魷魚炒明太子很嫩好咬，鹹度控制的很好，適合下酒 還有很多都好吃，下次跟朋友聚餐再來。",過年期間來吃 口味真的不錯 但分量都偏少跟朋友來吃 一人點了兩千多都沒吃飽... 是真的都弄得滿精緻的 心理預期想說可能來吃串燒 其實比較偏向日式料理 不太像居酒屋 但夠好吃 還是給五星,黑鮪魚背肉新鮮滑順、油脂剛好不膩，冷盤鴨肉清爽又有彈性，炒水蓮清脆爽口不油膩，鹽焗豬五花外酥內嫩鹹香剛好，整體食材新鮮、調味恰到好處，會想再回訪 👍,服務很優 ～每道菜都很好吃 黑鮪魚生魚片很鮮甜 第一次吃到炸藕片 好刷嘴 每道菜無雷,黑鮪魚生魚片厚實細緻，連炸的黑鮪魚都好吃到不行，炸皮很薄不像平常吃到的炸物 冷盤鴨肉玫瑰色也很嫩，配上蘿蔔泥很清爽開胃 魷魚炒明太子微辣，鮮Q很下酒 烤🇹🇼黑毛豬五花肉很脆Q，配上水果醋不會油膩耶 水蓮炒豬肉很嫩很入味不會太淡
ChIJQeGuX7mrQjQRaWkzgt7mxpU,家人今天幫我慶生。我們點了開胃小菜、2客特製外皮要有點焦內軟的牛排，真是好吃，也點了開脾辣味加勒比海海鮮飯及田納西雙併，再外加招牌布朗尼，有夠飽足。 感謝今日服務人員John，邀請同仁唱生日快樂歌同歡，我要給100分❤️，謝謝Friday給足我們快樂用餐體驗，感謝。,常訪Friday's ，但今天是我第一次感受到Friday's 的熱情服務😊以前覺得辦VIP會員好像不太有價值，今天聽Quaker詳細的說明，才知道回饋很多。立刻升級VIP，今天馬上回饋超過一半會費，我們五個人的聚餐超划算。當然餐點一如以往地好吃😋，大推紐約辣雞翅與雙醬肋排！來不及拍照就分食光光🤣非常感謝Quaker 的服務與推薦，人帥又幽默，妙語如珠，讓我們從入座時就感到歡樂😄渡過愉快的午餐時光🩷,從學生時代就是顧客，和老公交往後、為人妻甚至為人母後，全家都是忠實顧客。今天是生日來信義店用餐，因爲環境舒適、場地寬敞，店內服務人員親切、主動認真，特別是Carina，落座一會兒便來詢問是否點餐？若要點餐直接說就行，也會不定時來確認餐點是否合口味。為我送上生日布朗尼時，點完蠟燭還說了句：「生日快樂！」 總之，今日的用餐很開心、很享受，感謝今日服務的所有人員！,寬麵奶油醬量風味蠻好的，濃稠但不膩，麵體口感紮實，是我蠻喜歡的口感。豬勒排真的是份量越來越少，物價真的飛漲。超級三重漢堡還不錯，炸洋蔥、牛雪花、培根、漢堡肉不同的配料層次蠻豐富的，麵包的部分就稍微一般。,以為每家店都有週五牛排買一送一，點餐被告知沒有此項活動，想說沒關係，五分熟牛排上桌後立刻動手切來吃是冷的很詫異，經理有說要重做一份，但我趕時間就作罷，事後經理表示送份甜點補償
ChIJQwXI52mvQjQRCMFnpsUhxFw,看起來平凡的一碗麵 吸了一口麵，才發現這一碗吃的不只是麵，而是料理人滿滿的熱情。 #長生塩人 記得是當初我還在醫院服務長時，就有人推薦我必需去員林品嚐的美味拉麵🍜 麵條有分2款，皆是細麵： 🔖立成製麵（Q彈滑順，可久放不爛的麵條） 🔖麗珠製麵（麵條偏硬，吃得到麵心的口感） 我選了招牌的鹽味拉麵🍜，搭配店員推薦的立成製麵，升級雙倍肉（叉燒、舒肥雞肉），加了溏心蛋。 一上桌，先吸了一口麵，麵條巴著清爽帶點油脂卻不膩的湯頭～嗯！豪好吃～🤤 炙燒過的叉燒帶著炙燒過的香氣，卻不會油膩（叉燒絕對是我吃過的前三名🥉），舒肥雞也鮮嫩美味，和拉麵搭起來毫無違和感。 推薦大家可以去嚐嚐,經朋友介紹來到這里，拉麵是我喜歡的口味，湯頭並不會太鹹！炒麵好吃份量也不少😋 吧台座位不多☝🏻餐期時間要提早來喲~,發跡自天母的長生塩人，在捷運北投站前開的分店，簡約樸素的木質日式風格，掛著書寫店名的白色燈籠，配上開店初期誇張的排隊人龍，讓人一出捷運站就能看到。店家營業時間從傍晚到半夜，也算是體貼值晚班的上班族與夜貓子。 小小的店面，提供10位吧檯式座位，剛開始僅以現場排隊為順序，後來調整成在店門口提供排隊登記表，店員依登記順序呼喚入座，這一改變多了些人性。 餐點品項為4款口味的拉麵，另有其他日式拉麵店少有的日本炒麵及單點配菜。 主打的塩味拉麵，算是淡麗系流派，湯頭以豬骨、雞骨、雞腳、洋蔥、蘿蔔、蔥薑等熬煮，看起來金黃剔透，入口不會淡而無味且不膩口，非常清爽。也沒有豚骨、雞白湯類的腥味。蠻適合長夏炎熱的天氣享用。 配菜有：舒肥雞胸肉、炙燒梅花豬各2片、紫洋蔥丁、蔥花、娃娃菜半顆、海苔一片。 麵體則有2款可選擇：豪億製麵(直細麵)-屬於生麵，剛上桌時麵心有點硬，到後來吸收較多湯頭，會稍微軟些(後來供應商改為 麗珠製麵 了)。另一款則是立成製麵(極細麵)，需另外加價。一進店門吧檯案頭， 放上傳統木盒，刻有大大的「立成製麵」字樣，展現出店家的信心。立成的極細麵，從頭到尾口感較一致，不會因為在湯中泡久了而有變化。 日本炒麵(微辣)：這道是一般拉麵店看不到的品項，同樣強調清爽不油膩的口感，也不會湯湯水水的。擺盤的造型，頗有富士山的既視感。旁邊點綴著一併翻炒的豬肉、雞肉與高麗菜。並灑上不少七味粉，所以有微辣感。雖然造型與口感不錯，但個人覺得鹹度略高，要搭配店家的白開水喝。 溏心蛋：表現一般，沒有出眾亮點。,經典的鹽味拉麵，好吃不膩。 辣味肉醬拉麵，適合喜辣的我，味道濃郁。 假日晚間八點來，仍須等待三組客人才能入座，人氣指數5顆星。,採紙本自己登記候位，現場等工作人員叫號 內用位子狹窄，坐在門邊的話會很冷 日本炒麵好吃但cp值不高，左右兩邊的人都吃完三分之二碗拉麵才上菜，而且沒有附湯分量又偏少 溏心蛋沒什麼特別，價格小貴 服務不怎麼樣，但也沒收服務費 只收現金，沒有載具
ChIJRRkE4_yrQjQR0Wxxt_bOVuk,沙朗牛排鮮嫩多汁，非常美味，奶油餐包會爆漿，要小心食用，玉米濃湯尚可，半價加購酥皮濃湯很划算。 現打果汁非常好喝⭐️⭐️⭐️⭐️⭐️⭐️ 謝謝老闆招待🫶,環境乾淨舒服 東西好吃 牛肉很嫩 酥皮濃湯好好喝料超級多 老闆服務超級好 空氣也很流通 沒有牛排館那種油煙味在身上殘留 手工限量的西西里咖啡一定要點 綿密的咖啡泡泡搭上檸檬香氣 尾韻在嘴中散發濃濃的鹹甜酸 讓我忍不住一口乾杯喝光光😅 #牛排好大塊好好吃 #鐵板麵好Q好香 #西西里咖啡專業好喝 #服務人員都很親切喔,沙朗牛排超嫩超好吃又很大塊，水果茶好喝！老闆員工很親切像媽媽一樣，很有家的感覺的在地牛排店,每個店員都很客氣有耐心，看到其他人說有家的感覺，親自到店裡確實有這樣的感受，附近好吃的也不多，建議大家都來吃吃看。 沙朗5分、酥皮濃湯、漂浮紅茶。 肉很嫩，酥皮賣相很好，漂浮紅茶可以可以續紅茶。,每次從高雄上來都一定要來光顧，結果之前老闆休息了三年左右，還以為再也沒機會吃到了，果然皇天不負苦心人，終於讓我在IG上找到了。 和之前悅客相比店面不大，但是店員與顧客的距離更近更有溫度了，就像鐵板上的牛排一樣（離題了😅）。 店裡只有兩個人，其中一位內場兼外場的人員，很貼心點餐時會給一些當天推薦的建議，也會特別詢問有什麼不吃。 上菜速度非常快，而且很貼心如果點黑胡椒醬會在另外附上蘑菇醬，避免黑胡椒太辣影響用餐體驗， 當天也和店員（應該是老闆）聊了好多，也知道為什麼會休息了三年，不過那都不重要，重要的是我又可以每次北上的時候，到店內好好享用美味的牛排了。 突然好期待下一次上台北的時間，我一定要再去光顧品嚐，順便感受慢慢人情味的牛排館！
ChIJRRyG_YyrQjQRLVtrXvdemBc,蛤蜊濃湯很好喝～～ 今天我們是有包一區使用，特別感謝服務我們的Kelly不只長的很美，態度親切又很貼心！我因感冒所以跟她要了兩次熱水，後來她詢問我是否生理期來需不需要給我暖暖包，當下真的覺得很暖心也很謝謝她！希望貴司也能給予優秀員工表揚👍🏻,現場服務人員精神飽滿、身材勻稱，看得出來相當自律與專業。餐點不僅擺盤用心，口感與風味也都有水準，讓人吃得滿足。搭配熱絡歡快的現場氣氛，無論是聚餐或朋友小聚，都能感受到輕鬆愉快的用餐體驗。,本來想吃早午餐，到現場才發現早午餐是慶城店限定，想吃早午餐的人要注意一下❗️ 但來都來了，剛好遇到萬聖節裝潢，還是決定用餐 水牛城拼盤的醬料過於死鹹，雞肉也偏柴，不推薦 圈圈薯條吃起來很ㄙㄨㄚ、嘴，沒有提供醬料但灑上胡椒就好吃了 煙燻鮭魚披薩是薄脆口感，配料還算豐富 骰子牛的蒜頭比牛肉更驚豔 當天最好吃的是鮮蝦義大利麵，不過份量偏少 週日中午人潮不多，下午一點多忽然瞬間客滿，要用餐還是建議事先訂位！,餐點美味😋服務好，餐廳氣氛活潑👍🏻靠窗座位區可以看到101,好開心、好歡樂的一晚 🙌🏼🙌🏼 好多許久不見的學長姐、家人們，都來了 大夥啤酒一直喝，邊運動、邊聊天 🍺🍺 表演一場比一場精彩火辣！！🌶️🔥 整晚都在微醺中歡笑度過，喉嚨也燒聲 祝福大家 ～ 聖誕快樂、天天都喜樂 期待下次的活動囉 😘😘
ChIJRW1L0dupQjQRAF4Le1cC9-k,位於台北中山區長春路上的 新禾料理廚房 Culina Nova，是一家融合新加坡風味與創意料理的麵食館，以其視覺效果強烈的主餐和精緻的舒肥料理深受饕客喜愛。 這間餐廳的裝潢風格簡約舒適，帶有一種現代咖啡廳的氛圍，鬧中取靜的地理位置非常適合放慢節奏享受餐點，或是來場異國風情的下午茶。 XO 綜合乾拌麵 這道料理是喜愛肉食與舒肥口感讀者的首選，一次能吃到舒肥牛腱、椒鹽舒肥里肌與迷迭香舒肥雞三種肉品。 誠意滿滿又帶健康感的乾拌麵...上頭還搭配自製的油蔥醬及XO干貝醬，吃起來不會有油耗味很重的油蔥醬，香氣一飄出來就很引發食慾 新禾紅燒牛肉麵 不同於傳統台式牛肉麵，這裡的湯頭以肉骨茶為基底，帶有獨特的胡椒辛香味，層次感豐富。,料理重視食材本身的風味與搭配平衡，從擺盤到食材風味，都能感覺得到廚房對細節的掌握，是會讓人慢慢品的那種餐廳。 用餐空間乾淨舒適，氣氛安靜不吵雜，適合朋友聚餐、情侶約會，或想好好吃一頓飯的時候。 服務人員對料理內容與出餐節奏的說明清楚，不會過度打擾，但需要協助時也能即時回應。 印象特別深刻的是肉品，無論是排骨還是牛肉都燉得很軟嫩，可以感受到有用心在做料理，有給予充足的烹飪時間。,這家肉骨茶料理真的顛覆我對東南亞料理餐廳的感覺，在店門口看不出來到底要吃什麼菜色，很西式風格，吃在嘴裡，卻又是道地的南洋風，空間裡乾淨明亮又安靜。 肉類烹調得非常軟嫩，適合愛肉肉入口即化的人，海鮮很新鮮，我吃的蝦子，又大又彈牙，外面餐廳，有些大蝦不是太柴就是太軟爛，這裡吃的出是新鮮。 連甜點都不馬虎，香蘭葉的濃濃芋香結合椰奶的奶酪，也非常好吃。 在網路上找到的低調店家，是會想回訪的餐廳。,可刷卡也有收現金 星馬料理 蝦麵的蝦很大隻 非常新鮮 麵條是我喜歡的粗麵體 蝦湯喝起來淡淡的但是蝦味很濃 蒜香炙燒肉骨茶麵的排骨真的很好剝 店家也會附上手套 還蠻貼心的 店家還有少見的榴槤烤布蕾 黃瓜也有削皮 口感很好,"來自新加坡的好味道 𝒊𝒏 𝑻𝒂𝒑𝒊𝒆𝒊 😋 🧄 蒜香叉燒肉骨茶湯麵：炙燒過的叉燒配上湯頭一絕 🍖 XO綜合乾拌麵：一次滿足舒肥豬、嫩牛腱、舒肥雞 🌶 紅燒肉骨茶牛肉湯：微辣的肉骨茶湯非常絕妙暖胃 🧆 榴槤烤布蕾：真的非常刺激，歡迎挑戰者 🌿 香蘭烤布蕾：最愛的甜品，淡雅的斑斕葉香 好吃 🌵 百年仙草茶：多買了好多瓶回家，太好喝 𝗕𝗔𝗞 𝗞𝗨𝗧 𝗧𝗘𝗛 是新加坡肉骨茶湯的意思(非店名) 這間""新加坡肉骨茶專門店""可是老闆親自到新加玻 把道地的肉骨茶湯味，帶進台灣，再加點創新 名副其實結合了新加玻風情與台灣飲食文化！ 至今那湯頭味道依舊令人著迷懷念~ 這不像夜市那種暗黑色的肉骨茶湯， 來自新加坡的肉骨茶湯，色澤偏清， 是碗用胡椒暖胃、用蒜香誘人，呈淡雅色的清湯。 很喜歡的文青異國料理小館~"
ChIJRWCr8w6pQjQRHQXCNuftDp0,還好，不是很貴 有免費的熱茶跟味噌湯（修邊鮭魚跟豆腐）、吃茶碗蒸、手捲、烤鯖魚丼飯、鮭魚壽司，不知怎麼回來血糖飆高，吃別家日本料理都不會。,意外發現的日料店 剛好超想吃生魚片 生魚片都很新鮮 醋飯也很好吃 下次還來😋😋😋,悅勝生魚片丼飯，CP值高，食材新鮮，座位不多，現金交易，服務也不錯，熱茶及味噌湯自助拿取，是會回訪的店舖！,魚熟成的很剛好，有鮮味的同時也保留一定程度的口感，不會像有些店家熟成過頭魚肉過於軟爛。 不過飯的量偏多，如果不吃那麼多飯可能要和店家提前說明要減量。 另外還有味噌湯和麥茶可以自行盛裝，用餐體驗不錯。,隱身於台北萬華西藏路的「悅勝丼飯、生魚片、握壽司專賣店」無疑是當地日式料理的一顆閃耀明珠。這家專賣店雖然規模不大，卻以其新鮮的食材和精緻的菜色贏得了許多饕客的心。 豐富多樣的丼飯選擇 店內各式丼飯選擇豐富多元，尤其是海鮮丼飯系列，種類繁多令人目不暇給。每一道料理都能看出師傅的用心，不僅在擺盤上下足功夫，食材的搭配更是巧妙，讓人感受到日式料理的精髓。食材的新鮮度無可挑剔，每一口都能品嚐到海鮮的鮮甜與飯粒的彈牙，完美呈現了丼飯的精華。 創意與傳統並存 除了招牌丼飯外，店內的握壽司同樣值得一試。每一貫壽司都展現了師傅的創意與巧思，將傳統日式料理融入現代元素，創造出獨特的風味。搭配的小菜也別具特色，為整體用餐體驗增添了更多層次。 小店大驚喜 雖然店面不大，座位有限，但這卻為用餐體驗增添了一份獨特的親密感。店內環境雖然簡約，但乾淨整潔，讓人能夠專心享受美食。由於座位有限，強烈建議提前預約，以免撲空而歸。
ChIJRY5JmN8BaDQR3fElNvAA2yo,性價比偏低，以木柵地段而言。豆苗250一盤比肉菜還貴。餐具自己來，餐廳不大但來客不少，味道中等。宮保雞丁交代大辣，廚房也盡力了，估計受限材料。人均小400。,口味很不錯的台式熱炒，不像一般熱炒的重油重鹹，調味都很適中，每道菜大約200元上下，份量還行，娃娃菜、豆腐和燴飯好吃，聽說招牌是炒飯可惜週末沒賣。 ✅娃娃菜(220元)：好吃，和肉絲及蝦米一起炒，調味不重，娃娃菜清甜可口，連湯汁都喝了好幾口👍 ✅鐵板豆腐(200元)：好吃，調味微辣，看起來略油入口還OK，雞蛋豆腐嫩嫩的很棒 ✅牛肉燴飯(120元)：不錯，有牛肉/香菇/木耳/高麗菜/紅蘿蔔，CP值高，不會太鹹太勾芡 ✅宮保雞丁(230元)：還行，味道不是很正統，沒有麻味，加了黃瓜頗神秘，雞肉還不錯 ✅番茄炒蛋(180元)：不錯，微勾芡的甜口醬汁，蛋是有點塊狀不是炒開的蛋花 ✅青菜豆腐湯(55元)：還行，湯頭清淡沒有過份調味，料給得不少,去店內剛好炒飯類都賣完了 平常不吃苦瓜 但苦瓜炒牛肉的苦味不明顯 是一間不論炸物或熱炒都滿足的一頓餐 糖醋魚片好吃到可以每天吃 小可惜是鳳梨蝦球的麵衣有點厚 也或許是店家想呈現的口感 但整體來說很滿意,現金結帳，無發票。 從70元炒飯吃到現在90元，牛肉炒飯截至目前為止（2022.08.12）覺得是木柵最好吃的。 2023.09.29：假日的時候他們不賣炒飯，所以今天點了炒麵、炒粄條跟燴飯來吃。 燴飯的蔬菜量比炒飯多，但是有一點點辣，平常不吃辣的大人吃起來覺得爽口，小孩就吃得哇哇叫了，只好買飲料給他喝。嘴邊肉湯的肉很嫩，大概有十多片，不過湯喝起來就很清，這次算是嚐鮮點點看。 我還是比較喜歡炒飯，如果這樣，大概假日就不會過去吃了。炒飯現在已經調整價錢到100元了。 2023.11.30：已經接連兩天吃炒飯了，小孩吃不膩耶XD 2024.02.16：開學日來吃炒飯慶祝^^ 2024.08.05：依舊是最愛炒飯第一名 2024.10.11：依舊是最愛炒飯第一名 2024.12.16：依舊是最愛炒飯第一名 2025.02：依舊是最愛炒飯第一名 2025.09：覺得炒飯變得比較乾？ 2025.12：嗯，還是很好吃。,Cp值高，好吃，老闆，老闆娘人很好，客氣
ChIJRe6azGGpQjQRFcbUze7j7IU,公司附近的居酒屋🏮老闆是朝鮮族 🇰🇵 這個味道是我們從來都沒有吃過的味道 😋 今天點的餐點全都好吃 😋 白飯更是一絕 😋 現在我又想回去吃了 😋 果然如店名 😋 疆毒 😋 中了疆毒 😋,🔹烤雞肉串很入味，好吃 🔹烤大黃瓜 ，保有脆度，肉超多可解膩 🔹烤香菇，杏鮑菇，還好，不夠入味 🔹雞絲乾拌麵：味道帶點麻醬香氣，味道調的還行，可惜是用泡麵.,正EV+ 店面不大環境不錯的燒烤夜店 生啤酒各式啤酒都有 餐點種類不多份量小 建議吃點東西再過來與朋友小酌,好吃的串串，價格實在便宜實惠，👍,❤️大部分串烤都是銅板價，雞心Juice多汁😋有多款啤酒、有酒促妹妹，老闆是東北人，闆娘活潑健談，戶外有四桌，喝一喝聊一聊很容易就變一桌了😂 💙人多人少來都合適，裡面有一台飛鏢機 ~ 喜歡射鏢的也可以來玩 ~ 17:30就營業了 🧡捷運松江南京站5號出口步行6分鐘
ChIJRwzYA3GpQjQRmJ-2dl50_8c,吃了好幾次 每次都忘記紀錄 每次都很好吃 新年第一天上班紀錄一下 2025/01/02 10人份 都點中份 一人約436元 1.老皮嫩肉 2.鳳梨蝦球 3.酸菜白肉鍋👍 4.豆干肉絲 5.炒水蓮 6.蔥油餅 7.炒臭豆腐👍 8.大餅捲牛肉👍 9.脆皮肥腸,1. 好吃：蔥油餅、三杯雞、香干肉絲都，蝦仁蛋餅(稍鹹)。 2. 中規中矩：炒絲瓜、開陽白菜、小籠湯包。3. 尚可：麻婆豆腐。,立法院旁的老店 真心覺得每一道都好吃 人多還可以點酸菜白肉鍋 酸酸的湯頭很暖胃 蔥油餅放了不少的蔥夠味 黃金雞也鮮甜必點 招牌元蹄炸過不油膩我都多吃了好幾塊 還有好吃的咖哩蟹 有附上麵包可以沾醬汁一起吃 有些菜需要預訂哦 星期五都是客滿的記得要訂位,人多相聚就吃桌菜 珍品小館老牌餐廳 酸菜白肉鍋真酸爽 菜色味足道道下飯 小籠湯包較爲一般 豆沙鍋餅當作甜點 香甜不膩完美結尾 菜色清單： 豆沙鍋餅 👍蒜香中卷 👍麻辣羊肚 👍 合菜戴帽 👍三杯肥腸 👍 酸菜牛肉 、小籠湯包 、絲瓜蝦仁湯包 蔥油餅 、九層塔蛋 、鹽焗雞 、炒臭豆腐 酸菜白肉鍋,上菜快速、服務人員親切、菜色繁多、美味可口！尤其推薦酸菜白肉鍋、絲瓜小籠包和蔥油餅，蔥油餅內包蔥花，外皮煎得香酥脆，讓人忍不住連叫兩盤。
ChIJS-zNIF-pQjQR1vU1UjOlTM4,雙人套餐990 +蛤蠣半生熟好吃 餐點便宜又有沙拉吧吃到飽 -義大利麵兩盤都沒入味 提拉米蘇沒什麼奶味 =炸魚的魚偏嚼勁魚，布布比較喜歡軟魚 冰淇淋不甜，偏清淡（？,1.本次享用松露燉飯，各種菇類與松露燉飯完美融合，每一口都有多種菇類在口中散發出香氣，再灑上店內自助取用的卡夫起司粉簡直完美。如果份量可以再多一些就更讚了。 2.內用沙拉區樣式多樣，生菜也很新鮮，還可以搭配馬鈴薯泥增添風味與飽足感，大推。 3.湯品有洋蔥清湯與玉米濃湯 （1）洋蔥清湯特別的令我驚艷，洋蔥本身的甜味加上雞湯的香氣帶出更為鮮甜的口感，絕對值得品嚐 （2）玉米濃湯奶油味濃郁，灑上一旁的大蒜麵包丁以及些許黑胡椒與起司粉，絕配，喜歡奶香的朋友不要錯過。 4.飲料區有研磨咖啡機、麝香白葡萄果醋、紅茶、綠茶及奶茶，還有一些茶包，選擇多元，可滿足不同人的喜好。 5.整體來說體驗非常好，內用環境乾淨舒適，空間也大，相當適合三五好友聚會聊天吃美食。,很開心能在台北市找到這樣經濟實惠的義大利麵店。點主餐均有附沙拉吧，可自由續湯與沙拉，以及飲料可以自由取用。 未來會再光顧！,好吃😋回訪很多次了😍料多實在👍👍真的很推👏👏沙拉吧也有分葷素✌️吃好吃滿🤤🤤,大約19:20到場，沙拉吧檯的東西東缺西缺，一格看似薯泥的沙拉（用「看似」是因為直到離開都沒看到）整場沒見到有人補。 濃湯更厲害，我點完餐點時濃湯已見底，等到我吃完主餐紐約客牛排，才補上來。 果醋更不用說，從我坐下來直到離開，一直都是空的。 老實說我是在社群平台看到有影片推廣這間沙拉吧檯才來吃這間店，結果現實讓我非常失望。 可能店裡人手不足吧，員工忙來忙去的，所以只好犧牲顧客的權益。 我不懂這種等級的沙拉吧檯憑什麼規定「未點主餐者收取208元沙拉吧費用」。 我也不懂這種等級的沙拉吧檯，點一份紐約客牛排加服務費憑什麼要625元。
ChIJS2oVop6rQjQRF7WCG3-Tzwk,"裝潢已經有些偏老舊，很多年前吃過印象不錯，但是這次去吃的時候不能說都很好吃，蕎麥湯麵很雷，幾乎沒什麼味道 豬排蛋蓋飯的外皮軟爛（沒有淋到醬汁的部位）,牛排490的價位偏高，肉量並不多，cp值不高，而且套餐選擇的飯量大碗實際上跟一般飯量一樣，甚至更少，只是用大一點的飯碗盛裝，飯量不到碗的7分左右 雞肉沙拉用很大碗裝，只有上面一層雞肉跟周圍輕微生菜，下面是滿滿的高麗菜絲，味道也是普普（只有雞肉上面澆的是青醬，然後生菜是另外的醬汁）2個味道是有點衝突 蒸蛋部分建議不用特地加價80去換成干貝蒸蛋，因為這是多了一小顆有點乾硬的貝柱 定食附的小菜跟馬鈴薯泥的調味也是很馬虎，整體是偏失望的 當天用餐裡面可以推薦的只有炸里肌豬排跟松阪豬是覺得好吃的",鹽麴五花肉拼醬油麴雞腿，好吃，五花肉不會有油膩感 烤鯖魚，新鮮、好吃，下次想試試烤花魚。 豬肉鍋就普普了，肉很少、其他配菜也少...，下次不會想點的餐... 服務，很好。入座前，也看到他把桌子用酒精消毒擦拭過 點餐方式，也是有彈性可以選套餐或單點。飯也可以加價換五穀飯 我們倆人點了2份套餐和一份單點，好吃又很飽 不過，下次會想改成都單點，因為套餐雖然比較划算，但如果沒遇上喜歡的配菜和味增湯，就不如單點，選自己想吃的∼,這次在大戶屋用餐的體驗相當不錯。餐廳環境乾淨明亮，營造出舒適的用餐氛圍。服務方面，點餐系統使用了平板，這不僅方便快捷，也能更清楚地瀏覽菜色。 ​我點的餐點是日式定食，菜色包含主食麵、蒸蛋、小菜以及味噌湯，擺盤精緻，份量適中。麵條口感Q彈，湯頭清爽不油膩，搭配海帶和蔥花，味道很不錯。蒸蛋口感滑嫩細緻，帶有淡淡的柴魚高湯香氣，小菜則解膩爽口，讓整套餐點吃起來更有層次感。 ​此外，大戶屋的菜單品項豐富，提供了多種烤魚、炸物和蓋飯等選擇，無論是想吃輕食還是想吃得豐盛，都能找到合適的餐點。整體而言，這是一次令人滿意的用餐經驗，很推薦喜歡日式定食的朋友來這裡試試。,真的不要節省成本到～把大戶屋招牌毀了，有加收10% 沒有服務品質，員工很好，業主太糟。 餐點也很糟 ⋯日式餐廳的茶碗蒸跟味增湯都可以很難喝。,日式豬排外酥內紮實、煎魚更是好吃的、服務很棒，價位中等，是家好吃的聯鎖豬排店！
ChIJS6tN5nCrQjQRViIItrTnwug,· 翡翠鱸魚卷 - 客飯（380元） 鱸魚搭配菇和絲瓜很美味；飯有點硬，淋上油蔥醬或醬油更好吃；藥膳湯很好喝。 有收一成服務費，但水基本上都還是桌上一壺自己倒的，不太懂為什麼要收服務費？ 門口帶位的男生很親切，但嗓門大，又常常跑到後面跟廚房的人聊天，讓客人在門口等待，反而是廚房的人在提醒他門口有客人。用餐中還聽到他站在店內中間跟廚房的人說今天業績七萬多元有下滑😅 真該改善一下。 上菜與收拾的小姐則是很盡忠職守，安靜很棒。結帳時遇到另一位短髮配戴眼鏡的女店員，應對得宜很棒。 P.s. 我表示想加入會員，店員說會用手機號碼發 LINE，但回家後都沒有收到 LINE 通知加入，今天的集點不知道是否沒成功？,餐點價格偏高。 「翡翠鱸魚捲」屬於比較清淡的主菜，「懷舊紅燒肉」口味偏甜，「紅燒獅子頭」則是調味不好吃。 附湯像肉骨茶，溫度屬於熱的，好喝。,稻舍 餐飲業難做，本著感恩但不濫情的心情分享心得！ 我們點了 1.黑棗醬烤雞+99價值套餐，包括地瓜球六顆，與檸檬愛玉 2.香烤午仔食+99套餐。 才下單不到一分鐘，熱騰騰的套餐就出現在眼前，是偶然呢？還是常態性的？總之，這種超快的上餐服務是生平第一次遇到，讚👍！ 先入口的是豬油拌飯的古早味，哇，這種米晶瑩剔透，Q彈有勁。 一口咬下主廚推薦的黑棗醬烤雞，鮮嫩多汁，好吃不材；下面鋪的黃豆芽，中和了黑醬汁與豬肉拌飯的鹹味，是主廚費心的製作。 午仔魚，新鮮出爐，味道鮮美，可惜覺得Size還可以再大一點。小菜都很入口，味道多元而有層次。 最後的100元加值是六顆地瓜球，拜託別拿夜市的品質來比。最後的檸檬愛玉，一整塊的晶瑩剔透的愛玉，滋味絕美。 套餐很快被我們幹掉，看看這些空盤，推薦好朋友，特別長者。性價比很高的台灣菜料理。,台式套餐： 懷舊紅燒肉客飯， 是台灣人最熟悉的味道 ，滷的很Q軟，帶著油香，入口綿滑， 很下飯。 裝潢古色古香，位置排得很擠，但沒有辦法，這是在百貨公司地下街。,我算是很經常吃中式簡餐類型的餐點。這一家以主餐的美味程度來說可以排第一。 但是以整體搭配來說他只能排第二了。（沒辦法。天母的小黑真的太強了，300左右的價位，餐後的東西表現實在是頂天，包含飲料在內總共有四種，飲料、甜湯、水果再加上兩塊蜂蜜蛋糕，光這個副餐就值得一去再去） 回到這家稻舍餐廳，這應該是我第二次吃了，第一次是在迪化街 說老實話，當初並沒有留下太深刻的印象，因為在10年前他的價位就跟現在差不多，我個人認為偏貴，但是10年後他仍然是這個價位，在計算通貨膨脹之後，他真的是CP值高啊，特別是我這次吃了之後特別的有印象，代表他的食物水準有不斷地往上提升。 先談主食的部分，我這次點了他的招牌紅燒肉，天啊！肉咬下去真的是非常的嫩，很有上海鄉村東坡肉的水準，太厲害了。 他的配菜也非常的可口，很多中式的套餐配菜都非常隨便，那個菜葉咬下去像咬稻梗一樣，但是這一家表現得非常好。 我額外又點了一個腐乳炸雞當作我肉食的另外一個選擇，他的腐乳炸雞非常有水準，雞皮炸得很脆，口感很像蝦餅，而且完全沒有油的感覺，能夠炸到不焦，卻還有這種脆度跟香氣真的很不容易。 要離開的時侯，看了一下各桌，發現，紅燒肉跟午仔魚套餐的點餐率很高，下次再來嚐嚐午仔魚。
ChIJSSfUMwuqQjQR2pEY_9X3t5g,「弘大一號出口」這店名很吸引我，的確是很少有人會用路標名當店名，特別上Google去查證，果然是韓國首爾的地名，而且是個熱鬧商區，像台北的西門町，這個名可能很多哈韓族會知道，可是我這老誒卻不知道，長知識了。 有意思的是餐廳門面上有韓文，沒看到中文，果然「弘大」只有韓國人才懂。 餐廳寬敞乾淨，女老闆客氣，長得很像韓國人，它的韓式小菜約有20種，自助式隨意吃，僅試了一種海帶芽，有點酸蠻甜的。 點的是不辣的「炒碼麵」=200元+紅茶=30元++=230元。 點炒碼麵的原因是一直不知道炒碼麵是什麼？甚至以爲是炒生力麵，結果一上桌是海鮮湯麵（有三隻鮮蝦），再查Google才知原來該麵是山東血統，炒「碼」乃雜燴之意，麵料以海鮮炒燴後澆在高湯麵上，這其實與日本的拉麵又很像。，看來東南亞、東北亞的食物料理，如出一徹都源自中國。 這家的炒碼麵好吃！湯清而鮮，三隻鮮蝦夠新鮮，個也不小，麵尤其夠味，有手工拉麵的口感。,服務： 店家採用自助機器點餐，流程簡單明確。小菜可無限自助取用，品項相當多，搭配主餐變化性高。白飯則需依照所點餐點是否包含才能取用，且無法續碗，點餐前需稍微留意。上菜速度非常快，即使在用餐尖峰時段也不需要等太久。若點的是烤肉類餐點，店員會主動協助代烤，整盤烤完後再上桌，對不想自己動手或怕烤失敗的人來說相當貼心。 餐點： 烤肉（醃牛肉）：會附上一大盤生菜，且生菜種類多樣，可自由搭配。店員會協助將肉品一次烤完，並連同配菜一併上桌。附上的杏鮑菇沾上奶油燒烤後香氣十足，口感多汁不乾，非常好吃。牛肉因事先醃製，味道偏重，搭配泡菜與生菜一起食用十分合適，整體表現相當出色。 豬肉大醬湯：風味類似口味較濃的味噌湯，但完全沒有豬肉腥味，湯頭順口不死鹹，份量充足，豆腐給得也不少，作為搭配主餐的湯品很有存在感。 簡單小評： 整體價格雖然略高，但以服務品質與餐點水準來看相當值得，無論是想輕鬆吃烤肉或是不想自己動手烤的人，都非常推薦來訪。,聽朋友說弘大的小菜好吃而且很多樣，抱著期待去，結果小菜真的很多，味道算可以，但是飯捲沒有抹上麻油，味道很平淡，泡菜豆腐湯鹹到要再加水，最後海鮮煎餅送上來，非常令人失望，蝦子和魷魚很少，沒有韭菜和蔥，整個煎餅比台式蔥油餅還差，聽說是換老闆了。,小菜自助吃到飽超佛💕 海鮮泡菜豆腐鍋竟然有螃蟹 馬鈴薯排骨骨肉分離太猛了 骨頭都已經化掉，豪不費力啃食的等級 但主餐整體調味有點吃不懂🥲 沒去過韓國，無法評論🫣 有自助點餐台、洗手間、附近有社宅停車場👍,小菜無限續用真的是很佛心 種類也提供的相當有誠意 山東燒雞、飯捲和泡菜鍋都很不錯 生意非常好來這裡一 定要先訂位 再點幾瓶飲料真的是剛剛好
ChIJSVOJyLipQjQRT_OG-Tg1QRg,進到餐廳後完全沒有人招呼，裡面有一桌人在用餐，後來才知道是老闆一家。 有一個坐著的男孩對我快速講了一串話，聽不清楚，我完全沒有意識他是店員⋯ 我再詢問一次，才知道是要我坐第二桌。整體接待流程混亂，第一印象相當不專業。 同行的朋友覺得我們是在打擾人家用餐，整個店內的氣氛讓人不舒服。 餐點部分，嫩雞義大利麵份量偏少，女生大約只有 6 分飽，嫩雞約 5 小片。 期間老闆的小女兒將隔壁桌點的義大利麵送錯，放下了麵我又要求我先去結帳，令人錯愕，一般不都是結帳後才出餐嗎？ 還好我尚未動餐，隔壁桌的客人從進門到用餐都未說話，場面尷尬。 雞排餐的馬鈴薯是冷的，雞肉本身尚可，但份量對男生來說仍然吃不飽，最後我又另外到別間店用餐。 總結來說，服務不足、專業度不夠，是這家店最大的問題，掩蓋了原本還算可以的餐點品質。家庭式經營但缺乏基本流程與服務訓練，不會再訪。,香煎墨魚燉飯真的太好吃了，主餐一上來就聞到墨魚乾煎的香味，肉質非常Q彈又甘甜，搭配墨魚醬汁義大利麵入口，人間美味。烤雞腿燉飯，雞腿烤得恰到好處，也非常推薦。主餐可以搭配燉飯或者義大利麵，可以根據喜好彈性選擇。,PAPA RESTAURANT的義大利麵和排餐都讚， 自製青醬海鮮總匯麵和香酥豬排翡翠麵很好吃， 加價159元套餐的水耕蔬菜（沙拉）很嫩， 附的手工麵包和重乳酪條， 讓我之後想點他們的蛋糕。 老闆一家原先在頂溪站那開烘焙坊， 難怪麵包和蛋糕都好吃， 他們製的點心是有總統府肯定的，（很低調） 鐵觀音茶脆皮蛋黃酥感覺很香！ 他們從永和， 到捷運台電大樓站附近開店已5年了， 店面在師大路80巷的巷口， 從台電大樓捷運站3號出口走右邊的師大路， 看到左邊的墾趣店面後左轉巷口就是了。 在店內點義大利麵和排餐， 都有冷、熱飲自取， 熱飲機的茶飲是台灣農林的， 有幾款低咖啡因的茶飲可選。 老闆和老闆娘的孩子們， 在放學寫好功課後， 也會擔任小老闆和服務生的任務。 感覺是滿家庭式的空間， 也滿適合社團家聚， 師生聚餐或公司社團包場。 非常推薦！ 有Line Pay，只要帶手機出門就可吃飽喔！,感覺設計與經營方式為家庭式的餐廳 前台/前場有小朋友的協助，從一開始招呼、點餐至送菜…兩位同學-是很辛苦 進入餐廳有一絲絲些許殘留空間油煙的味道 今日座位安排-感覺不舒服，裡面的人進出不方便（一邊被鋼琴擋住），小犬位置也被凸起來的牆卡住一些空間 餐點有主廚特製排餐、義大利麵與燉飯… +158元可以升級套餐 生菜沙拉-我的這份不夠新鮮（看圖） 麵包口感稍硬了些 麵條為綠色應該為蔬菜食材製作的-很健康 翡翠麵麵條湯汁太多了點，會交互影響口感 燉飯-大犬回覆還可以 炸物拼盤偏貴了 冷氣感覺不夠冷 可以使用LINEPAY付費還不錯 沒有收服務費 吃過多家的義式餐廳料理，總結CP值不高 以上純屬實際用餐感受，無針對之意。,感覺就是沒有想要對外營業的樣子…小朋友散落在客桌席寫功課，籃子的餐具根本就不齊，菲力豬燉飯的粉紅色不懂到底為何，燉飯也沒有味道，豬排不知道到底怎麼調味的，太重的八角味蓋過其他原本的味道讓我以為在吃中藥，整間店油膩不堪自助區看起來慘不忍睹，連廁所燈都捨不得開，我豬排吃一口就吐掉了，飯也吃一口就吃不下去，沙拉根本沒動，實在不懂這分數怎麼來的
ChIJSxHVM_OvQjQRVXbGAenRppE,第一次晚上約19.30來，結果已經完售了🥹 是一家好吃ㄉ丼飯店，送的麻吉也很好吃 靠近士林站用餐很方便～很適合學生來用餐，還有味增湯可以喝😋,鄰近士林捷運站的巷弄美食，由老宅整修改裝的樸實小店。 我們點雞肉和牛肉親子丼，是壽喜燒烹調的方式，醬汁調味得宜，滲入白飯後口感恰到好處；雞肉和牛肉的料理也頗到位，軟嫩可口、甜鹹適中。 小菜胡麻小黃瓜也清爽順口，胡麻醬汁濃淡恰當。 泡菜和海帶味噌湯雖是免費卻都在水準之上。 總體而言這是家頗具C/P值的小餐坊，下回再來嚐嚐他們的其他美味。,那麼多人的評論，原本在想是不是看在評論送麻糬的面子上？吃完後，迫不及待想上來評論。親子丼好吃耶！會讓人一口一口的想吃完！豬排飯也好吃😋,餐點調味好吃不會過重 胡麻小菜兩個都不錯 但小黃瓜如果醃漬一下會更好 內用有味增湯跟小菜 自助式不用服務費 推薦來士林可以來試試 打卡送的麻糬也好吃 老闆也很親切☺️,點完餐才上二樓用餐 二樓環境還算舒適，有柔和的輕音樂 上餐速度算快，餐點口味偏甜一點 看到很多人推薦的炸麻糬，外酥內軟，趁熱吃好吃~
ChIJSxNePs-pQjQRn3kFHsWNoIQ,今次午餐的菜色： 輕盈小紫瓶 山海奇緣 千千牛肝葷雞肉酥 星夜芥麼厲害 不能說的秘密 陳皮Gin水蛋海鮮餃 木薑油千錘百鍊黑叉燒 懷舊街邊碗仔翅 椒鹽 8/888 蝦 大紅袍碧綠炒鳳片 鮑汁薑蔥肉絲撈粗 焦糖脆脆薑汁撞奶 感覺很創新，很獨特！ 把經典的香港街頭茶記食品重新包裝，眼前和味覺一亮！ 接著就是要說說要改進的地方 1）服務員上枱有兩個小失誤，一是放低不能說的秘密時發現唔對路收番個箱😂，另外前一道菜還未食完下一道菜就來了（可能是我們吃得慢😂） 2）整個吃的過程就像廚師像導遊般帶著我們遊覽他的世界，感覺很溫和，但去到大紅袍碧綠炒鳳片時，味覺太刺激了！太辣，而且雞胸肉就是麻煩，略柴，結果這碟是唯一吃剩的，因為太辣，我們五人也沒辦法吃完 3）我到好後期先發現石頭內有濕手巾，但那外觀上。。。我初時以為是哪裡用過的甚麼😅 以下是希望將來能有機會在Junto的創新下重新演繹的港式菜色 1）粟米斑塊 2） 椒鹽九肚 3） 避風塘炒（？） 4） 咖哩魚蛋 5） 沙爹（？） 6） 潮式菜色（牛雜，魚蛋粉，滷味等） 最後，香港人，加油！ 已訂了位會再來～😃,非常附有創意的粵菜料理！每一道上菜都仔細閱讀Menu上的菜色說明，可能因為是港式口味的關係口味偏重，但每一道味道都很美味，喜歡新奇創意料理的會喜歡，15道主菜湯品前菜甜點的組合，保證吃的超飽超撐！ 唯一美中不足的是服務人員介紹菜色看得出來略顯生澀，介紹的不是太流暢，上菜速度有點過快，建議改善這兩點會大大加分！ 其餘無論是用餐環境亦或是菜色美味度都很優質！,這是一次噱頭十足的用餐經驗，加點的炒牛河鑊氣十足，炒得香噴噴，套餐菜色雖有創意，卻非每一道菜都讓人覺得驚豔。服務態度不差，只是顯得生疏。整體的消費感受，相比其價位，有一點不划算。,以前Viu睇雷師傅煮餸就睇得多，估唔到第一次食佢主理嘅餐廳竟然係喺台北。 有咩食、食材有乜嘢餐牌張相已經有詳盡介紹無必要再逐樣講。 只可以講係每一樣嘢都好食！以三百幾蚊呢個價錢食足12樣嘢，胃口細啲的話單尾個撈麵肯定要打包（眼見咐近都有唔少）有少少感慨嘅係以合理價錢食到有水準有港味嘅中菜竟然唔係响自己嘅出生地。 餐廳環境、細心服務、食物擺盤、上菜先後次序香港客的話會有廣東話服務真係無嘢好挑剔。 呢次食咗個台幣$1388總廚午間套餐有驚喜，下次再嚟一定會試埋個晚間套餐。,餐點精緻美味，比預期還好吃！ 油炸的部分不少，但都炸得不油且酥脆，並且有在原本的粵菜上做出一些變化，很值得推薦
ChIJT1SHrAypQjQRkYqSrpzuimo,第二次回訪，食物好吃。餐廳穿西裝外套的女性服務人員主動招待桂圓發糕，吃完後才知道要推銷。她建議我們外帶一條蘿蔔糕就可以滿萬元可九折，去結帳時又說還要再加點、要湊到11000。因為出遊不方便攜帶而決定不要湊滿額後，這位服務人員馬上翻臉，不幫我們結帳，叫我們去一樓結帳。同時詢問加點的餅皮還要多久，大姐當著我們的面打電話跟廚房說客人說等太久要取消（傻眼🙄）可能老闆給的年菜業績壓力太大了，大姐爆氣。以後不打算再去了，雖然食物與其他服務人員都好，但不想要再消費又受氣了。,清蒸牛腩超級好吃，是有點貴沒錯但值得一試，小籠包也好吃，蒸蛋普普通通可以不用嘗試，蘿蔔糕太好吃了來不及拍就吃了一半哈哈哈🤣，我甚至覺得可以一人點一份蘿蔔糕，減少吃糖中所以沒點心太軟跟鍋餅殘念，下次再來吃喔～,台北精緻江南料理+ 點心 必食招牌小籠包 2026/1/1 第一飛去咗台北，搭早機8:30 落機去酒店放低行李後就去食Lunch ，今次住台北車站，去咗附近以小籠包聞名的 「點水樓」，主打精緻江南料理、點心同季節限定菜式，以小籠包聞名，曾獲米芝蓮推介。 🥢 翡翠小籠包 餡料用了鮮蝦同鮮瓜的翡翠小籠包，皮薄餡多，入口爆湯汁，口感爽口。 🥢 小籠包 必叫招牌小籠包，用了19摺的湯包皮薄餡多，餡料黑毛豬肉，點埋醋同薑絲一齊食，口感好豐富又爆湯汁。 🥢 蝦仁燒賣 有驚喜蝦仁燒賣有幾正，滿滿蝦仁同黑毛豬肉餡料，又鮮又好食😋。 🥢 蘿蔔絲酥餅 外層酥脆又勁香芝麻味，鮮甜蘿蔔絲餡料好正。 🥢 雪菜百頁 百頁非常軟滑又有豆香味配鹹鹹地雪菜一齊食又幾夾。 埋單台幣1375 唔算抵食，不過小籠包真係幾好食😋。 🔸點水樓 懷寧店 🔸 📍臺北市中正區懷寧街64號 #台北美食 #江南料理 #台北小籠包 #點水樓,點水烤方東坡肉很鹹，肥肉很油膩，佐餐的饅頭也是硬硬的，整體沒有招牌菜的驚艷處。蚵仔烘蛋也是很油，上海菜飯更油，用餐後有一半友人拉肚子。,花了一萬塊左右，吃了個嚴重過敏回家。 明蝦腥臭味很嚴重，不想浪費硬著頭皮吃掉，結果回家全身嚴重過敏，吃到第三顆過敏藥才壓下來。 這道菜就要一千多，如果覺得明蝦太多隻不符合成本，那就用比較少隻或提高價格來販售，這種品質真的不敢恭維。 以前吃過幾次覺得還不錯才帶家人來吃，結果這次被雷到。
ChIJT2Oz1pKrQjQRRnykvhE9Bns,咖啡好喝 輕食有甜有鹹 氣氛自在舒適 清晨到夜深 時刻都在 玻璃屋頂(前半部) 自然 光線 穿透 心情跟著明亮起來 發呆也OK 空間設計 有喜歡 🤍,進門那片空間寬敞，陽光撒下來很舒服。 拿鐵類咖啡無法選豆子，不過喝得出來偏淺焙，帶點迷人酸度的咖啡豆，喜歡。 蘋果派 推,想來很久的店！學測前在找不限時咖啡廳的時候就找到了 都已經大一了才有機會來⋯北非番茄燉蛋超級好吃 推推 西西里小小杯$190有點小貴了（也有可能是我喝太大口一下就喝完了。）會特別來評論是因為身為大寫i人有看到有人說要自主回收餐盤 但滑了很久都沒有找到到底要去哪裡回收 身為一個不敢問又不敢亂晃的人只能幫自己找個要去廁所的藉口順路看一下到底要去哪裡回收（連廁所都不知道在哪 反正往後走左邊就看得到了）希望這張照片可以幫到所有跟我有一樣困擾的人🤲🏻,原本是因為咖啡和甜點去的，結果是被輕食驚艷到！黑胡椒牛肉三明治好好吃，雖然食材簡單，但是麵包外酥內軟～超美味！冰滴咖啡就蠻讓人失望，喝不出質感，就是一杯普通黑咖啡。提拉米蘇口味還行，但超級小塊～,三明治是法式吐司有烤過外酥內酸是好咬的皮，沙拉使用油醋醬，清爽好吃，美式咖啡意外的順口且可續杯。
ChIJT5DCioGsQjQRbQedv2ZyHgA,全場最好吃的應該是熱乎乎的豆花！其它的菜色普通，份量算足夠，空間裝潢很簡單，本以為會有Garden，結果失望，菜色口味與價格並不匹配，去一次就可以。,座落內湖的角落 儘管位置略顯劣勢 Home Garden 附設停車場直接省去了上班族及客人的交通麻煩 由於全館屬於昇恆昌所有 餐廳的桌距是完全沒在客氣的寬敞 一入桌，服務人員便親切的詢問本日飲品需求 方便大家在上菜前解解渴 這次點的普洱茶之濃厚 持續小火加熱不至讓口感失衡超加分 餐點部分亦是可圈可點 烤鴨不走華麗切片演出路線 一口酥脆外皮隨即與入味醬汁共同打動味蕾 蝦球、老皮也都不失特色 最後，豆花除復古的用木製小桶上桌 格外具有儀式感外 竟然嫩如茶碗蒸 親自淋下適量的黑糖醬 叫人怎麼能不喜愛？！ 整體來說，本店絕不是CP值最高或最驚奇的餐廳 卻是帶家人、朋友、客戶來訪可以開心吃飯而不失體面的選擇 期待下次再訪,記錄2026.2.16除夕中午的團圓飯，包廂容納三桌。地下室停車方便，大廳寬敞，佈置充滿新春紅通通的喜氣。餐點精緻美味。 今年最吸睛的是甜點，平安蘋果流沙包，真的以爲是一顆顆的蘋果，超級粉嫩可愛。,紅糟五花肉好吃，藤椒酸菜龍膽石斑也不錯，西魯肉就還好，其他菜色就正常味道，整體來說還不錯，價格略高。,冬至全家前來用餐，服務非常貼心，菜餚也相當美味，飯後還招待桂花酒釀芝麻湯圓，不僅吃得滿足，還能順道逛逛多層商場及參觀展覽，值得推薦好所在！ 港式蔥油雞、古早味排骨酥、龍膽石斑魚片（麻油老薑）、清炒菠菜、南瓜海鮮豆腐煲、手沖木桶豆花（蜜紅豆）
ChIJTW_h3LSrQjQR1CQQteePjco,室內裝修設計非常古典雅致，陳列的咖啡器具和杯具，讓人感覺到老闆對咖啡專業的堅持，也讓店內氣氛充滿有藝術氣息。 菜單選擇的品項非常非常豐富，還可以購買老闆自己烘焙的豆子。 空間寬敞，桌椅高度很適合久坐，插頭充足，而且座位間距離很寬裕。 化妝室超級超級乾淨～非常非常喜歡！ 義式咖啡還不錯，奶泡綿密而厚實，風味雖不是特別印象深刻，但不苦不澀，好喝！ 地點位在熱鬧的吳興街巷內，是個好地方！！,有一隻叫聲很有趣的店貓 店員店長也非常親切，環境非常舒適 冰滴咖啡喝起來非常好喝，推推,先說心得，環境、氛圍、服務都很不錯，但是WiFi 網路一堆網站進不去，導致最後要連自己手機網路滿扣分的…希望店家可以改善🥹 關於預約與工作條件： ❤️ 可以訂位：可電話預約（無法指定座位），僅保留10分鐘 ❤️ 不限時間：平日、假日皆不限時 ⚠️ 有 Wi-Fi：網速超快（310Mbps）但不知道為啥有的網站會進不去？ 🔌 皆有插座：個人推薦一樓靠窗座位採光好很舒適 💵 低消一杯飲品：飲品價位約$180~220，有販售少量甜食 我的觀點與推薦原因： 1. 座位很多，一樓與地下室兩層不怕沒位置，且座位之間間隔很開舒適不壅擠（可惜今天人較少，地下室未開放因此無法附圖） 2. 可到很晚，從早上10:00開到晚上10:00咖啡廳，工作一整天進入心流狀態不怕中斷 3. 販售各式自烘咖啡豆，喜歡探索不同咖啡味的朋友可以來這試試 4. 偶有店貓，但也可惜今天沒遇到🥲 🙋🏻‍♀️ #CJ的餐點 ☕️法芙娜巧克力 冰 / $190 （不水的濃郁的巧克力香，可點） ☕️冰伯爵鮮奶茶 （微糖 微冰） / $190 （就是清爽的奶茶，不雷可點👍）,,
ChIJTb-0xPqrQjQRyldoASUCmPU,雙人特餐的每一道菜都風味豐富。四神濃湯、黑松露薏米炸雞翅與法式章魚豬肉凍的創意尤其令人驚艷；小卷烙烤沙拉保留了食材的原味與嫩度，火候拿捏得恰到好處。松露臭豆腐蝦多士上桌時氣味並不張揚，直到入口的瞬間才在口中緩緩化開，與蝦多士的結合十分出色，各種風味取得了良好的平衡。 主菜海陸紅湯牛肉麵的手打細麵富有嚼勁卻滑順好入口，牛小排與牛腱的搭配讓人一次品嚐到不同層次的口感，肉質的嚼勁拿捏得非常剛好；波士頓龍蝦的調味與熟度也掌握得相當完美。 最令人讚嘆的是份量。原以為 fine dining 風格的餐點分量會偏精緻小巧，沒想到每一道前菜都相當充足；還沒上主菜其實就已有飽足感，整套餐點享用完更是十分滿足。 餐廳整體的氛圍輕鬆舒適，服務人員周到卻毫無壓迫感，是一個能自在享受餐點的好地方。,由曾入選亞洲最佳女主廚陳嵐舒所打造的台式餐酒館，gubami就是牛肉麵的台語，主打一碗千元起跳的牛肉麵，以及「松露臭豆腐蝦多士」、酥皮四神湯、蔥餅沾醬等融合台式小吃的創意料理，算是獨樹一格。 目前雖然營業午晚餐，但沒有商業午餐，每人低消1500元，整體餐點味道都不差，但以這個高均價來說，台式元素的融合並沒有讓人很驚豔，甚至會有種不如直接去吃台式小吃版本會更好的感覺，比較可惜。 ✅法式砂鍋紅湯牛肉麵(1280元)：紅燒湯頭以醬香蔬果味為主，帶一點淡淡的麻味，鹹度略高，還行吧，不過加進松露辣醬整個大升級；細麵十分Q彈美味，牛肉有美國牛小排、牛筋、牛腱肉，有塊肥肉的油脂味讓人有點反胃，剩下的肉質鮮嫩，但因為肉塊較大煮不透，牛肉中心都是原味，口感稍差了點，與湯沒有融合在一起，我覺得沒有到千元以上的價值，錢省下來去吃天下三絕比較實際。 ✅松露臭豆腐蝦多士(390元)：不錯，有得500盤推薦，用台式臭豆腐取代港點的多士(吐司)部分，酸菜致敬台式泡菜，一口咬下先是外面的脆皮麵衣，中間是厚實多汁的臭豆腐和蝦肉餡，不過蝦味少了點，幾乎都是臭豆腐臭味，味道跟夜市臭豆腐差異不大，層次感不足 ✅gubami手作蔥餅(380元)：整體還可以，發想自台式蔥油餅的口袋餅，但更清淡乾燥，餅的部分還行，蔥味和麵香都不太夠；不過三種沾醬都不錯，喜歡冰涼的紅油鷹嘴豆泥和香料肉醬，優格莎莎醬較無亮點 ✅栗子西米露布丁(220元)：好吃，比鹹食棒多了，很愛濃郁又熱騰騰的栗子泥、西米露和奶油❤,📍 台北信義｜gubami Social 一家把台式與法式靈感完美融合的餐酒館 出自亞洲最佳女主廚—陳嵐舒之手 把我們熟悉的古早味小吃 升級成讓人驚豔的精緻料理✨ 這次點了 4人套餐 每一道都驚艷到不行！ ✔️ Gubami 手作蔥餅 蔥香味十足 炭火直烤一上桌香氣爆棚！ 搭配三款沾醬：蒜酥辣優格、紅油鷹嘴豆泥、咖哩肉醬 大推鷹嘴豆泥 濃郁又涮口！ ✔️ 巴斯克蚵仔煎餅 蚵仔煎+西班牙烘蛋的創意組合 淋上自製醬料 Q彈粉漿遇上綿密烘蛋 口感意外超搭~ ✔️ 松露臭豆腐蝦多士 🏆 熟悉的臭香一上桌就撲鼻而來 臭豆腐結合港式蝦多士 外酥內嫩、多汁又爆香 一致票選第一名！ ✔️ 地中海小卷烤蔬菜 小卷彈牙又鮮甜 蔬菜搭配乳酪豆瓣醬 中式混搭地中海風情 別有一番風味~ ✔️ 慢燉牛肉莎莎三重奏 牛小排、牛腱心、牛筋一次滿足 搭配清爽莎莎+酸種麵包 根本是高級版「黑白切」的概念🤣 ✔️ 法式章魚豬肉凍 把法式經典肉凍結合南台灣熟肉文化 黑豬頰肉、豬耳、豬舌加上章魚慢燉 口感層次超豐富 每一口都很有驚喜 ✔️ 龍蝦伊麵 選用整隻新鮮波士頓龍蝦🦞 肉質鮮甜飽滿、麵條吸滿濃郁微辣醬汁 附的手工蝦餅可單吃、也可撥碎拌麵 還有沙拉可轉換味蕾 細節滿分！ ✔️ 板腱牛 美國蛇河農場極黑和牛 油花細緻豐富、三分熟粉嫩多汁 無酒精調飲也超有水準 不喝酒的人也能好好享受調飲！ ✨ 明星俱樂部｜微酸＋淡淡花香（我的最愛） ✨ 西貴妃｜桂花香濃郁、尾韻鐵觀音 ✨ 楓樂芭｜咖啡＋楓糖 不苦順口 ✨ 辦桌芭芒柳｜就是你記憶中的熟悉台味！ 每一道都是有台灣味的獨特餐點 味道精緻卻不浮誇 創意滿滿又吃得懂 服務也很貼心 整體用餐體驗超加分！ 不論是家人聚餐、姊妹聚會、約會慶祝 都超適合來這裡 好好享受一場獨特台味的料裡！,Gabami Social 以料理創意發展出來的精緻料理 招牌的牛肉麵， 等著跟喜歡牛肉麵的人再一起享用 *gabami 蔥油餅 做成口袋餅的樣子 上桌還有炭火烤著保持溫度 同時繼續烘烤著 好有詩意 有三種不同的搭配番茄🍅優格莎莎醬、紅油鷹嘴豆泥、香料肉醬 （依序加重口味都很好吃） 這些都吃下，其實就飽了～ 真的要和朋友一起享用啊！ *松露臭豆腐蝦多士 是一道香港蝦多士的變異版，把臭豆腐當成吐司🍞，加上松露蝦漿，炸得酥脆，搭配細絲酸黃瓜，一些嫩綠色的香菜擠上檸檬汁，驚艷的口感 點了無酒精的飲料 *明星俱樂部（玫瑰、橙花、白葡萄、火龍果）很夢幻的飲品 餐廳提供很多飲料選擇 有酒精、無酒精、咖啡☕️、果汁 用餐期間一直聽見調酒師 搖動shaker的聲音， 好想喝一杯，再來一杯🥃⋯ *烏梅慢烤肋排 又是一個小烤爐，是這家餐廳的特色吧！ 已經吃得有點飽，看著這爐火冒著的煙 再不享用，要多一種口味啦！ 接近聖誕節🎄整個餐廳配的音樂🎵 像是在教堂裡的音樂 迎接著聖誕節的到來好節慶 好奇著不同時候來，會是怎樣的音樂 期待下次再來～ #創意料理 #米其林必比登,令人熟悉的口味，卻建立在意想不到的口感上，驚艷的菜色設計，推薦饕客來店體驗，口感上的創新令人耳目一新。 另外讚揚店經理Winnie的服務熱誠，客人疑難焦慮仍耐心穩定的應對，值得業主嘉獎也值得作為夥伴表率！
ChIJU0O98aesQjQRXsDcaOW-mzw,2025年9月20日來慶祝一個小紀念日，臨時決定試試看這家過去沒注意過的餐廳——樂雅樂 RAISING（京站店）。原本是在某篇抽獎文底下看到網友推薦，覺得氣氛適合，價格也合理，就決定來踩點。 我們點了： 小犢牛北海道干貝套餐﻿（$769） 樂雅樂牛肉咖哩飯G﻿（$380） 加購 新法式洋蔥湯﻿（+70元） 使用免費自助吧（咖啡、茶、汽水、冰淇淋） 先說表現亮眼的： 👉 北海道干貝真的新鮮，煎得金黃多汁，入口有甜味，搭配小犢牛的嫩度與火候，整體質感在家庭餐廳中算很出色。醬汁不會過鹹或過濃，吃起來舒服，這份套餐在千元出頭的價位算有誠意。 👉 牛肉咖哩飯G意外有驚喜。不是典型的日式濃咖哩，反而帶點南洋風的辛香與果香層次，微辣順口，牛肉軟嫩，飯量剛好，是會想再點的類型。 但……自助吧真的要小心。 咖啡機提供的拿鐵、美式、卡布奇諾，我三種都試了——非常難喝。 奶的部分明顯是奶精，不是鮮奶，口感厚重、人工味重，完全無法入口。 最後只好用茶包＋熱水＋奶精機，自己調一杯「偽鮮奶茶」救場。 茶包有三種基本款，尚可；汽水自取，普通但能接受。 環境部分，裝潢是偏美式復古的家庭餐廳風格，座位間距適中，雖然有點小吵雜，但還算適合聊天。當天店內有不少外國人，氛圍有點像在國外用餐。 另外，旁邊展示櫃有可愛的角落生物公仔，滿療癒的，女生或親子客應該會喜歡。 整體來說，樂雅樂很適合想吃一頓「有點儀式感但不想花太多錢」的紀念日或約會晚餐。 主餐表現不錯，CP值尚可，但千萬別對自助吧咖啡有期待。 兩人用餐含加購控制在1500元內，交通方便（京站內），算是台北市區一個被低估的選擇。 如果你喜歡日系連鎖但帶點異國風味的餐點，可以試試看！,南港展覽館旁，所以不要在展覽會期時去用餐，雖然服務不錯，但會沒空理你，出餐也慢。,樂雅樂是經常光顧的連鎖日式家庭餐廳。 初訪這家南港展覽館對面的分店。 整體表現中規中矩，餐廳空間寬敞明亮，座位舒適，環境乾淨。自助飲料區暢飲，取用方便，很適合用餐時邊聊天邊慢慢享用。 這次點的牛排和蝦料理口味中等，沒有特別驚喜但也不會失望。 服務人員態度親切，不過可能是假日中午人潮較多，人手稍嫌不足，出餐和服務等待時間稍長。整體來說還是一間適合朋友小聚的輕鬆餐廳。 #日式料理 #家庭餐廳 #台北南港,位於南港軟體園區的「樂雅樂」（Royal Host)餐廳，係一日式連鎖餐廳。園區店於2020年3月開幕，提供園區眾多公司人員餐飲服務。從早餐、午餐、午茶到晚餐全面性的服務。這是一家西式餐廳，主要餐點有排餐、漢堡類、義式麵食，也提供多樣的日式餐點，顧客可以有相當多樣的選擇！商業午餐及晚餐同時提供自助式飲料Bar，客人可以無限暢飲！這裡明亮的用餐空間及舒適的座椅，讓客人可以放鬆享用餐食。餐食的價位從數百元到上千元也有多種選擇，算是中等價位的餐廳。今天的午餐我們點了鱸魚干貝紙鍋+照燒雞腿御膳，也享用飲料自助Bar的咖啡及蘋果汁。有一個不錯的午餐約會。,場地寬廣用餐環境好。 餐點沒有想像中好吃，感覺不是現煮的食物，吃起來略為普通。 自助吧台供應冷飲及咖啡茶飲，整體用餐體驗普通，可能可以再更好些。
ChIJU21B8GupQjQRRRTsNGB9Qrg,假日剛開店11點零幾分到，店內近乎滿座，之後到的只能在店外等，30分離開時店外已經有10幾至20人在後位，所以如果不想等太久，建議11點前來第一波入座。 如果是單人前來，並桌是不可避免的。店內沒有提供免費的茶飲，所以最好點個湯或是冰箱拿個飲料配餐。冰箱旁有各式醬料與小碟子小盤子供自取，小盤子是因為怕有些人不習慣小菜直接袋裝食用。 牛肉捲餅，必點，各種食材搭配的都剛剛好，醬香餅香蔥香牛肉香都恰到好處。三鮮鍋貼，不會很油，咬下去也有些許肉汁，不沾醬就頗有味道。牛蛋湯，想嚐嚐牛肉麵卻沒有多餘的胃的好選擇，稍微帶點辣味的牛油帶出整體的香，還不錯。,🔅木須炒麵 $120 料很多，刀削麵的口感也很棒，比較可惜的是少了鍋氣。推薦加一點店家自製的辣椒醬，能讓整體風味層次更上一層樓。 🔅小魚捲餅 $120👍🏻👍🏻👍🏻 絕對是這間店的必點！小魚豆乾搭配抹了甜麵醬的蔥油餅真的超級好吃，份量也相當足夠。 🔅小籠湯包(6入) $100👍🏻 餡料味道不錯，還有很多湯汁，可惜收口處的皮過厚，一坨在上面很影響口感。 🔅三鮮鍋貼(6入) $100 外皮油膩，但餡料表現很出色，蝦漿比例高，口感很棒。 ℹ️中午11:20前到不會等很久。 ℹ️1～2人用餐需和其他人併桌。 ℹ️僅收現金。,⭐⭐⭐⭐⭐ 公司請客愛店｜外帶也一樣強的麵食老字號 這次又從 川畝園麵食館 外帶， 而且是一口氣 滿滿三大袋，完全是公司等級的份量 😄 這家真的可以說是 👉 我們公司主管們請客的最愛名單之一。 原因很簡單—— ✔ 價位合理 ✔ 口味穩定 ✔ 品項多、好分享 ✔ 不管內用或外帶，都不失水準 這次大家照慣例「點一桌可以一起分的」， 小籠包、鍋貼、麵食輪流上桌（或輪流打開外帶盒）， 每個人都能吃到不同口味，不會無聊，也很有聚餐感。 🥟 小籠包表現尤其穩定 皮薄不破、內餡紮實，外帶回公司或回家吃， 只要稍微回蒸一下，口感依舊在線， 完全不會有「外帶就退步」的失落感。 🍜 麵食份量足、調味不重口 是那種 每天吃也不膩、請客不踩雷 的路線， 同事口味南北不同，也都能被照顧到。 📦 外帶包裝也值得稱讚 分類清楚、湯湯水水不亂漏， 就算一次外帶很多袋，也不會手忙腳亂。 📍 地址：103 台北市大同區承德路二段 120 號 1 樓 如果你在找： ✔ 公司聚餐 ✔ 主管請客 ✔ 想點多樣、大家一起分的餐廳 ✔ 或是「一定要安全牌」的選擇 那 川畝園麵食館 真的是可以放心交給它的一間店。 我們已經回訪很多次， 而且——下次請客，還是會選它。,16:30🈺，抵達時店門口已多組客人候位等號，週六晚間約等候45分鐘入座，生意好到很多餅類品項尚未六點就已賣完‼️建議假日想來的提早到達，無論內用還外帶。 餐點都很美味😋讓人想把所有品項都吃個遍！按出餐順序寫心得⬇️ 🔸酸辣湯：有酸不辣，順口，味道還不錯 🔸蔥油餅：外型小巧蓬鬆，吃起來口感也很蓬鬆，美味👍🏻 🔸牛肉捲餅：好吃～牛肉&甜麵醬搭配和諧，果然餅類都很讚，喜歡👍🏻 🔸小籠湯包：多汁，但個人覺得鍋貼更好吃 🔸肉絲炒飯：屬濕潤型炒飯，下次會想試牛肉、什錦口味，也好吃👍🏻 🔸豆沙鍋餅：屬「軟」餅皮型的鍋餅，無芝麻，豆沙偏甜，還不錯。 🔸三鮮鍋貼：須等候較久，但真的好吃，味道鮮美，口感之絕👍🏻 即使生意興隆，餐點依然維持水準，服務也是行雲流水般流暢，雙軌處理內、外用客人，真是厲害💮絕對會想再訪！吃那些尚未品嚐到的美味餐點，等我❤️,買了好幾次，最愛的就是他們家的牛肉捲餅，真的好好吃🤤 會為了它一直回訪❤️ ✅牛肉捲餅： 牛肉搭配滿滿的蔥，再加上甜麵醬，味道很到位，整體很有層次，完全是招牌必點😋 ✅小籠湯包： 一籠只有 6 顆，看很多桌都有點就跟著試試，但口感偏普通，價格也不算便宜，吃過一次就好，不會特別想再點。 ✅牛肉炒飯： 炒的味道不錯，但沒有特別驚豔，算是中規中矩。 雖然客人很多、常常需要排隊，但店家出餐與動線效率很好！ 另外一定要稱讚櫃檯收銀的小姊姊，態度非常好又貼心，就算很忙也都笑咪咪的，這點真的很加分！ 整體來說是一間絕對會回訪的店，而且是會為了牛肉捲餅特地再來的那種🤣
ChIJU32eU66pQjQRhbvE4r33OLE,。平日午餐 。食材一般；口味低下；廚藝低下 更推薦希爾頓，這間偏中式調味，但基底都是一樣的醬油味 如果為了牛小排則跟茹曦差不多，茹曦食材比較好有螃蟹烤鴨但這間調味比較好菜色比較多有羊膝也比較便宜 和牛部分，只有炙燒和牛片算真正的和牛，也只有這個會控餐 都是直接續投不間斷，時間大概如下： 1130第一次投放；1156送到；1203(骰子牛)；1216 (咖哩牛)；1239；1253；1341(對，就是隔了這麼久，後面就不投了) 推薦： 。日式炙燒和牛薄片：幾乎全生，調味是辣味為主再來甜味跟七味粉？部位不是油花特別多的有一定筋，不會有融化感油膩度也沒有， 但調味跟本身味道都不錯 。味噌湯(的鮭魚)：比生魚片好多了，湯有夠桂圓味，偏鹹口的味增，不好喝，但鮭魚可以 有點少所以硬加幾個推薦 。薑蔥羊膝煲：燉的非常軟，入味但偏鹹，調味怎麼說，很不合的感覺，接近純鹹口，補的最少又最熱門 。牛小排：全熟，最熟那種，整個很柴，本身鮮味還可以，油膩感偏高；結果後半場新的一塊油度直接拉滿，口感也好很多就是 不推薦： 。生魚片：凱薩水平，有機會吃到魚刺需稍微注意；旗魚帶筋，咬不動那種，略帶苦味；鮭魚勉強在及格線；唯獨鯛魚很甜口感也很好(第一輪而已) 。其他海鮮：鯊魚煙，很鹹口感水鬆散；其他就免強及格水平 。披薩：看形狀以為會跟之前希爾頓的一樣，事實証明我錯了，乾又渣，白期待了 。冷菜部分：泡菜純辣沒味；木耳沒味；藜麥燻雞就真的藜麥燻雞的味道而已；薏仁純美乃滋，特別不好那種 不推薦的也沒很多，整體就蠻一般 看到醬油色的菜基本都一樣的醬油底味，火侯也普遍不行 單＂調味＂還行的：陳醋排、炒高麗菜、滑蛋 和牛另外兩道： 。泰式綠咖哩燉和牛：超稀主要靠起司胡椒提味，肉怎麼說，怎麼吃怎麼像牛腱跟牛肋，有和牛牛肋條這種東西嗎？整體甜口微辣，蔬菜超水，麵包乾又鬆沒有嚼勁的假歐包，與泰式沒有任何關係 。爆炒黑椒骰子和牛：偏乾硬牛肋條跟標準黑胡椒鐵板味，米餅乾脆像餅乾，火侯不行毫無鍋氣，但味道還可以 甜點部分 。現煎起司餅：怎麼說，就、蠻難吃的，要起司沒起司味、要甜味也沒甜味，就吃了一個能拉絲的東西而已 。抹茶巴斯克：比看起來的還一般，紮實顆粒粗不過還算入口即化的口感，沒有濃郁感，味道不錯甜度不高，裡面的凍很敗筆 。提拉米蘇：偏水偏鬆，底下的巧克力片才是味道主體，基本都被那個味佔了 蠻一般的所以其他品項就不試了 總結： 13:15左右沒什麼補菜了，和牛也基本不上，忙著削鳳梨呢 過程中聽到最大的笑話：有客人反應說蒸花生沒了，結果是真的沒了，補不出來，差點沒讓我笑死 整體來說800塊湊合，茹曦差不多的程度，雖然沒有小卷螃蟹烤鴨但少200，有羊膝且熱菜比較好吃一點，甜點好吃很多 冰品是莫凡彼,"百宴自助餐 在凱達飯店5樓。2026最新價格平日（週一至週五） 早餐：大人 NT$650 / 小孩 NT$325 午/晚餐：大人 NT$1,080 / 小孩 NT$540 假日（週六至週日、例假日） 早餐：大人 NT$650 / 小孩 NT$325 午/晚餐：大人 NT$1,380 / 小孩 NT$690 這個價格在台北自助餐，相對算較為低價，雖然沒有高檔食材，但整體的選擇度是夠的，而且有一區是專門的素食區。工讀生的態度都蠻親切可愛的，飯店用心在教。車子要停在斜對面的停車塔，用餐之後可以索取抵扣卷折抵停車費，停車塔跟飯店2樓有空橋連結。整體來說性價比是不錯的。",菜色雖不多，對食量不大的人還是無法每道都試過。有吃到的幾道味道還不錯。最驚喜的是有家宴中餐廳的麻油雞，濃郁清甜，雖然很飽肚，還是忍不住喝了兩碗。使用餐券可以免加價享用和牛料理，三道都風味頗佳，牛肉軟嫩可口，可惜就是蔬菜比肉多，因為不喜歡浪費食物，只好放棄多加點幾份。有現打果汁和兩款養生熱飲，味道不錯可惜偏甜。甜點出乎意料的美味，尤其是不輸 Royce多少的生巧克力。還有現做的可麗餅，但供應的時間也太短，我想拿的時候已經收攤了... 明明那正是吃甜點的時間啊～ 因為沒有高價食材，菜色選擇也偏少，我覺得以包含和牛料理的餐券價格來說值得一去，原價我就不會考慮了,這次使用餐券，覺得CP不錯 和牛吃到飽料理，都滿好吃的 特別是 綠咖哩口味 超嫩的和牛搭配綠咖哩，原來這麼搭🤩 相比2022、2023年 這次吃起來覺得口味進步很多 以前幾乎每一道都很普通，吃完不會想再來 但2026年因為和牛，再給它一次機會 覺得味道提升不少，很是驚訝 感覺換了廚師？！ 總之，這次體驗滿不錯的 希望可以多推優惠券 這樣我覺得值得回購,假日晚餐，供餐到9點，7點半不到，員工已經在準備打烊，開始收拾，餐台上餐點，陸續大盤換小盤，供餐台凌亂，餐點也不補了，小攤車直接打烊，原想排隊點餐，服務生告知已經結束。傻眼耶，小攤車沒有公告供餐時間，何況還在用餐供餐時間內，想開張就開張，想結束就結束，非常的隨性！。1位服務生，1位櫃檯服務員，2位要我上官網反應，2位的態度讓我感覺~似乎對這些現場狀況，早已習以為常，見怪不怪！現場沒有可以處理事情的主管，感覺員工急著收拾趕下班，假日晚餐時段餐費不便宜，這樣的餐點及服務品質，對不起高貴的餐點價格 負責生菜沙拉果汁餐台的阿姨，你手上那雙藍手套，又開冰箱，又拿食材，再直接抓供餐台上生菜盤裡的生菜，放進拌餐桶，再直接伸手進去攪拌，再抓取拌好後的沙拉，直接放上供餐台上的餐盤，中途還有抓取餐點試吃味道？看樣子，這一雙藍手套，一下子拉口罩，再摸東摸西直接拌餐點，應該從供餐開始用到供餐結束，沒換過。。。。 負責炸蝦的大叔，一次限取2隻蝦，有一位小姐貪心，一次夾了快10隻炸蝦放自己餐盤，你告訴她限取2隻，小姐又再從自己餐盤夾回去放回原餐台供餐盤。。。。那盤蝦依然繼續供餐給不知情的下一位客人 生魚片餐台，或許鮭魚成本高，但8點半不到，已經從餐台上消失，連餐牌都急的收掉了。。。。 凱達百宴自助餐，這樣的服務供餐品質，搭不上這樣的餐點價格，不會再2訪！！ 食安問題，相關單位也可以去稽查一下 今天假日晚餐，我真的飽了！!！
ChIJU4AI_cSpQjQRzsY9OLH1GUc,食物都很好吃，尤其是老闆的私藏皮蛋料理，上面的海帶芽本身就很好吃了，位置不是很多，可以提前訂位,明太子烏龍很好吃 但是明太子太少 然後椒麻拌炒酥三寶 裡面甜不辣的份量遠大於大腸 覺得沒有很符合價格 生啤很好喝 上菜速度算快,東西很好吃，烤肉的火候很到位，拿手菜也很不錯，店家對小孩很友善，值得再來！ 今天剛好遇到聖誕節活動，剛好讓坐不住的小孩可以多坐一會兒，超棒的！,服務非常好， 師傅們認真制作食物， 食物有特色又很美味， 環境抽風做得好好👍沒有燒烤味 下次來台北必定再來光顧,大部分的餐點口味都偏重，但是配酒喝蠻剛好的，菜單上會標示推薦的菜色，像是肉片包蝦，整體來說還不錯，柚子牛排也很嫩好吃。服務態度也好，聽到筷子掉了有店員還立刻跑來幫我們換，出菜速度很快，（不知道是不是因為我們是第一組客人，不過一下子太快桌子有點擺不下），唯一美中不足的是居酒屋限時兩個小時半，真的有點不夠，想要好好喝酒聊天的可能要先想好續攤的地方。
ChIJU7cRla6pQjQRhchv-ZhGAis,無菜單料理，有些菜蠻特別的，第一次吃到花生豆芽，畢生首見。魯雞腳魯的透爛，帶點微微辣，還不錯吃。唯一缺點，抽煙的不自愛，邊吃飯常邊飄進煙味，讓美味的菜失去了它的特色，同時影響用餐心情,20260219料理都沒踩到雷都蠻好吃的、外表看起來一般但店裡面面積蠻大的、生意也很好、廁所沒有異味還算乾淨。,很推這間藏在巷內卻不簡單的餐廳，小菜最喜歡滷雞腳滷得透徹又入味👍🏻生魚片跟干貝鮮美好吃，我最喜歡烤饅頭沾螃蟹羹鹹香鹹濃郁，雞湯也溫潤好喝，很適合聚餐的寶藏店,每一樣拿手菜都很經典，口味都是好吃的 只是價位有一點偏高一點，還是客朋滿座 油雞肉都骨頭多一點，推薦法式生魚片是炙烤過的生魚片配上調味的生紫洋蔥,海鮮都有新鮮 味道基本上都還不錯 cp值因為價格高所以就不太高 有荷包的可以點不錯的料理享受 荷包不夠的多想想 一隻蝦320 一尾三角魚250 的概念 但東西真的還不錯吃
ChIJURTE5n2rQjQRgj-n9IMohFU,店內裝潢很可愛！！！有好多貓貓🥹 菜份量都不少欸！特別是湯好大一碗 喝很滿足～ 上菜順序是一次全部送上來（沙拉、湯、薯條跟主菜） 怕菜涼掉會吃的比較急一點點🤏 小可惜的是牛排有點不好咬斷然後門外會有點煙味飄進來🥲 薯條好吃然後店員很貼心！ 看我們要慶生還主動問要不要關燈讓我們慶祝 我們怕打擾就說不用 但心裡真的很感謝🥹🙏🏻,超級巷弄內(很像那種要在地人帶路才進得來的餐廳) 雖然google寫營業到00:00 但廚房只開放到20:30喔～ 想用餐的客人不要撲空 20:30過後剩酒水跟甜點的樣子 口味部分 義大利麵調味都很剛好 只是有點偏油 墨西哥鮮蝦義大利麵辣度應該有中辣 喜歡辣的人會很喜歡😂 爐烤牛排義大利麵的牛排比較偏硬 難咬 紐奧良炸雞翅一樣偏油 但很酥脆 當天不確定是不是現場只有一組客人 燈只開一盞給我們(在我們頭上) 氣氛絕佳,以價格跟地區來說實在不符合，快400的義大利麵蛤蜊都是沙、而且前面也有相同的評論完全沒改善。（不如去吃思月小館） 炸物的雞塊、下午餐的拼盤… 論裝潢跟食物品質、服務，都完全不到這個價值… 我超愛吃大安區早午餐，認真覺得：幹嘛在家裏旁邊吃呢😣,第一次來木柵找朋友聚聚 朋友推薦 位置真不好找 小心別錯過了 環境氛圍很不錯👍🏻 客群彼此間說話不大聲 （辣）墨西哥鮮蝦義大利麵 好吃香氣十足 黑磚咖啡好喝 飯後 請教店員調酒類推薦 沒想到桂花弄（Rum oolong vodka)意外好喝 會在二訪,在寧靜的巷弄裡，藏著一間餐廳、酒吧、放鬆的好地方，餐飲種類很多：燉飯、義大利麵、早午餐、漢堡、捲餅、披薩、鹹派、甜點、蛋糕、調酒、水菸 ，重點是份量很足，非常適合學生來享用，建議要訂位，店裡還有大螢幕會轉播，毛小孩友善餐廳，有提供毛小孩的餐點，非常的貼心！
ChIJUXPdsoCuQjQRqbxQ0TEjlgg,餐點很豐盛，也很好吃！服務很好，隨時會幫你換成新盤子。適合多人包廂聚餐,每道菜都好好吃！跟高雄比台北的餐廳有水準很多！臭豆腐、豆腐煲、花素蒸餃都好讚！,餐點的單價不便宜，但味道是不錯的，清蒸臭豆腐很美味，砂鍋醃篤鮮的湯頭真不賴，麻婆豆腐很下飯。,門口就有公車站，未訂位，二人11:30到店午餐立即有位，服務親切即時，上海口味偏甜，推薦炒年糕，熏魚，爻肉，清蒸臭豆腐小籠湯包中規中矩，花素蒸餃有點乾，大體來說都不錯吃。,這次用餐整體感受不錯，菜品精緻。醬蟹年糕最令人印象深刻，蟹膏濃郁飽滿，與年糕的口感相互襯托。韭黃鱔糊則在甜鹹之間取得平衡，搭配香菜後風味更加濃厚，與菜飯一起的味道一起相得益彰。不過，在份量上就稍顯不足，若食量較大可能會覺得略有遺憾。此外，帶子的口感偏鬆散，少了些緊實的彈性。就感覺存在小小遺憾，但整體而言，菜色仍展現了細緻的火候與用心
ChIJUxfMbFauQjQRSwBqz9ahGgU,寫評論沒有送東西 不錯吃，店內提供多元的付款方式，包括Apple Pay、信用卡等等 午餐時段空間舒服、內有廁所也算乾淨、地下停車場停車方便，消費1000元可以停一小時，服務人員大多是外籍人士，人均消費500以上，食物好吃，出餐節奏很剛好，飲料冰淇淋都不錯，白飯非常昂貴一碗30元很小碗 唯一覺得需要改善的是冰淇淋勺子的水非活水，有點太髒了，其他都很好，基本上每個月都會用餐四次以上 推薦指數🌕🌕🌕🌕 再訪指數🌕🌕🌕🌕🌗 好吃指數🌕🌕🌕🌕🌗 CP值 🌕🌕🌕🌕,餐點、氣氛及場地寬敞，很適合閒聊的餐廳。但每道菜的上菜速度慢，不趕時間是ok的。,位於台北北投的 Aloft Taipei Beitou 酒店內的 NOOK 聚聚樂（3樓），是一個充滿活力的餐飲空間，為你提供多樣的餐點選擇，每一道菜都能帶給你不同的味覺驚喜！今天來到這裡，品嚐了全新【夏季限定泰式料理】五道招牌菜，熱辣登場，香、辣、酸、爽，讓你一秒到曼谷街頭！每一道料理都讓人回味無窮，完美的夏日享受。,,
ChIJUxzmnmypQjQRoZ_XCCzsuXg,身為在地嚮導的我，在生日選擇 「F.f Teppanyaki 鐵板燒（萬大店）」 ，是一場兼具儀式感與味蕾驚喜的完美慶祝。 這家店以其無菜單鐵板燒聞名，主廚在鐵板前不僅是烹調，更像一場優雅的表演。生日前往，通常會得到店家精心準備的小驚喜（例如特製甜點或裝飾），氛圍感十足。 食材是絕對亮點：從活體龍蝦、頂級和牛到當令鮮魚，皆以精準火候與創意醬汁提味。主廚會細心解說每道料理，讓餐點充滿故事性。套餐從前菜、主餐到甜點節奏流暢，坐在板前能感受食材從生鮮到藝術品的轉化過程，視覺與味覺雙重享受。 Google 評價解析（綜合約 4.6 星）： · 生日體驗關鍵： 評論常提及「生日款待貼心」、「主廚互動有趣」、「食材高級有驚豔感」。 · 行前建議： 務必提前訂位並告知慶生，才能獲得最佳安排。屬於中高價位，但對特殊節日而言，其體驗與記憶絕對物有所值。 總之，這裡是為重要時刻加分的首選。在鐵板的炙熱香氣中，與親友共度一個優雅又難忘的生日饗宴吧！,⚠️個人心得，參考即可 整體環境： 空間窄小又偏暗，排煙不佳，整間店瀰漫油煙味。 衛生方面：……細節就不多說了，你們清楚有什麼，餐飲業難免，但確實有待加強。 餐點部分： 部分食材搭配很奇怪，像是為了視覺效果硬湊在一起，吃起來完全不協調；部分食餐不新鮮。 建議與狀況整理： 1️⃣ 無菜單料理建議至少附上「餐卡」， 光靠口頭介紹真的不夠，客人應該清楚知道自己吃的是什麼，菜名是什麼。 2️⃣ 洗手台前（門口前兩個位子）完全不適合坐人。付一樣的價錢卻像被邊緣化，整體設計感受極差。 3️⃣ 沒有菜單導致資訊不清，中途詢問飲料也沒人主動說明原來附餐有飲品。點了飲料不到五分鐘開始詢問附餐飲料要喝什麼？溝通不到位，體驗很差。 4️⃣ 勾選了「慶生」，結果卻送給旁邊的情侶？看他們一臉懷疑的樣子，我也只能苦笑。 5️⃣ 最離譜的是服務流程。 壽星還沒到，我只是想先去領錢，店員硬要我入座聽餐點介紹。 明明已經表明沒關係，她卻堅持——邀請入座 重點是店家竟然只收現金、沒開發票，也沒事先說明。 還要我在壽星面前吃到一半去外面領錢，整個超尷尬。不懂安排的座位就已經是邊緣化的位置，為什麼還不能讓我趁壽星還沒抵達前先去領錢🙄 結論： 🚫 餐點不行 🚫 服務不行 🚫 翻桌時間混亂，外面一直進來客人詢問 🚫 門口座位極度不適合客人 整體感受：極差，食物沒有印象點，不會再訪，誠心建議避雷。 整體吃下來，不知道在吃台式還是日式？ 不知道餐廳定位是什麼 鐵板燒？日式無菜單料理？想學日式壽星呈現但是吃到嘴裡都是台式味道…服務也很怪，沒有專業度，每個服務生講話都沒有穩重的感覺。很像辦家家酒的一家店， 完全吃不出來特色 價格不知道怎麼說 說很便宜有沒有 說很貴也還好 就是一個怪字的店！,食材都處理的很棒！♡(⸝⸝´꒳` ⸝⸝) 每一種醬汁都搭配的恰到好處 鴨胸用薑母鴨的概念做延伸，讓人驚艷； 鴨肝搭配的焦糖味噌醬，讓這道料理變得像甜點一樣，黑松露更是畫龍點睛； 用白蘿蔔做的濃湯把蘿蔔的甜味更加昇華，超想問師傅食譜的啊啊啊！！ 最後客製化的畫盤超級貼心⁽⁽٩(๑˃̶͈̀ ᗨ ˂̶͈́)۶⁾⁾ 一直都很喜歡鐵的氛圍感，吃過西門店和萬大店都不會趕人，主廚和副廚都非常和善，也會和客人互動聊天～整體氣氛真的很棒！,已經吃了好幾次 萬大店第一次吃 店面真的很小 今天來慶生 菜單跟之前都不太一樣 沒有龍蝦可以加點 點了干貝和海膽 好吃 大蝦很好吃😋其他主食很可惜都只有一口 但價格就是比較便宜 還好最後還有小漢堡和炒飯可以填飽肚子 生日的話有送馬卡龍和生日畫盤 還可以吹蠟燭 只能現金,空間有點小，主廚有時候講話真的有點小聲 除此之外真的都很不錯，三位廚師人都很nice介紹的很詳細 以這樣的價位比起其他2000up的鐵板燒來說CP值高
ChIJVQR_uWusQjQRYNp5Wdmei40,這次選擇這邊舉辦抓周派對🎉 因本身上班忙碌有點沒時間慢慢規劃，自己對於儀式什麼的就是抱持的一個紀念的心態，重點是我希望選擇的是～餐點好吃！地方要適合聚會！服務要好！佈置一開始覺得⋯⋯沒有太大想法 這中間只提供了照片、選擇了菜式及佈置的樣式，小編很快就能明白，非常好溝通！ 活動當天親戚們都稱讚餐點非常好吃，店家的服務非常得好，而且補餐點都很快！親戚們也好多人說佈置非常可愛，讓媽媽本身非常有面子（謝謝店家） 我女兒一到店裡就開心玩遊戲室，實在是優秀的地方！！下次會再來舉辦其他的活動的,記得先預約，環境小巧舒適，人員和善，很適合有小孩的朋友們，也可慶生、抓周、各式不同的活動。 餐點中的 藜麥飯可以再軟一些偏乾。,太喜歡太滿意了❤️❤️❤️佈置的很完美，孩子大人都很喜歡🫶餐點也很好吃，濃湯好好喝，一直想續～～～熱熱的好溫暖！服務人員小編們都親切又可愛🥰包場在這太值得了，有夠貼心！孩子玩沙玩到忘我，大人可以好好休息聊天🤣動員家人們從各地（西雅圖、宜蘭、中壢）前來大家都很滿意。謝謝你們～～～期待下次見！辛苦了。,25大16小，共41人，B1包場，小孩1～6歲，四歲左右最多。我原本有一點擔心遊戲區不夠大，但小朋友們在B1、一樓、前院遊走，都玩得很開心，也不會擁擠。有一隻小兔子在1樓，讓喜歡小動物的小孩子們可以觀察。今日幫忙我們的工作人員很和善、很穩定、很主動，動作很快，讓我可以很放心，十分感謝！食物口味有清淡的選擇，實際上也比多數餐廳清淡，但仍然夠味道，這點很好。沒有一些親子館的華麗感，但很溫馨，很自在，很輕鬆的感覺。,今天帶寶寶來辦收涎儀式，真的超滿意！餐廳的環境乾淨明亮，氣氛溫馨😍整體佈置也超用心很適合拍照！引導小姐姐也很貼心，儀式用品準備得很齊全，拍照道具跟流程引導都讓我們覺得非常安心。 寶寶今天心情很好，拍照也很配合（媽媽感動），而且工作人員非常有耐心，也都很會逗小朋友笑。餐點也不馬虎，口味和品質都很不錯，是會讓人想再回訪的那種。家人也對今天的活動讚不絕口！ 很開心寶寶人生中的第一場小儀式是在這裡舉辦，留下了美好又溫馨的回憶。推薦給正在找收涎或抓週場地的爸媽們！ 大推Sunny小編！溝通上非常順暢！而且都有符合我的需求！！來這邊辦活動真的是太開心了😍
ChIJVTNtvfSuQjQRRQa96XsYbQ4,好吃，店員服務好又客氣，要先訂位，菜的份量還好，有些有點少，有點小盤，白飯可以一直吃，蠻重口味的,相比前幾年漲價不少，在物價上漲的時代這點是完全可以接受，但無法理解為什麼份量變少，糖醋排骨根本沒幾塊 點了何首烏雞湯(680)裡面的雞肉也很少，紅棗超硬 泰式椒麻雞腿一份超過200，卻只有一塊好市多雞腿排去炸過切塊 很多餐點的份量都偏小 唯一比較足的是脆皮大腸 飯還是可延續，雖然有點乾硬，18天啤酒價格是110,老字號的熱炒店 屹立不搖多年 口味一定不錯 從年輕吃到老 沒一樣都不錯 快炒用豬油 香氣才夠 今天水蓮比較有土味 唯一的小缺點 但其他品項都很好吃 雞肉 牛肉都很棒 白飯無限自取 香菇雞湯意外好喝 得到小朋友的肯定,我家就住旁邊 但熱炒我會去別的地方吃 份量很少就算了，一盤三杯雞 2/3是皮和骨頭，我得假裝把皮和骨頭啃得津津有味，才能讓同行的弟弟以為我有吃肉，他能安心的夾肉吃。宮保雞丁情況一樣。 客家小炒也又少又沒什麼東西可以吃。 我們去的那天飯是沒煮熟的….😒,
ChIJVV0ISSqqQjQRV3Yu84qzaTg,第一次來，點相對安全的丼飯嚐嚐，還不錯。 運氣很好，用餐時間沒訂位還有空位，看來是有緣，吃吃看。 今天我們點了炙燒牛肉丼、炙燒北海道星鰻干貝丼跟豪華海鮮丼，還有松露茶碗蒸，炸牡蠣跟炸蝦。 炙燒牛肉丼（400元），醬汁口味還不錯，但是牛肉煮太老了，而且完全沒有炙燒的感覺，甚至懷疑是不是送錯了，上的是醬燒牛肉丼飯？ 炙燒北海道星鰻干貝丼（440元），口味清爽，鰻魚雖然小，但是整碗滿滿的鰻魚，還有搭配炙燒干貝和鮭魚卵；鰻魚感覺是滷的，沒有炙燒的香氣，干貝小了點，整體口味還不錯。 豪華海鮮丼（600元），本日最驚豔的就是這個了！！除了甜蝦、海膽、鮭魚卵之外，生魚片的部分也非常厲害。常見的旗魚、鮪魚、鮭魚、花枝不用說，以及近期比較少遇到的紅甘、海鱺魚都很新鮮，光吃生魚片就值了。 ~~以上都是針對面料的評價，這三碗丼飯有一個共同的問題，飯不好吃...很乾，拌不開，上半部分酸度剛好，下半碗酸到很難入口。勉強拌味噌湯跟醬油吃完。味噌湯終於派上用場了，丼飯會附一碗，沒料、沒味道。 松露茶碗蒸（100元），還不錯，誠意滿滿的松露，高湯味道也很好。 炸牡蠣（200元）跟炸蝦（220元）都炸得洽到好處，牡蠣熟度剛好，蝦子彈牙，好吃。 很新潮的使用送餐機器人，可是從頭到尾只送過一次味噌湯，而且很擋路，實在不懂店家的浪漫。 整體來說還不錯，就是飯不好吃，女兒吃兩口就不吃了，老媽吃了半碗也放棄，可惜了。今天沒時間，下次再來試試烤的。,點了魚韻套餐 生魚片很好吃 非常柔軟入口即化 沒有筋也不會太冰 芥末醬也好吃不會太嗆 干貝很好吃 也是柔柔軟軟 沙拉的配料豐富 有玉米 芭樂 番茄 黑豆 不會有很生的菜味 芭樂很甜 胡麻醬好吃 很難得會有令我喜歡的沙拉 牛肉握壽司的醬汁很香 握壽司好好吃 炙燒很香 鰻魚好吃 蕨餅好好吃很軟，不會噎死的那種 茶碗蒸玉子燒都軟軟嫩嫩味道清淡 總結：生魚片、握壽司、干貝、沙拉、甜點讓人印象深刻，下次還要再來吃這間,位於圖書館總館附近的日式料理，位置不多但坐起來很舒適，還有機器人送餐，價格也不會太貴，就點了丼飯跟一些菜來吃，丼飯還有送湯，飯是醋飯也不錯，握壽司大小剛好也沒有散掉，魚料理新鮮，醃製番番茄好吃，茶碗蒸可以當一點點湯喝，整體還不錯,值得嘗試一下喔！我是一定會再回來的。以後到附近活動，就有好東西吃了。對了！丼飯附的味噌湯也是超出一般附湯的水平，好喝。那哇沙米竟然是磨出來的，不是粉調出來的。光這就很不簡單了！天啊‼️還不收小費！！,住附近，開很久也吃N次了，是在地平價日本料理店，最喜歡豪華海鮮丼跟炙燒鮭魚丼，三不五時就要來祭一下五臟六腑，愛店之一，新鮮漁貨🤤
ChIJV_SOYpqpQjQRA9cnwa-fRdc,很久沒來古亭站，咖啡學人聽起來蠻酷的… 總是熱美式起跳，還ok，好像坐到了天位，看人來人往，滿座。,Cry in the rain 專注現實的超能力 等先生結束工作回來前，晚上試著備妥洗澡工具，讓兒子給自己洗澡，最後他做得很棒，睡著之後又是自己的讀書習慣。 想到惠能六祖的故事，很好奇禪宗裡經常講「禪機」是什麼意思，資料上寫說這是禪師啓悟弟子的一種技巧、言語、方法，都超出邏輯的思惟範圍，有時看起來確實讓人摸不著頭緒。 在白話「菩提道次第廣論」P.342 佈施波羅蜜多。 宗喀巴大師主張，出於至誠將東西佈施有情，如果對方知道屬於他，已經當成是他的東西，後來出自於自利而擅自取用，價值達到某個程度，就符合他勝罪。如果受用是為了利益眾生，就不算違犯。 把自己原本的工作責任，用了不光明正大的伎倆推給了不知情外人做，漸漸地越來越多人受益，這個局外人越做越好，原本負責這工作的人就會想來分杯羹，背地裏將別人的成果當作去破圈和結識他人的資源，另一方面在其他人面前邀功： 「如果當初不是我讓他做，他哪有今天？」 按著上面的解釋來說，對方這樣的佈施是沒有功德的，把工作推出去給別人，其實是犧牲不相干的人做自己的賭資，這個人也很盡力把這個坑修成正果，要誠心祝福對方，因為是這個人命中該有的東西，只是通過看起來像惡緣的相所呈現出來的一種劇本，也就是意念佈施。 睡前複習三立新聞十年前的報導，新加坡「博弈經濟」當良藥 新加坡賭國家未來，這則報導裡的配音人員提到「與魔鬼交易拼經濟」，這是在2005年李顯龍先生成為新加坡總理時的政策，但父子之間在博弈議題上不同調，李顯龍先生還是堅持蓋賭場，當時為了招商，賭場業者只需要繳12%的博彩收益稅，而澳門是40%，確實為新加坡帶來可觀的收益， 博弈是把雙面刃，不只是外國人賭，很多新加坡人也在賭，即使設定高額的入場費還是擋不住人性的賭性堅強，博弈產業蓬勃發展，相繼使得當鋪業越開越多家，有檯面上合法的，也有檯面下非法的借貸，還有暴力討債讓賭徒走上悲劇的情況一直輪迴。 在「民視異言堂」四年前關於「博弈代工，行不行？」這是介紹台灣博弈產業可能性的情況，看起來台灣目前只是代工的角色，比如博弈母公司把軟體設計開發部門設立在台灣，實際上這是一家跨國公司， 如新聞內容上說的： 「在台灣只要從事賭博或是相關工作，都可能觸犯了賭博罪。」 因此賭博代工業者想出「薩摩亞模式」，意思是透過在境外國家，比如南太平國家薩摩亞只要30萬元就能成立公司，公司成立後再回到台灣成立辦事處，並用委外承包的方式，把線上博弈代工開發放到台灣進行， 開發可以放在哪裡實驗呢？ 比如在社群媒體上嘗試活人煉金術和博弈結合，請一部分的國家機器幫忙跨界代工，榮格的心靈煉金術的書已經倒下來了，跟神祖牌位倒下來的意思是差不多的，不管是什麼技術碰多了都會中邪，也出現很多異象，很符合宗喀巴大師提到的＂出自於自利而擅自取用，價值達到某個程度，就符合他勝罪。＂ 如果那些被邀請去代工的廠商不知情， 那就不會觸犯「賭博罪。」 人想要去顛覆自然法則，肯定會被自然反噬，因為已經超出了和大眾的心交換的價值。 曾有一位國策顧問希望在澎湖建立博弈產業園區，能建立一套生產線，他稱之為「智慧」產業。能理解有些產業希望放在自己的家鄉，會這麼想多少肯定在國外吃過虧，或者遇到求助無門的問題，甚至會被狹持，特別是剛畢業沒多久，缺乏社會經驗就容易被高額酬庸吸引，或者急需用錢，而誤入非法的工作，特別是自己的國家這項產業不是名正言順的，鑑別境外公司是否合法那就更不容易查了。 對台灣人來說，這是隱蔽性非常高的產業，就像美國政府對於「公關遊說業」的態度，這當中能夠隱蔽的犯罪是不容易查的，而在博弈產業，在台灣「賭博罪」是很明顯擺在眼前的事實，意思其實很明顯了，這些事情到後面會被認定為境外設法干預政策和外交的力量。 也會想到麒麟女的動畫，要把人心當中原本的常規顛覆過來，要用很多人的鮮血和生命來換取的，意思是如果福德與智慧尚未具足，向老天爺要太多，要面對的挑戰和外界指責就會是嚴峻的，是否準備好了呢？ 其實也有注意到，台灣媒體報導中很肯定新加坡一些政府官員的表現，他們在面對很多機鋒交談時，既能幽默不誤入國內與外媒的提問陷阱之外，能言之有物侃侃而談實務上的看法，以及婉轉的＂說實話＂ 意味著清楚自己的定位， 每個官員也可以擁有自己的主見。,久沒來 咖啡一樣好喝到不行 氛圍依舊獨特舒適 可以一直都這樣不變 真的很好,經過，看到感覺不錯的店家～ 喜歡店內的擺設 滿滿的會員卡牆（哇喔） 坐在自己喜歡的小角落 享用一杯咖啡的時間,店內氣氛很好，會想要讓人駐足。飲品也很不錯。比較可惜的是靠近同安街的座位會聞到來自下水道的一些異味，但也確實是店家無法自行改善、同時是處於舊社區比較難避免的問題。
ChIJVwidem-sQjQRNq1w2eqA4jU,很不錯的餐廳，假日內科餐廳大都没什麼客人，但他們一樓幾乎客滿，鹹光餅東坡肉好吃，芝麻豆花甜品也不錯，環境乾淨、服務也很好，有機會再帶朋友來。,位於台北市內湖區的 飯BAR內湖旗艦店 是時尚的中菜餐廳，店內裝潢時髦、有設計感。 餐點從單點到套餐選擇非常多。集合了多種菜系，環境清新明亮，菜量很適合小家庭。 鹹光餅遇東坡肉，東坡肉滷得油亮，肥瘦比例剛剛好，上桌時服務人員會幫忙剪開，方便食用。 鞦韆晾肉架，薄切豬肉片掛在架上，像在晾衣服一樣很有造型。我很怕肉腥味，他的肉片不腥處理的很好，夾著小黃瓜一起沾醬吃很清爽。 小農葉菜蝦鬆，蝦仁裡帶著一點淡淡的紹興酒味，很有香氣。 傳統豆沙鍋餅，餅皮煎得金黃酥脆，內餡是細緻的紅豆沙，甜度適中，做為完美的收尾。 整體吃下來，飯Bar內湖旗艦店是很舒服合胃口的，適合約會或家庭聚餐。,旁邊就有地下停車場，服務非常周到，點了幾樣餐點都非常好吃菜飯的米飯烹煮口感非常適中，東坡肉煮的軟爛醬料調製非常香濃，配上芝麻餅吃起來香味十足，服務人員還免費送了醃漬的醬瓜，點東坡肉也送了一湖去油膩的泡茶，蒼蠅頭的口味稍微清淡了一點，紹興醉雞味道非常香濃，整體來說是非常有水準的餐廳～,四人用餐含服務費約 3000 元。餐點還行，缺乏記憶點。服務人力看似充足，但大家不到8點就給人想趕快下班的感覺，如果能更多主動關注或眼神互動看看客人需求更好（當天想加點只能主動起身找店員索取菜單） 蟹黃海鮮豆腐不錯，應該不會再回訪，這個價位還有很多選擇😂,1. 服務人員說詞不一 電話訂位的時候有提到只能點年菜套餐，用餐當日因家人先到不知道只能點套餐，有詢問服務生得到的回覆是可以單點，要點餐的時候又有另外一位服務生告知只能點套餐，結果變成要等服務生跟主管確認（光是這個過程就已經15分鐘了）最後實在不想等，就直接跟服務生說可以上套餐 後續確認的確有服務生告知是可以單點的，不過最後已經鬧得不愉快了也沒意義 2. 肉沒熟&餐點幾乎都是溫的 其中一道菜炸排骨幾乎是五分熟，反應之後收走又重新上變過熟，整個肉都是柴的 除了湯之外的餐點基本上的都是溫的，排骨湯的肉也超柴 3. 碗盤不乾淨 湯碗跟甜點盤上的時候都沒確認，上面是髒的 4. 服務生很不專業 為了上隔壁桌的菜，把隔壁桌的剩菜盤子直接放到我們桌上，還說借放一下？？？？？ 因為公司聚餐有來吃過覺得不錯，才在過年前找家人來吃，結果花了快四千塊找罪受
ChIJVwvRHYWsQjQR2ZpBlIN_vjM,調酒都好喝。 熱食滷味都好吃無雷。有機會遇到麻油腰子建議要吃！ 調酒師弟弟酷酷的、調酒師妹妹很熱情、老闆娘外型酷實際熱情，氛圍很舒服的酒吧。,舒適輕鬆的餐酒館，餐點很好吃，酒也很好喝，喝完都變得挑嘴了。😏 來聽聽八卦也不錯😎 每個月都有活動，吃喝玩樂，有時還會有品酒課，好讚！🥂,非常有氣氛的小酒館，一杯調酒🍹搭配美味小食，推薦下班小酌的好去處,放鬆滿分的地方 食物也太好吃😋 酒🍷也很順一杯接一杯 店長可愛又熱情❤️ 必須要常來的啦 時常客滿，來之前先訂位噢！,巷弄間的黃光很有氛圍感，餐點好吃還很有特色，每次來都會有不同的限定餐點，沒有一次踩雷的好吃！店長可愛還很溫暖貼心
ChIJVz_H32ipQjQRDDbDTPoI01Q,1. 餐點非常普通 完全無法匹配他的價位 2. 服務人員點餐出錯 送餐也出錯 3. 我們坐在距離廚房最近的餐桌 非常吵雜 超級影響用餐品質 4. 桌上不平整 高腳杯氣泡飲直接倒 5. 酥皮事塌得（美澎起來還敢上桌） 6. 提拉米蘇有酒 也沒提醒 只提醒要加價⋯ 完全沒有王品該有得貼心⋯,讓我們先從一開始的現烤麵包開始： 麵包提供兩種一個是可頌一個是雜糧麵包，可頌有點偏油了一點，而且不是很蓬鬆酥脆的那種，但是他比另外一個好吃，麵包隨時可以無限續用，但是要等待烤的時間。 鮮蝦夏茴沙拉：比較喜歡底部的調味醬汁，酸甜酸甜的。 炙烤伊比利豬：他的肉還蠻好吃的，一口咬下去的時候有稍微驚艷的感覺。 酥皮菌菇濃湯： …我覺得菌菇濃湯的味道個人沒有很喜歡，但是朋友覺得還不錯。 義式海鮮清湯：我反而喜歡海鮮清湯多一點，味道比較像是自己想像中的呈現。 烤風琴馬鈴薯：…一般般的烤馬鈴薯。 香煎櫛瓜：一開始覺得沒有很好吃，後來覺得偏油了。 酸梅湯：我喝熱的，太甜了這個酸梅湯，會膩。 香烤豬大排：ㄧ上桌我整個嚇到，也太大份了吧！服務生ㄧ看到我的反應直接說沒關係，你可以外帶。索性我直接把半份移到盤子上當下決定就是要外帶了。 有分豬里肌和豬肋排的部分，豬里肌都是瘦肉比較紮實，豬肋排我覺得還蠻好吃的，但是卻吃多容易膩。 牛小排左鮭魚：鮭魚處理的算正常發揮，帶點少少的刺。牛小排的部分，朋友一開始覺得還不錯，但是後面也覺得很膩，沒辦法吃完的那種。 脆焦糖鮮奶茶：我喝一口以為我點的是無糖鮮奶茶，完全沒有甜度。我的脆焦糖在哪裡？我怎麼找不到他。 鮮榨果汁：很普通的鮮榨果汁，然後記得有去冰啊，不過送上來的還是有冰。 提拉米蘇熔岩左乳酪冰淇淋：提拉米蘇切開裡面竟然流出熱熱的醬汁，提拉米蘇吃起來不會太甜裡面的含酒醬汁也還好，反倒是那個乳酪冰淇淋太甜了。 榛果拿破崙酥：我覺得比提拉米蘇的好吃，而且不甜，然後層次感也比較豐富。 氣泡香檳：我喝了一口就喝不下了，因為我覺得偏甜。但是朋友喝了好幾杯。 近期才吃過陶板屋一次，那次的餐點體驗沒有很好，感覺比以前的陶板屋不好吃很多。不過這次來王品吃的餐點雖然不到多好吃，但還是比陶板屋好一些。 服務部分，我們的小帥哥姜先生服務非常盡善盡美，充分的展現他的熱情以及熱誠，在解釋菜單的時候也是條理分明。 廁所的部分稍嫌擁擠，門一推開以後裡面就沒什麼位子了。,服務很親切，餐點也都很美味，我們兩個吃的很撐，服務人員還會幫忙幫生日壽星拍照，送我們壽星小蛋糕以及附框的照片。 飲品都相當好喝，有餐前香檳、開胃的酸梅汁/冰沙、餐後上的熱耶加雪菲、現打蔬果汁。還有生日贈的冰奶蓋紅茶！,餐廳在二樓，似乎有重新改裝過，覺得桌距變得比較近一點，用餐環境少了點高級牛排館的氛圍。 餐點部分主餐點了牛小排佐鮭魚，牛小排非常軟嫩，口感跟牛腩肉很像，但吃多滿容易膩的。搭配的鮭魚是生食級的，店員建議吃半生熟的，但是鮭魚的油分跟牛肉一樣都蠻多的，所以兩個搭在一起吃又更膩了一點，雖然不會不好吃，但吃了一半就吃不下了🥲（個人覺得鮭魚點全熟比較好） 副餐的部分沒什麼記憶點，都蠻普通的。覺得西堤的副餐更好吃🤣 值得稱讚的是服務很好，壽星用餐會送一個小蛋糕，還會拍照洗出來送給你，甚至還幫你把照片轉印到奶蓋上面，做成奶蓋奶茶送給你，超級驚喜👍🏻,只款待心中最重要的人👧🏻👦🏻👩🏻‍💼👨🏻‍💼 一頭牛🐂只做6客牛排🥩 為了阿良的生日🎂來此慶祝🍻 酥皮南瓜🎃濃湯，服務員還來加湯。 牛排🥩香嫩多汁，配菜也好吃。 無氣泡香檳、還有解油膩的酸梅湯。 耶加雪菲咖啡☕️+巧克力三角蛋糕。 當月壽星外加一個小蛋糕🎂 還有一杯照片打印的飲品。 當然還有一張彩色打印的照片。 真是很有紀念價值的生日餐點。 相信阿良會記得我為他準備這一天。
ChIJW1dApGqpQjQRHk52Eg3uSQw,同事生日，請吃飯，第一光臨，老闆娘親切的服務並招待私房菜炒臭豆腐，這道太特別了，沒多久一掃而空。毛毛蟲壽司也很有特色，龍蝦蒜蓉清蒸很好吃，四季豆牛肉很搭，透抽芋頭米粉湯頭很鮮，吃不完打包回家，隔天還要非常好吃😋。價格中等，不錯的用餐體驗。,太春 一直是家族聚餐的選擇之一 但這次的聚餐 感覺上是有差異了 或許 是上菜的速度太快了 來不及好好品嚐美食 所以 對食材的記憶 才幾天 卻如失憶般 建議 速度可以放緩些 而不是被迫要趕進度 服務人員的態度依舊很好,建議訂位再去吃，我們晚上沒訂位去，店員說因為訂位很滿，所以只能點迷你版菜單上的菜，很多招牌菜沒得點，餐點的話，毛毛蟲壽司，椒麻臭豆腐不錯，有開傳統發票，可刷卡,他們家的菜，隨便點都很好吃，尤其生魚片真的太鮮了，每次吃我都一定會點!!!! 人少人多，要聚餐都適合的好餐廳。,大家看Google不要只看分數 記得點進去看看最差分類的內容 回家爬了一下文 基本上面的雷都有中 首先綜合肚生魚片 說是綜合肚 但就鮭魚跟紅甘兩種 沒關係這兩種我都愛吃 但是一下肚…沒油脂香連個鮮味都沒有 應該是廚房偷懶擺爛 魚直接沖水或泡水退冰 加點的干貝有腥味我直接吐掉… 毛毛蟲壽司根本悲劇… 鮭魚只微微翻白就包捲了 預製的… 炸蝦冷的還有油耗味 預製的… 蘆筍蝦手捲更誇張 一股阿摩尼亞的氨水味混雜明礬味… 我也不是點海膽 哪來的明礬味我也不懂 炒雙鮮 花枝蝦球份量不少個頭不小 但是吃進嘴裡就知是冷凍的 一盤五百多 我沒預期會吃到冷凍海鮮… 四季豆炒牛肉倒是不錯 豆子炒得清脆爽口 牛肉沒泡嫩精 大塊量多 麻油松阪麵線的表現是當晚最佳 香氣四溢 濃淡適中 炸牛蒡端上桌是冷的… 客人都來到餐廳吃飯了 就不能現炸嗎？ 結帳時將這個疑問轉達給櫃檯 說是為了瀝油…是覺得客人都不懂做菜嗎 炸物出鍋放在瀝網上瀝 30秒就夠了 放再久 油也只是隨著時間被炸物吸收乾掉 你就不能現炸 盛盤前再大火逼油嗎？ 我的結論是… 食材不是預製就是不新鮮要不就是打混做 一頓飯吃下來 只感受到廚房缺乏誠意滿滿的敷衍…
ChIJW1dApGqpQjQRkoYUEBUrujk,很在地的台灣日式料理餐廳 在市場裡面有很多座位區 走進來發現氣氛很好 生意不錯 不過過市場裡面還是有點市場的味道 握壽司新鮮不用說份量也剛好 烏龍麵炒的不錯很香 炸豆腐就可惜了 溫熱不均勻 還點了烤靖魚 忘記拍了 烤的很厲害 香又不過乾 用餐環境還算舒適 座位間隔還可以 可以很清楚聽到隔壁桌的聲音 只是市場的味道可能無法避免 稍稍有點可惜 價位屬於高價位 別用夜市小吃 思維來吃可能比較不會心疼荷包,-💖毛毛蟲壽司：表層的炙燒鮭魚加上明太子香氣很足！壽司米飯Q彈加上炸蝦脆脆口感很不錯 -鹹酥軟殼蟹：炸的酥脆又保有蟹肉的口感（不像外面有些根本就在吃炸粉）加上蒜酥跟辣椒超唰嘴很夠味，很想配個啤酒⋯！ -南瓜起司茶巾：送上來有嚇到因為超大一根，外皮像炸豆包脆中帶韌感，裡面是蟹肉棒+馬鈴薯泥+牽絲起士，裹著香甜的南瓜泥很加分，不過澱粉量偏高，建議分食🤣 -鮭魚味增湯：很大碗（兩人份以上）又有大塊魚肉（不過個人不太敢吃帶皮的），喝起來還有魚的鮮甜 -干貝握壽司：中規中矩，不用特別點,叫uber Eats 壽司很紮實 但鮭魚炒飯品質很不穩定 上面照片飯粒粒分明、有鍋氣香、料多、調味剛剛好👍 下面飯濕潤、沒鍋氣、飯炒不勻稱不好吃 很明顯不同師傅炒的 第二次想說碰碰運氣 再叫一次外送 又是下面照片師傅炒的😤😤😤如果電話指定師傅 店家一定覺得我是澳客 所以乾脆不叫了 😂😂😂,接地氣的街邊日料店🍣市場後面的蓬萊國小地下停車場很方便走路兩分鐘，平日中午生意就很好，老闆跟店員都很親切，坐在路邊的騎樓下享受美食，生魚片美味厚實、味增湯好好喝很有西門町某知名老店以前的味道😍收入口袋名單變成愛店！,點了花壽司、毛毛蟲壽司和炸蚵仔，但三道料理的品質都不如預期，價格也偏高。 花壽司內餡竟然是大量高麗菜絲，味道單調毫無層次；毛毛蟲壽司明明是主打品項，但米飯鬆散、炸蝦硬得咬不動，甚至還刮到舌頭，整體口感非常差。 更誇張的是炸蚵仔。前兩道壽司都吃完 20 分鐘了仍然沒上桌，到櫃台詢問只得到一句「快好了」。結果又等了 15 分鐘依然沒有任何進度，也不讓我們取消，整體來說絕對不會回訪。
ChIJW5esxZeuQjQRlWxyAQ4gFyE,外觀看起來很有年代感，紅燈籠、老式招牌，加上門口那種台式小館特有的熱鬧氣味，走進去就知道是會吃得很滿足的那種地方。 這次點的菜不算少，每道都蠻有特色，整體偏重口味、下飯、很實在。 --- 🐟 香煎/酥炸鸚哥魚 外皮非常酥，乾乾脆脆的，肉質保持得不錯不乾柴，加上酸酸的檸檬味道剛好提味。這道是整桌裡最有「主菜存在感」的一道。 --- 🥬 清炒地瓜葉 味道不油、蒜味香，地瓜葉嫩，不會有粗粗的纖維感。看起來簡單但其實是考驗火候的一道菜，做得蠻好。 --- 🦑 炒中卷 中卷口感 Q 彈，青蔥味道濃、熱炒香氣十足。調味偏鹹，超級下飯類型。 --- 🥢 臭豆腐 臭豆腐吸滿醬汁，帶一點微甜微鹹，下飯度高。口感不會太軟爛，是偏紮實的那種。 --- 🔥 麻辣鴨血煲 湯頭沒有到非常辣，是帶辣香與微微麻味，鴨血滑嫩，蔬菜吸了湯汁之後很好吃。這鍋很暖胃，冬天吃剛剛好。 --- 🥩 蔥爆牛肉 是整桌口味最濃的料理之一。牛肉嫩度 OK，蔥與洋蔥爆香非常到位，鹹香又帶一點微辣，也是很適合配白飯的一道。 --- 🍴 整體總結 是那種傳統又帶點江浙/台式味道的老館子， 料理走 濃香、下飯、熱炒路線。環境很有年代感，但也讓人覺得舒服、接地氣。 ✔ 擅長熱炒 ✔ 口味偏重但不死鹹 ✔ 食材新鮮度不錯 ✔ 適合多人聚餐、邊聊邊吃的地方 整體來說，是那種會想偶爾再來吃的店，尤其適合想大口吃菜、大口吃肉、配熱炒暖胃的時候。,是台南味道的台菜，每一道菜都好吃，絕對是天母的在地美食餐廳。 6個人全部吃完一個人才不到500，Cp 值很高，吃飯時間都很多人，建議人多的話要先訂位！,真心建議店家能有一個外場來看頭看尾，招呼客人。今天中午十二點多到店，看到外面坐滿客人，有一兩桌快吃完了，心想等一下應該就有空桌可以入座。無奈，外場一個服務人員都沒有，站在門口苦等約十分鐘才有人說裡頭還有空桌。 擔仔麵、擔仔米粉不怎麼道地，有半顆滷蛋（不知道是不是炸過，皮有一點皺皺的），一片瘦肉，一片豬肝，湯頭沒什麼香氣，@70元 麻醬麵有點太乾，如果能多加點油蔥會更香，也更古早味。 油條青蚵不錯，青蚵不是最新鮮的鮮甜，但是也沒有腥味，很不錯！ 如果用上最新鮮的蚵仔🦪，更加分！ 皮蛋地瓜葉，好吃，但是皮蛋有點硬（新鮮度可以再改善），反正整體的味道正好是我喜歡的。新鮮皮蛋會軟一些，應該會更美味！ 店內還有包廂，可以感覺有很多是老客人，菜色must be good! 不主動開發票，這一點很不ok’. 扣分！,招牌紅燒肉。照片就看的出來黑掉的地方乾硬到不行。不知道為什麼廚師會把這樣的菜拿出來給客人吃！沒有職業道德！！！喜歡擔仔麵的湯頭～難得喝到這麼香的！豬肝軟嫩到驚豔❤️找不到臭豆腐很有特色👍醉雞滋味剛剛好的美味。牛ㄅㄟㄅㄟ超油大火快炒就是爽,20251129 10年前吃過一次 好久沒吃 環境：有訂位，生意很好，人很多 服務：姊姊們都算蠻客氣的，但今天我們點了10多道菜，菜很多，小桌子放不下，想換個稍大的桌子，姊說「你們吃快點就好了」 哈囉～～～～～～～～ 有趣的小插曲 不過他們還是有幫我們換～ 餐點：幾乎每一道都很好吃 沒什麼雷 但蝦子系列我覺得都很棒 蛋黃蝦子第一名 蒜泥草蝦我的第二名 苦瓜雞湯很棒 過貓很爽口 悶筍我很愛 豆酥鱈魚我覺很好吃 白斬雞（應該是土雞）很有嚼勁 鳳梨苦瓜我下次不會點（一般般） 滷肉飯也是 但還有其他很多菜 我下次都想要試試看 今天請高雄來的朋友吃飯 他們吃的很高興 我也很高興 願意再訪 以上～～～ 真實用餐經驗
ChIJWRDJT52pQjQRV2yo14WE2u8,與揪鬪老闆已結緣十餘年，當年剛開始營業時，他家小朋友還是小學生吧，如今已是大學生了，今天恰巧進城先電話預約，剛好有位子，點了鹽鞠五仔魚B套餐、鮭魚炸泡飯，等餐過程中老闆又送上兩塊烤魚，一解飢餓之感，享用新鮮美味的餐點，與當年的口味一樣，都是帶著認真的態度去面對每位客人，忽然抬頭一看有石狗公，要安排下次來朝聖的行程了。,雖然很拍謝但是蛋糕超好吃，很難形容是什麼味道但是真的好好吃⋯⋯等等就去問店員有沒有單賣（不是波蘭）（不好笑） 丼飯也好吃推推下次還來,很小的一家小店，氣氛跟味道都很好。甜點是意外的彩蛋。整體的品質並沒有因為疫情而改變，值得一再拜訪。位置很少，最好先打電話訂位！師傅最厲害的是，每次去吃的菜色都不重複😋,2022一訪 ✨明太子雞腿丼+A套餐 $360 👉茶碗蒸：蛋非常滑嫩，縫隙超小，是原味茶碗蒸沒有料在裡面 👉明太子雞腿丼 玉子燒甜甜軟軟的非常好吃 明太子雞腿的調味比較不符合我的胃口，但明太子非常多 漬物有小黃瓜、白蘿蔔、小番茄，是味道比較清淡的漬物 👉味噌湯：有蔥、洋蔥、海帶、豆腐和一點點魚的碎肉 👉甜點黑糖蜜奶酪：這個甜點提醒我下次要問好今日甜點是什麼，原本很期待抹茶提拉米蘇 是普通好吃的奶酪 ✨招待： 很酥脆好吃，其中一塊的椒鹽味非常夠味 🪐低消250，中午用餐時間一個小時，無服務費 🪐吧檯座位十個，雙人桌三張，平日中午客滿 🪐招待的實在太驚艷，下次要點點看烤魚類 推薦：招待、玉子燒>>>其他的 2023二訪 ✨炙燒海鮮丼+A套餐$410（現在$420） 👉炙燒海鮮丼：炙燒生魚片普通，無功無過，整碗最喜歡的又是玉子燒 👉芝麻甜點： 芝麻味很濃郁，底層和中間的蛋糕層是解膩用的，不過還是滿膩的，甜度中高(是吃完一定要喝茶解膩的膩度）（不知道是選的奶油乳酪問題還是為什麼） 👉味噌湯、茶碗蒸與一訪差不多，不過上桌時非常燙 🪐此次造訪平日中午店內尚有吧台位三個 🪐推薦：玉子燒>>>茶碗蒸>芝麻甜點、炙燒海鮮丼>味噌湯 三訪 ✨烤花魚便當$200（外帶） 👉和風沙拉：醬應該是類似油醋？還有一小塊蘋果、芭樂、鳳梨 👉烤花魚：魚比照片還大塊，魚肉有嫩、魚骨被烤到脆脆的，不過細的魚刺還是要挑掉的。本身吃起來已經滿鹹了，所以沒加店家附的椒鹽 👉日式醬菜：醃白蘿蔔不怎麼酸甜，小黃瓜和番茄也都不會讓人想一吃再吃，就是解膩用的。這個的份量很小，盒子的設計是有凹凸的 👉和風小菜：吃完沒什麼記憶點 👉明太子玉子燒：玉子燒果然還是最好吃的，又甜又綿密。明太子我直接刮掉配飯，玉子燒就是要甜甜的 ⚠️等待製作要等15分鐘 🪐目前三項當中最推花魚便當 2024四訪 ✨醬燒雞便當$200 雞肉算多，一打開盒就有醬燒的香氣，不過可惜的是烤的有點太乾，不是多汁的雞肉 其他欄配菜和上次買便當時一樣，玉子燒還是和之前一樣好吃，這次的白蘿蔔、蕃茄和小黃瓜好像比之前好吃，不知道是不是調味有換 🪐之前照片被估狗吃掉了⋯⋯,＊運氣很好，小小等一下就可以入座 ＊店面不大動線有點差，冷氣的導風板會滴水 ＊服務生不會主動做介紹，但沒收服務費還可接受 ＊餐點部分： →大推茶碗蒸，雖然沒有料上面只有海苔絲，但超級綿密軟嫩順口，調味的芡汁也很棒 →炙燒海鮮丼偏普，飯很多但沒味道，而且我的丼不知為啥沒有山葵....只好配醬油將就。甜蝦對我來說偏腥，海鮮給的都還算大方
ChIJWSrdbHOrQjQRUBnsOzPfyE8,台北｜Yoru よる 「隱身巷弄裡的窯燒靈魂。」 連續三年獲得米其林餐盤推薦， 以窯燒慢烤鎖住肉汁並增添獨特的燻香。 激推不在菜單上的「隱藏版」金丼， 肉食主義者請立馬收藏！ 三種肉品一次滿足： 窯燒牛舌 Q 彈軟嫩， 慢烤紐約客極致柔軟， 特製味噌牛肋條則帶點咬勁、鹹香下飯。 除了招牌肉類料理， 「紫蘇炭油旗魚」也是意料之外的驚喜， 選用備長炭製成的香料油醃漬並炙燒， 入口後梅香紫蘇青醬的酸甜與炸蕎麥的顆粒感交織， 味道堆疊極其細緻。 另外推薦單點炸豬排， 酥脆的麵衣搭配舒肥後鮮嫩的豬里肌， 扎實飽滿且絲毫不膩口。 最後以「限量龍蒿焦糖布丁」收尾， 綿密滑順中帶著淡雅的香草氣息， 為這場炭火氣十足的饗宴畫下完美句點。 / 金丼 $1180 紫蘇炭油旗魚 $480 單點炸豬排 $350 限量龍蒿焦糖布丁 $150 #nihao台北 #nihao米其林 #Yoruよる #台北美食 #東區美食,給準備來用餐的朋友一個衷心的建議：把「米其林推薦」這個標籤先拋在腦後，不要抱著破表的期待來，反而能收穫一次非常美味且舒心的用餐體驗 頂著米其林的光環，往往容易讓人期待過高，從而導致一些評價偏低。但平心而論，這裡的餐點是有水準的。坐在吧台看主廚切肉的過程非常療癒，光看那肉的色澤就覺得一定鮮嫩美味，實際入口也果不其然 雖然整體吃下來沒有到驚為天人的地步，但店內環境維持得非常乾淨，完全沒有黏膩感。是一間在偶爾想吃頓好料、犒勞自己時，能讓人安穩享受美食的好店,Yoru窯燒牛舌定食-880元+10% 屬於彈脆口感的牛舌，厚度很足，但在切工上可以多加琢磨，建議使厚薄度更平均，口感會更一致。炙燒感溫和，油脂和焦火的香氣充分融合，但整體調味非常淡也平鋪直述。個人認為脆彈牛舌和蒜片蒜油的搭配使得味覺層次的變化彈性減低，但友人認為反倒帶出肉品本身的鮮甜，見仁見智。 慢烤紐約客定食-490元+10% 牛肉片大部分非常嫩口，但有些部分又非常柴，肉的口感很不一致。基本上嚐不太出烤味，只有簡單的牛肉香氣。主調味是以熟蒜片蒜油為主，一開始吃很香，但因為缺乏鹹度的調和，越吃辛味越重，稍微不那麼耐吃。稍嫌寡淡、缺乏層次，屬表述方式沒有張力與個性的菜餚。 米飯本身使用北海道產的米，但必須說表現差強人意。米飯雖然粒粒分明，但保水度、彈性都不在水準上，有種吃死飯的感覺。 定食的小菜表現尚可，確實有做出滋味上的層次與精緻度，充分發揮鮮甜鹹酸四方位的搭配與可玩性，也有盡清新小菜一角色的解膩責任。但白菜那道蒜感過重，搭配已經由蒜味作為主味的丼飯本人，只會蒜上加蒜⋯過於死重、辛嗆，不是很喜歡。 湯品在評價上大受好評，可以理解，因為滋味確實非常濃厚，但一樣缺乏鹹鮮調節，厚油豚骨感反而在層次表現上非常平淡乏味，欠缺特色。 單點炸豬排-350元+10% 麵衣非常薄酥，對比豬排本身的厚度變得頗沒有存在感。豬排本身中段是嫩的，但剖面的前後兩端非常柴，甚至有點難以吞嚥。豬排本身滋味純粹，淡淡的豬肉味，十足的肉感，建議可以選擇醬多，否則稍嫌單一寡淡。海苔的點綴很有意義，香氣濃郁，提升層次。 整體而言餐點、環境和廚房都有可以進步的地方，包括水杯使用塑膠一次性餐杯，又或者師傅在水槽刷醬時肉品會不小心碰到水龍頭，或即便每一次切肉完都會清理砧板，但都是用自來水洗擦拭布再回去擦拭熟食等等⋯小小的細節都可以再調整。,環境氣氛佳，整體用餐下來感受好👌 米飯配肉一口接著一口吃真的非常美味😋，喜歡辣的記得可以跟店員索取辣粉！！整體風味提升許多～ 後來看到隔壁店唐揚雞，出餐前竟然炙燒過！推薦一定要加點來吃，柔嫩多汁加上外面的醬真的讓這一餐很滿足。 一進來就有店員引導包包及其他隨身物品可以放在置物櫃，鑰匙自己帶著離席後再領取即可，因為座位都是吧台桌所以空間比較剛好。 裡面有洗手間，環境都是很好的，不管跟朋友或是情侶來吃都非常適合,"本人很喜歡牛舌飯。 但老實說，在台北一直沒有找到好吃的專賣店。 直到某天在 Al Dente（彈牙人生）看到推薦， 好不容易訂到一個晚上八點多的位置， 週五晚上，我和小豬終於來了。 我們兩個都點了牛舌飯， 另外加點炸豬排與龍蒿焦糖布丁。 必須說， 這是我過去兩年吃到最好吃的牛舌飯。 牛舌厚度抓得剛剛好， 炭烤後的香氣與那種又嫩又脆的口感… 啊嘶~ 「對，這就是我要的牛舌飯。🤩」 米飯粒粒分明、飽滿有嚼勁， 再搭配食用級溫泉蛋， 還有萬惡的蒜酥 長期住在國外的我， 看到現在台灣的餐飲水準，真心羨慕。 謝謝在台灣認真做料理的廚師們， 真的很值得尊敬- With all my respects. 不愧是曾待過 fine dining 的主廚。 店內氛圍、出餐節奏都很舒服， 甚至連廁所都乾爽整潔 細節都在藏在魔鬼里。 炸豬排的部分其實一開始有個小插曲。 第一份上桌時口感偏柴， 和我預期的舒肥炸豬排不同。😕 我們反映後，店員立刻重新製作並解釋部位差異， 第二份上來，好吃很多。 餐廳偶爾出現小失誤我覺得很正常， 但怎麼處理問題才是關鍵。 他們的反應速度與態度， 讓整個用餐體驗依舊舒服。 龍蒿焦糖布丁味道很特別， 香草與草本氣息淡淡收尾， 飯後來一份，很清爽。 這是一家 讓人吃完會心情極好的店。 如果你喜歡牛舌飯， 我真心建議你一定要來試試。 P.S. 另外看到其他人的留言, 我只能說台灣的食客們真的都好嚴格啊😅 要是有台版黑白大廚, 節目組應該會需要你們來幫忙審核😂"
ChIJWW34AmGvQjQRPpdckEU-j7Q,非常好吃😋 看了評論被燒到，跟著點了明太子烏龍麵，果然名不虛傳，非常好吃，用料實在，每條麵條都均勻沾滿明太子，啵啵的口感真的讓人欲罷不能。不會辣喔。 起司炸豬排定食也很厲害，有升級御膳，小菜換成章魚燒、玉子燒、蕨餅，很值得。 沙拉是芒果優格醬，蔬菜新鮮，搭上醬非常好吃！ 新朋友招待的39元白身魚也很好吃。 總體來說份量非常大，一個人吃一份會有點吃不完，可惜的是內用沒有水可以配，餐點大多是炸物，加上口味都蠻重的，沒有水多少會有些口渴+解不了膩。,感謝有這次外帶經驗 發現內容物的菜色CP不高 主要是湯品+標榜日本米可以一直續 以及 緊緻盤子+類似懷石料理的 緊緻擺盤 用餐或有用餐時間壓力、氣氛趕與緊張 未來不再考慮用餐,有驚豔到，主菜好吃。旁邊小盤雖說是小菜，卻一點也不馬虎的精緻點。餐碗、盤也很特別。 第二次來，點 扁鱈玉京燒+御膳，鱈魚以味曾醃過，有點太鹹...。,第一次來點了赤味噌炸豬排和竹筴魚煮，吃起來過鹹，建議醬可以分開放碟盤上讓客戶自己加以免過量,服務很棒 整體都讓人感到貼心舒服，餐點也好吃！現場雖然需要候位，但等待很值得！東西也都吃起來爽快，餐後的醋很解膩，真的很棒👍👍
ChIJW_lv_hmpQjQRFslAyToEpRE,六個人點套餐，加購150的甜點兩份，最後加完服務費總價6200左右。 菜色很豐富，蝦和海南雞的味道確實很好吃，味道正宗。但菜量實在是太小了，咖喱雞裡只有五塊雞肉，剩下都是馬鈴薯，連均分都做不到有點誇張；綜合炒海鮮裡將近三分之二都是香料，根本沒什麼海鮮，太敷衍；炸魚的鹹度不夠，導致壓不住食物油膩感；青木瓜味道寡淡。 整體而言屬於味道不錯，但cp值不高，但店裡漂亮、服務也好，適合慶生或紀念日聚餐什麼的。,瓦城集團旗下的品牌，剛好很久沒吃這類口味較重的異國料理，辛香料個人也非常喜歡🥰 很多道餐點都符合期待👍👌價格吃起來也比本家瓦城便宜 老實說真的點太多道了，我們只有兩個人吃了2千多😂 打包幾樣料理回去，冰在冰箱，隔兩天拿出來加熱依舊好吃😋,用餐環境空間大、明亮 坐在窗邊還能看到樓下過馬路的人潮🥹🥹 Yabi拉餅298💰 檳城香炒粿條300💰 芭達雅炒飯295💰 香濃綠咖喱雞肉360💰 薑黃飯兩份45💰*2=90💰 粿條偏鹹，麵體Q彈好吃，吃沒幾口就膩了～旁邊有酸酸豆子搭配在一起很合適！👍🏻 炒飯很普通，拉餅則是超好吃！這個調味鹹香又開胃～有紫洋蔥🧅🥰 脆脆的餅皮～跟朋友都很喜歡！ 然後對餐的時候店員詢問要不要白飯或薑黃飯，後來發現綠咖喱其實加在芭達雅炒飯就夠了～炒飯沒什麼味道、綠咖喱也沒有想像中的辣（我完全不吃辣都覺得可能只有微辣） ✅收一成服務費,涼拌木瓜絲是偏粗的口感，非常脆口，調味的剛剛好，是近期吃過好吃的木瓜絲😋👍 🍆茄子也好吃😋非常下飯！配薑黃飯超爽👍 🦐冬陰功海鮮湯（小份）好喝、夠味！但小份也真的「太小份了」！小小的湯碗剛好只夠盛三碗😅想要喝湯的應該不夠喝～～～ 兩道有肉的主食，檸檬魚非常辣🔥有中辣大辣的程度！吃一塊魚肉都要喝很多水止辣，肉質普通。咖喱雞的雞肉嫩但味道還好。 炒裸條味道太異國風，吃不合。 最滿意的菜色是兩道蔬菜料理：涼拌木瓜絲、茄子、薑黃飯。,四人套餐餐 打拋豬，青菜，炸魚，青木瓜絲好吃 排骨，海南雞，楊枝甘露還好 不過餐上的很急，讓人很焦慮 桌子很滿，一直上菜，沒顧慮桌邊有嬰兒。
ChIJX09S9XCpQjQRPaixaaRO7i0,隔壁桌的人問：「這是一家法國菜餐廳嗎？」 二訪心得：應可歸類為無菜單餐酒館，店內好多酒，大家喝很嗨。 也很適合慶生，訂位時先聲明，壽星會有畫盤蛋糕。 吃素或是不吃牛肉，都可以在訂餐的時候告知，都會有適切的安排。 入座由服務人員倒水，之後自取。 櫃檯有冷「玉米鬚茶」和溫「鮮果水」。空杯、餐巾紙、溼紙巾，也自取。 無菜單套餐870元，共11品，可以吃飽。服務費隨意。 入座先看茶單5選1，再先掃QR code決定主菜，由服務人員桌邊點餐。 接著服務人員在小盤子裡面注入熱水，紙毛巾蓬起來，讓客人擦手。 以下依照出餐順序： （1）迎賓小點：1杯米果巧克力。（初訪遇到「香草冰淇淋+炭燒咖啡」，以小木匙進食，頗具風情）。 （2）烤的熱熱酥酥的「黑麥核桃起司歐包」，可沾榛果油。（初訪遇到的沾醬是優格起司醬）。 （3）松露洋菇派沙拉，現刨黑松露，爆「薏仁花」和爆「玉米花」增添口感。相當別緻，將薏仁爆開較少見。 （4）店家招待：焗烤田螺，可以麻油海苔包著吃。我覺得田螺的酒味好重。不知道為什麼招待，放眼望去似乎每桌都有。 （5）炙燒鴨肉鴨肝最中，底層有米飯。炙燒過程滿屋香氣四溢，太香了～～讓人好期待。整組真的相當別緻，調味均衡。唯一美中不足是「最中」不夠脆。（初訪遇到法式豬肉凍佐青醬，素食友人的是人參山藥番茄盅） （6）炙燒大蝦搭配魚子醬菠菜，佐龍蝦醬汁。好大的蝦，很過癮的一道海味。（初訪遇到干貝酪梨塔搭魚子醬，素食友人則是香菇酪梨塔） （7）湯品，預設為「牛肉湯」，湯底像羅宋，牛肉量不少。 友人不吃牛，更換為「牛肝菌菇濃湯」，像是牛肝菌打成小碎片，保有口感的濃稠湯品，香氣十足！（初訪遇到牛肝菌菇清湯） （8）水蜜桃冰沙，轉換味蕾。（初訪遇到芭樂冰沙） （9）主菜：我們選的是「香煎鬼頭刀」，份量約2至3片，檸檬口味的醬。佐烤紅蘿蔔、烤四季豆、烤櫛瓜、烤青龍椒。 （初訪時素食主菜是猴頭菇，佐烤紅蘿蔔、烤金針花、烤櫛瓜、烤青龍椒） （10）入座時我們選的是「牛蒡茶」，服務人員說等沙漏的沙漏完再喝茶，實測沙漏1回合的時間不太夠、大約要兩個回合比較有牛蒡味。隨茶附的茶點是「各種豆」和「咖啡餅乾」。（初訪遇到的茶點是兩種餅乾） （11）甜點是藍莓蛋糕，服務人員詢問是否噴點蘭姆酒？建議可噴，我這個不喝酒的沒感覺酒味，只有增添香氣。盤內佐寒天、麻糬、草莓粉、巧克力碎等。（初訪遇到的藍莓蛋糕有椰絲） 桌距窄，店內滿席有點吵。 店內有洗手間，但很難等，很急的話到隔壁善導寺站的洗手間。 需事先訂位，透過臉書粉專傳訊息或打電話。 😃付款方式：付現或數位支付Pi錢包。 營業時間：11：00-14：00 。18：00-21：00。 聊著聊著，不知不覺就從18:00坐到20:50，渾然不覺。 提供手寫紙本收據。 捷運善導寺站4號出口，走出站看向對面，就是「小法國」。,🍽 推薦菜色：脆皮豬腳（每日限量三份）、勃根地焗烤田螺與手捲、黑松露沙拉 📌 用餐體驗 小法國餐廳整體料理精緻且充滿創意，從前菜到主餐都能感受到主廚的巧思。這次點的無菜單料理套餐中最喜歡脆皮豬腳與黑松露沙拉，加點了焗烤田螺佐麻油海苔，表現非常出色。不過用餐的小空間中座位卻可坐滿近三十人，稍顯壓迫。 🔹 環境氛圍： 店內以歐風鄉村風為主調，燈光柔和、桌椅以木質為主，搭配巴黎照片與小擺飾，氣氛溫馨浪漫，但桌距過近、略顯吵雜。 🔹 服務品質： 服務人員態度親切，介紹餐點仔細，上菜節奏穩定，結帳櫃檯佈置也有濃濃法式可愛風格。 🔹 餐點風味： 烤脆皮豬腳外皮超脆、焦香、內裡軟嫩，油脂豐厚卻不膩。 焗烤田螺佐麻油海苔是台法融合的創意料理，以麻油香氣提味、海苔包裹焗烤田螺與起司，入口層次豐富、香氣濃郁。 黑松露沙拉層次感極佳，由多種不同食材組成，包含生菜、番茄、葡萄、米香與可食花點綴，並以現磨松露薄片與輕盈油醋提味，不但視覺上有美感又清新解膩。 🔹 性價比： 單點加價價位200～250元、套餐870元起，餐點水準與擺盤都很值得。 🚗 停車方便性： 周邊有停車格與停車場，但餐廳就位於捷運善導寺站出口，交通很方便。,三道前菜，蕃茄牛肉湯及，牛排五分熟，羊小排七分熟都不錯。 德國豬腳的皮太硬，我比較喜歡天母莎諾的豬腳。 洗手間只有一間，是蹲式馬桶及小便斗。對長輩不方便。,店內空間不大，但桌數並不算少，所以桌距滿近的，整個空間回音大，不確定這種有點鬧烘烘的氛圍是不是店家想呈現的？來慶生卻覺得好像可以去更有氣氛一點的地方。 甜點對我個人來說有點太甜了，到後來真的沒辦法吃下去，其他餐點吃起來沒有讓人驚艷的感覺，但算不錯吃，畢竟價格以法餐來說應該不算太高，所以還可以接受。 一開始入座點餐有種旋風式要完成的慌亂感，但上餐速度卻偏慢，理解法餐本來吃起來時間就不短，但前後速度的對比落差蠻大的，可能不會特別回訪跟推薦。,"這次是睽違幾年的再訪，主餐是選鴨胸和鬼頭刀，不過鴨胸我覺得太老了有點不太ok,其他服務還是很好，有機會還會再回訪，畢竟這個價位很難再挑剔了，😆"
ChIJX3S6GsKrQjQRQs59XAaTHFE,明太子烤雞肉飯$179 目前七週年再打77折 餐點4.5 內用有免費小菜湯飲料 餐點不錯吃但口味稍鹹 服務4 氣氛5 店內燈光風格宛若酒吧 音響投影輕鬆跟著哼唱 擺設可愛公仔增添趣味 魚缸波光粼粼生機點點 只可惜未見著店貓蹤跡,整體口味不錯，小菜飲料吃喝到飽很加分，有多元支付，剛好經過可以試試,用uber eats訂餐，出餐稍慢、但明太子雞肉飯還不錯吃。份量也有點少 男生會吃不飽 。,2025 年 7 月 18 日 Ubereat第二次訂購 也是買一送一 2浦燒鯛魚烤肉飯$378.00 好吃，這次幾點拍照了 2025 年 6 月 25 日星期三 Ubereat第一次訂購 買一送一不錯吃， 忘記拍照。 明太子雞烤肉飯$338.00,已經吃過了很多次，集點卡也滿了兩章 🤣 還免費便當159元以下 味道非常好吃適合午餐😋。如果內用還有飲料可以喝到飽。我最喜歡是明太子雞肉，其他口味也很好吃不過明太子好象是店家的招牌。 店家的價格有點高，份量如果是男生會比較少可能吃不飽。但是很適合女生的量。 建議大家如果外帶先打電話訂會比較好🥰
ChIJX4JLHaipQjQRfvkdSezeSEs,2026.02.02 你有多久？ 沒有遇過吃飯要先脫鞋的🤣🤣🤣🤣 今天來龍山寺拜拜 陰陰的天就讓我想吃鰻魚飯 感覺吃完以後會有活力一點😂 人可以振作一點（歪理）🤭 所以就順手搜尋了附近的鰻魚飯 結果 就跳出這一個陌生的名字 小林英夫？ 這是一個人名嗎？ 再看了一下室內環境 好像蠻復古的 好吧，就來試試看看 結果⋯⋯⋯ 體驗感還蠻特別的耶 首先要拉開木窗窗簾門 這個就很日式了吧！ 再來還要脫鞋子⋯⋯欸⋯有日本喔 坐下之後整個餐廳的氛圍感是很復古的，然後服務人員還有穿上日式服裝跑來跑去 感覺自己已經又1秒到日本了😂😂😂 想吃鰻魚飯，當然就是先點鰻魚飯囉！ 不得不說這個鰻魚飯$360感覺CP值還蠻高的。整體味道普通。 說不上非常驚艷 但是也不難吃 這裡的湯是讓你自己無限喝的 裡面的燉蘿蔔跟魚肉都好多好好吃 味噌湯的鹹淡非常的恰如其份 炸雞也好吃 我們點了一個炒水蓮也蠻香的 但是我另外有點握壽司 忘記拍照 我覺得握壽司的表現就沒那麼好 我個人會比較喜歡吃他們其他的料理部分 最後餐廳非常貼心的招待冰淇淋 一端出來，簡直讓我們哇⋯⋯⋯ 有燈很溫暖 有兔子很美麗 有這樣的招待很開心🤭 總之今天又吃了一頓快樂飯！ 大家每天要快樂喔🥰,環境非常日式，整體氛圍很舒服又有質感。 餐點都好吃，完全沒有雷～ 四人份甜點擺飾超浮誇，拍照超好看📸 很適合聚餐、慶生，喜歡日料的朋友一定要來,✨ 推薦重點： 雙人套餐CP值高、海鮮新鮮、員工超友善！ 這次聚餐選擇了位於西門的「小林英夫日本料理」，我們點了雙人套餐。從一連串上桌的菜色來看，份量完全沒話說，非常適合胃口好的情侶或小家庭一起享用。 🥢 雙人套餐菜色亮點（圖多請看！） 1. 究極刺身與握壽司盛合： 擺盤華麗，海鮮新鮮度極高！從照片上可以看到，握壽司拼盤上有海膽、甜蝦、鮭魚卵，以及多種高級魚種，每一口都是大海的鮮甜滋味。刺身也給得很大方，厚切的魚肉口感扎實，油脂平衡得非常好。 2. 香烤美味： 套餐中的烤物表現也很出色。烤鰻魚處理得很好，外皮微焦帶有彈性，醬汁入味，肉質細緻；另外還有香氣十足的烤肉（是牛小排和松阪豬），肉汁被鎖在其中，搭配沾醬和芝麻，一口咬下非常滿足。 3. 日式炸物與熱菜： 炸雞塊外皮酥脆、肉質多汁，淋上美乃滋和檸檬片，酸甜解膩。此外還有清炒的時蔬，搭配豐富的肉品和海鮮，讓整體飲食更加均衡。 4. 特色湯品： 最後喝到暖呼呼的湯品土瓶蒸（加購100）在寒冷的夜晚裡為這頓飯畫下完美的句點。 💖 服務滿分：給帶小孩的父母一個讚！ 這次用餐我們有帶小朋友一起來，原本還擔心日式料理店氛圍比較安靜，會影響到其他客人。沒想到，店裡的員工和老闆對小朋友都超級友善、非常有耐心。他們主動關心我們的需求，還和孩子們親切互動，讓身為家長的我們感到非常窩心和放鬆。 能夠在享受高品質美食的同時，感受到店家對家庭客的體貼和溫暖，真的很難得！ 總結： 「小林英夫日本料理」不僅食材新鮮、套餐內容物超值，最棒的是那份讓人賓至如歸的暖心服務。無論是情侶約會、朋友聚餐，還是像我們一樣的家庭客，都非常推薦來這裡！,之前在鏡週刊看到就很想來的日式料理 這次和朋友聚會來吃一波 店內風格很日式，有福島的赤牛等 料理的話，假日低消是300元，一人套餐是699元，2人特餐是1450元 有收服務費 這間好吃，是吃服務和氛圍，可以吃飽 如果想吃性價比，可能不適合 如果是想聊聊吃飯，感受日式風情，這滿推薦 廁所算乾淨，很懷舊風 有免費的茶和味噌湯可以喝 客人數量在平日晚上滿穩定，感覺有一定的客源 下次來，如果有機會倒是想試試看商業午餐,「小林英夫」在食材選擇、製作細節與用餐氛圍上，都能感受到老店的用心與溫度，店長非常熱情且親切，價格合理平價親民，小資族吃起來也沒有負擔。如果想在西門町找一間適合聚餐、聊天、慢慢吃的日式料理店，很推薦「小林英夫」可以好好享受一頓溫暖的日式料理。
ChIJX5yZXwCrQjQRKUrbiH1XkVY,餐點⭐️⭐️⭐️ 口味還行，不會太重鹹吃到膩，但一個韓式部隊鍋要260裡面配料只有香腸和午餐肉就沒了，麵也是普通的王子麵，當作體驗和小菜飲料的套餐價格的話還算可以接受，過路客還是可以試試。 服務⭐️⭐️⭐️ 人手看得出來很不足，餐盤回收區從進門到用餐離場都沒怎麼動過，但小菜區跟飲料台一直很足夠，沒有見底的情形，叫號的話其實聽不太到數字聲，只能看其他比較早來的客人有沒有都拿到餐點，出餐時候才有辦法走過去問是不是自己的號碼，建議可以在店內加裝號碼顯示的設備。 氣氛⭐️⭐️⭐️ 店家沒什麼人的時候氣氛還行，但今天坐在最外面桌的客人，一個滿臉痘疤的父親要一個小一左右的男孩自己去搬鐵鍋，過程非常危險還一直出言譏諷，在旁邊吃個飯還要戰戰兢兢地，真的很靠北。 衛生⭐️⭐️ 小菜區、飲料bar、冰淇淋機台都很正常，但是醬料罐尤其是辣醬的外圍都是結塊的醬料，開蓋手會一直摸到。餐盤回收區回收速度太慢容易滋生蚊蟲，吃餐點時候有個長得像果蠅的就飛掉進我裝的奶茶裡抽動，挺影響食慾的，儘管蟲有豐富的蛋白質但我沒有付錢購買受之有愧。廁所的話整理的算乾淨，不會讓人不敢進去使用。小孩的矽膠湯匙請要定期更換，沒洗乾淨日積月累都會卡食物汙垢，藍色矽膠湯匙周圍都是辣醬的顏色。 沒有衛生的選項，就算在服務裡面，平均下來服務部分兩顆。 下面附上餐點供參考，果蠅奶茶不是惡意抹黑，這是當下拍的鐵杯奶茶,終於在台北吃到令人感動的韓式飯捲了！這間的飯捲水準真的沒話說，一入口海苔刷上麻油的香氣直接在嘴裡炸開，內餡紮實、比例拿捏得非常精準，每一口都能吃到食材的新鮮度，完全不是那種敷衍的口感。 最驚喜的是店內竟然還有包廂空間！在松山區這種寸土寸金的地方，能跟朋友在獨立空間裡一邊吃著道地飯捲一邊聊天，隱私感滿分，完全不用擔心被打擾。,-紫米小韓室飯捲：飯偏濕軟，整體還行！ -韓室豬肉拌飯：偏台式，辣醬另外放，隨自己的辣度調整。 -魚板湯：不錯，湯頭不會過鹹。 -自助吧有小菜、餅乾、飲料、冰淇淋，很讚！冰淇淋味道個人不喜歡，奶茶不錯喝！ -需自己取餐、回收餐盤。 -202510,今天跟朋友約好帶小孩聚餐來吃韓式，剛好也有小包廂，感覺慶生也很適合😆 炸蝦飯卷、雞球、冰淇淋是女兒的最愛😍 飯卷新鮮製作，魚板湯也好好喝，炸冬粉是我的最愛🩷 店裡還有冰淇淋、飲料、小菜都是吃到飽，大人小孩都獲得滿足⋯超棒,外送點了 韓式牛肉拌飯 醬燒豬飯卷 人蔘雞湯… 這雞腿很柴…飯卷味道很淡（是誤會了醬燒？） 至於拌飯就普普通通…只能說創意是需要點天份或…是不是自己先該試試味道
ChIJXV3RZsOrQjQRQvdi_pCOSvM,臺灣咖啡產業策略聯推出「臺咖地圖」，標出使用台灣產區咖啡豆的店家，本店即為其中之一。 店內空間寬敞，氣氛平和，伯爵紅茶巴斯克的口味尚可，質感濕軟，帶點微酸的滋味。另外，台灣的手沖咖啡採日曬的手法（已經不只一間採用阿里山的莊園豆，真是風水寶地！），味道深沉濃郁，酸度較不明亮，與苦度一併帶出，是杯層次很豐富的手沖咖啡；手沖菜單上都有仔細介紹每支咖啡豆的產地、特性、手法等等；對咖啡有興趣的朋友不妨來試試。,精品Soe1+1很好喝，店員親切知道我喜歡淺焙幫我挑淺焙豆帶有草莓味很濃郁很好喝,高腳椅的位置，桌下有插座可以使用筆電，不限時！低消是一杯飲料 若沒有用筆電，座位選擇多，早上去進去的時候，很多人在談生意～舒適，氛圍也好，下次若要在附近用筆電，還是會選擇這裡,我覺得飲品都不錯，但是餐點CP值很低⋯ 但因為不限時還有插座可用，我覺得還可以接受。 餐點沒有不好吃，實際上味道還不錯，但量真的很少、搭配上三百多的金額覺得不太行,不限時咖啡廳適合用電腦的人☕️💻 低消是一杯飲料唷 高腳椅座位區有插座 店員也很親切熱情 黑糖拿鐵$180 味道還行，但店家還有手沖豆子之類的也許更厲害～
ChIJXcfVuYSrQjQROcYuv1Ti-Dg,只開平日的預約困難店，比過去幾年來菜單有改版，價格偏高、分量偏精緻，兩個人點三份主食+一份套餐才吃飽，不點酒人均就1000 up😶‍🌫️，主餐以肉類為主，預訂位置時先點菜、也可以當場加點，但黑板上很多菜當天點都說沒有。 服務人員態度偏冷，對有點酒的客人態度比較好🥲，套餐想點高麗菜不知道為什麼一直叫我們不要點XD？明明有先預訂餐點，但上菜蠻慢的，麵包也過快一小時才上，食物水準尚可、不到驚艷，整體上不會再回訪。 📍紅酒慢燉澳洲和牛頰 $520：紅酒醬有點苦，牛頰很嫩，旁邊搭配的薯泥很綿密。 📍直火炙烤小牛肋排 $680：小牛吃起來不太像牛肉，偏向羊，但我不敢吃羊😭。。。 📍炙烤小戰斧豬排 $650：豬味很重，吃兩口就吃不太下去了🙂‍↔️。,又是一間朋友推的店但我覺得普通偏上 松露麵規規矩矩但蠻好吃的醬汁稠度跟麵的硬度都不錯 主餐牛肋排的部分口感有點吃不習慣 有種舒肥QQ的口感但問了店員他說不是 味道非常清淡導致我還需要跟他們拿鹽巴 下面的醬我們也覺得沒有很搭 番茄奶油繪牛肚應該是我們最喜歡的一道菜 醬汁稠度剛好味道濃郁順口 搭配麵包或是其他各種調味清淡的菜都很棒 可能不會再回訪,朋友預約到的，她非常激推。我覺得在餐酒館價位中等，當天用餐覺得部份菜品好吃，其他就不是合我胃口。 (我不吃羊)朋友預定的燉羊膝跟羊排:其中兩人說好吃。 松露薯泥:推薦必點，所有肉品跟松露薯泥都很搭。 附餐沙拉: 沒有什麼醬好像乾啃菜。 附餐濃湯: 喝起來像奶油蔬菜濃湯，很好喝😋(上網查菜單似乎是南瓜濃湯?) 烤牛排: 我點的但覺得很乾偏柴。 戰斧豬排: 好吃，我自己牛排不吃，一直吃我朋友的戰斧豬排🥲 咖哩炒蛋: 咖哩比較偏印度還南洋味咖哩，我比較吃不習慣這類咖哩。 炒大蛤跟貓耳朵麵好吃，正常發揮。 最後點香料可樂的人要三思，肉桂味超重(好像還有八角味?)，喜歡這類味道可以點，另外酒品好喝。,. 📍文火處方 料理所 🌟紅酒慢燉澳洲和牛頰520（👍🏻） 牛頰肉入口即化 薯泥真好吃😋 建議單點白飯 超搭ദ്ദി˶( ᐛ) 🌟慢燉羊膝650 （訂位時需先預訂）（👍🏻） 沒有羊騷味 入口即化！ 滿滿膠質 又不會很膩 不敢吃羊的人 也可以接受 非常驚艷的一道👍🏻 🌟乾烙季節時蔬130 店內位子不多 一定要先網路訂位 預約困難店😝 🌕🌕🌕🌕🌗,煙燻臘腸炒大蛤很鮮美， 但我覺得少了一點點🤏的煙燻臘腸香氣。很適合沾套餐的麵包一起吃。 蒜烤薯塊口感很好。表層烤的香脆裡面鬆軟但還是有一點彈性口感。 大力推羊小排！。羊小排配的薄荷蘋果醬 非常搭配。小羊排本人油脂多，搭配薄荷蘋果醬，果香平衡了油脂感 肉變得更甜。很好吃。鴨胸煎得剛剛好 很柔軟好吃。我的感覺是鴨胸整體的口味是比小羊排重一些。 這樣兩個人吃完是很舒服的飽度。是一個很好的晚餐體驗。我們沒有點酒。下次再訪會點酒搭配應該會更完美。
ChIJXfCvReOrQjQRs3K2Lo84HaI,12/5更新 今天拿了昨天外帶的牛肉麵吃，打開發現只有半碗。貴餐廳把客人的餐點倒掉不僅沒有致歉還只補一半給客人，毫無誠意，不會再訪，提供其他欲到訪的顧客參考。 餐點好吃但服務人員的訓練要加油。 服務部分：今天我獨自去用餐，店員都帶位到一半了結果外國人來搭話就亂了陣腳，還叫我應該在櫃檯等他先處理完^_^ 牛肉麵420一碗價格頗貴，但大概只吃到一半的價值，另一半吃不完想打包卻被員工倒進廚餘桶。服務生跑出來告知餐點被倒掉，所以呢？我的牛肉麵？最後不知道是不是看我臉色不對又進去跟後廚協商補一碗給我，觀感很差。請加強員工訓練，價格比鼎泰豐高服務沒人家一半好。 餐點部分： 我點的是紅燒牛肉麵，麵體有點像刀削麵是粗粗有嚼勁的口感。牛肉四塊其中一塊是牛筋，牛肉燉到軟爛入口即化，值得嘉許。湯頭中規中矩，是好吃的紅燒牛肉麵的味道。其他小菜很普通甚至有點廉價，有蕃茄百頁豆腐、豆乾絲（吃起來是不辣的魔芋爽味）、醃結頭菜。茶凍感覺是全聯買得到的粉泡出來的，水果不甜也沒味道，不好吃。建議專精在牛肉麵，降低定價，或是提升其他附餐品質。,整體用餐氛圍 上菜速度很優質 如若： 用餐有附茶水跟濕紙巾的話 更加分～ 吃不完外帶，有附餐具🍴紙巾的話 更加分～ 外帶的提袋沒有印上餐廳名稱、電話地址 真是太可惜了,此生必吃牛肉麵，我覺得中等，肚子餓還是可以吃的😋😋 地點很好,服務人員親切有禮，餐點如所拍照片。 一桌9000元不含服務費。 米粉湯美味、雞湯鮮美、魚非常好吃無養殖味、滷牛鍵心非常入味可口！水果新鮮！ 只有那道奇怪的甜點⋯大家都說不好吃！ 連續二天都在此用餐。雞湯裡的全雞在第二天變成雞塊？米糕上面無韭菜？高麗菜變整盤青花菜。不過第二天的甜點非常好吃！,参展宴客的好選擇，不用大老遠跑到外面吃飯，餐點還不錯吃。
ChIJXwOtVnCpQjQRTVueuwzw_2M,去過御景日本料理很多次，每一次都是安心吃、穩穩好吃。 但這次第一次點無菜單料理，只能說—— 我真的低估它了。 那種「原來你還藏這麼深」的驚艷，是會讓人坐在位置上默默點頭的那種層次。 整體節奏從前菜一路鋪陳到收尾，非常完整，但有幾道，我一定要特別拉出來說。 ⸻ 海膽松露豆腐 這道一上桌，氣場就不一樣。 松露香氣低調鋪陳，海膽的濃郁鮮甜滑進口中，與豆腐的細緻融合得毫無違和。 鹹、鮮、香的比例抓得極準。 不是浮誇型好吃，而是會讓人停三秒、閉眼感受的那種層次。 這道，是宣告今天不簡單的開場白。 ⸻ 烏魚子鮭魚白玉捲 這道真的滿分。 鮭魚油脂在舌面化開，烏魚子的鹹香慢慢堆疊，白玉的Q彈拉出節奏。 每一口都乾淨俐落，卻又層次分明。 沒有過度調味，但食材全部站在對的位置上發光。 這就是日料該有的浪漫。 ⸻ 手工胡麻豆腐與炸蝦 這道原本看似低調，結果成為今晚最有記憶點的一筆。 手工豆腐吃下去那瞬間，我愣住。 它不是嫩，而是帶有麻糬般的Q彈感，微微回彈卻又保留豆香。 在別處真的從沒吃過這種口感。 胡麻醬只是襯托，沒有搶戲。 炸蝦則外酥內彈，薄脆乾淨，與那塊Q彈豆腐形成強烈對比——一酥一彈，節奏非常漂亮。 這道，是低調卻難忘的存在。 ⸻ 明太子烤白帶魚 這道是當晚的爆點。 白帶魚外層微焦酥香，裡面卻細嫩得不可思議。明太子的鹹香在炙燒後帶出焦香味，但完全沒有壓過魚本身的鮮甜。 那種油脂與鹹香在口中擴散的速度，會讓人默默再多夾一口。 ⸻ 握壽司—海膽干貝 這顆握壽司我會記很久。 干貝甜度極高，柔軟得幾乎像奶油，海膽濃郁海味堆疊其上，底下醋飯溫度恰到好處。 不是冰冷的壽司，而是有溫度的。 一口吃下去，是奢華，但不浮誇。 ⸻ 最後的蒜頭蛤仔湯，蒜頭煮得透而回甘，蛤仔鮮味自然釋放，湯頭清澈卻濃郁。 喝完那一口，整場無菜單的節奏完美收束。 是句點，也是擁抱。 ⸻ 當天完整菜色： 海膽松露豆腐 鮑魚與明太子小黃瓜捲 烏魚子鮭魚白玉捲 生魚片—紅甘、白甘、鮭魚、甜蝦、生蠔 手工胡麻豆腐與炸蝦 明太子烤白帶魚 握壽司—比目魚、海膽干貝、草莓蛋皮、鮪魚 蒜頭蛤仔湯 甜點—橘子、茶凍 ⸻ 以前來御景是「來吃飯」。 這次，是「來體驗一場完整的料理節奏」。 如果問我下次還會不會點無菜單？ 小孩子才選固定菜單。 懂吃的，直接無菜單走起。🍣😌,好吃！海膽、生蠔、鮑魚、鮪魚腹、紅喉魚等食材都是吃得出的非常非新鮮、鮮甜，調味和料理也都非常美味、有特色！老闆和老闆娘都非常親切，也有很多豐富的日本酒種類可以選擇，非常推薦！,服務親切 蛤蜊茶碗蒸有五顆大蛤蜊，味道佳～可惜配料只有蟳味棒稍嫌單調 定食套餐份量足，建議白飯可以等主餐來了一起上，太早端上桌，等主餐來時已冷掉，稍嫌可惜（但也可能是要搭配前菜吃？）調味對我來說較偏清淡 前菜的香菇很入味，有小驚豔到👍,巷內美食，當日客滿的日本料理，還有無菜單～這次點了1800元的！整體好棒棒～（因為坐在吧檯）有些沒有拍到照片可惜，有機會的話還是會再訪的！辛苦了,回到一開始公司尾牙的地方，有很多特色菜又好吃，可以單點也有無菜單料理，環境舒適又近善導寺捷運站，要來之前最好先訂位，經過就不要錯過
ChIJY-WhLbuuQjQRspXCBrQnwRo,一家蠻溫馨的日式拉麵小店 他們家的拉麵（粗麵）很有嚼勁且Q彈，細麵也好吃，但個人更喜歡粗麵的口感～ 豚骨湯頭偏台式不算濃厚但是是好喝順口的！ 雞湯很清，喝起來沒負擔 雞肉感覺是舒肥雞，口感蠻嫩、滿細緻的 叉燒肉吃起來像南部口味，有淡淡的甜味 目前有活動拉麵均一價$180以北部來說這價錢實在蠻佛心～～ 吃不夠可加麵加湯一次，加麵只能細麵 廚師很親切，看到我們要離開還跟我們道別👋🏻,路過感覺不錯就進去還真的很不錯餐點平價實惠口味比很多名店好吃多了很多店只給1，2片肉就要250元以上這間店有3片肉才200元還可以免費加麵加湯服務親切而且會主動問要不要加麵,粗麵很好吃，Q彈又不會難咬，雞湯拉麵湯頭比想像中淡，但好喝，雞肉普通。 激辛豚骨拉麵，湯頭好喝，肉片好吃。 可免費加細麵、加湯，用餐環境乾淨且寬敞，最近有十周年活動，拉麵不分品項一律180，整體來說，如果之後路過會想再訪的好店。,非常普通的拉麵，蠻台式的，點了豚骨柚子沾麵$220，沾麵湯濃度高偏鹹，粗麵有嚼勁，粗度像烏龍麵，叉燒蠻好吃的。整體cp值算高，可以免費加麵加湯一次,先說我不是托，但百八龍是少有的能在全面漲價中降價的，原200~220的麵現在均一185，就這點我給他五星好評不過分。 環境方面：室內採用小燈照明，偏暗，溫馨風，座位是有的但約半數是吧台，好不好坐看人。 餐品方面：我吃過三次左右，雞湯雖說是招牌但我印象確實不深，辛拉麵則是正常的豚骨+辛辣醬，以185元cp值是水準之上。 個人體驗：服務員熱情，可再加一次麵（但她好像沒讓我選粗細也不曉得是不是忘了），cp值相比動輒260以上的拉麵可以了，要更低價只能去九湯屋那種調製的了。
ChIJY4KDoKmpQjQR2RFjiDc6c2Y,這顆刈包，真的是我心中名列前茅、可以反覆朝聖的存在（跟一甲子齊名）…來訪非常多次，品質始終如一，幾乎沒有走鐘的時候，這是非常難得的。 燉得恰到好處的爌肉…肥而不膩、入口即化卻仍保有肉感；刈包鬆軟完美撐起整體結構；香、酸菜與花生粉的結合…比例抓得精準…互相襯托不搶戲，每口都層次分明、香氣十足。 目前一顆 70 元，價格確實不算親民，但吃完真的會讓人點頭如搗蒜…舉雙手認同的美味，這是用價格衡量不了的！,雖然有排隊人潮，但出餐速度蠻快，不用等太久，大部分人都是外帶，內用座位不少。 刈包的肉片偏薄，不是滷到非常軟爛的那種口感，牙口不好的人要注意，有機會咬到偏硬的軟骨。 內用點湯可以續湯，這次點了四神湯，湯頭喝起來有點像大骨清湯，非常清爽。,源芳刈包是華西街夜市著名台灣小吃代表之一並自2020年迄至2025年連獲必比登美食評比加持成為中外饕客來台必訪的美食聖堂，我自然也不能免俗故特別專誠前來一探究竟。 和隔壁同樣也是必訪名店的「小王煮瓜」相比，源芳的店面就顯得略小甚至有些不起眼，即便如此店主仍贴心在店外放置了幾張小桌和座椅讓不想外帶的客人可以坐下安心享用，這種以客為尊的待客表现讓人不得不豎起大姆指給小店的周道禮數點個讚！ 他們家的刈包是另一個亮點， 餅皮澎鬆飽滿自帶一股麺香夾著肥瘦適中燉煮到位的焢肉和少許酸菜加上花生粉一同享用堪稱人間美味，不但没有一點腥膻油腻之感在咀嚼之間還可以明顯感受到焢肉的精實和滷汁滋味，整體口感偏甜層次較不明顯，此外值得一提的是他們家焢肉是選擇帶有軟骨的五花肉製作所以咬到時會有一種膠質清脆的口感，初嚐者可能感覺有些另類不太習慣但或許此恰為源芳刈包之所以為人稱道特別之處，眾説紛紜莫衷一是，最後恐怕還是得等各位好朋友自己試過後才能給出最客觀的答案了！,連續蟬聯六年必比登推薦的〈源方刈包〉，傳承著最道地的台式好味道。店家座落於台北市萬華區的華西街觀光夜市內，人來人往、熱鬧非凡。攤位前總是排著長長人龍，卻能看見一種難得的默契——隊伍沿著店家外圍延伸，不阻擋其他攤商營運，交談聲音低緩細碎，秩序井然，彷彿夜市裡的一種溫柔風景。 衝著必比登名號點上一個刈包嚐鮮。白胖柔軟的刈包皮一掀開蒸氣，立刻飄出淡淡的麥香；夾入滷得恰到好處的五花肉，肥瘦比例均衡，入口不膩。滷汁走的是中庸內斂路線，不刻意搶味，而是襯托肉質本身的香氣。微酸的酸菜恰如其分地解膩，花生粉帶出堅果香氣，再以香菜點綴，層次分明卻不紛亂——每一口都是堅果、菜香、肉香與麵皮麥香交織而成的台式經典。,位於台北萬華的 源芳刈包，可以說是這一帶最具代表性的老字號小吃之一。攤位不大、裝潢簡單，但每天依然吸引許多老客人與外國遊客慕名而來，尤其是假日常常需要排隊，可見人氣之高。這裡的刈包不是花俏版本，而是保留最傳統、最經典的做法，反而更能吃到台灣小吃的靈魂。 店家的 滷肉肥瘦比例拿捏得非常剛好，肥肉入口即化、瘦肉不乾柴，配上花生粉、酸菜、香菜與軟綿的白刈包，層次非常平衡。許多刈包店的花生粉甜度會偏高，但源芳的甜度控制得節制，不會蓋過肉香，整體口味更耐吃。酸菜偏細碎，鹹香中帶微酸，能有效解膩，也讓每一口更有層次。若你喜歡「肥一點」或「瘦一點」，店家也願意客製調整，是老店才能展現的彈性與貼心。 除了刈包本體用心，源芳的 滷汁風味 更是亮點，帶有老滷的濃厚香氣，但不像有些店家偏重口味，屬於清爽卻深層的鹹香，吃到最後也不負擔。若搭上一杯旁邊常見的冬瓜茶或青草茶，就是完美又道地的台式組合。 整體來說，源芳刈包是非常值得專程來訪的一家店，不論是想回味台灣傳統小吃、帶外地朋友體驗在地美味，或只是順路填飽肚子，都能感受到萬華巷弄裡那種樸實溫暖的味道。這裡的刈包沒有過度包裝，卻吃得出時間、技術和堅持，是屬於台北人的日常，也是讓人吃過會記住的老店風味。
ChIJYRoU1marQjQROmsP8urhm8Y,裝潢乾淨溫馨明亮，餐點正常水準，醬汁味道蠻獨特，店家給的量剛好不會過鹹，但吃完真的會想喝湯，剛好阿給的碗拿來喝關東煮的湯🙂 平日晚餐19:30左右進店不需等候 阿給55 花椰菜40 洋蔥30 豬肉60 共$185供參考,『比比登推薦』比比今天去國家鐵道博物館後剛好12點多無意間經過的，裝潢很乾淨，看起來也不錯比比就進來了。裡面只有一位小姊姊服務，裡面的關東煮湯是免費暢飲，不過比比可能兩碗就頂了。關東煮的部份味道都極好，完美每樣料都可圈可點，讚！,餐點好吃、老闆又帥又親切、環境乾淨寬敞！吧檯座很適合上班族午餐時間一人用餐，吃完心情都好起來，有動力繼續上班了😍,"🔸關東煮🍢：點了雙人套餐($520), 有花枝黑輪, 龍蝦棒, 百頁豆腐, 高麗菜捲, 金針菇, 高麗菜, 大陸妹, 牛肉, 芋頭手工丸, 荸薺手工丸, 王子麵, 手工拉麵, 烏龍茶, 檸檬紅茶; 芋頭手工丸還行, 只是不如貢丸的Q彈; 口味上中規中矩; 蘿蔔最好吃… ☑️評價很高, 所以一開始充滿期待, 後來發現是5星送白蘿蔔堆疊出來的, 幻想泡泡破光光😆… ☑️以關東煮來說算是偏高的價位(可能是因為店租的關係), 追求經濟實惠兼顧一定品質的人建議去附近的全家就好… ☑️湯可以續, 是內環境乾淨明亮, 氛圍不錯… ☑️服務人員態度十分親切友善, 跟google的店主的評論風格有著鮮明對比… ⭐️⭐️嚐鮮即可",2025年12月03日星期三 第一次購買， 店內乾淨明亮， 掃碼點餐很方便， 口味很清淡， 適合口味輕的人吃， 沾醬不錯喔， 不過我比較重口味， 所以對我來說還好＞＜
ChIJYUGWzJupQjQR30LzEzBzJFM,絲瓜小籠包 清甜爽口好吃 推推 可點 蟹黃小籠包 清幽蟹黃味 看個人預算評估是否要點 一般小籠包 基礎入門版 可點可不點 看你當天想怎吃 排骨炒飯 排骨有醃過味道還不錯 炒飯過關 韭黃春捲 我個人頗喜歡 建議可點 魚蝦什麼餃 我覺得可以pass 酸辣湯 不酸也不辣 可以自己加老闆娘自己炒的辣椒 味道好些 豬肉條微微豬味 小菜茄子🍆 我喜歡 建議可拿 滷牛腱 我喜歡 建議可拿 搭蔥 老闆娘自製辣醬 好吃 感覺是豆瓣魚乾醬虎皮蛋 外型吸睛 可以嚐鮮即可 文藝青年覺得整體不錯 雖然客人大部分都長輩，但我們喜歡👍 本次消費 3人 共$1930,醉雞是在冰箱裡的小菜，一份290元，蘿蔔絲餅很好吃不油膩，菜肉蒸餃也很扎實皮很Q，最好吃的是絲瓜蝦仁湯包，蝦肉和絲瓜都很清爽好吃，價錢稍微比較高一點，不過口味很不錯 115.03.07,小菜太鹹，害我晚餐後，一直感覺口渴。小籠湯包還行，蝦仁蒸餃很普通，炒飯鍋氣不夠，沒有提供洗手間這一點會讓我不再二訪。,重酥蟹殼黃實在太小，只有正常的二分之一，調味過淡只吃到豬油味，稍嫌油膩，油豆腐細粉正常，澆頭一般般，湯頭略顯混濁，清蒸茄子還不錯，淋醬加分不少，整體而言只能算是普通。吃東西的感受是很主觀的，個人意見僅供參考,離峰時間去吃飯，還是陸陸續續有不少客人，生意真的很好🙂‍↕️ 人多的話，一個人需要和別人併桌。 - 小籠包就是好吃的小籠包，皮的厚度ok，湯汁也有鎖住，該有的都有～ 小菜就稍稍偏油一點。一個人點不了太多，不然也蠻想試看看雪菜肉絲年糕的🤤 - 住附近的話會願意偶爾就去吃一下，或是路過可以吃一下～
ChIJYV_m-5ipQjQRJdIuCQxssNk,已經是二訪黃龍莊了 第一次吃就覺得很驚艷 炒飯非常好吃👍 小籠包類也是很讚 雖然牛肉麵也是好吃 但是炒飯小籠包更好吃😋 今天點了雞湯 骨肉分離 湯頭好喝 有機會會三訪～～,菜色豐富、份量對女生來說很足夠(各點了一籠小籠湯包+湯+小菜，吃很飽)。 點了絲瓜蝦仁和鮮肉小籠湯包，喜歡口味重的推薦鮮肉。湯的份量意料外的豐富量多，青菜蛋花湯還加了番茄很喜歡，酸辣湯是偏酸的不辣。 整體調味都不會過重，覺得很不錯！ 也會提醒小籠湯包要先吃不然會涼(真的涼很快！),好吃的黃龍莊，小籠包跟燒賣都吃得出優雅鮮甜的內餡，元盅雞湯油而不膩，鹹鮮濃醇👍，炒波菜跟小菜也十分可口，炒飯粒粒分明，鍋氣添香😋。兩個人吃剛好1000左右，十分實惠。,115.2.28.星期六去吃的。位置在牯嶺街跟寧波西街交接口（面對南門市場的左斜後方。a走南海路過南昌路ㄧ段後左轉牯嶺街，b走羅斯福路右轉寧波西街後直走）。從南門市場走過來大約10分鐘。 桌上有牛蒡茶可免費自行享用。今天點了小籠湯包（1籠8顆）跟小碗酸辣湯。個人覺得小籠湯包很有湯汁但味道淡了些，且內餡就真的只有絞肉且有點散散的。酸辣湯有鹹度但料很多，料有細細的肉絲跟蛋花／細細的紅蘿蔔絲跟筍絲吧／切小塊的豆腐跟佐蔥花。 後來有看到左邊隔壁桌的麻醬麵（大小跟小碗酸辣湯的碗差不多），看起來不錯吃。右邊隔壁桌的雞湯（看起來不錯喝）跟炒飯（料只看到細肉絲跟蛋及蔥花）還有應該是清燉牛肉麵吧（因只有看到幾塊牛肉跟麵條）,如果喜歡吃湯包的話，來這裏應該是會覺得踩到地雷；如果要吃cp值，這裡絕對不會是個選項；如果在意餐具的乾淨程度，那拿到油膩的杯子會讓你感到傻眼... 店裡服務員是客氣的，但餐點讓人頗失望，如果你吃過湯包，那燙嘴的湯應該是吃湯包過程中的一種享受，但這裡到湯包只有偏硬的皮，普通的內餡還有不存在的湯？真是對不起這種價格，隨便一家市場不錯吃的湯包我想都屌打這裡。餃子更是令人傻眼，一夾就破，第一口還伴隨著濃濃的腥味，最後只能多拌著一些薑絲無奈的把它吃完。雞湯也是對不起價格的選項，一樣是市場水準但收你餐館價格，炒飯也差不多是這種程度。 菜單有著韓文日文，也剛好遇到有觀光客在裡面用餐，真是對這些遠來的朋友感到抱歉。 提醒這裡只收現金，但我想你的新台幣應該有更理想的使用方式...
ChIJYzLihrurQjQRVmV1XPoNuks,能讓我一直吃的餐廳不多，但艾朋我至少來過15次，味道很不錯且很穩定，這麼多年一直這麼好吃，麵包鬆軟松露奶油很香，牛排義大利麵盲點都不會踩雷，湯沙拉甜點飲料也都在水準之上,已回訪多次 餐點的部分還是很美味 現場也看到出來安排了很多服務人員 但實際需要找人的時候 還是經常有叫不到服務人員的問題 安排的座位很寬敞 景色也很棒 用餐區域及洗手間都非常乾淨 洗手間有充足的備品 （酒精、衛生紙🧻、女性生理用品等等） 單杯紅、白、氣泡酒有買一送一 價格上很優惠 可以選擇的口味也蠻多的 今天也喝到了非常多樣的湯品 推薦蕃茄牛肉湯 主食分別享用了肋眼牛排、菲力牛排 以及南瓜🎃海鮮燉飯 牛排🥩口感都推薦三分熟比較嫩 有因長輩口味 點了一份五分熟 口感差別蠻大的 牛排火候、熟度的部分掌握的非常好 南瓜海鮮燉飯的口感微帶米芯 應該是使用進口米 口味是真的南瓜🎃下去燉煮的 不會膩～ 餐點的部分等比較久 從點完菜到上第一道菜 約等了20分鐘至30分鐘 接著突然上菜速度非常快 包含湯品、沙拉、前菜、麵包🥖、單點 這些都吃完了以後 主餐又等了一陣子 桌上都是沒有餐點的 如果是附近上班想要吃商業午餐 可能需要考慮一下 幾次遇到棕髮的女性經理 能感覺出來她應該服務很多年 但最近兩次來用餐 都會從這位經理身上感覺到不耐煩,消費很高，服務品質跟不上啊！ 食材等級好像有比較好一點 不過同桌友人的點龍蝦好像半生的，肉中間不好切也不好咬 位子安排在外場服務臺旁，服務員拿東西也不側身一下或是蹲下去，就彎著腰屁股就在桌子旁邊、對著用餐的客人 運動餐廳品質，高級西餐消費,他們家的牛排真的很厲害 是用西班牙百萬烤箱Josper果木燻烤 肉汁會緊緊鎖在肉裡 還帶著荔枝/龍眼果木的煙燻香氣 沾鹽就超級好吃🥹🥹🥹 我們這次點的是優惠套餐 含招待松露麵包 前菜或沙拉、湯品、排餐、甜點、飲品 而且紅白酒還買一送一！一定要點！ 前菜我們點的是 🔸香煎北海道干貝 佐松露玉米 🔸酥炸蟹肉球 兩道都精緻又好吃！🥺 湯品很推 🔸義式蕃茄蔬菜牛肉湯 蕃茄香氣十足還有滿滿牛肉 🔸酥皮海鮮奶油巧達湯 濃郁鹹香，口味也很不賴 主餐大推油脂分布均勻的老饕牛排 吃得到油脂香氣和鮮嫩的肉感 喜歡入口即化口感的可以點日本A5和牛紐約客 油脂在嘴裡爆開的感覺超級讚🥺 喜歡海鮮一定要加點波龍 是活體現撈，新鮮有保證！ 甜點和飲品的表現也很不錯 我超愛他們家焦糖布蕾 蛋香和奶香十足，口感很綿密 整體氣氛和口味都很不錯的一間 大推！,本次生日活動來艾朋用餐，因為是晚上11點入場，餐酒館氣氛，當天算熱鬧不吵雜。慶生還有特別85折優惠，可惜開車無法暢飲酒類試試看。 前菜部分：麵包個人非常喜歡，熱熱的搭配松露醬，很美味。生菜表現爽口不錯吃，裡面的煙燻也很棒。果汁個人也是覺得很喜歡，小推。酥皮濃湯非常好喝，裡面料很豐盛，酥皮外層有點甜甜的滋味跟濃湯滿搭的。👍 主餐部分，老饕建議點3分熟，口感軟嫩多汁，入口滑順，搭配烤蒜頭與酸芥末一起享用，更添層次。龍蝦的風味鮮甜，口感十足。 單點薯條&雞翅也表現不錯，薯條外脆內綿，越吃越順口；雞翅酥脆多，整體份量可以。 最後的甜點不會過於膩口，但兩人吃一份我覺得剛好，為整體用餐劃下不錯的句點。
ChIJZ9PLeZqrQjQR5A9V3xca_kw,主打似台南的現沖溫體牛肉湯 牛肉是台灣溫體牛莎朗心的部位，有7~8小片份量 但湯頭卻跟不上牛肉的品質，不夠鮮甜，反而比較像滷味的味道， 小可惜 總結：牛肉湯還是得去台南喝🙂‍↔️ - 📌個人喜好：6.5/10 #虎笑麵屋 #台北溫體牛 #台北牛肉麵 #松山區美食,麵的份量不少，還有附一個油條口感很脆口！ 溏心蛋跟小黃瓜中規中矩，牛肉的部分口感就是火鍋牛肉片，湯可以喝，還算溫潤。 餐都有附紅茶。,週末晚上前往，運氣好剛好不用排隊，入座後人潮很多，後面很多人在排隊，點的是清燉牛肉湯套餐280，整體CP值不是很高，唯一的亮點在乾拌麵，麵體Q醬汁調味鹹甜，吧附在麵上吃下去還是挺美味的，牛肉湯部分，湯頭是有調味過的燉煮湯頭，牛肉有嚼勁帶點筋，只能說這部分蠻普通的，不過若突然想吃現沖溫體牛，還算可以解解饞的。,其實來之前就有在觀望評價，發現好壞落差非常大，所以決定親自來一趟吃吃看 結論是如不少人評論的真的非常普通！ 食物並不難吃，餐點有湯有麵有飲料還有小菜很上相，確實很有吸引人光顧的氣氛，但沒有到令人回味並且推薦人來吃的程度。 比如套餐中的乾拌麵就是在自家巷口賣3、40元會想回購，賣個幾百元就算了⋯⋯溫體牛肉質不錯，湯頭調味就很不行，似乎加了一種特殊的香料，跟其他正統溫體牛肉湯比起來有個違和感。 算算價錢整套餐可以在台北市吃到更好的牛肉麵或湯了。,點了清燉溫體牛套餐，湯還不錯，麵要點微辣比較夠味，紅茶還不錯，小菜有小黃瓜、半顆溏心蛋，吃完是覺得有點空虛，感覺沒吃飽然後一個套餐$280，感覺CP值不成正比，環境不錯，點餐的先生來的有點太快，我還來不及看好餐點就急著來點餐
ChIJZRnK2ferQjQR0tXt_reAwQc,🚇南京復興站6號出口 步行1分鐘 位於商業大樓2樓 簡雅裝潢，玻璃外可以看得到製作過程 上菜速度蠻快的，8:30最後點餐 建議提前電話訂位，只收現金，10%服務費 服務員很貼心，除了介紹菜品還拿濕紙巾讓我們擦手 湯品是一盅、熱茶可回沖 絲瓜鮮湯包（3粒） $130「限內用❗️」 絲瓜味很鮮，餡料不是特別飽滿，皮Q，中規中矩soso 奶黃流沙包（3粒） $120 濃郁奶黃流沙餡，QQ外皮，蠻好吃的 ✨冰花鍋貼🥟（6粒） $240 推薦！外皮真的很酥ㄎㄠˊㄎㄠˊ的，煎至恰恰帶有油香 裡面是鮮甜高麗菜，略油但可以接受，好吃！ 香煎蘿蔔糕（3塊） $80 外酥內軟糯，吃得到蘿蔔顆粒很真材實料，還不錯 但中規中矩沒有必點 紅油抄手（5粒） $120 大概是微辣程度，比較辣油感，不會辣喉嚨 內餡中規中矩 ✨🫜蘿蔔絲餅（3個） $130 很有層次感！綿綿的酥皮感和芝麻香，蘿蔔絲餡料 三絲腐皮捲（3條） $120 口感很特別，裡面很像蘿蔔絲還是豆皮絲、豆芽菜，口感脆脆的 🌶️🐔口水雞絲 $350（有香菜.ᐟ.ᐟ不吃提前說） 平常有在吃辣的話完全可以接受，沒吃辣會覺得蠻辣的 雞肉很嫩、Q彈的涼皮超好吃滑滑的 還有小黃瓜條🥒、花生粒 🍄‍🟫松露娃娃菜 $350 剛上桌就聞到很重松露味，吃起來是松露和淡淡鹹味，中規中矩。 🥬清炒地瓜葉 $220 份量多，吃起來就是有鹹度但一般的地瓜葉。 ✨銀杏茄子煲🍆 $320 茄子軟嫩又夠味，很像三杯作法，淡淡九層塔香🌿 🍎🍊🥤熱帶水果茶 $160 （不可回沖） 蘋果片、柳橙片、檸檬片、葡萄柚片、百香果粒 喝起來是有酸度的百香果汁🍹酸酸甜甜 ✨🍮芒果奶酪 $110 上層用薄荷葉和芒果果醬點綴，醬一般🥭 濃郁奶酪奶味很重，好好吃🤤.ᐟ.ᐟ 推薦： ①蘿蔔絲餅 ②冰花鍋貼 ③奶黃流沙包 ④銀杏茄子煲 ⑤芒果奶酪,只收現金，亦無法轉帳。 持不葷主義的會員卡可以8折，春節期間只能累點、無法折扣。 會員卡每次消費可累1點，滿3點可換發下一年度的新卡。 3大2小都能找到自己的喜歡。平均每人消費748元（含服務費）。 三年級孩兒特愛「奶黃流沙包」（120+10%），一個人吃掉2籠（6個），頻頻說「很好吃」。 九年級孩兒選擇「松露炒飯」（350+10%）、「椒鹽杏鮑菇」（380+10%）、「清炒高麗菜」（220+10%）。 炒飯裡有多種切碎的蔬菜提味，不見得是他喜歡的蔬菜，松露醬夠強大讓他大快朵頤。 杏鮑菇擺盤很美，金黃色的「酥粉」透著薑黃香氣和微微辣椒碎，非常有特色。 高麗菜加入柳松菇(?) 一起清炒，滿特別的。 大人們的食物： 過年期間特有的開胃菜「紫蘇梅番茄」（200+10%）酸甜開胃，「幫每顆小番茄去皮」這種費工費時的料理，到不葷主義享用就對了！ 「香煎蘿蔔糕」（80+10%）滿滿白蘿蔔絲，外酥裡嫩，煎功了得！價格實在，推薦必點。 「冰花鍋貼」（240+10%）冰花有夠美，鍋貼內餡帶有神奇的甜味，外場人員無法回答食材。 「雪菜百頁」（280+10%）嫩滑百頁佐清脆雪菜，喜歡。 「蟹黃燴絲瓜」（350+10%）為油豆腐、荸薺、黑木耳、絲瓜在金黃色的泳池裡日光浴。 店內人聲鼎沸、溫度很高，大家都不想喝湯，1人1杯冰飲。 三年級孩兒選「鹹檸檬七喜」（140+10%），杯底有半顆鹹味檸檬。外場人員叮嚀攪拌後再喝，他當然是不攪拌直接喝，說是有點鹹味的七喜，開心的喝完。 九年級孩兒選「特選紅茶」（120+10%），許多小碎冰，喝得開心。 大人們則是「冰鎮高山烏龍」（120+10%）、「鮮打鳳梨蘋果」（180+10%）。 外場人員特別說明鮮打鳳梨蘋果接近冰沙，可能是店內太熱了，冰沙感並不明顯，沒加什麼糖，可以吃到許多打碎的果肉。 生意火紅，務必提前線上訂位。 每個月1日00:00開放下個月的訂位，例如1月1日00:00即可預訂2月19日的座位。 店家說，沒有配合的停車場，附近比較適合的停車場是「公益財團法人日本台灣交流協會 臺北事務所」私人停車場。 捷運南京復興站6號出口（樓梯），出站步行1分鐘即達，爬戶外樓梯至2樓。,二訪是帶長輩們來，本來還擔心會不會吃不習慣，結果長輩們一致好評，說以後家族聚餐可以辦在這裡了😌🙏🏼 「淡淡的幸福」吃了真的很幸福呦🤩,"餐點價格合理,吃葷食的人也能夠吃的很定性,完全沒有一般素料味道,我甚至覺得比漢來蔬食好吃,而且服務態度很好環境又很乾淨,我是在尖峰時間來用餐,洗手間的清潔還是維持得很好,大大推薦",對不吃辣的人來說，這家選擇實在不多，菜單裡面有興趣的都是辣的，平常吃微辣，兩個辣椒🌶️就已經蠻辣的，實在沒辦法好好享受，有點可惜。 這家評論很高，身邊也有人讚不絕口，但實際去吃覺得過譽了⋯中午真的好多人，好像菜市場。桌子蠻小的要一直擠出空間放菜餚，有點困擾，限時90分鐘真的就是在吃飯，沒辦法聊太多天。份量沒有很多，例如三杯猴頭菇總共只有6朵，三個人分食一個人只能吃2朵，沒辦法好好品嚐他的味道就沒了⋯整體來說完全是因為點很多所以才飽的，覺得這個價位沒有得到很滿意的體驗，不知道自己在吃什麼，就是單純體驗看看素食的茶餐廳，一次店抱歉了。
ChIJZTNGjn2uQjQRtvfe01IHnzA,這不是30年前的茉莉漢堡了 沖著懷舊美味記憶來的人要做好心理準備 炸鷄還可以 薯條也不錯 但青椒牛肉炒飯是什麼$%^&* 非常不好吃 米飯過於濕粘 肉片還勾芡 青椒就意思意思2條還3條 還非常苗條＝＝ 還有 整體環境空間算滿髒又油的 感覺在回收碗盤之後也沒有人打掃清潔的,茉莉漢堡，比熱炒店還厲害的炒飯大推，還有奶昔必點，薯條是粗的有飽滿的馬鈴薯，口感相當足夠~續杯飲料可以喝到飽，自助區的清潔度可以多加強，有些黏膩感。 內用冷氣不太涼，吃著吃著有點熱暈 因為廚房在內側，稍有油煙味，外面有人抽煙時味也會飄進店裡。🥲 廁所在地下室，地下室外用餐區有各種遊戲設施可以免費玩！,今天去吃整體的餐點都沒味道 尤其是炸雞完全沒醃過調味也沒撒胡椒鹽 現場調料只有芥末醬跟番茄醬 最後還是加番茄醬免強吃完 超雷 連拍照都懶得拍了…附上發票沒有亂黑店家,📍天母人氣親子漢堡店｜茉莉漢堡 美式漢堡🍔 + 奶昔🥤+ 免費遊戲機 = 小孩放電、大人放鬆的超棒組合💯 藏身在天母靜巷內，鄰近捷運芝山站，這家茉莉漢堡真的太讚！ ✅ 漢堡多汁好吃 ✅ 奶昔超濃超好喝（推草莓🍓＆香草口味） ✅ 飲料無限續杯 ✅ 地下室還有快打旋風機台、投籃機、射擊、親子曲棍球🎮 全！部！免！費！玩！ ✅ 全天不限時，還可以包場超佛心～ 很適合家庭聚餐或朋友帶小孩來放電，小朋友玩到不想走，大人聊天吃漢堡聊整下午也沒問題😂 📸好拍又好吃，下次聚會就來這！ #天母美食 #茉莉漢堡 #親子餐廳推薦 #台北親子景點 #美式漢堡 #奶昔控 #親子聚餐 #捷運芝山站 #不限時咖啡廳 #台北漢堡店 #免費遊樂設施,天母蠻久的漢堡店 所以裝潢比較舊一點 內用熱狗堡好吃😋
ChIJZdcmMwmpQjQRVhoFltvFacY,有一段時間沒來吃過、家人邀約一起過來用餐，生意還是一如以往的好，室內吵雜的氛圍也沒有改變。以前印象中似乎口味還不錯，但這次吃的感覺真的還好，被安排的位置在靠近包廂的末端，餐車的食物還沒推到這邊就已經被拿光，只好自己拿著簽單去找餐車拿食物。 服務人員匆忙服務之下也是慌慌張張、亂七八糟，點心加熱後亂送，送上來的不是我們點的又撤走，茶水送上桌的時裝太滿，熱水大量撒到我的手背跟手腕上，當下有致歉、事後有提了冰塊來讓我冰敷消腫，還好冰敷夠久雖手腕有紅腫但還好沒有嚴重的燙傷。 以前的食物味道還可以接受且價格平實，加上有推餐車的飲茶餐廳幾乎沒有，因此會列為用餐選擇之一。這次是家人招待，似乎讓他花了不少錢，早已不是以前的平實價位，且菜色的口味也沒有進步，我想以後再來這裏的機會極低。,朋友媽媽推薦，說這家比較道地，果然名不虛傳。 用餐環境氛圍滿滿的就是好像來到當地，服務人員也很道地，不太好呼喚。 茶蠻好喝的，可以回沖。 牛腩鍋價格有點貴喝起來就一般的牛肉湯。 飲料選擇不多，小朋友只能喝汽水。 推車現蒸點心選擇蠻多的也蠻好吃的。 蘿蔔糕真的很不錯，生意好的時候要自己去拿去排隊。 感覺的出來就是一家老字號的粵菜飲茶。 隱藏在有歷史的大樓裡面對高雄人來說很特別。 結帳有載具，還可以刷卡蠻意外的。,選擇平日中午用餐，生意還是很好！ 第一次來，一時沒進入狀況，服務生會推著餐車，並喊出有哪些菜色，需要的時候招招手，餐點就會上桌，上桌前才會淋醬或剪菜；而餐車上面沒有的餐點，也會幫忙處理到位，服務一級棒！ 2個人點了： 蘿蔔糕 燒鴨 鮮蝦腸粉 腐皮蝦捲 蠔油芥藍 芋頭酥 每一道的味道都是我喜歡的，結帳時買了禮卷，期待下次再訪(๑´ڡ`๑),過年連假，意外的很多人潮😮‍💨 等了一下子，叫號跟安排位置都蠻順暢的，手推車港點很特別！ 每桌都有熱茶，我們點了香片，順口解膩❤️ 腸粉、雞爪、豬大腸、滷排（？）、牛肉球都不賴，最後再喝杯西米露👍過年吃太多蘿蔔糕就沒點了😂 大概到了晚上7點半，就沒什麼排隊人潮 想體驗手推車港點，快來試試！,是一間一走進去就能立刻感受到歲月痕跡的老字號餐廳。聽說已經經營了五、六十年，踏入店內的那一刻，彷彿瞬間穿越到早期香港的茶樓時代。復古的裝潢、略顯斑駁的牆面與桌椅，都帶著濃厚的年代感，完全不是現在新式港點餐廳可以複製的氛圍。 金獅樓依然保留著傳統港式飲茶最經典的形式——餐點由推車一籠一籠推出來，客人看到喜歡的就直接取用。這樣的用餐方式，在現代已經越來越少見，也正是它最迷人的地方。用餐時段生意相當好，幾乎座無虛席，現場熱鬧又帶點老派茶樓特有的喧囂感。 餐點本身屬於中規中矩的表現，口味不追求華麗或創新，而是走一個熟悉、安心的路線。點心的味道就像記憶中的老港味，沒有太多驚喜，但也不會讓人失望。服務方面則比較樸實，服務人員幾乎都在忙著推車、結帳、補位，少了現在餐廳常見的細緻服務，但這似乎也是老茶樓的一部分風景。 在金獅樓用餐，吃的不只是港式點心，更是一種懷念與情懷。對於想體驗早期港式飲茶文化、或是單純想感受老台北與老香港交會氛圍的人來說，這裡依然有它無可取代的價值。
ChIJZf_OS2ipQjQRE1H_bmSb708,這次來 Buttermilk 用餐，點了雙人分享套餐，另外加點秘製西瓜燒烤醬豬肋排和原木燒烤 Tex-Mex 甜玉米，結果完全低估份量，兩個人吃到最後真的撐到不行。豬肋排一上桌就讓人很驚訝，整份非常大，肉量十足，燒烤醬帶著剛好的甜味，搭配慢烤後的肉質相當入味，肉一拉就骨肉分離，吃起來很過癮，旁邊還擺上西瓜可以解膩。甜玉米外層烤得微焦、裡面仍保有水分，香氣和調味都很不錯，醬料也搭配的很好。另外一定要提他們家的阿嬤秘方炸雞，外皮超級酥脆，咬下去還會卡滋作響，但裡面的雞肉卻非常多汁，一點都不乾柴，調味恰到好處，完全理解為什麼這道會有這麼多好評，真的會讓人忍不住一塊接一塊。整體來說餐點份量、味道都很喜歡，是吃得開心又很有滿足感的一餐。,餐點如店家介紹屬於自然取向的風味。 🥩牛排風味採自然料理味道較淡； 🍗炸雞炸功不錯不油膩不含油、雞肉本體鮮嫩沒過度調味，薯條炸得很好吃也不含油灑上胡椒鹽味道香香的、旁邊也有提供番茄醬可搭配； 🍝義大利寬麵煮的偏軟應該是迎合喜歡吃軟麵體的饕客口味，因此喜愛硬麵體的人會不愛。調味上屬於清淡，亦有帶出蛤蠣鮮甜。 芝麻蛋糕好吃蛋糕體做得不錯且裡面的葡萄乾可解膩。 美式咖啡和紅茶口感輕盈、如果喜歡濃茶或是厚咖啡的人可能會認為太淡不好喝。 地點很方便，三五好友聚餐聊天是很好的選擇，是一家讓人想再訪的餐廳。 尚嫌工作人員不足，看到的只有兩位外場忙進忙出，雖有等待但看見工作人員當下忙碌中（分身乏術）仍盡力回應其他桌客人需求是值得肯定的。,是個吃起來清爽的炸雞，個人特別喜歡雞胸肉的部分，軟嫩多汁裹上酥脆薄皮，搭配溫和的醬汁，吃起來很美味。其他菜色感覺也是不像其他美式餐廳一貫的油膩重口味路線，整體吃下來覺得好吃無負擔，會願意再訪。 不滿意的地方：碳烤小卷沒碳烤味，碳烤玉米也是，而且玉米有點偏生。 以這偏高的價位希望可以做得再精緻一些。,114/11/15去圓山花博參加Wirforce，離開後想在附近吃個漢堡，連續看了幾家都客滿，就這樣一直走一直走，突然就經過了這家看了就讓我很想試試的店，在門口看了菜單價錢還在可負擔範圍就進去了。 認真研究了菜單後選了「頂級BLT起司牛肉堡」、「美國阿嬤秘方炸雞-三塊」、「龍洞啤酒」，點餐的時候可以選擇啤酒先上還是跟餐點一起上，我選擇跟餐點一起上。 首先上的是炸雞，炸雞真心厲害，我後來才知道它有「500盤」的推薦，有附辣醬、蒜味美乃滋及西瓜，外皮酥脆，肉質鮮嫩多汁，三塊炸雞的部位有雞胸也有雞腿，雞胸的嫩度完全不輸雞腿，私心更喜歡雞胸的部位，三塊炸雞搭配兩種醬汁與西瓜，吃起來完全不會膩，超級爽！只看炸雞我給5星！ 接著上漢堡，這時我發現我點的啤酒還沒上，要我提醒才上，感覺炸雞上的時候啤酒就該上了，沒配到啤酒的炸雞終究少了一味...... 漢堡就普普通通，漢堡肉排乾澀非我所愛的風格，培根很香脆，其他部分也都很表現不錯，但身為靈魂的肉排實在不符我的審美，再考量到他的價格，我只能給漢堡2星。 啤酒共有2款，根據服務生的介紹一款重一款輕，我選了輕的這款，啤酒不錯，吃漢堡炸雞還是要配啤酒才過癮！ Ps.要收一成服務費 PPs.為了炸雞值得再訪的店,炸雞和漢堡超級粉絲 慕名而來 研究了菜單一陣子 點了 阿嫲炸雞 和 超級漢堡 和一杯啤酒 啤酒還好 其餘失望到一個點 炸雞不算太材 但是雞肉淡而無味 炸皮也沒有很好吃 配上兩個醬汁 一個只有辣味 另一個普通沙律醬 這樣價錢 如此質素 還不如街口68塊兩件的炸雞 漢堡更令人失望 肉排又乾又柴 沒有什麼肉味 蔬菜還算新鮮 電薯條也是普通 但是沒有什麼醬汁 五百多塊的漢堡 比起早餐店的 更令人失望 店員也全都沒精打采
ChIJ_3LZiLyvQjQR3SvEA0zV4Hk,非常好吃😋 《酸木瓜燒雞》湯頭似酸菜魚，僅少了椒麻的麻，又比酸菜魚湯更清爽，無油膩感，份量3個體型適中女生剛剛好 《炸辣子雞》如同川菜館的口味一摸一樣，外皮酥脆，將汁牢牢鎖住，Q彈美味😋,大俠請留步，像是一個從老電影裡掉出來的場景——木門、燈籠、些微的歲月味道，彷彿輕輕一推門，就能走進自己的江湖。 店內的復古台式餐酒氛圍有種說不上來的安心感，像是認識已久的老朋友。坐下後，第一口料理便是問候。四川重慶的 「燒雞公」，麻辣的濃烈與酸爽的俐落，各自帶著不同的故事：前者是熱情的武林豪客，後者是帶點清風的遊俠，各有各的個性與餘韻。 如果你也想在城市裡找一處小小的江湖落腳處，不妨留步於此。點一鍋、飲一杯，讓味蕾和心情都慢慢安定下來。這裡的江湖不喧鬧，只悄悄等你入座。 花雕醉雞煲新登場，這次只有三個人吃不了那麼多，下次一定要試試看。,燒雞鍋好吃，拌麵也好吃，另外點了豆腐丶鴨血，感覺很適合煮成一鍋，皮蛋的口味和想像的不大一樣，整體風味很相似，吃完覺得略有空虛感，還可以再去士林夜市補點小食,吃下去的時候沒有到很辣的感覺，但麻辣感會慢慢上來，開始變很辣，但是是好吃的辣🌶️！,愛吃辣的一定要來！ 這間根本是江湖版的麻辣鍋館🔥 每道菜都又香又辣， 吃到嘴巴麻、心情爽～ 飲料選擇超多， 辣到噴火還能馬上滅火🧃😆 重口味愛好者必收！
ChIJ_3e32U2rQjQRYPisZQ7gO40,難得1900後的放鬆時光， 好好吃頓飯、好好說說話… 難得有吃飯聊天聊到想配冰飲繼續聊～ #店內有精釀啤酒 新店媳婦 木柵女婿 好喜歡！ 🍣肥嫩鮮美的日式家庭料理 雙魚丼飯的比目魚鰭邊肉是我前所未見的肥美！ 炙燒鮭魚製造出的幾何感我很喜歡！ 視覺效果很好的鮭魚肚丼飯太美，但我怕肥不敢點….連味噌湯都走豐腴路線～ 尢說吃起來很有滋味！ 👨‍🍳老闆可愛親切又貼心～ 見餐點上來久未動筷，關心著問是不是要等餐點到齊才開動？如果是的話，下次可以跟他說，他就會先幫我們出齊。 天啊！是不是很貼心😍馬上愛了❤️,整體滿分但感覺有些個人覺得需要改進的地方 1.感覺玉子燒口感更甜一些會更好吃 2.招牌丼飯感覺略顯單調 3.石斑魚頭湯可能因為部位的關係鱗片很多，但肉上跟湯裡都是鱗片影響口感 4.鰻魚飯感覺小菜應該另外裝盤，味道跟鰻魚衝突，但鰻魚飯本身好吃 其他都蠻不錯的👍,點餐前老闆會要求客人先看門口貼的「用餐禮儀」 蠻有趣的 好似害怕客人會不懂約定俗成的基本禮貌 真有這個需求也許稱做 規約比較好？！ 但應該也是有做出口碑的餐廳了 店家才能如此堅持自己的 有個性～ 餐點海鮮品項算新鮮 鰻魚飯醬汁過甜,意外發現的小店，老闆還真的挺有個性的！不過東西好吃才是重要👍🏼👍🏼 下次想吃烤魚,住附近多年，第一次來訪，門口拿了菜單走進內用區找不到店員，隔壁桌提醒要出去外面約兩間店距離找老闆點餐，原來兩家店面，一邊內用一邊是廚房吧臺區，門口有貼用餐規則可以遵守再進去消費。 空間不大但很舒適，音樂也chill，叉燒飯非常好吃、啤酒很有特色、鮭魚肚切得非常好看，厚切吃起來就是爽，cp值很高。 跟老闆聊了一下原來年紀差不多、讀過一樣學校、又一樣住過木柵和中和，真的很巧
ChIJ_6v6xhWpQjQRq8kQTzsl8Ks,這次點的是「烏金九品饗宴」套餐，因為是下午茶時間，另外加點了一份XO乾麵。沒有訂位但還有位子，不過被安排在外面，裡面幾乎都已訂滿。 九宮格整體擺盤真的很精緻，每一道都小巧細緻，看得出來有設計感，視覺上很加分。冷盤類像海蜇皮、小黃瓜、黑木耳這些都屬於清爽開胃型，口感脆度不錯，但味道偏細緻路線，沒有到特別驚艷。雞肉冷盤肉質嫩，搭配油蔥酥提香，算穩定好吃。整體給我的感覺是精緻、有特色，但沒有哪一道真的讓我特別記住。 套餐裡的湯我選的是膠原花膠雞湯。這碗湯反而是當天讓我印象比較深的一道。湯頭非常濃郁，而且質地偏黏稠，有明顯的膠質感，但味道是清甜的，不會油膩，喝起來很溫潤順口。雞肉也燉得軟嫩，整體很舒服，是我覺得套餐裡表現最亮眼的部分。 主食炒飯沒有達到我預期的鍋氣，稍微可惜。 另外加點的XO乾麵就略顯普通，味道沒有特別突出，也因此會讓人覺得價格有一點偏高。 國賓茶真的值得一提，清香好喝，回甘明顯。我加了好幾回熱水，味道還是一樣甘甜，沒有一下就淡掉，這點很加分。 整體來說，是一家可以體驗一次的餐廳。食物精緻、有特色，但味道沒有完全超出期待。不過花膠雞湯跟國賓茶確實讓人留下不錯的印象。,有單點 最便宜的套餐是720元+1成 份量絕對是天靈蓋程度 開胃菜-洛神冬瓜，一般般，口感不錯算開胃 前菜-九品小菜，視覺上蠻驚艷的，木耳和烏魚子相關的都不錯，其他的就是一般熱炒店程度 烏魚子炒飯很好吃 火候、飯的乾度、調味都剛好 建議飲料點清爽類，因為烏魚子蠻多的，有一點小膩 湯的部分 - 一般是味噌湯（友人說好喝） 我加300元（如果沒記錯？）升級花膠雞燉湯 一整隻雞腿很有誠意 味道的濃郁和火候十足 甜點三品- 烏魚子牛軋餅（類似）非常優秀，喜歡鹹甜的一定愛，而且他們家還有賣 其他的甜點就不必吃了，非常一般 整體來說 720加一，算是很划算 烏魚子真的沒有在省的 推薦：烏魚子料理+炒飯+燉湯 省略：其他菜色,點了干貝XO拌麵套餐，另外副餐為精選小菜三品。比較特別的是烏魚子堅果起司，但因為師父刀工特好，切的如蟬翼般薄片，所以入口即化，還沒品出味道就入胃了。 一個麵食，加3個幾乎是涼拌菜的小菜，和加購的酸梅湯。金額要6百多，cp值因人而異囉,鯉魚大約在 2017–2018 年間開始營運，並在接下來幾年逐步把「烏魚子創意料理」做成明確招牌。 主軸就是「南北乾貨入菜」與「新台菜」的呈現。主賣烏魚子料理，尤其是烏魚子炒飯，確實值得品嚐。 餐廳位在老宅的環境中，整體用餐氛圍很好。,翻轉傳統的摩登台味，炒飯驚艷但麵食調味稍嫌失衡 走進大稻埕迪化街，「鯉魚 The Carp」給人的第一印象便充滿新意。不同於周遭老店固守的傳統印象，這裡試圖跳脫台菜舊有的桎梏，將烏魚子等經典食材以精緻化、個人套餐的方式呈現，這種勇於創新的精神相當令人激賞。 餐點表現上，隨餐附上的三道小前菜精緻小巧，口味處理得宜，清爽開胃，為接下來的主食做了很好的鋪墊。其中最讓人印象深刻的莫過於炒飯，師傅的火候控制極佳，炒得粒粒分明且鑊氣十足，每一口都能吃到食材的香氣，乾爽不油膩，表現極為傑出。 然而，相較於炒飯的高水準，當天的乾麵卻顯得有些可惜。調味明顯失衡，醬汁的甜度過高，掩蓋了麵體與醬料應有的鹹香層次，吃到後來容易感到甜膩且負擔感重，是整體體驗中較不理想的一環。整體而言，若想在老街區體驗新派台式料理，這裡仍值得一試，但建議主食優先選擇炒飯類。
ChIJ_WJhTf6tQjQRzjrZmrFJ-dM,"點菜混著茶點一起吃。 炒了兩個素菜，炒麵和炒飯當主食，鮮果咕咾肉，碳烤松阪豬，金沙麥片蝦。茶點點了紫薯鹹水餃，叉燒酥。鮮蝦腐皮捲，春捲，韭菜煎餅，油條腸粉。其中茶點個人覺得韭菜煎餅，上菜時感覺濕濕的像是泡過油，油條腸粉感覺像是整個泡在醬汁很久在上菜，有點雷。紫薯鹹水鮫好吃，其他茶點項目覺得一般。 炒菜中鮮果咕咾肉還不錯，麥片蝦炸過再裹上金沙，覺得油膩，可能要視個人喜好。整體評估用餐環境不錯,價位略高，菜一般般。其中茶點店家不算是低價位的店家，有點小失望。 停車每部車上限兩小時，看樓下張貼消費1000抵用一下時，當日消費八千多，只能折抵兩小時有點不合理",富麗的裝潢設計，高挑明亮寬敞舒適的用餐環境，看著菜單都讓人垂涎三尺，椒麻肥牛質嫩爽口，香脆可口的春捲炸得金黃不油膩，臘味煲仔飯芳香四溢大快朵頤。,在家人的推薦下，今天晚餐來到享鮮餐廳南港分店用餐。在原先的規畫，我們本來是想在此吃午餐，因為午餐時間有較多的港式點心(如粉腸等)可選擇，但今天上午九時左右上網做預訂，已顯示午餐滿座，而晚餐還有座位，於是先訂晚餐試試。在此用餐，每個人的低消是500元，餐廳提供兩小時免費停車(中信金融園區B3停車場)，要注意的是，享鮮餐廳南港分店在中信金融園區的B棟，而我們循著導航來到的B3停車場是在A棟。我們今晚點了兩個小點(炸鹹水餃、炸蘿蔔絲餅)、一份主食(揚州炒飯)、一份熱炒(鹹蛋莧菜)，一份甜點(楊枝甘露冰淇淋)。無論是餐食或甜點，都可看出師傅卓越的烹煮功夫，與對食材料理的講究。樣樣美味好吃，與傳統的台灣熱炒有明顯的差別。服務人員的服務品質極優，會耐心說明餐點的獨到好吃之處，並與客人閒話家常，感覺很親切。用餐環境清悠宜人，讓客人感覺很放鬆。價格方面當然不是平價，但提供的餐點與服務品質絕對是相襯的。這餐廳除散客外，也提供辦桌，還有那卡西，經營方式很多元。整體而言，享鮮餐廳南港店是值得推薦的一家餐廳。上次原本規劃到享鮮餐廳試試港式點心，但訂不到座位，只好改訂晚餐，但到達之後，才知道晚餐不提供全部的港式點心。這次特別來吃午餐，就是要試試港式點心。我們點了7樣港式點心，品嚐之後的感覺是：味美料好料真且飽滿。在我們吃過的港式點心中，可算是頂級的！值得推薦給網友來嚐嚐。,覺得港式點心類都蠻好吃的，但就是小貴，但此外環境及服務都很好，以後還會回訪。,"窗邊的位置很明亮，空間寬敞，我們點了蝦餃 210（好吃，差點來不及拍照）,腐皮卷210，叉燒酥180（好吃） 錦繡線蝦鬆 680，紫薯鹹水餃 180，揚州炒飯 480，流沙芝麻尖堆 180（很像芝麻球，芝麻內餡像流沙，好吃），流沙花生尖堆 180， 杏仁茶 （有油條搭配）150，海鮮豆腐煲 480 椒鹽軟絲 580，翡翠海鮮羹湯 ，滿足的一餐。"
ChIJ_Y4vZzKrQjQRcqCqvdGszQQ,"輪輪1976 和食茶酒駅 📍櫃檯前方的推車上 ⭐️很多顆紀念章 輪輪1976 和食茶酒駅位在信義商圈 A11 的三樓，是一間主打日式料理的餐酒館。整體用餐氛圍相當不錯，空間舒適，很適合和朋友一起聚餐聊天。餐點方面，我自己蠻喜歡「炸蝦海老茶香飯」，蛋香濃郁、整體表現很穩定，有來用餐的話可以列入參考清單。 紀念章的部分數量相當多，其中有兩顆是店家本身的紀念章，其餘則多為動畫或市售印章。會出現這麼多動畫主題印章，推測是為了搭配一旁的著色畫，讓小朋友可以一起蓋印、增加互動性。 @lunlun_1976 ————————— Lun Lun 1976 Japanese Bistro & Tea Bar 📍 On a cart in front of the counter. ⭐️ Many souvenir stamps. Lun Lun 1976 Japanese Bistro & Tea Bar is located on the 3rd floor of Shin Kong Mitsukoshi A11 in the Xinyi shopping district. It is a Japanese-style bistro with a pleasant dining atmosphere and a comfortable space, making it a great place to gather and chat with friends. As for the food, I personally recommend the fried shrimp ebi tea rice. The egg aroma is rich, and the overall flavor is well-balanced and reliable. If you plan to dine here, it is definitely worth considering. There are quite a lot of souvenir stamps available. Two of them are the restaurant’s own original stamps, while the rest are mostly animation-themed or commercially available stamps. The large number of animation-themed stamps is likely intended to pair with the coloring sheets nearby, allowing children to stamp and color together, which adds an extra layer of interaction. #輪輪1976和食茶酒駅 #餐酒館 #紀念章",從外觀本身就極有特色，如同東方快車般高級感，入口處有可愛的模型，座位區也模仿火車座位，氛圍感十足。料理部分價位較高，但不論在食材、顏值、口味上都具有水準，非常適合情侶約會，整體感覺不錯，會再來光顧。,輪輪的整體用餐氣氛相當不錯，現場有駐唱歌手演唱，讓人感覺輕鬆又有過節的愉悅感，很適合約會或朋友聚餐。餐點部分表現有高有低，推薦的品項像是串燒、鰻魚飯糰與茶碗蒸都相當好吃，味道濃郁、口感也很有層次，值得一試。不過魚肉、炒青菜以及鱈場蟹義大利麵就比較可惜，味道偏淡，醬汁水水的，吃起來少了期待中的香氣與鮮味，整體表現不太推。 跨年當天如果有訂位，還可以到新光三越頂樓觀看 101 煙火，視野很好、氣氛也很棒，而且以跨年場地來說價位算親民，不會有被當成觀景餐廳而大幅抬價的感覺。整體來說是適合慶祝節日與享受氣氛的餐廳，如果挑對餐點與時段，會是一個不錯的跨年用餐與看煙火體驗。,裝潢很美的餐廳。餐點價位偏高。 《炙燒鮭魚酪梨蔬菜沙拉$420》 沙拉好吃，除了酪梨外還加了栗子鮭魚卵，吃起來很奢華。 《北海道干貝柚子胡椒 鐵鍋茶香飯$580》 份量不多，干貝好吃。茶香飯蠻特別的。 《味噌奶油雞肉意大利麵$360》 好吃但奶油醬汁吃多會膩，份量很大。雞肉處理得很好，吃起來很嫩。 《鮭魚柚香茄汁蝦湯燉飯$480》 份量很大的燉飯，味道也很不錯。鮭魚煮得剛好不會太乾，蠻好吃的一道燉飯。 《綜合炸物 $450 （廣島生蠔X2顆、天婦羅炸蝦X2尾 日本茄、舞菇、柳瓜、板豆腐 ）》👍 炸蝦天婦羅炸得很好，外衣酥脆但蝦子肉吃起來還是水嫩Q彈。炸生蠔size有點小顆，炸得也不錯，外酥內軟，不會炸太老。 炸柳瓜吃起來很多汁。 《北海道 純粋布丁/原味$210》👍 超好吃的布丁，質地很軟嫩，香草籽滿滿，不會太甜，蛋位不會太重。焦糖醬苦甜，很大人味的焦糖布丁。 #信義區美食 #聚餐推薦,要先說包廂偏小，最多6個人剛好 食物部分不錯，食材都很新鮮好吃，味道不錯 壽司擺盤很有趣！ 7個人約8000初 今天的服務小姐姐辛苦了~
ChIJ__cnHACpQjQRqPOSGWdlHbI,這邊的單人吧台座位上滿多插座的，如果需要充電的話滿方便的。 外國人很多，聊天的人也滿多的，整個氣氛比較熱鬧，如果想要安靜工作的話不一定適合。 咖啡的話我點了髒髒，就是底下是牛奶，上面再加上濃縮咖啡，整體咖啡的味道特別濃，會比較適合喜歡濃郁咖啡的人。 吧台的位子下面有很多掛鉤，如果有比較多的包包可以掛在位子下面，滿方便的。 廁所很乾淨，不過也很小間。整體來說環境算是滿舒適的。 這邊除了現金之外可以用Apple pay 付款。,氛圍很舒服的咖啡廳 一進門的櫃檯配上植栽 視覺延伸的感覺 點了大杯的熱拿鐵 熱拿鐵奶味偏重是我喜愛的口味 布朗尼 店員會貼心告知 甜點會再加一球冰淇淋可以嗎？ 突然的小貼心❤️ 但是吃到後面偏甜 雖然客人很多 只剩下高腳椅可以坐 但是坐起來也舒服 廁所乾淨 值得回訪,超級喜歡的一間咖啡廳！環境給人一種沉穩且靜謐的感覺 座位不多，除了雙人桌也有個人吧台座位 大部分的座位都附插座，非常適合工作用電腦～ 櫛瓜蛋糕很特別，一點都不突兀 司康比較乾一點點～ 美式順口好喝☺️ 希望有冷藏蛋糕甜點可以選～ 店員很有型很好看！！！ 是會想要一直回訪的咖啡廳❤️,小白實在太好喝了！微苦的韻味非常迷人😍環境舒適明亮！還提供插座🔌使用，相當友善❤️,"超棒的遠距辦公 & 轉換心情的好去處 服務可能需要一點英文（有些外國妹子店員），但她們超努力用中文，我的破英文也超努力配合～ WiFi 穩，插座不少，筆電手機隨便充！ 低消一杯飲料 Perfect spot for remote work & mood reset! Service might need a touch of English (some foreign waitresses), but they try hard with Mandarin — just like I do with English 🥹 Solid WiFi + plenty of plugs for all your devices! Minimum order: one drink"
ChIJ_arISaqtQjQR_wwFFgzwBZ0,室內充滿綠意跟餐酒館的慵懶感 有十五種雞翅料理口味 這次點的義麵很特別 用烤草蝦搭配經典零食鱈魚香絲 海味與酥脆結合的樂趣口感 鮮蝦醬汁收乾沾附滿麵條 菜單設計跟新鮮感有不同的用餐體驗,在公司吃了蠻多次這家的外燴（可能是信義店），一直印象都不錯，第一次到店裡面來。 金沙蛋黃雞翅 - 不愧是招牌，吃起來非常棒。雞翅是微微炸過的，不算很酥脆，但是完全不油膩。外面的金沙做的非常棒，口感綿密濃郁，很有熱炒店的感覺。整體搭配起來很好吃很涮嘴。 干貝中卷鮮蝦炒蔬菜 - 海鮮都很新鮮實在，搭配爽脆的蔬菜，還不錯。 番茄墨魚蟹黃披薩 - 個人覺得相對比較普通的一道。蟹黃和蕃茄的味道都不明顯，墨魚有稍微帶一點鮮味，料不算特別多。餅皮是我比較不喜歡的類型，中間稍微有點太軟爛，比較沒有口感。 麻油雞香蔥燉飯 - 飯粒的口感是比較軟爛的，幾乎就是稀飯了，比較喜歡米心口感的人應該不適合。但吃起來很不錯，調味很剛好，濃濃的麻油味，但又不會太油膩，雞腿肉特別的多，大推。 整體來說用餐體驗很不錯，食物味道都很好，店內的環境也很棒。,🔸番茄墨魚蟹黃披薩： 麵皮很香，墨魚QQ，起司的量也很多，拿起來會牽絲～但沒有什麼感受到番茄的元素，蟹黃應該也只是披薩上面黃黃一小點一小點的點綴而已。下次有機會應該會想嘗試其他的口味 🔸鹹蛋黃雞翅腿： 鹹蛋黃好香好搶眼，存在感很高。招牌不愧是招牌，名不虛傳 🔸麻油雞香蔥燉飯： 麻油雞跟油蔥的香氣非常非常明顯，雞肉也不少塊，肉質又嫩，不過燉飯是走沒有米心的路線，吃起來很像稀飯，我覺得是美中不足，不過這個就看大家的喜好 🔸干貝中卷鮮蝦炒蔬菜： 兩顆大干貝搭配中卷蝦子炒一些時蔬，雖然海鮮是美味的，不過就不算太有亮點的料理，想吃一點蔬菜可以點 餐廳的氛圍很好，聚餐或是約會都很適合，口味也都有在水準上。美好的一餐謝謝男朋朋請我吃飯☺️,用餐環境真的挺舒服的，餐桌之間的距離夠寬，所以不會有壓抑的感覺，而且椅子很好做。 照片雞翅一定要沾藍莓起司醬才獨特，沙拉和披薩也很推薦，啤酒當然也要點，這樣才能好好享受。,整體很有小酒館很放鬆的感覺，食物算好吃，這次點了蟹黃花枝披薩、肋眼牛排義大利麵跟原味雞翅，份量還行，口味尚可，印象比較深刻的是義大利麵的牛排肉非常軟嫩，雞翅好像是店家主打，不過覺得普普，就是炸雞翅再灑上不同口味的醬或粉調味。生日有給一份小蛋糕跟一張拍立得，有驚喜到，價位是中上偏高，介於奧古斯都餐酒館跟貳樓之間，不過整體還算是可以再二訪的店 另外，男廁如果可以的話，用門會比較有隱私感，因為開放空間只有一布簾，布簾也無法完全遮蔽，實在有點沒安全感，跟餐廳裝潢也不搭( 顯得太寒酸)
ChIJ_cGoEQCvQjQRaXdtAsUBw2c,這家桶仔雞真的非常值得一試，從外觀到口感都能感受到店家的用心。整隻雞採用傳統桶烤方式，長時間慢火悶烤，外皮呈現漂亮的金黃色澤，帶點微微焦香，撕開時還會聽到皮肉分離的聲音，視覺與嗅覺都相當誘人。雞肉本身完全不乾柴，肉汁被牢牢鎖在裡面，每一口都能感受到鮮甜原味，連平常容易偏乾的雞胸肉也意外地軟嫩。調味不會過重，吃得到雞肉本身的香氣，搭配店家附的胡椒鹽、蒜頭或簡單配菜都很加分。整體份量十足，適合多人一起分享，無論是家庭聚餐、朋友小酌或戶外聚會都很合適。價格以品質來說相當合理，是那種吃完會覺得滿足、下次還會想再回訪的桶仔雞。,有「當月壽星消費2800元就送桶仔雞一隻」、「沒有壽星消費4500元也送桶仔雞一隻」、「學生內用吃桶仔雞只要599元」三大優惠可以吃到他們招牌的桶仔雞，我覺得雞肉口感蠻嫩的，先沾雞油再沾胡椒鹽非常好吃，其他串烤燒口味水準之上，一份兩串，平均下來比很多其他台北居酒屋的串燒便宜～蠻划算的。,【2025.09.28(日) 雞老闆 桶仔雞 士林店】 登雞老闆 吃桶仔雞 聽客人曲 浸賓主醉( ͡ ͡° ͜ ʖ ͡ ͡°) ========================== 🔘 裝潢 有點日式的裝潢感 but又有點早期台灣熱炒店的風貌 如果有看過日劇或是走過一趟日本 都會對日本有條不紊的精神印象深刻 畢竟這裡是台灣 也挺好 挺接地氣 如果客人也會有賓至如歸感૮ ˆﻌˆ ა 🔘 服務 位居有點漠落的士林夜市 當年的此地 那可是一級戰區 那叫一個萬人空巷 飯點時間絕對高朋滿座 擠得大路水瀉不通(V●ᴥ●V) 小哥哥小姐姐們動作很是速 感覺得出來是經歷過大風大浪的人 態度也是客客氣氣的好꒰^ ⚆ᴥ⚆ ˆ꒱ 🔘炒水蓮 卷卷很喜歡 只是一盤沒什麼的綠菜 但口口不過鹹 絲絲有入味 🔘冰鎮情人果 卷卷還真是不愛這料理 不管他再怎麼好吃 就是覺得 吃芒果不好嗎？ 為什麼非得吃這麼甜的綠芒果 為了盡主人情 還是淺嚐一口 味道是不錯的 🔘桶仔雞 這料理可強大了 沒啥高、大、尚的看頭 純純純的就只是一隻雞 一隻熱騰騰的雞 店家會配給布手套、塑膠手套 自己動手真的很棒 要小心燙 記得預約(∂ω∂) 記得預約(∂ω∂)(∂ω∂) 記得預約(∂ω∂)(∂ω∂)(∂ω∂) 🔘炒鳳螺 卷卷這個人吧 生來就怕這類的生物 淺淺地嚐了一口 依舊不是卷卷的菜 🔘酥炸肥腸 這個好 外酥內肥香適中 味道細緻又不腥✧੯•́໒꒱ 🔘蔥燒肉串 蔥香入味帶有嚼勁的小肉塊 搭配生啤酒 很是合適ヽ( ° ▽°)ノ 🔘比利時豪格登小麥生啤酒 卷卷向來很少喝啤酒 都是葡萄酒為主 不過大口吃肉就是好好暢飲啤酒的時刻 真的爽快⸜(*ˊᗜˋ*)⸝ =================================== ✅ 公車 捷運 ✅ 騎車 開車 ✅ 內用 外帶 ✅ 現金 ✅ 附設KTV 明月幾時有？ 把酒問青天。 不知天上宮闕，今夕是何年？ 今夕是教師節 往年同學們都會在家裡打打牌 然後晚上留下來吃吃喝喝 今年就選在離家近近近的雞老闆 走路就可以守法地開喝了 有預約還是不錯不錯地 推給想要大口吃肉 又想大口喝酒的小浪花們 找個交通方便的酒肆吃吃喝喝又唱唱 真的很不錯喔◝(⁰▿⁰)◜,今天帶家人五位一起到雞老闆用餐，真的大滿足！ 一進門就感受到士林店熱鬧又接地氣的氣氛，牆上滿滿的布旗、老店風格的裝飾，看得出是一家很有人情味的店。 我們點了招牌 桶仔雞，上桌的那一刻全桌都「哇！」了一聲，外皮烤得金黃油亮，香味逼人，雞汁超多、肉質鮮嫩，連長輩都一直點頭稱讚。店員還幫忙剝雞，服務超貼心。 另外也點了 肉串、杏鮑菇、松阪豬 等烤物，每一串都烤得剛剛好，調味很穩，配上飲料超過癮。重點是價格也很實在，五個人吃得飽飽的，還直呼下次再來。 整體環境雖然偏熱鬧，但非常適合家人、朋友聚餐聊天，不會拘束。 服務人員態度很好、速度快，也會主動關心需要什麼。 📍 結論：很好吃、很好聚、很推薦！ 家人一致說：這家還會再回訪。,招牌桶仔雞有厲害到！皮脆肉嫩好多汁～私心推薦烤鮭魚肚和松露雞水餃，也是必點菜色之一！完整介紹🔍金亮亮部落客吃喝玩樂趣
ChIJ_fFccXivQjQRQrVr4JQoLsU,位在石牌捷運站附近的OMAKASE，食材新鮮，擺盤精緻，每道料理都很用心製作，非常美味，老闆會依照客人的需求調整餐點內容，餐後的冰淇淋是店家自製的，口味很特別，非常好吃,令人印象深刻的無菜單料理。看google評價上的照片每次都不一樣，表示每天都是採購新鮮漁貨，看食材料理。這也是師父的經驗技術證明呢。 但其實最讓我驚艷的反而是熟食哈哈哈，烤功一流🥰,大約能容納12人的坐位 師傅選擇當季食材設計料理 有人不吃生食也很細心的設計熟食菜單 茶水自取不收服務費 值得回訪,食物好吃但份量很少，吃過類似餐廳，知道這樣的無菜單料理是一道一道上菜但這家的上餐速度偏慢，內用位子不多需要提前訂位並匯訂金保留，服務是很好的但這樣的價位有更好的選擇。,石牌也有無菜單日式料理，需要事先訂位！需先付訂金！大約十個座位的小店，超乾淨的，七年的店感覺像新開的！保持的很好！老闆也很親切和他的父親一起工作！覺得很溫馨 十道菜色，做的很精緻，魚料理是沒有做成握壽司的樣子，都是搭配特調醬料，享受原味的感覺！澎湖的河豚皮好讓我驚艷！ 最後加上...黑鮪魚的臉頰肉...鍋子一開香氣撲鼻..還以為是牛排耶！ 湯品，熬煮澄清湯很費時，裡面加了蝦頭，魚肉和九層塔...超好喝，因為一般都是配味增湯，這次的湯好讓人回味 連甜點芝麻冰淇淋，都是老闆自己做的！ 食材都很新鮮、盤子配合菜色，點綴一些香料葉子！絕配！
ChIJa4mXFAmpQjQR8Yx-EvJM9tA,高朋滿座，需要排隊等候一下。 一夜干如果再烤更乾一點會更好吃，鮭魚丼飯好吃😋，蒸蛋很嫩，有附一碗湯，服務員沒有特別說ㄧ下，兩個人來吃又多點一碗魚湯，總共3碗差點喝不完😅,我不是台北人，偶爾來西門町逛街總是不知道吃甚麼，每次經過這家很怕踩雷不敢進來。 直到看到電視介紹，一代目老闆的故事，今天就想說來吃看看，服務很好氣氛也很不錯。 茶碗蒸跟味噌湯偏台式口味，但是是好吃的鹹甜適中，生魚片握壽司都很大份，魚片入口即化。醋飯也好吃不會黏粒粒分明，醋味不是太明顯。 份量也很足，鰻魚飯的也是粒粒分明的那種，米飯不會濕濕軟軟糊糊。口味算是很家常，下次有機會來吃吃看熱炒類。 阿對對對，補充一下！他招待的茶非常好喝，不是那種隨隨便便難喝的茶！屌打許多連鎖餐廳！小細節做的非常棒，服務生還會一直幫你加茶水！,生魚片不錯吃很新鮮，軟殼蟹也不錯吃，鰻魚飯不錯吃，雞肉串偏乾硬，壽司就普通，充滿回憶的老餐廳,從小吃到大的復古日料店～天婦羅、魚下巴，生魚片都好吃！喜歡啤酒的也一定要點一大杯很過癮🍺不過尖峰用餐時段都很多人 候位也等一陣子 有時候店員服務態度也比較有個性一點 但好吃就還是會想再來哈哈,看似日式料理老店，但口味已經台化，但食材都很新鮮，蝦子大尾好吃。
ChIJaQs-tESrQjQRvNYMuU3wROU,餐點美味，服務周到，非常值得再訪的一間店。因為去坪林出遊，回程想吃星馬料理就找到這家，推薦雞腿撈麵，樓梯餅，飲料美祿也很好喝。服務生介紹非常詳細也很有禮貌。很喜歡的一間店。,3/10 釐清一下，豆芽菜鋪在雞肉下方，當然是吃到最後才發現頭髮，如果頭髮在雞肉上，您們會沒有看到嗎？ 櫃檯事後有提供折價券表示歉意是沒錯， 但是我婉拒也是事實；因為上菜小姐都低頭說話卻不戴口罩，這已經是餐飲業的忌諱了！ 餐點衛生不夠，豆芽菜裡夾頭髮，服務員態度很優，可是上菜規定要說話，卻都不戴口罩；餐點CP值低，白咖啡一杯$90，看起來是3合1即溶咖啡,服務人員很親切，很用心的介紹餐點 泰椰狗狗焉超級好喝 餐點都很好吃 環境衛生也都很好 結帳的時候櫃檯人員也會詢問今天餐點是否ok 我覺得蠻好的 下次還會在回訪,海南雞腿撈麵，撈麵硬度適中，口味不會太鹹，雞腿鮮嫩，無骨刺！ 店裡環境乾淨整潔！ 值得再次光顧！,第一次吃印度煎餅超大，還真不知該如何下手，哈哈 整體而言，CP值很高，服務人員也很熱心介紹餐點，東西也很好吃
ChIJaSZ-CpupQjQRaqvVbaJ4FaM,有點小差勁…（附上菜單） 6歲以下小朋友每位另收$150清潔費，室內的小朋友遊樂空間6歲～18歲不能進去，雖然有明文規定，但如果有小朋友真的要進去玩，店家會是狀況而定～進去前還有專員幫忙消毒！ 另外還有室外蠻大的空間，沙坑、學步腳踏車都可以使用～ 用餐區域蠻寬大的，不會擁擠動線還可以，另外還有類似包廂的地方！ 但是！餐點真的有點差… 不好吃先放在一邊，食物（炒東西類的）還是冰的，沒錯就是冰的！感覺就是微波食品微波時間太短…說要重新製作一份，結果在上一份味增湯是冷的… 然後餐點製作時間偏久！ 價格也蠻貴的，如果說是因為一部分成本是小朋友的遊戲維護，我可以接受，但這個部分已經額外收費了，所以餐點價格我覺得不太合理！,"很重要⚠️一定要訂位❗️ 即便平日是下大雨天☔️ 店家依然是客滿的狀態歐!!! 桌位不多,位子很寬敞 環境乾淨整潔,蠻舒適的 遊戲區真的很大,選擇也多 如過天氣好,店外也是能玩的 最棒的是：消毒及注意安全 遊戲區門口有人員在維護。 餐點口味還不錯 份量給的也很足夠 小孩可不點餐，能與大人共食。",舉辦各種親子活動的好地方～提供的食物很好吃，食材也很新鮮，生菜沙拉裡面還有切片的鮑魚，很用心準備的料理。現場還有陪玩的主持人大哥哥，帶著小朋友玩各種吹泡泡還有大地遊戲，室內還有小朋友的遊戲間，有很多烹飪小廚房跟積木，室外還有兒童玩的小車，空間都規劃的很好。,餐點上份量很足夠，配色配菜也很豐富 但口味上一般般就求個吃飽😆 兒童餐的車車造型小朋友很喜歡（麵包、蛋、炸南瓜、主食） 餐廳環境簡單乾淨，有哺乳室、兒童洗手台 再來就是小朋友最愛的遊樂區 不得不說以親子餐廳來講～這遊樂區很豐富 沙池、球池、溜滑梯、戶外車車、小樹屋、各種家家酒、積木區 進場也有服務人員把關消毒，整體來說挺放心的👍,義大利麵好吃～戶外有沙池、騎車車～ 室內有球池、各式廚房玩具跟軌道車車可以玩 小孩一個人低消250～不論有沒有點餐 今天來二場，早場9-11點來參加10點的昆蟲體驗～小孩非常喜歡❤️
ChIJaWfvlQCqQjQRSzfJ51RhuRg,每道菜色都不錯 服務親切 環境簡潔 蛋酥冬粉湯有如清淡版佛跳牆 值得一試 炒頭骨肉加辣超嫩下酒菜必點 炸卜肉 雞捲也都好吃 豬腦袋完全沒有腥味 嫩口,義興樓餐廳是一家很有年代感的老店，用餐環境樸實，但保留著濃濃的古早味氛圍。這裡的菜色屬於傳統家常口味，調味不花俏，吃得出食材本身的香氣。這次點了幾道招牌菜，像是紅燒肉、蒸魚和炒青菜，味道都很實在，讓人想起小時候在家吃飯的感覺。分量適中，價格以現在來說算合理，適合家庭聚餐或帶長輩來吃，大家都能找到喜歡的菜色。服務態度不特別熱絡，但也不會怠慢，算中規中矩。聽說是必登推薦的餐廳，對喜歡傳統味道的人來說確實值得一試。如果你追求的是華麗擺盤或創新料理，可能會覺得普通；但如果想吃到樸實的古早味，這裡會是一個不錯的選擇。餐廳位置不難找，附近也有停車場，用餐方便。整體來說，是一家能讓人放慢步調，好好吃頓飯的地方。,對面巷子有停車場可以停車，餐點口味不錯，份量也很大一份，價位不算便宜，但是好吃美味,疫情時吃過一次，念念不忘，今天走仙跡岩親子步道前，先來回味，味道一樣讚，。 點了外頭很難吃得到的豬腦烘蛋，酒家菜的金錢蝦餅，炒頭骨肉，炒三鮮炒水蓮，涼筍。 因為只有三個人，還有想吃的香酥鴨，炸卜肉，炸芋丸，五香雞捲都點不上，下週六來外帶回家給爸媽品嚐老台菜的味,
ChIJad0qbLarQjQROo8t5fAtfhE,食材新鮮是基本，一般美味，沒有覺得特別美味。小眼睛男子的服務跟機器人差不多，加個芥末盤子還不會好好的放到桌上，不知道服務費是在收什麼服務。2位花了2000千多的晚餐，沒有覺得整體氛圍、服務有達到此價值。,☆4.6 ▪︎美味蟹堡 - 如其名真的美味，一口咬下鮭魚卵+松葉蟹+明太子醬完美融合。 ▪︎綜合刺身 - 新鮮。 ▪︎炙燒鮭魚腹肉 - 炙燒出微焦油香，好吃到點兩次。 ▪︎鮭魚海老加州卷 - 用料實在，好吃滿足。 ▪︎明太子洋芋 - 鋪滿明太子醬，鹹香脆口。 ▪︎明太子雞腿排 - 多重口感，醬香皮脆肉鮮嫩。 果然出自名店，不管是用料還是手藝都相當有水準，生意很好需訂位，絕對會再訪的店。,個人覺得偏普通。類似價位更好，吃的生魚片丼飯有蠻多的。 味噌湯基本上沒有料，就是最普通的那種味噌湯噌。 鮭魚親子丼的鮭魚不夠肥美，吃起來很健康的感覺。 極上珠寶丼的海膽感覺不是都特別新鮮，有部分黑黑的，細嚼有甜味，但是尾韻會有微微的苦味。建議加價300去吃日本橋海鮮丼的極上珠寶丼，那裡的澎湃程度完勝，而且隨餐還有附前菜跟甜點。 如果是要吃300出頭的好吃生魚丼飯，大推南方漁場。味噌湯超級鮮，生魚片也比較豐盛，整體價位還稍微便宜了一點。,餐點烤節瓜 有魚的濃濃味道 義大利手卷不錯 男店員只負責送餐，確認餐點為什麼有異味一無所知，有沒有想幫忙確認的意思,東區的巷子裡藏了一間小小的平價日式料理店 沒有太多招牌或華麗裝潢，但用料和誠意讓人記得住 . 最驚喜的是蘆筍蝦手捲，酥脆爽口、蝦肉鮮甜，一入口馬上吃光，根本來不及拍照 生魚片新鮮到讓人放心大口吃，蝦子加州捲更是出其不意地好吃，蝦子大到有點嚇到，口感也不馬虎 整體來說，是那種你不會特地打卡炫耀，但會默默回訪很多次的店 超適合平日下班後想吃點認真料理又不想花太多的日子
ChIJazuHbz6pQjQRGGRLxz2VfIQ,環境整個氛圍舒適乾淨，上菜速度也令人滿意，小菜與主食的口味都很不錯，份量也足夠。三樓還能參觀，廁所也十分乾淨。唯獨本來很期待的豬油拌飯，因為米粒過乾影響口感，由於本身已經是喜歡偏乾的口感，但還是覺得有點不適應，希望能稍作調整，期待下次再訪。,稻舍最厲害的就是香蔥豬油拌飯（提供熱豬油+冰醬油自己拌熱蔥飯）和懷舊紅燒肉，搭配小菜四季豆炒菇、芥末海帶芽泡菜和刈菜排骨湯$420，另外也點了香烤午仔魚客飯$360，雙棗燉牛板腱客飯$450，酥嫰豆乳雞客飯$360，外加10%服務費。 趁上菜前逛了一下百年老宅，走到後面看天井，爬上二樓古老木樓梯，古色古香，味口大開。,「稻舍食館」一直躺在我的收藏夾裡好久，今天走過去剛好看到開門、剛好有空的座位、剛好我還沒吃飯，這三個剛好直接把我推進門。 主餐完全沒讓我失望。烤雞腿鮮嫩不柴、外皮微焦香到剛剛好，是那種一切開就知道廚師功力的熟度。而午仔魚更是驚喜，烤得外皮恰恰、魚肉細緻多汁，不誇張，連魚皮都香到讓人捨不得放過。紅燒肉也超級強，滷得非常入味，肥瘦比例漂亮，湯汁一淋在飯上，白飯瞬間蒸發得比綠咖哩還快。 小菜雖然是涼菜，但搭起來意外非常順口，海帶絲酸爽清新、油豆腐和豆干也都很耐吃。豬油拌飯是整套裡最有儀式感的地方，自己動手拌才好吃。豬油繞兩圈、醬油繞一圈，攪開後香氣直接衝腦門，每一口都是樸實卻幸福的味道。 附湯濃郁到不像「附湯」，喝得出用心。而餐後熱茶更是整個下午的完美句點。我們三個人點了兩壺，被店家熱情回沖到第三次，結果一坐就是整個下午，彷彿不小心把這裡當成自家客廳。 總結：稻舍食館是一間會讓人想再訪、再回味的店。雞腿、午仔魚、紅燒肉各有亮點，涼菜爽口、豬油拌飯好玩又好吃，熱茶更讓整餐變完整。是一家吃完會想默默說「還好今天路過」的療癒系餐館。,聽說是要訂位的名店。有訂位但提早到。其他已訂位客人取消。所以很幸運提早入內用餐。整個環境很懷舊復古。木門、木栓、懷舊舊照片、木製桌椅。控肉飯～軟、嫩、甜、很入味、很鹹，口味很重。我個人不喜歡甜感的餐食。套餐的三樣小菜、湯也都是一般般。白飯Q彈。有2瓶玻璃瓶一瓶醬油一瓶豬油。服務人員會解說食用方法。豬油淋2圈醬油1圈。即成豬油拌飯。但我 個人不覺得好吃。沒有記憶中小時候的豬油和醬香味。甜點千層豆沙～餡料微酸甜、皮不酥。整體來說一般般。嚐過就好,第一次到稻舍用餐 要不是有先訂位可能要訂30分鐘以上，尤其是假日不要現場後位會等非常的久😅 餐點套餐非常的好吃（牛肉燉得很爛入口即化超推薦，給予的白飯如果淋上提供的豬油更香）很符合期待🥰（素食套餐也超棒） 但是甜點的部分就不推薦，嫩仙草平平，紅豆紫米賣相不佳，送上來的時候嚇我一大跳感覺不怎麼優，吃起來也還好。 因為在1樓用餐，特別到2樓去查看，下次如果帶朋友來，但上2樓感覺樓梯很抖，不太適合長輩感覺些許危險。（註：2樓提供了包廂可以朋友聚餐） ❤️這裡的廁所很乾淨還是要稱讚一下🤗
ChIJb3wiSkWuQjQRYj2ArhtpNoU,"這家日式洋食真的讓人驚艷。每一道菜都非常入味，而且都有不同的驚喜，吃完整套會覺得層次豐富、用心十足。 鴨肉料理特別出色，肉質鮮嫩多汁，熟度掌握得剛剛好。炊飯一開始看起來有點平淡，甚至有些 anti-climactic，但越吃越能嚐到淡淡的燒烤香氣，後勁十足，反而成為讓人回味的一道。 主餐前還貼心地提供番茄汁解膩，清爽開胃。服務更是加分，有著高級餐廳般細緻的講解與介紹，完全不像一般連鎖店的制式服務。 最驚喜的是，兩人七道式套餐只要1800台幣，真的超划算，CP值極高。下次一定會再訪。 This Japanized Western restaurant truly impressed me. Every dish was deeply flavorful, and each course brought a different surprise, making the entire meal feel thoughtfully curated and well-balanced. The duck was exceptionally tender and cooked to perfection. The rice pot initially felt a little anti-climactic, but as I continued eating, a subtle smoky, grilled aroma gradually emerged, leaving a lingering and satisfying finish. Before the main course, we were served tomato juice to cleanse the palate — a thoughtful and refreshing touch. The service was equally impressive, with detailed explanations like those in a fine-dining restaurant. It certainly didn’t feel like a typical chain outlet. Best of all, the seven-course meal for two was only TWD 1,800 — incredibly worth it for the quality and experience. Definitely a place I would revisit.",交通方便，不限時的話還滿適合聚餐聊天的。 餐點的部分沒有什麼亮點，菜單設計或烹調、擺盤都沒有特別吸引人之處；服務人員會不斷來詢問餐點還ok嗎，實在也說不出哪裡不好，雖然沒有不好吃，也沒什麼特別不滿意，但是就覺得很多小地方都差一點點（例如雞肉沙拉的雞肉偏乾有點硬，鴨胸筋略多等），吃完沒有滿足的感覺。,新北投捷運站旁就有停車場 出口銜接七星公園 有電梯🛗 走到陶板屋很方便 店員服務周到親切 改裝後第一次來 整體環境設計感鮮明 與鄰座較為靠近 餐點都滿喜歡的 前菜有味增調味獨特 日式炊飯小孩也喜歡 鹽岩玄米奶茶滿甜的,套餐698元+10%服務費，餐廳有重新裝潢過，變得比以前明亮，但是桌距過近，隔壁桌的聊天聲聽得很清楚，少了些高級餐廳的氛圍感😅 餐點部分有一定水準，但不到驚豔的程度，比起來我們更喜歡西堤😂 - 香酥魚佐莎莎醬：醬料調的很好，但魚的外皮炸的有點硬會刮嘴 - 海鮮茶碗蒸、雞肉巧達濃湯：中規中矩沒什麼記憶點 - 濃い牛排湯咖喱：牛排好吃，不會太硬，5分熟剛剛好，咖喱配上蔬菜也很好吃👍🏻 - 章魚燒炸飯糰：在主餐後才上其實已經有點飽了⋯ 飯糰炸的有點乾、外皮又硬，有點難下嚥，要搭配淋上去的黃芥末才吃得下去，裡面吃得到章魚塊。 - 冷月紫米：紫米完全沒有甜味⋯覺得甜一點會比較好吃🥲 - 108抹焙歐蕾：焙茶的部分喝不太出來，抹茶味還可以，但有點過甜 生日當月來用餐會贈送小蛋糕一塊，店員也會主動幫忙拍照，還會洗出來放相框送給你，超級貼心🥹,套餐698+10% （壽星88折） 上次吃陶板屋已經是很久以前，用餐到體驗還是相當不錯。 沙拉-烤雞肉串跟沙拉的組合還不錯。 前菜-杏鮑菇味道偏重，杏鮑菇的鮮甜味吃不太到，個人比較喜歡茶碗蒸。 湯-玉米濃湯的顆粒感有點重，個人不太喜歡，牛肉湯倒是很清爽好喝，推薦牛肉湯。 主餐：我這次吃了新推出的和牛漢堡排，我個人覺得不太好吃，醬汁味道太強烈，基本上吃不到肉味，同時漢堡排的肉感有點早餐店的感覺，實在不推薦。 香蒜瓦片牛排倒是還是好吃，烤半雞的份量很大味道也不錯，有比漢堡排好的選擇！ 飯類：炸飯糰味道較重但吃的到章魚的鮮甜，炊飯比較清淡吃起來很清爽，個人覺得兩個都不錯。 整體來說王品集團的整體服務一直都不錯，食物的味道也還算不錯！價格上一個人才月800，能吃到這樣的套餐個人覺得已經可以了，食物的份量相當多，一定能夠吃飽，多年後再訪陶板屋的體驗算是相當不錯！
ChIJc-2A5rKrQjQR0OCuN-EDetk,很有特色的台式居酒屋，很適合下班後和朋友一起小酌🍸 餐點都很台式，像是滷味、大腸包小腸、牛三寶等等，滿好吃的基本無雷，且鹹度配酒剛剛好～當天人多所以點了很多餐點，特別推的 🌟牛三寶、滷味拼盤（人多的話很推薦） 🌟烤餃子（醬汁鹹鹹酸酸的很好吃！） 🌟鹹豬肉 🌟雞翅 🌟大腸包小腸（是切過的很適合分食） 🌟台式伊比利（是培根～超香超下酒） 調酒的部分覺得癡情男子漢還不錯，酒感比較重一點又很有米酒香，鬼島冰茶也很清爽好喝 不過更推的應該是他們的shot～建議可以點一組每種都試試看再看最喜歡哪一款，都各有特色 🌟如果只能選一杯的話最推薦「不要不要」 檸檬配上咖啡粉香氣再shot Tequila 非常非常讚，檸檬皮嚼起來也超香，大推 整體而言是會推薦的店家，環境不錯氣氛好，調酒好喝餐點CP值也高👍,🍹 渣男Taiwan Bistro 信義一渣｜台味居酒小酒館的真實走訪心得 📍 這次造訪的是 渣男 Taiwan Bistro 信義一渣，一間在信義區巷弄裡常常聽到朋友推薦的台式餐酒館。它有種低調卻熟悉的氣氛，裝潢帶一點復古、小酒館的自在感，讓人剛走進去就覺得可以慢慢坐下來喝一杯、聊一晚。 ￼ ⸻ ☺️ 為什麼我會推薦來這裡 我這次的體驗比原本在網路上看到的評論還要正面很多。這裡不只是喝酒和吃滷味的小店 ‒ 整體氛圍讓人覺得很放鬆、很適合跟朋友下班後來小酌或當宵夜場。店裡音樂不會太吵，座位也不會太狹窄的那種壓迫感。 ￼ 而且 店員真的很熱情，我們坐下沒多久，店員就送了幾杯 順口又水果風味的 shot 🍷，喝起來不會嗆，而且帶一點果香，完全不像一般烈酒那麼重，反而像喝一杯微醺版的果汁，讓整晚氣氛從一開始就輕鬆起來。這種貼心的小舉動讓人覺得特別舒服。 ⸻ 🍜 餐點推薦（我超喜歡的！） • 烏龍麵（必點） 這道真的很令我驚艷！麵條 彈性十足，而且鹹香味道很討喜，吃起來比一般在居酒屋常見的乾麵更有層次感，配著酒或者單吃都很棒。 • 炸餃子 外皮酥脆、內餡飽滿，帶點台式味道又不油膩，是我覺得 小酌配菜中很推薦的一道。 ⸻ 🧠 優缺點分析（親身感受版） ✅ 優點 • 氣氛放鬆又有特色，很適合下班後喝一杯 🍻 • 店員熱情、互動很有禮貌且讓人覺得舒服 😊 • 水果風味的 shot 非常順口，是我喝過比較少見、好入口的款式 🍹 • 烏龍麵彈性很棒、炸餃子也好吃，是值得點來的小點 🍜 • 位在信義區巷弄，周末夜晚散步過來就很有氣氛 🏙️ ⚠️ 缺點 • 因為是小酒館定位，人多時會稍微有點擠（但不至於很吵） • 必點小菜有限，如果想吃正餐可能要搭配其他麵/主食 • 停車不太方便（搭捷運/叫車過來是比較好的選擇） 🚗 ⸻ ✨ 總結 整體來說，這次來 信義一渣 的體驗比預期還要好。 從酒的口味、店員的熱情到餐點的質感都讓我覺得「下一次還會想再來」。尤其是那幾杯順口的水果 shot 和有彈性的烏龍麵，真的是讓我這趟小酌之旅特別印象深刻的部份。 如果你跟我一樣喜歡 氣氛放鬆、小酌配美食的地方，又不想去太吵或太擁擠的夜店或居酒屋，那這裡絕對值得排進台北夜生活名單裡。 🍸🎉,今天是我的生日餐！非常好吃！品項看似很簡單 但都非常入味😍 調酒也很好喝！點了一杯醉美人 荔枝甜甜的很適合女生 Shot每個品項都喝了 都是恰到好處！ 老闆還請喝shot 超讚👍🏻,一開始帥哥看起好很高冷 實際酒跟料理超好吃,調酒好喝氣氛佳 這次還玩了扭蛋 每次來必點鴨血豆腐 軟嫩入味配酒好吃 鬼島冰茶推推👍
ChIJc-_1Bo2sQjQRYH4iH8hugo0,湖光市場附近的人氣海鮮丼，和金泰、百魚、美川等內湖名店的討論度都頗高，假日內用人超多要排隊，整體魚料味道和新鮮度都不錯，CP值部分中規中矩。 這次來外帶漁夫丼(470元)還滿豐盛的，有鮪魚/鮭魚/旗魚/花枝各兩塊、大明蝦、螢烏賊(應該是)、玉子燒，飯上面還鋪了魚卵和蝦卵，整體新鮮度不錯也好吃，尤其是蝦肉有夠讚，不過生魚片偏軟爛就是普通部位，蝦頭有微腥味，小扣分。另外一定要稱讚套餐附的味噌湯，不僅有鮭魚肉邊角料，每碗還有7~8個花蛤，很豐盛！ 如果不想吃海鮮，強烈推薦招牌豬五花丼(270元)，豬五花三層肉的大塊切片實在有夠香，超讚👍👍 燒牛丼(210元)則是牛五花，肉質不錯，但沒有豬五花驚豔。 另外點了有卵柳葉魚串(4串100元)，吃起來新鮮，不過柳葉魚口感有點瘦弱不夠肥美，卵倒是夠就是，建議不用點。茶碗蒸(60元)有附一隻蝦但普普，想吃再點。,今天2人用餐，店內座位有吧台和餐桌，適合不同人數的客人，座位舒適，用餐環境良好。 今天主要點烏龍麵、茶碗蒸、串烤類、生魚片等類型，食物新鮮好吃，串烤類也都軟嫩入味，生魚片很鮮，肉質有彈入口帶甜味，鮭魚的油脂味恰到好處，搭配蘿蔔絲和山葵，相當舒服。推薦給喜歡日料的朋友👍👍👍,蘆筍跟綜合手捲好吃。 以日本料理店來說這裡的湯雖然是免費的給得很有誠意 料好多 有海瓜子跟魚肉。 我故意選了一個最便宜的豬肉口味丼飯 雖然價格最便宜，但是很好吃喔 我同學點生魚片口味 用餐有驚喜的體驗，我吃到一個像石頭的醬，竟然是黑芝麻加豆腐。 很值得學習。,餐點都很新鮮美味，味噌湯可以續湯，被問了三次，也回答了三次，服務太周到了！地點不好停車,以cp值來說 真的是推推～ 這次點了澄食招牌丼（是四片生魚片+一隻蝦） 友人有點生魚丼（是5？6？片生魚片，給不吃蝦的朋友選擇） 吃完的滿足感是剛剛好的，不會讓人覺得很撐，滿足感瞬間提升！ 味噌湯可以續，裡面有魚肉塊，很幸福～～
ChIJc3mO3Y-pQjQRu0eMzMjdyj0,包廂慶生很特別，服務很好，很多客製化服務。最後還有隱藏小禮物是當天照片相框，很用心。雖然我們比較晚到吃的比較趕，飲料一直到最後才上來不及喝，有飲料要注意提醒一開始就可以上了，但整體體驗非常好，龍蝦是整隻的很好吃，還有和牛跟燉飯都很不錯，我們10道菜吃很撐。推薦一下,2人適合夕霧房 店員都很熱情親切~ 送一個蛋糕造型的馬克杯 附蓋子&蠟燭造型攪拌棒 送兩個鑰匙圈 (刻字) 送發光的兩隻玩偶 送一個相框&剛剛拍的照片 有一個活動是爬樓梯上去摘一個絨毛星星 有三種香氛可以選擇 (櫻花/白茉莉/忘記了) 餐點太多...吃不完 剛進去有點忙碌 沒辦法慢慢地享受餐點 投影Netflix畫質不夠清晰 看不清楚 聽聽音樂就好 隔壁喝開了 音量很大聲 整個空間設計得很有創意 價格有點嚇人XDD驚喜很多 拿了很多東西回去 適合有需要的男性友人 女生會蠻開心的XD,"是一間很適合慶生、聚會的餐廳！ 這次和兩位好友選了「煙雨」包廂，店家還貼心協助佈置氣球，讓慶生氛圍更有儀式感，氣氛真的大加分。 餐點方面，從前菜到主餐都頗有特色：玉米脆片莎莎清爽開胃，馬糞海膽寶盒濃郁鮮甜，鮭魚肚三吃與炙燒干貝鮭魚卵明太子細麵都展現了細膩感。松露奶醬板腱牛排細麵也很出色，醬香濃郁不膩。鮑魚燉雞湯則溫潤滋補，飲品如芒果冰沙、蜂蜜柚子茶、荔枝果醋飲都相當清爽。 不過份量上稍微偏少，主餐分量剛好，但其餘料理若人多分享，可能會覺得吃不太飽；另外，軟殼蟹沒有去除蟹腮，有點小小驚嚇，算是唯一的遺憾。 整體來說，餐點美味、服務貼心，氣氛滿分，雖然單人消費約 $1,700～1,800，不算便宜，但很適合紀念日、慶生等特別場合，是值得再訪的餐廳！",餐點每一樣都很有特色 ，口味也好吃～ 很適合節慶 慶生 氣氛到位🩷 服務人員也都非常友善👍👍,好喜歡滿滿的儀式感❤️❤️ 來幫男友慶生 還可以邊看電影邊吃飯 餐點也都好好吃🤤 但可惜沒有鮮蝦甜甜圈了 嗚嗚～～
ChIJc3yInFapQjQRtBc1qSDHY7s,歡迎追蹤Instagram: @karenfu_food 看更多美食ฅ^•ﻌ•^ฅ - 藏身於巷弄中的日料🍣 揪團來吃絕對不虧，可以吃超多道料理，最推薦毛毛蟲壽司、生牛肉沙拉、松阪豬西京燒、南瓜可麗餅。毛毛蟲壽司的醋飯餡料及蝦子調味恰到好處，吃起來很清爽；炙燒的牛肉，梅納反應再搭配蔥花、紫洋蔥，口感更豐富，吃多也不膩！ 松阪豬有先用味噌醃過，但不會過鹹，炙燒的手法，保有軟嫩的肉質，下飯配酒都合適；南瓜可樂餅，南瓜控一定要點，細緻的南瓜泥內餡，沒有過厚的麵衣，推推！ 🏷️明蝦毛毛蟲壽司：NT$430 🏷生牛肉沙拉：NT$480 ️🏷️松阪豬西京燒：NT$280 🏷️嫩唐揚雞：NT$180 🏷️南瓜可樂餅/個：NT$150 🏷️海老天婦羅：NT$260 🏷️野菜天婦羅：NT$160 🏷️盛和刺身：NT$380 🏷️鐵火捲：NT$100 🏷️蝦手捲：NT$60 🏷️蘆筍手捲：NT$60 🏷️海鮮烏龍麵：NT$180 🏷️鮭魚炒飯：NT$170 🐈‍⬛ 整體裝潢很氣派，尤其是吧台區，除了菜單上的品項，小黑板也有當日推薦菜色可以參考哦！,假日晚上來用餐 鮪魚握壽司跟天婦羅都好好吃 每一道都能感受到食材的新鮮與美味 服務親切 料理長的手藝真的好厲害,平日中午用餐，沒有訂位，剛好剩最後一桌位子。建議事前先訂位訂餐。 餐點等候時間滿久的，前面有很多單要出，所以等到我們的餐點上來時，大約40分鐘。 餐點味道不錯，推薦揚出豆腐，豆腐軟嫩，搭配微甜的醬汁跟吸飽湯汁的柴魚還不錯。黑豚生薑燒的豬肉不柴，調味不鹹，搭配白飯吃剛剛好。商業午餐還附了湯、沙拉、小菜及茶碗蒸。 當天用餐有很多上班族，聲音大聲非常的吵，想要舒服吃飯就比較不適合，撇除這點跟等候時間，其他都還不錯。 餐點美味：🌕🌕🌕🌕🌑 環境舒適：🌕🌕🌕🌑🌑 價格滿意：🌕🌕🌕🌕🌘 回訪率：🌕🌕🌗🌑🌑,還不錯的一家店 當時去的是假日晚上 本來以為是很多人 結果還行 當天他們只有一個外場服務生 既要送餐 確認餐點 結帳 挺忙的 很推薦他們家的明蝦毛毛蟲壽司！ 很好吃！會想讓他一口接一口的吃 他們家的炒飯也蠻好吃的 單天點的是鮭魚 上面還有些許的鮭魚卵 天婦羅也不錯 沒有很重的麵衣 或許是當天外場只有一人的關係 湯有點晚出 室內冷氣挺涼的 服務是蠻好的 茶沒了 一直幫忙加 他想幫我加茶 但我卻拿起喝 但沒注意到 他卻一直站在旁邊等我😅 挺尷尬的 覺得蠻抱歉的 是覺得這條街撫順街 蠻不錯的日料～！,
ChIJc95P6a6pQjQR9Ro3wIE2nhs,以前來過幾次沒印象，這一次來點了南瓜鍋和金目鱸魚餐，上菜時讓我們看得很開心，魚是一整尾的，而且附的湯和泡菜非常美味，南瓜鍋更是豐盛美味，這不是一般的南瓜鍋，而是南瓜濃湯火鍋，料很多份量又大而且美味可口，真的是棒極了。差點忘了說，副餐的咖啡也很有水準。 吃到一半的時候店狗到了，這兩個孩子真是可愛呀，一直在我旁邊陪我吃飯（我知道不能亂餵），我們也有帶一隻小狗來，邊吃邊休息邊和狗玩真的很享受，一定會再找時間再來的,因為店名特殊而吸引眼球，裝潢佈置有風格也有巧思，餐點是簡餐形式為主$330上，燉蘿蔔牛肉味美，蛋糕另外單點$150也好吃，在台北市區平日不限時餐館裡有良好的CP值，老闆也親切溫和，在龍山寺站附近大推👍,位於萬華的這間友善寵物咖啡廳，真的很值得推薦！拜完龍山寺後順道走過來，感覺行程安排得剛剛好，可以馬上找個地方坐下來休息。店內裝潢充滿氛圍，帶點溫馨感又不失設計感，非常適合午後來這裡放鬆一下。最棒的是這裡對寵物非常友善，可以帶毛小孩一起來，不論是自己用餐或和朋友聚會都很方便。店內還貼心提供插座，邊喝咖啡邊充電，對需要工作或滑手機的人來說很加分。甜點部分每天都會有不同的選擇，直接在陳列處就能看到當日供應，很有驚喜感；咖啡品質也相當不錯，香氣濃郁、入口順口。更特別的是，除了咖啡和甜點外，這裡還提供餐點，讓人不只可以來喝下午茶，肚子餓的時候也能享用一頓完整的餐食。整體來說，氛圍好、餐點好喝又好吃，加上寵物友善的特色，真的很適合再訪！,今天點了：台式蘿蔔燉牛腩，台式糖醋排骨飯，泰式椒麻雞，份量十足，口味也不錯 沒有收服務費 捷運龍山寺站出來，走路3分鐘內到,一定會再回訪，阿勇阿福可愛到可以滿足喜歡法鬥🐷的人，心情好好，謝謝店家還願意給小黃瓜餵食，可以更近距離接觸，摸摸握手都來者不拒❤️
ChIJcQV2D2GrQjQRNnfEuAacZp0,2025年10月點兩人份套餐 整體來說可以吃的超飽，咖啡口味的排骨很特別，有茶磚的茶也很特別。但口味上覺得尚可而已，沒有到覺得好吃。但當天服務人員還算可以，整體還算滿意。,我覺得餐點是好吃的，味道怪怪的是湯裡面的麵麩，服務人員也很多，薑黃飯一開始上來時沒熱，後面續飯講後有變熱的，人均約1000，吃不完可打包~,薑黃飯很香，單吃就很好吃了。星洲肉骨茶排骨豬肚湯的肉骨茶味若有似無，但豬肚味道是挺濃厚的，不愛。仁當牛肉的醬汁濃稠，香味撲鼻，肉的口感是有嚼勁的。 P.S. 有些菜是中央廚房做好的料理包加熱上桌喔！,偏重口味的一家店，味道都蠻濃郁的，但也可能這樣吃不多，一下子就會覺得膩了，畢竟適合多人來吃，每樣吃一點點就夠了，調味蠻特別的，是其他餐廳比較少看到，但不會覺得特別好吃或是驚艷，不會特別想回訪。,禮拜五晚上來吃 很多道菜都沒了欸 已他線上點餐的菜單為主 好像也只有五人套餐 我覺得整體偏貴 咖啡排骨蠻好吃的 酷酷的 但可能不會想再來吃
ChIJc_6fMzerQjQRHcqXwpPVxFo,走進餐廳，溫潤的石材質感，帶著恰到好處的輕奢氛圍，讓人緩緩緊湊的節奏，坐下來好好吃一頓飯，不管是一個人還是有伴，都可以享受片刻的寧靜與與當下的美食。其實在餐廳外最先被那些剛剛出爐的烘焙吸引，對，玻璃櫃內有肉桂捲，也有可頌與鹹甜派，看起來都十分可口，但因為我用餐後完全沒有可以存放甜點的空間，閨蜜也是，所以她挑了一些外帶，之後再補上她的食後感，先分享這餐生日餐的美味。 ▌甜蝦燉飯（Amaebi Risotto / Sweet Shrimp Risotto） — 爆發出甜美蝦味與馥郁蝦膏的黃金米粒 燉飯米粒煮得恰到好處，保留微芯的咬勁。讓入口後甜蝦甜美濃郁的海味與沉浸在蝦膏中的黃金米粒，每一口都讓舌尖像被寵壞的小孩，有種衝擊與驚艷的爽度，記不起上一次有這種感覺是哪裡的燉飯，但此次的用餐體驗直接覆蓋以往的美食記憶，好吃，所以每一口細細品嘗，每一口都有不同的層次感，建議必點清單。 ▌農夫派（Farmer Pizza） —鹹香、奶香、炭香完美協奏 餅皮邊緣微焦、中央薄軟，帶著炭火香氣的手打麵團的Q彈。綿密不膩的芳提娜起司（Fontina）與瑞可塔乳酪（Ricotta）作為基底，薄切馬鈴薯片微焦香，口感軟綿中帶脆，鹹香培根與甜美紅蔥頭（shallot）煙燻與微酸平衡，中央那顆溫泉蛋，讓流心蛋黃如金色絲絨般裹覆整片披薩，直接把鹹香、奶香、炭香推向高潮，堪稱畫龍點睛。 ▌胡桃派（Pecan Pie）— 號稱全台北最好吃，滿滿胡桃很過癮 頂層堆疊著輕盈綿密的鮮奶油，輕灑一層微苦可可粉，派皮乾爽酥脆，邊緣微焦，內餡滿滿胡桃浸潤在焦糖糖漿中，一口有種牛軋糖般的口感錯覺，卻不黏牙、不膩口，也不會過分甜膩，味道恰到好處，評論中很多人說很難分切，這倒是真的，很硬難切，但享用的時候真的很過癮。 下次再試試別的餐點，推~~,台北101 4樓 漂亮精緻又美味的餐廳🥰 最裡面大片綠植佈置的牆面也很喜歡🌿 - 開胃菜推松露布拉塔！醃番茄我真的好喜歡🥹 油醋蕃茄蘸酸種麵包，微酸超級開胃🤤 寬帶麵和彎管通心粉就是很好吃的義大利麵～每一口麵都有均勻裹上醬汁，味道也都恰到好處👏 彎管麵是用雞冠麵，很少見，非常特別！ 甜蝦燉飯真的有厲害！味道的超級濃郁的燉飯！甜蝦蠻大隻的🦐 整體燉飯蝦味超濃！但吃多感覺很容易膩，分食會比較剛好～🙂‍↕️ 另，友善提醒，燉飯應該是有使用不少蝦膏去料理，蝦蟹過敏的真的一口都不要試！ （蝦蟹過敏的人一定要特別注意！！！） 主餐點香煎嫩鴨胸，超級好吃……🥹🫶🏻🫶🏻 熟度超剛好！外面煎到微微脆脆的，裡面咬起來又是偏柔軟！很喜歡🥰 蘸旁邊的醬也很好吃！搭無花果超特別！也很解膩！ 吃太多道了 ，對Pizza就只記得是好吃的Pizza，沒有特別深刻的印象🤣 - 平日晚餐生意也超好！非常建議要訂位～！ 用餐期間會隨著菜色，我們大概陸續換了兩三次盤子（我個人確實超級討厭菜色串味），這點真的很加分🥰 但建議還是用餐人數抓在六人以內，因為店家不給加座椅在桌邊，所以長桌的區域我覺得最多坐六個人，這樣的寬度會比較舒服～,這次來 SALT&STONE 台北101餐廳 用餐真的很滿意，整體表現超出期待。 松露布拉塔香氣濃郁，起司滑順細緻，搭配得很有層次感。義式香腸比薩餅皮外酥內Q，香腸鹹香夠味，越吃越涮嘴。蛤蝲麵的海味很鮮明，蛤蝲飽滿，麵條熟度剛剛好，每一口都很享受。 百香荔枝莫西托清爽順口，果香自然不甜膩，和餐點非常搭。最後的起司蛋糕濃郁綿密卻不會過重，為整餐畫下完美句點。 餐廳氣氛舒適，服務親切細心，是會想再訪的好地方。真心推薦給喜歡義式料理的朋友，五星好評！ 🌟 整體不只餐點好吃，環境舒適，服務也很親切。下次一定會再訪，也會推薦給朋友！,​🍴 SALT&STONE 台北101 ｜ 用餐心得 ​這次在 SALT&STONE 的用餐體驗整體非常滿意，每一道菜色都能感受到主廚對食材質地的極致掌握： ​香煎酸種麵包：外層金黃酥脆、內裡Q彈濕潤，帶著迷人的微酸香氣，光是開胃麵包就令人驚艷。 ​甜蝦燉飯：口感鮮甜細緻，醬汁濃郁滑順，每一口都是濃縮的海味精華。 ​煙燻牛小排：肉質軟嫩多汁，煙燻香氣厚實迷人，火侯控制得恰到好處。 ​墨西哥雞肉沙拉：清爽脆口、酸辣開胃，完美平衡了主菜的厚重感。 ​胡桃派與無糖鮮奶：甜點香濃扎實，搭配清爽順口的鮮奶，甜而不膩、層次平衡。 ​總結： 整體風味豐富又細膩，是舒服又有質感的一場味蕾饗宴，無論是食材組合還是用餐氛圍，都展現了極高的水準。,訂位有點困難 不過可以17:00去排隊候位 點了以下餐點： 🥗泰式牛排沙拉 $500 🍝寬帶麵 $420 🦐甜蝦燉飯（限量）$580 🍰起司蛋糕 $240 🍰S&S巧克力蛋糕 $280 🫖冰紅茶 $180 食物我都超喜歡💕 沙拉的調味夠酸 牛排也很嫩✨ 寬帶麵就是肉醬口味 麵條熟度剛好 醬汁不會膩 甜蝦新鮮 燉飯蝦味很濃郁很讚 份量剛好🥰 蛋糕價格偏高但是都很好吃‼️ 起司蛋糕很絲滑 不會厚重 巧克力蛋糕則是很濃很甜 搭配鮮奶油🤤 冰紅茶清爽好喝 是加糖會好喝的那種紅茶✨ 環境位子舒適 店員也很勤快的倒水換盤子 可以桌邊買單 整體體驗很棒✅ 肯定會再訪的😍 想看更多美食分享歡迎到IG: yayosharon_food
ChIJcaceqxOqQjQRjSTp2mVr7A0,福鼎湯包店的味蕾實驗室 【總體評價：⭐⭐⭐⭐⭐】 這是我長期回訪的口袋名單。 • 每次造訪前，總期待那皮薄透光、湯汁豐盈的黃金比例。除了招牌湯包，蝦仁蒸餃更是必點。 • 咬下的瞬間，鮮甜湯汁如預期般湧出，內餡紮實且無豬肉腥味，顯示食材篩選的高標準。 • 員工動作俐落，即便尖峰時刻，出餐流程依然井然有序，這正是其競爭優勢。 • 這次嘗試搭配了蔥油餅，酥脆度驚豔，下次會考慮將其納入常態點單。 這不只是一頓飯，是一場關於「穩定品質」的美味實踐。,用餐體驗相當順，手機點餐＋自助繳費機，幾乎不用排隊結帳。店內座位非常多，翻桌快不容易等，上菜速度算快，適合趕時間吃一餐。小菜選擇不少，可以自由搭配一整桌吃得很豐富。湯包本身是皮薄湯多型，但整體味道屬於 不雷、但也不特別驚艷，屬於「尚可、穩定發揮」路線。 味道沒有記憶點型驚喜，屬於方便快速吃一頓沒問題，但不會特地為它專程跑一趟的湯包店。,📍 福鼎湯包店 位在文山區巷弄內的福鼎湯包店，是一間走樸實路線、卻很有人氣的小吃店。這次來用餐點了小籠湯包、花素蒸餃、手桿蛋餅，配上元盅土雞湯，吃的超飽。 小籠湯包 湯汁飽滿、外皮薄而不破，咬下去湯汁自然流出，肉餡調味剛好，不油膩，吃完不會有負擔感。 花素蒸餃 內餡用切得極碎的青江菜、豆干、冬粉等組成，口感紮實且富有層次，並帶有蝦米的鮮味，雖然是素餃但風味不單調， CP值高，常被形容為有「平價鼎泰豐」的美味與水準。 口感清爽、調味不重，吃得到食材本身的甜味，就算不是吃素的人也會喜歡。 手桿蛋餅 手工桿的蛋餅皮口感Q彈、有層次，搭配蛋香很單純卻耐吃，和一般早餐店蛋餅明顯不同。 元盅土雞湯 湯頭清澈卻相當甘甜，喝得出是慢火燉煮的味道，土雞肉不柴、份量也足，整盅喝完暖胃又舒服，很適合搭配蒸點一起享用。 整體來說，餐點用料實在、口味樸實不花俏，是會讓人想再訪的湯包店。想找文山區溫暖、安心的小吃選擇，福鼎湯包店很值得收藏 ！,退步太多了… 滿心期待來吃，結果味道都變了。 小籠湯包湯汁不再鮮甜美味，皮像在嚼麵糰。 以前帶麵香有嚼勁的蛋餅，現在吃起來潤潤的。,"位在萬芳醫院對面的巷子裏，周邊許多餐飲店。 採用掃碼點餐，並自助結帳機，買完單才會出餐。 小籠湯包：手工現做，不能放太久，一下子皮會有點硬掉，所以要趁熱吃。 蛋餅：喜歡酥脆口感的人（推薦）可以嘗試，份量不算多。 蔥油餅：很優秀！皮不油膩,裡面包裹著滿滿蔥花，非常喜歡。 芝麻小包：皮紮實厚，很樸實的味道。"
ChIJcwObHJ6pQjQRQIt7kUup1qo,,,,,
ChIJd2lnDKCpQjQReTq7BQlF8Kc,第一次吃陶板屋 1.餐點口味是好吃的（牛排味道滿大眾的） 2.點餐的部分，男店員沒有詢問飲料先上還是後上（不確定是個例還是陶板屋統一不問） 3.店員陳*惠很體貼也很關心顧客用餐狀況 4.現在的活動送了一些菜單外的餐點（麵包、炸物拼盤）平常老婆已經吃比較少我會幫她吃她的份，但吃完陶板屋沒有像西堤、原燒、夏慕尼那種很飽很滿足的感覺 5.我的炸飯糰沒有其他評論照片上的海苔粉，整個口味油膩感較重，另外一個釜飯個人口味覺得比較好吃 6.後續有朋友跟我說店員會問有沒有吃飽，但當天用餐沒被問,餐食算精緻，蔬食餐點份量偏少，雖有贈一份蕎麥麵，還是沒吃飽可能個人食量較大？加入google評論有送開味菜？沒送餐食...蔬時會改豆腐類替代，最後也沒消息...？可能生意好消費者多忙中有誤遺漏登記...。,20260210 好久沒吃陶板屋 整體用餐體驗蠻失望的⋯⋯ 現場真的偏吵雜 蕈菇沙拉的菇臭味很明顯 （不是當天的？） 烤杏鮑菇就比較好吃一點，有juicy 玉米濃湯很明顯就是即食包的味道 然後雞胸肉就是切塊後面才丟進去的 味道完全沒合在一起… 鴨胸還不錯，但有一些筋（可能是正常的？） 炊飯味道還不錯，裡面的芥菜有幾根老到直接變渣吐出來 布丁🍮是我覺得最好吃的！ 珍珠冰淇淋的珍珠也煮得不好吃⋯⋯ 整體用餐體驗，真的挺失望的…,每年春節都會來這聚餐，表現都有一定的水準 今年的菜色又作了調整，份量也相當足 最有印象的是玉米濃湯，比一般的玉米濃湯再精緻些 烤半雞的部份真的是剛出爐，一直覺得很燙，皮脆肉多汁 因為有小朋友所以點了兒童餐，有機會的話希望能調降炸物的比例，畢竟小朋友吃炸物不太好,今天是第3次有機會來陶板屋享用餐點，3次都是拿到餐券而來～ 去過南京東店和新店店，所以這次來重慶南店～ 我前2次對餐點的印象評價都不是太高，記得第1次在南京東店用餐完覺得餐點好普通有點失望，就是有點家常，雖然參雜了創意但沒有太驚艷，當時的調味可能也沒有很合口味，覺得茶碗蒸有點太膏太水且無味，用餐後沒有什麼記憶點；第2次新店店的印象是料理設計不是太好，主餐湯咖哩的蔬菜在鍋邊過一陣子就大部分燒焦了不能吃，當時有反映給人員，最後得到新的蔬菜一份，中規中矩但不會想再嘗試，直到這次又得到餐券，抱著不會太期待的心情而來。 卻意外覺得這次的餐點味道都恰到好處，均可以讓我感受到每道菜色的特色，品嚐到創意的理由也不會蓋過食物的風味，例如魚排上面的酥脆除了讓口感不同外，也疊加了味道的層次，不會搶走主角魚排本身的味道，海鮮清湯喝起來是一般蛤蜊湯的味道，但裡面加了豐富的料，有好吃的魚、3個很鮮美的海瓜子和蝦子，非常喜歡這道湯的設計；而餐點中最喜歡的是日式布丁，所以最後又多加點了一個，這是我第一次品嚐日式布丁，布丁上的鮮奶油和邊緣的焦糖，甚至是鮮奶油上方撒的小顆粒，讓整個布丁的口感是多層次且一樣是相輔相成，因為平常沒什麼機會吃到像這樣喜歡的日式布丁，所以又加點了一顆。 這次的感受是份量沒有到很多不會太飽，唯一的問題是第一顆布丁的草莓片我放最後吃，意外發現好像臭酸掉😂 因為不只是酸味，吃起來有種出水感和發酵壞掉的酸敗味～尤其再加點的布丁草莓是正常的之後，就更加確定前面那個有點問題，但已經下肚也沒辦法，現在回來看照片才發現顏色比起第2個布丁草莓鮮豔漂亮，第一個布丁的草莓根本是蒼白無色🫠 還好就很小一片，身體完全沒問題～ 我覺得服務生收盤的眼力很好，幾乎是剛用完就會立馬收走，人力足夠且有效率，店家的單紙會提醒送餐時點餐人的位置，是很貼心的設計，不用一一詢問客人是哪一位的餐點👍
ChIJd8JMXwKtQjQRtcgmBVKpiOs,這家店一直放在口袋名單好久了！（是番紅花姐姐大推的好店） 很棒的氛圍和環境、美味的餐點份量實在。跟女鵝一人點了一份主餐：松露蘑菇燉飯和雞肉起司筆管麵，很特別的芋頭濃湯第一次喝到；前菜煙燻鮭魚有4片，每片的厚度很有誠意！吃到一半又覺得不過癮，加點蒜香蝦佐雜糧麵包...真的真的好滿足！飲料自助區的黑糖鮮奶茶完全不會太甜又有奶茶的滿足感、無糖的阿里山烏龍茶也不輸給奶茶。壓軸是黑糖香草冰淇淋。很值得支持的優質店家。,對女生來說份量還蠻足夠的，以健康餐來說是好吃的🥰，我點的是鱸魚，還有附白飯，另外也可以選麵包，同事點的有加套餐，所以有附沙拉跟湯，價位上以內湖來說是合理的～,這間餐廳給人的第一印象相當不錯，座位寬敞、沙發區坐起來非常舒適，即使是一個人前來用餐，也能感受到放鬆自在的氛圍。雖然店內人潮不少、環境稍微吵雜，但整體空間開闊，不會讓人感到壓迫。地點也相當便利，對面就有停車場，一小時60元的價格合理又方便。 今天來內湖開會，繞到附近找吃的，點了香蒜牛肉蔬菜綜合沙拉，份量剛好、味道清爽，牛肉嫩口、搭配香蒜香氣十足，整體平衡得很好。餐點價格合理，重點是不收服務費，讓人覺得誠意十足。整體來說，是一家很適合放鬆用餐、聊天聚會，或是一個人安靜享用餐點的好地方，會讓人想再回訪。,很久沒去吃，午餐只有這些品項，甜點也變的很普通,餐點不錯吃，加點套餐，有濃湯、飲料吧，用餐不限時，且免收服務費，和朋友小聚，很棒！
ChIJd9QKFaWuQjQRLPGO-ltaXj4,"其實真的不想給太差的評分 但真的... 1大1小（3歲）來用餐，小朋友都要收低消，這種餐廳收低消可以理解，說菜單隨便一樣都可以 於是我點了一個火鍋$390，另外加了$190的套餐（含濃湯/麵包/冰淇淋/飲料），店裡妹妹來告知+套餐不算低消需要再加點一樣，於是我只好選了一杯店內價位最低的可樂$130...加上服務費快$1000 1.店內雖像親子餐廳卻沒有提供兒童餐具,小朋友只能給個咖啡用湯匙😔 2.套餐的飲料我選綠茶，卻有股消毒水味，我對於我本來人說，實在不喜歡無法下嚥，於是我才加點可樂 3.跟店員要了一把刀，但刀上到處沾著原子筆的墨汁，不確定是不是把餐具跟文具放在同一區 3.濃湯跟麵包都挺好吃的 4.火鍋附的白飯成黃色，乾硬，可以感覺不是隔夜就是白天剩的，換了一碗後小朋友仍說飯硬，最後也只能泡湯吃 5.火鍋的豬肉乾硬..花枝餃吃起來像馬麻糬...😔 6.最後...員工的訓練不足，一開始都不會介紹水/紙巾/餐具調料的位置（三個位置均不在一起，我在那找水跟紙巾就找了好久） 7.評分高也是刷出來的😑 總之...這是第一次也是最後一次來 如果貴老闆有看到這則評論,希望您能好好改進這些問題，畢竟這也是士林的青春",有點貴，菜單推薦的 義大利麵意外的都好吃 （個人最愛蛤蜊） 咖哩中規中矩， 咖哩內有肉跟杏鮑菇 生菜沙拉還不錯 裝食物的餐具都跟馬桶有關很有趣 加點套餐的熱奶茶可調整甜度 有一個球池供小朋友玩耍 裡面還有放很多泳圈 餐廳裡的小孩們都玩得很開心捨不得走 只收現金 下次還會再來,從樓下就可以看到大馬桶在外牆上非常搶眼，餐廳位於2-3樓 採取QR Code點餐，每人至少要點一樣（餐點飲料都可） 我們點了拉稀牛肉什錦鍋$350、奶油嫩雞焗烤飯$330、鄉村蕃茄時蔬義大利麵$280及蜂蜜蘋果便便鬆餅$300 等待餐點時間，來好好欣賞整間便便(便便)餐廳 2樓走日式泡湯路線，有便便山壁畫牆及馬桶造型球池區；座位區的椅子都是馬桶🚽，椅墊還可以掀開唷，桌子下都有陶瓷便便裝飾，非常促咪 3樓較寬敞，採光很美，走時尚網美裝潢，鮮明活潑的黃色搭配白黑色系，角落還有網美牆浴缸球池，多款表情便便抱枕滿逗趣 接著來開吃啦～ 💩「拉稀牛肉什錦鍋」 用馬桶造型鍋具盛盤，配料滿豐盛的，白飯滿滿一碗，湯頭鮮甜順口，食材都有入味，好吃 💩「鄉村蕃茄時蔬義大利麵」 附小碗沙拉及毛豆，麵的份量很夠口感Q彈，並吸附了滿滿蕃茄汁，口味不錯，吃完會飽的那種 💩「奶油燉雞焗烤飯」 附小碗沙拉及毛豆，味道中規中矩，份量沒有到很多 💩「蜂蜜蘋果便便鬆餅」 便便造型鬆餅可愛，冰淇淋要先吃不然很快融化 店員們都很親切友善，整間店的裝潢及餐具的選用都可以感受到貼近便所主題的用心，也滿適合親子的唷，小孩很愛2樓及3樓的球池區，玩到不想走😆,餐點意外的驚人！真的很好吃 鹹酥雞超酥脆軟嫩！而且還很多汁 餐點份量也很大很有飽足感～,適合帶小朋友來拍照嚐鮮，食物調理包的感覺很重，嘗鮮的聚會拍照餐廳，2樓有小小的兒童遊戲池。廁所的裝潢個人不太欣賞。
ChIJdSdIyfepQjQRR91GnujqVSw,⭐ 台大醫學院圖書館裡竟然藏了一家神級祕密餐廳 😂📚✨ 不是來讀書，是被美食吸進來的。 肉醬千層佐蔬菜 香到離譜、 鷹嘴豆沙拉 清爽得像在做健康業配、 咖哩 香料乖乖的不亂跳、 青醬海鮮燉飯 很好吃 莓果鬆餅 更是直接收服甜點控 ❤️🫐 鬆餅外脆內軟，堆滿莓果、酸甜剛好，加上冰淇淋根本完勝，吃一口心情直接 +200%。 環境安靜又舒服，不趕人，超級chill，完完全全是圖書館裡的隱藏補給站。 ✨ 結論：來這不是為了書，是為了吃。推爆！🔥🍽️🧇,隱身在圖書館內的餐廳，還蠻難找的 紙包海鮮三重奏，第二口之後會覺得很鹹 焦糖脆片奶蓋茶賣相不錯，但喝起來比較平淡⋯,看到臺灣大學醫學院那棟直接走進去問警衛就對了。 點了香煎牛排佐泰式沙拉 $390，牛肉軟嫩，搭配蔬菜不油不膩，泰式醬吃的出來不是市售罐裝醬，酸甜帶點辣非常喜歡。 用餐環境安靜沒有壓力。 另外有提供會議包廂還附設投影機，非常便利。,今年2月去吃的，和朋友總共六個人，點了牛排沙拉和燉紅酒燉牛肉。 紅酒燉牛肉蠻清淡的，味道單一。 牛排沙拉牛排熟度很好，沙拉醬過多導致生菜沙拉太鹹,雖然菜單上部分甜點有寫可點餐的時段，並有個小備註「視情況」，剛好當天平日想點的甜點都說目前沒有，不確定是否是剛好天缺材料，還是所謂的「視情況」基本上就等於沒有的機率偏高，有點失望
ChIJdbmSOCStQjQRGvTw5PRKwo8,牛肉麵的牛肉非常軟嫩、讓我非常驚艷，湯頭好喝不死鹹❤️家常麵也是我喜歡的，很推薦，附近也有停車場，很方便前往用餐😊🍀,過年時經過才發現這間店 今天下班過去品嚐看看 點三種牛肉麵試試看 我們最喜歡清燉牛肉麵👍 魯牛肚挺好吃的👍,滿不錯的晚餐，紅燒湯頭鮮美，不會過鹹過油。粗麵有勁不會太軟，湯有新鮮蕃茄丁點綴，牛肉也好吃，很不錯的用餐體驗。希望牛肉份量可以多一些。 天氣冷的時候吃百菇雞湯麵有夠讚！雞翅也好好吃，謝謝你們來內湖開店。🥹,相當好吃，比門前隱味好吃，大碗的冠軍牛肉麵份量超足，建議點小碗的半斤半肉再加點滷牛舌跟牛肚，超軟嫩入味❤️,牛肉麵料好實在，可以加湯一次、手工辣椒👍雞翅讓我驚艷😍
ChIJe3eA6VauQjQRFuDwSEBoX9w,大部分的食物都是炸的，要選健康餐難度比較高，餐點手藝普通，鱸魚有點澀 ，配菜也很普通，培根蔬菜很大盤，食物本身CP值不高，但是位子比較大，氣氛算舒適，有的服務生很不錯，有的態度不是很好，有一個高個子的男服務生，因為茶包都是已經打開散裝的，問他國寶茶有沒有咖啡因，他去問一下，然後回報說：”沒有成分表，不知道，你覺得沒有就沒有”。不知道這是什麼回答？態度？顧客難道沒有了解食物成分的權利嗎？,樂雅樂是非常早期就來台灣經營的日本餐飲，早期生意真的非常好，也很多分店，但是年輕人不愛這個口味，誰說如此，還是有一定的消費族群，裝潢雖然維持老派，但是非常實用，地點也很好，就在捷運站對面,北投捷運附近一家老店 商業午餐衛生快速 人不少 還是要訂位 餐點我給過 規矩的出菜。有簡單飲料吧的確符合聊天商務需求,樂雅樂這裡的環境被描述為溫馨且隨和，非常適合家庭聚餐或朋友小憩。由於餐廳提供兒童專屬菜單（兒童餐）且空間寬敞，是許多家長帶小孩用餐的首選地點。​經典牛排系列： 樂雅樂以日式風格的牛排聞名，肉質穩定，是許多饕客的主餐首選。​和牛漢堡排： 濃郁的日式漢堡排，口感紮實且多汁。 ​咖哩系列： 這裡的咖哩也是一大特色，尤其是「馬鈴薯牛肉咖哩」與「洋蔥雞肉咖哩」，在店內或購買。,Ocard 贈送牛排＆藍鑽蝦B套餐買一送一優惠券，去吃吃看，若無買一送一價格偏高 餐點中上水準，牛排7分熟剛剛好，山型麵包優秀，唯漁夫番茄蔬菜湯太鹹 服務不錯，環境也整潔明亮，就鄰桌幼童一直大叫，有點吵雜 可電子支付
ChIJeVR5KY6pQjQREwN2iYFlJn4,基本上紅燒也是花椒口味，我個人吃微辣，但這裡微辣還是很夠味喔。 肉似乎還有煎過，會有微微的焦面，我覺得挺好的；蘿蔔、牛筋也都滷的很軟很透。 除了地點外，我個人覺得各方面都很好，相當推薦。,價位適中 花椒牛肉麵 真的大推，先喝口湯 就很滿意，後面幾口麵一口湯超搭，完全不死鹹 大推，裡面的蘿蔔也悶的爛透 好吃😋,湯頭有3種，喜歡花椒香必推，牛肉頗具水準,"別單看價錢 像貴50元左右 但CP值蠻高的 肉用的是牛肋條, (我的最愛) 而且肉量很多耶 有點嚇一跳😱還有還有 他那個肉有BBQ烤過的細膩功夫在裡面 麵條也不同 像是日系手打麵 Q彈型那種 好有異國料理店feel~ 裡面還有一些蔬菜🥬很加分 就不會很膩，且營養均衡～(青江菜+白蘿蔔) 湯頭鹹度都可以隨時邊吃邊調整 很貼心的客製化湯頭服務",麵條很Q、麻醬很香，半筋半肉牛肉湯好喝、我們點的兩種小菜（花干及川耳）都很好吃😋
ChIJeY-MOqSrQjQR30bwWOZVEcA,早起爬完象山後，來到這裡吃早餐 生意很好！有許多組都在候位 熱狗堡很好吃😋不過蔥抓餅略顯一般，有點乾,去爬象山先來吃早餐，很特別的店，藍色風格。店內放的音樂很讚 餐點很實在清爽不會油無負擔 選擇性豐富飲料紅茶很有茶味不會很甜。用餐後很滿足,是因為炸湯圓的圖片而來到早點醒吃早午餐，沒想到肉醬蛋餅、炸雞塊跟塔塔大卡拉雞腿蛋大可頌都好好吃，大可頌真的有夠大比我的手還大(以為很小想說能大到哪裡去😂)，雞肉口感很好裡面的醬料搭配吃了不膩，有讓我驚艷到，炸物比很多美式餐廳都好吃很多，吃完直接爬象山當消食😁,,
ChIJe_wsDfqpQjQRQTD25ugIkK4,Jalapeno. 墨西哥蛋$240.00 🍔油膩⋯包裝的很差 湯汁會嚴重溢出 Avocado. 青酪梨$280.00 🍔油膩⋯包裝的很差 湯汁會嚴重溢出 Junior 奶昔$120.00 🥤很膩口 跟照片上的完全不同 藍莓🫐超無感 泰國大象🐘氣泡水$50,追蹤Instagram: @karenfu_food 看更多美食 - 今天換吃朋友的口袋名單🍔 現點現做的熟成牛肉漢堡排🤤 選了兩種口味都很好吃欸❣️ 🏷️black figs. 酒漬無花果🫐：NT$260 除了牛肉滿滿的香氣，自製的莓果醬居然是冰的，一入口明顯的冷熱對比，卻毫不違和整體口感層次豐富，牛肉的濕潤、清脆的蔬菜、酸甜莓果醬以及不可或缺的起司，真是幸福☺️ 🏷️avocado. 青醬酪梨🥑：NT$280 害怕酪梨味道的，請一定要給他一個機會，吃了絕不會後悔，店家自製青醬仿佛在吃義大利麵，酪梨的鬆軟、牛肉的軟嫩、楓糖培根，又再次幸福了 必須誇誇麵包，是店家自製，有鬆軟度不乾柴，雖然不是主角，但身為配角也很好襯托了整顆漢堡。推薦中山的覓食新選擇！ 🐈‍⬛現場排隊，到齊才可入座,黯然銷魂堡 中山店限定 好吃到爆炸 9/20二訪 大家藍莓堡也是限定的 好吃到不行 甜甜鹹鹹的 超級有層次 朋友吃招牌蒜蛋的 很普通！甚至有點沒味道吧 雞翅本人偏沒味道 但是皮很脆我喜歡 但是蒜醬好吃 有點辣辣 反而辣醬普通 沒什麼特別的 薯條就是還好 還是漢堡比較驚艷,培根漢堡套餐價格380 個人覺得以漢堡來說價位算是偏高的 不過漢堡非常好吃！ 漢堡排的肉汁非常多 味道也很香！ 漢堡麵包則是有一點微微甜的味道 吃起來的感覺很不錯👍 薯條份量不大 大概是介於麥當勞小薯跟中薯之間 薯條是用帶皮馬鈴薯去炸的🥔 馬鈴薯香氣濃郁 也不會太油 搭配沾醬非常的搭 （沾醬的味道很像大麥克的醬） 最期待的木瓜奶昔卻非常失望 價格120 喝起來味道超級奇怪 木瓜味異常的突出 感覺像是糊糊的感冒糖漿 個人是覺得不好喝 倒是朋友點的鹽雪碧很不錯👌 如果你真的很想試感冒糖漿奶昔可以點 不然真心建議可以跳過 內用的位子不算是很多 而且從5.開始營業之前就開始排隊 建議可以早一點到 不然會需要等一段時間,Oreo奶昔好喝，量少不會喝不完，但要120。 漢堡點墨西哥辣椒，好吃，微辣。 價格小貴，但會回訪。
ChIJee7pgLSrQjQRIvEw0Gv3H58,這家餐廳開胃菜、義大利麵、主菜都很好吃 甜點比較普通 廚藝很好，價位稍高 開瓶費規則，洗杯費$50/位。第三瓶葡萄酒開始每支$250 菜色可看照片 無花果火腿沙拉$380 中規中矩的沙拉，生菜新鮮 酥炸脆薯$200 炸得蠻好的，酥脆又不會刮嘴 爐烤布利起司$380 起司烤過很香，不會太鹹，搭配麵包吃更香 蒜辣鮮蝦義大利麵$380 麵還保有硬度，調味好吃 脆皮豬腳$720 好吃，皮脆但不過硬，瘦肉的地方也不會太柴 伊比利豬肋條孢子甘藍$450 甘藍烤的香甜，豬肋條也好吃 紅玉雞胸紹興燉飯$680 紹興酒的味道明顯，飯粒保有硬度，好吃 爐烤噶瑪蘭豬排$680 肉很嫩，好吃 辣椒橄欖油炒小卷$380 鹹香夠味，蒜油很香 干貝墨魚燉飯$480 干貝好吃，燉飯的硬度也適中 香料炸雞翅佐秘製辣醬$300 皮酥脆有香氣，不沾醬就好吃,午餐來cp值很高！ 一份單人套餐可以吃到濃湯、餐前麵包、沙拉、主餐、飯後甜點和飲料 今天吃的是香煎干貝墨魚燉飯，湯品是南瓜濃湯，甜點是提拉米蘇，飲料選的是舞鶴蜜香紅茶 熱飲蠻燙的，建議等甜點享用完畢後再喝！紅茶是無糖的～吃完甜點再喝也剛好,13、4度低溫，又是下雨天，中午1:25分到，吧櫃姐告訴我客滿了，其實店裡還有一半以上的位子，按貴店中午是14:30休息，整個下午都在想，「客滿了」的意義！ 至少在我美食尋訪簿裡等了半年以上，今專程前往被拒，沒吃到！餐點沒「分」！ 服務不好，沒有說明有位也沒到休息時間，卻不接的理由！🌟🌟 氣氛當然不好，有人進門被拒！ 🌟🌟,在柔和的燈光下，享受這味蕾盛宴，讓心靈隨著美食一起旅行。,環境舒適 牛排調味不錯 額外單點小卷跟雞翅好吃 餐後甜點跟飲料就比較普通
ChIJew6ZUEevQjQRcqtDTBwck0w,座落於北投靜謐山腰的日式建築， 占地約八百坪環境清幽雅緻， 前身為1921年的佳山溫泉旅館， 於1984 年轉型為私人博物館， 承載著北投溫泉文化的記憶。 1998年更被台北市政府指定為市定古蹟， 展現其獨特的歷史價值， 建築於2008年完成全面整修， 保留原有木造與日式韻味的基礎上， 融入新的生命力。 如今館內結合精緻懷石料理(採預約制)， 與多元藝術展覽和文化活動， 讓人在自然與人文交織的空間裡， 感受歷史、藝術與美食所交織的魅力。,環境清幽，在幾乎客滿的情況下仍能保持安靜，用餐品質還不錯 但菜色稍嫌簡單且份量較少，餐廳本身沒有停車位，假日人多時需停到距離餐廳較遠的大馬路上，影響CP值⋯,在北投博物館裡的怡然居用餐是一種很愉快的體驗。懷石料理精緻細膩，份量恰到好處，氛圍安靜放鬆，讓人能專心感受食物與環境的美好。服務人員親切細心，讓整體用餐過程更添舒心。是一個值得再訪的地方。,來訪多次，每次都有不同的料理組合，但這次的花樣較少，有點可惜。 若有不吃的東西可以事前告知，會做變更～ 還是很喜歡這裡的環境，在百年古蹟用餐真讚！,今年的生日剛好是過年 來體驗一下不同的生日大餐☺️ 餐點好吃 環境優美乾淨 服務人員都非常的親切隨和 謝謝你們讓我過了一個很幸福的54歲生日🥰
ChIJeyrNBUKuQjQR9nEJ_PLE_Ps,餐飲讓人印象深刻。每一道菜品都像藝術品般精緻，如照片中呈現的烤玉米筍搭配特製沾醬，保留了鮮嫩的原始甜味；還有層次分明的南瓜盅與精緻的鮮蝦料理。廚師運用了大量的花卉與自然元素，讓餐盤呈現如詩如畫的意境，完美呼應了窗外的山林景緻。 獨立堂屋（小六茶鋪與故居展覽區） 園區內的木造堂屋保存相當完好。走進室內，除了可以參觀張學良將軍的生平史料、書房與照片，感受那段「西安事變」後的沉靜時光。堂屋的建築風格充滿和式韻味，無論是廊道還是轉角，都是絕佳的攝影點。 溫泉泡腳池（長壽湯） 強烈推薦在用餐前後，到園區內的**「足湯」區**放鬆。這裡的溫泉水質透明帶點乳白，也就是著名的北投白磺泉。一邊泡腳，一邊眺望遠方的觀音山與關渡平原，尤其在夕陽西下時，景色極其迷人，疲勞瞬間全消。 庭園景觀與療癒角落 園區內處處可見禪意巧思，從各種吉祥寓意的雕塑（如照片中的可愛青蛙、招福鼠擺飾）到盛開的小花，讓人感受到主人對生活細節的熱愛。 少帥禪園不只是一個吃飯的地方，更是一個可以慢下來、感受歷史重量與大自然呼吸的療癒空間。雖然價位較高，但結合了歷史參觀、溫泉泡腳、山景視野以及高品質餐點，非常適合紀念日慶祝或款待重要的外國友人。,4.2🌟餐點部份相當有水準！有點類似食養山房那種養生半懷石料理，當歸雞湯甘甜好喝而且香氣濃郁卻不膩口，尤其鮭魚除了有特殊香氣，馬鈴薯泥更是令人驚艷～可惜最後糖醋肋排肉質不夠細緻軟嫩，藜麥飯也偏硬且貌合神離⋯古蹟很有味道也維護得不錯，環境超級清幽，但太多太多太多西式的擺設在風格上感覺很抵觸。,去雙喜湯屋泡湯後，接著享用下午茶(買的是下午茶套餐)！用餐環境很舒服，窗外即是庭院造景，遠方可鳥瞰北投區景色！ 下午茶的茶點沒有特別驚艷的地方，中規中矩！,一次店 平日來很清幽 晚餐附贈泡腳 晚餐一人2500 茶水費88和服務費另計 餐點不難吃但價格過高 （沒有停車場 停附近路邊）,湯屋兩種區別於坪數， 這顆樹有點煞風景.. 或許我不懂欣賞 泡完還有茶和茶點，很愜意 園區很多地方都有佈置，很用心 雖然逛的地方少但不會覺得不值 可惜了只有吃到下午茶，正餐看起來好像不錯 雙人套餐只有水果部份不及格，都太酸了 其他都很好吃
ChIJf4YzfnKpQjQRlr3nfrNxQx0,下次點油豆腐跟滷蛋看看 排骨飯 雞腿飯各190（2026/3月） 幸運的話，現炸出爐給五顆星 1. 滷肉飯超好吃，偏鹹的口味 2. 排骨醃漬入味，雞腿是外皮調味而已 雞腿肉比較多 3. 例湯有料好喝 4. 環境漂亮、冷氣很強 5. 座位很多,吃了N年的老店，不變的味道，不變的裝潢，不變的氛圍，不變的服務，始終如一的親切。今天午餐時刻剛好走到中山堂附近，遂毫不猶豫地就來到東一尋找懷念的味道。中午時刻店裡已經客滿9成，點完餐付了錢找好位子，不到2分鐘服務人員就將餐點送達速度真是飛快。今天吃的是炸雞腿和炸魚排（皆190元），味道依舊讓人讚賞。櫃檯接待客人點餐及收費的女士（老闆？）待客親切，見到老客人立刻打招呼問候，讓人足甘心。,裝潢主打一個懷舊，算夜總會風。然而這不是噱頭，餐點本身並不含糊。 我點了招牌的排骨飯加滷蛋，排骨不錯吃，但我不太喜歡他麵皮就是了，配菜燉的夠軟，飯上還有淋肉燥，超讚。湯還ok。 算是值得推薦的名店了。,吃了20幾年⋯原來的優點：排骨酥又不油、老服務員親切⋯等，已經都不見了，還一直漲價。排骨醃製、出爐顏色越來越白，炸的又軟又油，明顯火候不夠；未到用餐時間滿滿人潮⋯只剩二桌可選，但我不想坐在曾看過大老鼠出沒的區域，卻硬是不開放其他區域，以後不想再去～,大名鼎鼎的店， 總共點了麻油雞麵線、咖喱飯、單點排骨。 先說推薦的， 麵線還不錯👍，特別是淋上麻油湯汁的時候。 麵線還是長壽麵線喔～ 生日壽星的人可以來吃一口氣吃個麵線。 雞湯是OK的，但是麻油雞的雞肉非常的柴，原本3塊尺寸不小的雞肉，我吃了一塊後，只好請別人幫我消滅了😅 咖喱飯因為不是我本人吃的，我可能要去問一問，才可以上來補充。 單點排骨是好吃的👍 果然還是要點招牌的才對。 自己亂點，果然還是會差強人意。 現場環境裝潢非常的復古，在這個時代算是阿祖輩的吧，會有種走路了另一個時空的感覺。 挺有趣的， 他還有飲料吧～有果汁的。 看別人評論還有冰淇淋呢， 有機會再嚐嚐別的吧。
ChIJf5b9IeOvQjQRXyHwj63mp6A,店家使用的造型燈上堆滿灰塵。 有人反映等餐時間過長，我們 7:30 進餐廳，看大家都快吃飽了，我們也等了很久。詢問與提醒店家了2~3次(請問我們的餐作好了嗎?)，初次詢問表示在做了，之後有點不耐煩的回答......。義大利麵等了約 10 分鐘，還能理解，但小火鍋竟然等了將近 20 分鐘才上桌，是在現場「熬湯」嗎? 清炒鮮菇義大利麵 180 元。 韓式泡菜鍋 320 元，味道一般，有豬肉片，但大部分是火鍋料（魚板、螃蟹棒，都是澱粉製品），只附一碗白飯，就這樣。 唯一的優點是地點方便，離捷運復興崗站很近，出口右前方即可到達。,20260204這家餐廳就在捷運站對面，還滿方便的，室內空間寬闊，還算舒適，雖然有評論抱怨吊燈有灰塵，但我個人不在意這點，灰塵到處都有，感覺不影響用餐就好。 我點蝦仁炒飯100元，還不錯吃，份量符合價格。 孩子們各點一份180元的義大利肉醬麵+紅茶50元、果汁50元，他們也說好吃。 下次有機會再來了。,出復興崗站右前方就是😜😜害我繞一圈？ 店裏只有主廚獨撐大局，所幸動作敏捷，不用等太久❤️❤️❤️ ⭐⭐點美式活力早餐：塔塔醬酥炸魚條❣️❣️把飲料換濃湯❣️只加保20元👍👍 濃湯非常好喝！很棒！ 不知還不能加價購😋 魚柳現炸💓💓別提多多美味！害我幻想是不是主廚一人在家無聊？開個小店打發時間？🤣 很少吃早餐？因為起不早🤫🤫為了這個餐食，我想練習早起🫣 其實座享咖啡應可以？可惜我不耐久座？吃飽就想走人🤣🤣🤣🤣,餐廳 不在 中央北路三段大馬路上 要從53巷進去才看得到。 進來餐廳裡面蠻寬敞， 每桌都會給一個專用水壺和水杯， 一般外面的餐廳 水喝起來都有怪味 他們的水 還不錯喝 沒有怪味。 第一次來到北投中央北路三段的「北投飢場餐廳」，真的讓我驚艷！餐廳的氛圍很放鬆，坐下來就覺得心情愉快。菜色非常多樣化，不管是主食、配菜還是特色料理都能吃得出用心， 看餐盤也是用瓷器不是用一般不耐熱的美耐皿 ，食材新鮮，調味剛好，不會太鹹也不會油膩。推薦炒飯口味獨特，份量也很足，吃得很滿足。 服務人員態度親切，進門就熱情招呼，出餐速度 可能 人有點多 所以有點慢，但不會讓人等太久。價位方面我覺得相當合理，以這樣的品質和份量，性價比很高。 這裡不管是朋友聚餐、家庭聚會，甚至一個人想吃好一點的料理都很適合。吃完真的覺得值得推薦，之後一定會再回訪，也會介紹朋友一起來！,廣州炒飯-120元 炒飯內有臘腸及蝦仁搭配些許高麗菜，整體吃起來相當清爽順口調味不會過重，油膩感也不高，重點是炒飯粒粒分明非常不錯，相信其他炒飯應該也不錯，是好吃的炒飯，價格不算貴，份量也很多。 清炒蛤蜊義大利麵-200元 蛤蜊給的很多同時搭配大量洋蔥及甜椒紅蘿蔔，搭配起來還不是，麵條有充分巴附醬汁且不膩口，算是蠻耐吃的義大利麵。 酥皮濃湯-套餐+120元 算是奶味偏重的濃湯，其中酥皮相當酥脆，整體搭配起來還不錯。 整體來說店內環境還不錯，近復興崗捷運站旁交通便利，店內的廁所也是蠻乾淨，假日在顧客沒那麼多的狀況下相當悠閒，食物不錯吃同時價格也還行，整體來說相當不錯！
ChIJf6Txn6ABaDQRcpCt0iKmsC4,木柵老字號餐廳，餐廳的環境乾淨整潔，蔥油餅很喜歡，還外帶2份回家、外皮酥脆，每一口都充滿層次感，口感非常好，讓人一口接一口停不下來，加點辣椒更讓人讚不絕口。 整體來說餐點美味，份量也很足，價格合理，會再光臨。,在復興派出所旁，老字號北平餐廳的分店，餐點份量澎湃，不收開瓶費，價格也不貴，是不錯的聚餐地點。 當天印象較深刻的料理有涼拌羊肚、韭黃炒鱔糊、生菜蝦鬆。,常常經過，但還真沒來吃過 因為家人的安排，來試試這家餐廳 偏向北方麵店及烤鴨餐點 前面還有蝦鬆，整體來說麵點不錯，烤鴨需要告知餐廳他才會再炒鴨架子，但鴨肉部分有些柴，但整體算不差。 這個價格可以吃到這些餐點算不錯的了，如果喜歡這類餐點的是可以來試試看,烤鴨三吃需要先預約，最好吃的是餅皮包肉，鴨肉皮很脆。 炒飯有鍋氣很香，臭豆腐有臭，豆乾炒肉絲也不錯。 和菜玳瑁口味不夠鹹可以不用點，蒸餃很像早餐店賣得也可以不用點,脆皮烤鴨要先預訂，烤鴨皮脆餅皮香，三杯中卷口感軟有彈性很新鮮，蔥油餅好吃，鳳梨蝦球蝦仁大顆，小孩很喜歡，客家小炒可惜魷魚太硬，長輩難食用，蝦鬆吃起來很清爽～ 店內的洗手間，太小間，很難使用，希望可以改善，服務人員阿姨服務好，很會推薦菜單👍 上菜速度快速，附近停車格很多，好停車。
ChIJfVg9VFGuQjQR3OXOjpHCw5s,第一次到阿馬非用餐，已經聽説過這間餐廳很久，吃完之後感受到餐廳的用心跟滿滿的細節感，留下紀錄供參。 雖然沒有特地確認是否為手作麵，但義大利麵的口感跟粗細都跟一般市售的直麵不同，阿馬非的直麵較細，在口感上相對比較滑順，和醬汁的融合度蠻高，筆管麵的大小適中，麵體上的紋路也很好的讓醬汁巴在麵上，青醬白醬跟紅醬都有點到，青醬有帶一些堅果香氣，但不會過於濃厚，紅醬是走比較淑女系，微酸且沒有太多香料的點綴，白醬也不會過於厚重，奶味恰到好處。 飯類比較特別的地方是都是使用糙米，個人試過幾種後，覺得糙米跟奶油白醬搭配後，糙米的米粒感跟糙米本身的味道會蠻明顯，如果不愛糙米的人可能要選擇別道飯類，阿馬非烤飯跟西班牙節瓜燉飯的風格相近，都是以蕃茄為基底，但是阿馬非烤飯裡的薑黃和蕃茄搭配後，有豐富的香氣，西班牙節瓜燉飯裡面則是有加橄欖，所以那股獨特的橄欖香跟蕃茄搭配也是很特別，香氣跟醬汁混合後，跟糙米本身的香氣有很好的搭配。 披薩餅皮如其他評論中所寫，餅皮偏軟，但捲起來吃後能夠吃到麵皮香，臭臭披薩很有創意，餡料除了臭豆腐之外也有加一些小小的辣椒片，咬到辣椒時沒有太多辣味，但卻可以增加其他餡料的風味，非常不錯，香料馬鈴薯只有用鹽巴胡椒跟香料去調味，沒有太多過重的香料味，是由馬鈴薯本身的味道跟煎烤後的香氣配合，這道希望大家都可以嘗試。 最後是甜點，有點焦糖烤布蕾及布丁，如果有選擇障礙的人，個人會推薦烤布蕾，上面的糖殼有足夠的厚度，但又不會過厚，敲下去後跟裡面的布蕾搭配，除了有焦糖的焦香跟微苦的甜感外，中間的部分會剛好有一些些流心感。,整體用餐舒適，有庭院戶外座位 吹著風很愜意，室內座位氛圍感優～ 掃碼點餐很方便，蔬食餐廳整體料理香氣非常濃郁，鹹度偏淡一點點， 吧檯有提供調味料粉 鹽巴、胡椒等 可自行添加。 👍推推 松露野菇s型義大利麵 一端上桌，被滿滿的起司給震驚了！ 醬汁濃郁，麵條Q勁好吃！搭配茭白筍一起吃口感很特別。,很棒的素食餐廳 假日用餐真的是一位難求，建議一定要先訂位 平日用餐會好一點，不過人也是蠻多的，也建議要訂位 食物很多樣化，而且全部是素食，奶蛋不吃的有，吃辣的也有 有義大利麵有燉飯有Pizza，雖然是素食，但是有選擇障礙的一定會讓你選很久,一直聽說人氣很高的蔬食餐廳，環境、味道果然不差，到了下午2點多還是一直有新客候位，餐點價格合理、份量不少。 青醬時蔬義式湯疙瘩：推薦，有湯的麵疙瘩應該是比較少見的餐點吧，湯汁味道順口、蔬菜種類跟量也放的不少，麵疙瘩太軟沒咬勁比較可惜。 經典A.O.P.披薩：椒類餡料略帶辣味，底部餅皮有點過軟，雖然易於將披薩捲起來但少了些口感。 香料馬鈴薯：硬度剛好，胡椒、香料不會太蓋過馬鈴薯本身的味道。,112台灣台北市北投區大業路516巷2號~ 阿馬非餐廳餐廳🍽️ 地理位置📍北投捷運站1號出口斜對面的庭院餐廳 獨立式有、二樓庭院餐廳 店面招牌顯眼～很美麗😍 座位區分： 庭院區、一樓區、二樓區👍 座位空間寬敞舒適 （有素食料理👍） 阿馬非特調義大利麵🍝。$420 這一道義大利🇮🇹麵🍝我真喜歡，絲滑的麵 茄汁義式麵疙瘩。$280 🍅茄香的美味配上義式麵疙瘩，完美的中西合併的美味，真的有驚艷🥰 煙燻綜合野菇披薩。$380 滿滿的野菇🍄‍🟫～美食沒負擔👍，開心大口吃😋 💯阿馬非沙拉。$250 好美味的生菜沙拉🥗，有蔬菜🥬水果🍅🍐🍎核桃，沙拉醬的口感很棒（感覺有優格的口味，讓生菜沙拉更清爽😍） 維也納1862美式。$180 精緻的咖啡杯😍，維也納的咖啡豆☕️～讓人有如置身於歐洲的浪漫🌹 阿馬非冰茶。套餐優惠～$100 順口的茶香～配著甜點🍮，美搭 莊園黑咖啡。套餐優惠～$100 雖是簡單的一杯簡餐咖啡☕️，口感很順、不酸澀，我喜歡💕 巴斯克乳酪蛋糕。套餐加點$100 乳酪味的香濃、綿密的口感～瞬時化開🥰，配上一口咖啡☕️，完美～太完美了👍 湯。套餐加點～$50 清爽的蔬菜湯，時蔬的香氣～喜歡💕 焦糖布丁。套餐加點～$80 這布丁有驚艷，真的很到味，不會過甜～剛剛好🍮
ChIJfWNqV8-rQjQRJAiwfk_LCyg,餐廳整體座位乾淨舒適，很適合多人聚餐。 餐點口味尚有進步空間，價格稍貴一些..... 服務部分大致不錯，但剛入座詢問是否要來點飲品部分，並未主動告知價格...之後才結帳才知道，希望消費前能主動告知客人。 收換盤子也有未主動告知客人，造成客人想吃留到最後吃的部份被收走，上大菜也才一下子就急著要換要換，有點造成困擾。 結帳時請核對好明細，當日消費有算錯錢喔！,服務非常好，非常親切。 光是開胃菜都讓人滿驚豔的，味道都在水準之上，不是一般餐廳的那種開胃菜。 香腸頗厲害，還有加了九層塔在裡面。 毛澤東紅燒肉真的很厲害，看起來肥肉很厚很油，但入口即化一點也不油。 金沙天蝦很大尾一條，也去好背部的殼。 這次用餐的整體感覺非常好，下次會想帶家人朋友一起二訪。,如圖，看更多可追蹤IG: restaurantsharing 一直放在口袋名單的米其林推薦眷村菜 這次人數多所以直接點2080套餐(炒餅另外點的)，份量非常足夠甚至還打包不少菜~ 印象深刻的是他們的香腸，真的非常好吃！ 比較特別的是河南蒸麵，完全沒吃過的料理 蝦子、石斑魚等海鮮也非常新鮮 最棒的是~外場人員服務超級好！ 會定時清盤、勤勞換小盤，連拍食物照也主動打燈(真是害我都不好意思了😅 小缺點就是包廂隔音普通，剛好遇到隔壁尾牙稍微吵一點但沒辦法 不然設備很完善，加上這麼好的服務人員真的讓人下次想再來❤️ 📍南村｜私廚‧小酒棧 @44svbistro 106臺北市大安區忠孝東路四段216巷33弄10號 時間：11:30~14:30；17:30~21:30 可刷卡、有包廂 #眷村菜 #眷村美食 #米其林推薦 #台北米其林指南 #台北米其林,同學會聚餐，點套餐很方便，而且每道菜都好吃。 服務很棒，還提供專業打光，先讓手機吃飽。 每道菜上菜都介紹，感覺都很用心，都很有故事，雖然我已經記不住了，但加深了品嚐時的感受，讓料理特別好吃。,今天點個人套餐1680元，餐點按人頭算，每一道都滿好吃的，只是份量不算多，香腸特別好吃，值得來吃看看
ChIJfchZDuqpQjQRq9o6PCGinXY,【炎炎大阪燒｜大稻埕碼頭】 在大稻埕貨櫃市集吃到美味的大阪炒麵！調味剛好、份量剛好，一份$170表現不錯。服務態度好，支援刷卡、Line Pay，吃得開心又方便～ ＊不吃肉也可以事先告知老闆客製不加肉，貼心又友善！ 現場氣氛輕鬆，有樓上座位區可用餐，也有販售酒類，適合朋友聚餐小酌。,📌台北 「平民食堂，台灣大稻埕篇 」 逛完西門町隔天的中午，平民食堂就來逛一下台北的傳統老街大稻埕，除了傳統乾貨以外，更多的是民生社區小店，一直逛到太陽快下山，就來到大稻埕碼頭，看夕陽吃小吃 一 炎炎大阪燒 @yanyanokonomiyaki 🐥唐揚炸雞 NT $180 說是炸雞，實際上比較像雞米花，炸的金黃酥脆，肉質嫩滑😋👍🏻 🇯🇵和風海鮮大阪燒 NT $250 大阪燒料給的滿足，高麗菜爽爽脆脆，整體味道都很不錯，就是有點高單價😋👍🏻👍🏻 📍炎炎大阪燒 地址：台灣台北市大同區大稻埕碼頭貨櫃市集 #台灣 #炎炎大阪燒 #台北 # #大稻埕 #大同區 #大阪燒 #小店系列 #平民食堂 #平民美食 #台北美食 #自費食評 #唐揚炸雞 #台北景點 #大稻埕碼頭 #大稻埕美食 #平民食堂台灣篇 #和風海鮮大阪燒 #大稻埕碼頭貨櫃市集 #foodie #hkfood #hkfoodie #foodiehk,超級好吃的炒麵，調味不錯豬肉也很好吃，$170的價格雖然份量不大，但很不錯吃！ 有樓上桌椅，也有賣酒，整體來說還不錯，服務態度也很好，還可以刷卡Line pay。,,
ChIJfckxJG2pQjQR-FFgYgin6bc,餐點好吃價格合理，在北車後面這個價格蠻感動的，鮭魚握壽司印象中這6個是270元，簡直跟路邊攤差不多價格，而且鮭魚很厚。生魚片這邊是兩份一份綜合一份鮭魚都厚切的魚。另外大推他們的免費湯，雖然老闆說是用一堆魚的邊角下去熬的，但打撈技巧好會吃的話，其實可以獲得很多額外的海魚肉，非常讚,買定時送的魚湯用料非常豐富，裡面有許多多種魚跟蘿蔔喝起來相當淺甜。,附近的生魚片都賣完了，只好來這家試試，東西還ok而且看得到大稻埕煙火，價格稍高？ 不太確定 $290 雞腿丼 $350 生魚片丼,味增湯可以免費喝，飯有點少，生魚片很新鮮,生魚片吃得出來新鮮的甜。 老闆跟老闆娘都很客氣 我會再訪，嘗試其他食材。 推薦
ChIJfepvyousQjQRq2rFXvS-esU,• 茄汁烤牛排燉飯：味道有點偏鹹，稍微可惜。 • 焦糖海鹽巧克力：整體表現普通，沒有特別驚豔。 🎂 生日優惠 & 服務 生日壽星前七天與後七天都有送 小象鬆餅，還有貼心的小驚喜，真的很加分，感受到店家的用心，這點很讚 👍🏿 整體來說，餐點還有進步空間，但生日小福利和服務態度讓人印象不錯。,擁有得天獨厚的地理環境，前方便是「壁湖公園」；到達時，就被可愛的彩色大象們吸引住！戶外座位超搶手！面對湖光山色的怡人景色，享受著美味佳餚。 平日用餐時段人潮不斷。多人前訪幾乎都會事先預訂。餐點選擇多，小象鬆餅每桌必點！除了有兒童餐，特別的是還有提供「寶寶粥」呢！不愧是親子餐廳～ 🔸 燻鮭魚撘手工薯餅早午餐 - 390元 🔸榛果拿鐵 - 150元 🔸象式可頌鬆餅（單隻） （附完整菜單）,來幾次了 今天來幫老的小的慶生 有慶生鬆餅 （生日前後7天） 今天的鮭魚奶油麵？ 每吃一口都稱讚一次😋 也謝謝主廚🙏 服務基本上都很不錯， 就是有收服務費的一般標準 🖍️金髮綁半馬尾的哥人超好的👏👏👏👏👏 來確認我們的飲料是不是有多點了😆 真的！我在QR code有刪除一杯 可能沒有更改後沒有儲存到😅 還好有您來幫忙確認還幫我們重新下單🙏 為客人著想💯 (不好意思記下您的大名，但謝謝您),大象可頌超級可愛的配上鮮奶油還不錯吃 個人超愛水果優格盤👻 其他餐點口味一般～ 室內寵物不能落地可以上椅 室外無限制 有送寵物點心很棒 （室內可以落地就更棒了🫣） 對面是公園可以帶寵物、小孩、長輩放風 有免費停車場可以停,碧湖公園湖景第一排！超美歐風咖啡廳❤️ 平日中午時段也生意很好 餐點品項也非常好吃 選擇也很豐富 有義大利麵、燉飯、早午餐，還有日式定食！ 🎂用餐日期前後七天生日，出示證件免費送大象鬆餅～超有誠意！不僅可愛又大份 緞帶上還可以印專屬名字～很有驚喜感
ChIJfzjbheitQjQRa3PNwDBxq6E,威靈頓牛排為求整體濕潤不乾噎 採用中式酥皮包裹培根、蘑菇和紐西蘭菲力 菲力牛排非常嫩、牛肉風味濃郁 酥皮帶有厚度吃起來像玉米濃湯上的酥皮XD 其他副餐也毫不遜色，超驚喜 每一道菜都精緻的搭配不同食材與醬料 匠心獨具，創意又巧思 而且份量頗足～ ◼️ 威靈頓牛排NT$1980 ◼️ 摩洛哥烤雞腿串NT$380 ◼️ 1月季節限定｜炒青花筍NT$380 ◼️ 炙燒鮪魚油醋沙拉（加無花果）NT$480 ◼️ 1月季節限定｜扇貝（2份）NT$760 ◻️ 有廁所，提供飲用水（超貼心是溫水喔！） ◻️ 10%服務費，可刷卡 ◻️ 寵物友善（不落地） ◻️ 外帶自取打9折,這家餐廳真的讓人一吃就愛上🥰 不只環境舒服、服務親切，餐點也道道精彩✨ 威靈頓牛排🥩外皮酥香、牛肉鮮嫩多汁，層次非常豐富，真的必點！ 另外牛肋眼奶油麵🍝香氣濃郁但不膩，牛肉超嫩，和奶油醬完美搭配🤍 整體水準很高，完全值得再訪，大推👍😍,追蹤Wilson park的ig一陣子， 一直被威靈頓牛排吸引， 很久沒吃， 也沒有很多間有這道， 於是貼給男友看， 男友沒吃過但也很有興趣， 附近其實很多停車場蠻好停車， 裡面裝潢氣氛都很好， 我們被安排到窗邊位置， 今天天氣很好採光也很美， 點了前菜 「日式A5和牛海膽」， 威靈頓牛排之外， 還點了伊比利豬排加手工寬麵， 對於我們兩個來說真的很多… 撐整天。 威靈頓牛排真的很嫩，搭上酥皮… 真的太美味， 單吃不用加其他調味就很香， 伊比利豬排也很嫩！！ 寬麵也很有嚼勁，不是軟的，我還蠻喜歡， 男友覺得可以再煮久一點， 但份量跟我想的不同，有點多… 我們這餐直接抵兩餐… 下次有機會，還想吃別的。,主打原肉鮮切乾式熟成牛排 空間溫暖舒服，帶點英倫風格 有吧檯、座位區和包廂，很適合節日、紀念日，與朋友和另一半好好慶祝一下 // 🥩鴨肝慕斯手工麵包 $200 鴨肝慕斯細緻滑順，搭配瑪莎拉酒的微酸甜，抹在麵包上很剛好 🥩炙燒鮭魚百香果無花果沙拉 $480 生菜清脆，百香果油醋酸香清爽，鮭魚油脂加上辣味核桃，層次豐富 🥩胭脂蝦蝦滑 $580 蝦油香氣明顯，蝦滑柔軟帶甜味，單吃就很有存在感，配麵包也加分 🥩明太子日本山藥 $220 山藥清脆滑順，明太子鹹香剛好 🥩乾式熟成美國 Prime 肋眼牛排 28 DAY $2980 28 天熟成讓香氣更集中，口感也比一般牛排來得扎實 這次選擇三分熟，切開後肉色較深，能感受到乾式熟成特有的香氣，帶著一點巧克力與堅果的氣息,沙拉很好吃 還有無花果 威靈頓牛排好吃 推薦 份量十足！ 需要事先預訂喔
ChIJg3D5FFSpQjQRjxW3v1V5q4c,二訪❤️ 雙人套餐 $2188 前菜精緻美味 很喜歡帶卵小卷、鮭魚卵奶油起士脆片🧀 水果天婦羅 考南極圓鱈也很好吃 等待義大利麵中～～ 老闆很熱情會招待酒跟飲料 餐廳很有氣氛 適合約會聚餐～～,⚠️沒吃過的人誠心建議看完再去⚠️ 第一次打這麼長的評論，但真的想讓準備訂位的人一些經驗分享，字很多但還是看完再決定吧 首先，建議店家將inline上的菜單刪除或是更換成正確的菜單，避免讓客人有資訊落差。 我們總共6位用餐，一入座服務生告知我們的方案是一人899元，可以在黑板上選9道料理+6杯飲品，但因為我們是看inline菜單有6-7人的套餐6880+10%（放在最後一張圖），所以想點這種套餐，詢問後店員一臉疑惑的說沒有這樣的餐請我們從黑板上挑 我們也就配合店家的方案挑選了9樣（店員有提供搭配的建議，很感謝），正當覺得終於選完可以開始聊天的時候店員又出現告知一人899元的方案最多只能做4人份，我們人數6位沒辦法提供，請我們改成選7道菜才可以開始備餐，這時候其實很無奈，從訂位的時候就已經是6位了並沒有突然新增人數，為什麼在挑完才有這樣的烏龍？詢問如果做成6人份會是多少錢，得到的答案是那可能改點一人1088的套餐比較划算也比較適合當晚餐吃（但不含飲品） ，899比較適合當配酒的點心（但後來吃完發現根本菜是差不多的），猶豫了一下最後決定依照店家建議點一人1088的套餐，店員有詢問對什麼忌口，其中我們一人不吃牛有告知，但後面還是覺得問題很大，請看下去。 以上光是點餐就已經出現很多問題，店家看起來也開兩年多了不確定到底是什麼狀況才會把資訊弄的這麼亂。 接下來分享食物，完整菜名不確定（因為是無菜單料理），記下的名字是店員上菜唸的，照片說明有寫各是幾人份 1. 酪梨溏心蛋：溏心蛋做的很失敗，基本上是已經煮過熟的程度（照片中也能看到熟蛋黃），配著酪梨吃進嘴裡也不滑口，有全熟蛋黃的沙沙感 2. 鮭魚卵奶油起司最中餅：以cream cheese的口感為主，整體偏鹹適合配酒，吃不出起司內混了什麼食材 3. 花雕蝦：很香蠻好吃的！不過一人只有一小隻 4. 法式優格水果沙拉：優格在下方，拌勻後發現是甜的優格，現場燈光昏暗以為放的是新鮮無花果，結果吃下去是紅心芭樂，裡面似乎還有櫻桃跟綠葡萄，但整體不會覺得跟法式有什麼關聯 5. 蘆筍荷蘭醬&生火腿：吃起來就是蘆筍、荷蘭醬、生火腿，但不覺得這也能當一道無菜單內的菜就是了😂 6.酥炸日本干貝：裡面包的是扇貝，但就算是扇貝用炸的很可惜吃不出新鮮感，整體偏韌（建議店家改個名字，因為干貝應該是指白白但貝柱部分，一般來說會更嫩更鮮甜） 7.蝦餅：咬下去中間軟軟的，旁邊是蒜味美乃滋 8.水果玉米天婦羅：我本人是愛吃玉米的，這道是所有菜的前兩名 9. 新加坡辣醬義大利麵：甜甜辣辣，味道蠻特別，麵偏硬我很滿意，是我的前兩名 10. 圓鱈下巴：皮偏韌偏硬，味道中規中矩，左邊黑胡椒右邊青醬，但搭配青醬並無提升風味，這品項不適合6人分食 11. 布拉塔起司肉醬義大利麵：麵條煮的很剛好，像有口感嚼勁的手工麵條，整盤主要貴在布拉塔起司，醬料偏鹹黑胡椒味過重。 ❌這道肉醬是牛豬絞肉，點餐時已明確告知有人不吃牛依然上這道料理，不管是另外準備一小份別款義大利麵給忌口的人還是直接整道換掉都會比上菜時提一嘴「這道有牛肉唷」還要好很多，根本不懂前面為何詢問忌口的食物 12.松露薯條：建議店家改名松露美乃滋薯條，因為醬料都是美乃滋的味道，薯條上也沒有撒上松露粉，是撒鹽和粗胡椒粒 13. 伊比利松阪豬：刀切下去就知道很乾柴，不是脆口的松阪豬，吃起來像冷凍複熱的產品，用了很多的調味去醃製，導致很廉價吃不出肉本身的原味，旁邊配的是蜂蜜芥末，如果配有芥末籽的黃芥末會更好 ❌由於這道一半以上的人都有同樣感受覺得不好吃，有直接跟店經理反應松阪豬的口感跟味道不符合期待，店經理了解後有叉一塊提供給廚師確認，過了一陣子有一位服務生來桌旁說「我們廚師說肉沒問題，是放到冷掉才吃才會覺得比較乾」，聽到這句真的滿頭問號，店經理叉給你吃的時間點不代表這時候我們才吃耶，雖然跟服務生簡單解釋了我們的意思，但我相信她只是傳話並不了解前面跟店經理的說明，所以就沒有再多講了 單點1 帶卵小卷：一樣的青醬鋪底下，看來海鮮的調味都是這樣的 單點2 千層蛋糕：一片180，不要點！不要點！不要點！ 開業兩年的店，位置極佳鬧中取靜，似乎還有藍帶主廚，吃的很飽沒錯，但不符合這個價位帶來的品質，如果只有我一個覺得食物很普那是我個人的問題，但整桌都有差不多的感受並且後續看到低星評論也是差不多的狀況 真的很可惜的一家店，後會無期了,餐點跟流程還有很大的進步空間：訂位時詢問要單點？還是套餐？我回說那就訂妳們最貴的套餐（其實當時我也不知道多少錢）外加單點吧！（畢竟我是個愛吃鬼） 當天服務人員問有沒有忌口的食物？我們也就依個人的過敏原回答「不要花生跟紅蘿蔔」。 結果上菜時有先生不吃的玉米跟蘆筍；我不吃魚結果上了魚⋯ 其實妳們應該給個「套餐菜單」，然後問有沒有哪些不吃？而不是像開盲盒似的！最後還不知道菜已上完依舊在座位上等！（連服務生都不知道，我們請求菜上快一點，服務生進廚房問才被告知菜已上完畢，如此浪費別人的時間真的很扯！） 菜色方面也豪無亮點！胭脂蝦有腥味、牛排有筋（留了ㄧ大半都沒吃）、義大利肉醬麵也乏善可陳（也是留一大半沒吃），ㄧ開始要加點單點時被阻止說套餐吃得飽，結果整個套餐的設計沒湯沒甜點結束得莫名其妙⋯ 「便宜」不能當成餐廳特色，「廣告」若跟事實不符只會讓人更失望，不會回訪。,1140713（$7414/5人份） 透過同事推薦來到瑪喜餐酒館慶生， 一踏入店內裝潢氛圍， 店家招待客人的態度， 讓第一次入店用餐的客人， 留下很好的友善印象。 上餐時， 每道料理盤盤都是創意， 透過廚師的巧手， 讓日常食材成了一道道， 別具特色的吃的藝術品， 入口到咀嚼的過程， 讓愛好美食的我們， 吃了一個驚訝及感動， 原來享受美食是這麼幸福的一件事， 既能讓視覺上有了新感受， 也能讓味覺上多一份對愛美食的定義。 在平凡的日子裡， 想來點不一樣的飽腹感， 那這家餐酒館一定要來品嚐試試， 因為每道料理經過廚師巧手， 成了別具特色的創意料理。 體驗這家餐酒館的特色時， 需致電到店家預約訂位， 才能為你保留最佳位置， 讓你能在特別的日子裡， 紀念最有意義的祝福。,酒很好喝，廚師廚藝很好👍 真的是無菜單料理。推薦
ChIJg5qWU7irQjQR2loPcpgDxdE,早午餐聚會來吃酸種麵包🤩🤩 配料搭配很有趣，主廚會堆疊不同類型的味道讓三明治吃起來層次變得豐富又平衡，特別喜歡海膽醬跟百香果優格的組合！！！ 聽說燉飯也很厲害下次再來探探，現在單人點兩份酸種麵包三明治可以有湯或飲料喔！,隱藏在國父紀念館巷子的早午餐。 付款方式可以信用卡、Apple pay、Google pay、三星pay。 早午餐早上9：00-17：30 最後點餐16：00 🔺單人點兩份三明治即可贈送濃湯或飲品 早午餐是有七道 酸種麵包，總共有六種口味，可頌一款。 酸種麵包口感蓬鬆，有嚼勁外層酥脆，麥香在口中越嚼越香。 堆疊口感與香氣，層次感很豐富，食材的堆疊不衝突，吃的到鮮甜！ 醬料不單調，味道點綴的很漂亮。 更能表現出來海鮮的鮮甜與很鮮美牛肉、雞腿肉香氣❤️ 喜愛酸種麵包不要錯過這家，讓你吃完會滿意的離開。 不只視覺享受，也兼顧營養均衡。,吃到一半才想起來要拍照 氣氛空間都不錯的一間店，平日午餐來不用排隊，但聽說晚上應該是比較熱鬧 餐點部分，沙拉跟中卷表現不錯，義大利麵蠻普通 瑪格麗特披薩不及格，蕃茄的切片跟起司的選用都太平凡，很像是在家裡嗎自己家小朋友手作的感覺，雖然味道不到差，但比較不匹配這個餐廳氣氛應該提供的餐點～,意外在巷弄裡發現的一間早午餐店 從市政府站或國父紀念館站走過來都很近 販售開放式三明治 不是常見的早午餐盤 剛好滿足喜歡全部食材一口吃下的我😌 而且菜單上餐點的名字是用食材取代 對於挑食的人終於不用再盲猜來說有夠貼心 單人點兩份三明治就會送湯或飲料🥣🥤 所以我們各點兩份共享： 菇菇總匯+蟹肉蝦/炒蛋+草莓伊比利豬 🥇草莓伊比利豬，最驚艷！ 原本只是覺得神奇點的，結果水果的甜和風乾伊比利豬的鹹還有馬斯卡彭起司超級搭，推薦一定要試試！ 🥈蟹肉蝦 蟹肉和蝦子用料不手軟，海膽醬味道淡淡的，起到一個畫龍點睛的效果，百香果優格也是意料之外的很解膩，非常好吃！ 🥉菇菇總匯和炒蛋就是喜歡就點 料超多，搭配酸種麵包吃起來更香🤤 份量照片看起來還好但真的會飽 吃不夠菜單還有義大利麵和燉飯等品項 很適合和朋友點了一起分著吃 店內環境寬廣、氣氛舒服也有提供多人桌 下次姐妹早午餐聚會就選這裡😍,餐點很好吃 聽服務員說1月才換新的菜單 而且麵包上塗的醬真的很讚👍附近機車停車格很多 旁邊有國父紀念館吃飽可以走走
ChIJgbsfD3GpQjQR7z5ZO22KdVQ,我今天特地和老公從桃園而來，中午11:50抵達，店內已客滿，門口有10多位客人在候位！我們大約等了25分鐘，就入座。（突然想到，如果下雨天 在外面排隊就辛苦了🤣🤣🤣）。 今天點了愛恨椒芝麵、油飯、阿甘剝皮辣椒雞腿湯、狠切豆干、月亮骨肉。合計內用 消費420元。外帶富士吻仔山拌飯、黑松露扮麵，合計164元。 今天點的餐每項我都很喜歡很滿足，用餐座位雖然很窄，可是座位下有置物籃 是很貼心周全。服務人員很厲害英文很強，國際化管理很不錯。 建議：客人還在用餐時，不宜急著收餐具，那給人有「趕客人的感覺」。我相信在店內用餐的客人，不會留在那聊天的，因為場地本身就不是聊天好場所。客人水準很高，用完餐，定會快閃的。,🍜 台北必比登的家常滋味｜雙月食品社 。。。。。。。。。。。。。。。。。 2018 年至 2025 年連續獲得 #米其林指南必比登推薦， 讓 雙月食品社 成為台北雞湯系美食中極具代表性的存在。 雖然現在已有多家分店，我仍選擇來到 #青島創始店。 營業前，店門口已聚集數十位等待的食客， 店員在門口忙著招呼、疏導排隊動線， 並協助客人使用 QR Code 點餐，還有當日活動的免費麵條登記。 時間一到開門，隊伍很快向前流動， 不到十分鐘，我便已入座點餐。 這樣的節奏，其實很像台北人的日常—— 忙碌，但總能為一碗湯停下腳步。 🌶️ 阿甘剝皮辣椒雞腿湯 。。。。。。。。。。。。。。。。。。 湯一端上桌， 整條剝皮辣椒沉在湯中。 咬下去時略帶脆度， 醃漬後的甘甜與青辣椒本身的辛辣同時釋放。 雞肉使用仿土雞腿， 肉質比一般肉雞緊實， 卻不像老土雞那樣纖維粗硬。 那種彈牙而不柴的口感， 正是許多人愛上這碗湯的原因。 雞皮略厚，帶著膠質， 長時間燉煮後讓湯頭浮出一層清亮油脂香。 高麗菜在湯底釋放甜味， 枸杞則像點點紅色星子漂浮其間。 喝下去時， 辣、甜、雞油香彼此交織。 忽然想起一句古詩： 「人間至味是清歡。」 —— 蘇軾 有時候最讓人記住的味道， 其實只是這樣一碗溫熱的湯。 🐚 蛤蜊燉雞腿湯 。。。。。。。。。。。。。。。。。 這碗湯更像是海與山的對話。 蛤蜊選用當日新鮮食材， 本身含有豐富的 琥珀酸， 這也是海鮮鮮味的重要來源。 當蛤蜊與雞腿一起燉煮時， 海的鹹鮮與雞湯的甘甜慢慢融合。 高麗菜依然是湯底的靈魂， 讓整體味道多了一層蔬菜的柔甜。 這碗湯的味道很乾淨。 像冬天晚餐桌上母親端出的第一碗湯。 沒有複雜調味， 卻讓人一口接一口。 🌶️ 愛恨椒芝麵 。。。。。。。。。。。。。。。。。 這道名字就很有戲。 愛與恨，辣與麻。 麵條選用較厚實的寬版麵條， 上桌時灑著細緻辣椒粉與蔥花。 攪拌後， 花椒的麻感先輕輕碰觸舌尖， 辣度慢慢浮現。 最後留下的，是濃郁的芝麻香氣。 那種層層疊疊的味道， 像城市生活的情緒。 辛辣、忙碌、疲憊， 最後仍被一點溫暖的香氣包覆。 🐟 富士吻仔山拌飯 。。。。。。。。。。。。。。。。。 對我來說， 它其實有點像一碗升級版貓飯。 最上層鋪滿細緻的吻仔魚， 魚身細小卻鮮甜，沒有腥味。 第二層是金黃油蔥酥。 酥香一碰熱飯就散發香氣。 最底層是粒粒分明的白米飯， 米粒之間已悄悄滲入蔥油香。 把整碗拌開後， 魚鮮、油蔥、米香一起湧出。 簡單，卻非常療癒。 就像小時候 把白飯、醬油、魚鬆拌在一起的那種幸福。 🦪 台北老店雙月乾蚵 。。。。。。。。。。。。。。。。。 蚵仔選用當日新鮮食材， 店內可依喜好選擇熟成度。 擺盤後淋上蒜泥醬， 底下鋪著清脆豆芽菜。 一口入口： 蚵仔的海味 蒜香的刺激 豆芽的爽脆 三種口感同時出現。 是很台灣、很家常的味道。 🍲 一碗湯的城市記憶 。。。。。。。。。。。。。。。。。 像 雙月食品社 這樣的店， 其實很接近台灣飲食的核心。 不是華麗料理， 而是日常裡最耐吃的味道。 雞湯、拌飯、麵食、蚵仔。 每一道都像某段生活記憶—— 加班後的一碗湯、 雨天的一碗麵、 或是旅行途中短暫的休息。 忽然想到 蘇軾 另一句話： 「且將新火試新茶，詩酒趁年華。」 有時候， 一頓飯不只是填飽肚子。 它其實是在提醒我們—— 生活再忙， 也要記得坐下來， 好好喝一碗湯。,第一次來消費，排隊等待時外面服務員很細心看到我手拿著東西沒有地方可以放，還問我需不需要袋子可以拿給我裝，覺得貼心。儘管那時我尚未消費！ 進去用餐時，位置有點小但服務員也貼心告知座位下有置物籃，服務讓人覺得滿意。 食物都很好吃、份量足夠、價格實惠，尤其湯品料多實在，會讓我再下次回訪！也讓我願意分享給別人～ 是讓人愉快的吃飯體驗👍,台北雙月食品社 青島店整體用餐體驗相當滿意。店內環境明亮乾淨，以木質裝潢搭配溫暖燈光，空間雖不算寬敞，但動線規劃良好，用餐氛圍舒適且帶有家庭感，即使尖峰時段人潮較多，仍能維持整潔與秩序。 服務方面採半自助取餐模式，點餐流程清楚，店員態度親切且出餐速度快，翻桌率高但不會讓人感到壓迫。 餐點表現是最大亮點，雞湯清甜濃郁、雞腿軟嫩入味，搭配高麗菜與蛤蜊湯品更顯鮮甜；乾拌麵香氣足、口感Q彈，小菜如油豆腐與燙豆芽也相當開胃，整體屬於溫補又不油膩的台式養生風味。 交通方面，餐廳鄰近捷運善導寺站，步行即可抵達，周邊公車路線多，開車亦有停車場可利用，交通便利。 整體而言，是台北兼具美味、健康與便利性的必比登推薦高人氣雞湯名店。,雙月的雞湯依舊維持著一貫份量充足兼顧美味的最高品質❤️雖然價格偏高但真的很好吃～ 內用座位相鄰有點狹窄，這間分店排隊時間較長，但整體感受都很不錯！ - 干貝雞湯：小干貝完全很嫩，高麗菜也很鮮甜，但雞腿肉有點太硬，肉纖維有點卡牙縫，不過依然瑕不掩瑜，湯頭仍然讓人意猶未盡👍🏻 - 牛蒡瘦肉湯：牛蒡量多，有點中藥材微苦但回甘口味，肉片和高麗菜也很適口，湯頭好喝 - 愛恨椒芝麵：麵Q微辣調味正好！花椒味讓麻醬變得不太膩口，但還是要配湯比較清爽😂 - 富士吻仔魚飯：鮮嫩吻仔魚+酥脆油蔥酥+醬油，超級好吃❤️確實小朋友會很喜歡 - 鵝腸豆芽、鮮蚵：鵝腸及鮮蚵都燙得很嫩，鮮蚵下疊著豆芽讓視覺效果看起來很驚人，但其實份量適中剛好🤣，配飯配麵都很美味！
ChIJgcXkf1CuQjQRc3SOGvEDkvk,「碳烤雞肉香橘醋定食」，雞肉沒熟。 如圖箭頭處（中間部位較厚）未熟透，肉眼可見明顯的粉紅色與血水，與旁邊熟透的白色雞肉有極大差異。 且當晚因為網路當機，服務人員都在處理帶位、收桌、網路問題，在座位上等約5-10分都沒有人來點餐，還得自己去找服務人員告知要點餐。另因供餐時間只到晚上九點，基本上也無法再續飯與湯，話說茶水也包含在這其中嗎？因為完全沒再補第二次，其他分店都會一直問耶～～至於雞肉問題也就更沒機會再退回請店家重新復熱，可以理解九點後廚房要開始整理，但出餐品質也需要留意，若造成食安問題或任何身體不適，貴司應當難辭其咎。,"在附近泡完湯後,，來這邊用餐。大戶屋吃很多次了，覺得料理都很不錯，服務也不錯。",天氣很冷一入坐就送上熱茶 服務很好 位子竟然有插座蠻神奇的 但味增烏龍麵鍋還好,厚切豬排定食+雞排蓋飯加烏龍麵，味道就跟其他分店沒有太大的落差，不錯吃,今天來大戶屋用餐，點了母親節特餐 $899，內容包含炸豬排飯、滑蛋豬排鍋，還附兩杯飲料和兩份冰淇淋甜點（口味可任選），整體表現很不錯！炸豬排酥脆不油膩，滑蛋豬排鍋湯頭鮮甜，豬排也非常入味。甜點冰淇淋很加分，飯後吃剛剛好。餐點份量足、CP值高，服務也很親切，節日限定套餐真的值得一試！
ChIJge0A1GmvQjQRJpe5wYgCeNM,對雞湯拉麵沒什麼興趣，本店的海老沾麵的湯聽聞又是冷的也排除了，此時剛好看到菜單中一個名稱貌似和拉麵無關的擔擔麵，就抱著好奇的心態點餐了，上桌後，一眼就能望到中心最突兀的辣絞肉，厚豬肉叉燒在旁都像配角一樣。味道意想不到的好吃，厚豬肉叉燒在表面被微微的炙烤下，油脂融化，香味四溢滑嫩可口，而湯頭由於浸泡了辣絞肉，充滿肉香且微微辛辣，相當符合個人口味，並且還有加了堅果、花生碎使風味更加濃郁，口感也有所變化，適量的青蔥恰好能緩解油膩，搭配得也很不錯。 當然，吃拉麵必點的叉燒飯也點了，不過在隱家好像是叫TKG飯來著的，TKG亦即Tamago Kake Gohan，意即生蛋拌飯的意思，想當然耳就是在原有的叉燒飯上再加了顆溫泉蛋。特製絞肉噴槍的炙燒下盡顯香氣，搭配上秘製醬汁和美乃滋，香甜口味相當下飯 再把溫泉蛋攪拌其中，蛋香的調和使整體風味變得更加細膩，滑嫩的口感也相當好吃，少許點綴的柴魚片更是點睛之筆，還真是不錯的餐點啊。,📍 黃金雞湯拉麵（豬）$240 📍 TKG飯$80 從士林捷運站走出來大約10分鐘內可以抵達，儘量錯開用餐時間，否則就要開始在外面排隊，但店家得出餐速度算是挺快的，所以等候的時間也不會太久。 先自主販賣機點餐結帳，然後等候入座等餐點。麵條有兩種可選擇粗麵及中捲麵條可選擇，雞湯拉麵口味偏重而且湯算是偏油，但是舒肥豬的口感味道很喜歡的，算是有入味，厚度也適中不會讓人咬很久還在吃肉！ 但是TKG飯⋯炙燒過後的肉塊加上美乃滋與一顆半熟蛋，可能味道沒有中我的味，他像是介於台式跟日式中間，像是在吃溫泉蛋滷肉飯但是又有加上炙燒跟美乃滋的味道，整體來說，不給過⋯如果你是喜歡是吃完拉麵後來上一碗燒肉飯的人就可以吃看看味道就好了⋯⋯ 吧台座位可以清楚看到拉麵的製作過程，工作檯面很乾淨，這一點很加分！店家門口的注意事項記得看過，排隊的時候記得要等人員到齊喔！然後不要解壓縮，不然要重新來過。,(限定）獅子丸白湯拉麵$340+名古屋味噌豬排飯$120 麺家獅子丸白湯ラーメンNT$340 名古屋味噌カツ丼NT$120 2025/10/24午 整體評分（4.6🌟） （歡迎ig搜尋全麵啟動，探索更多拉麵和麵食！） 🍜【食記】麺家獅子丸X隱家拉麵｜名古屋人氣名店「麵家獅子丸」快閃登台！限定合作聯名活動🔥！ 「麵家獅子丸」來台灣快閃啦！這次真的非常特別，不是台灣拉麵祭，也不是百貨的日本展，而是由 隱家拉麵 企劃聯名✨ 創立於2019年的隱家拉麵集團，是台灣拉麵中常常大排長龍的名店代表之一，以「平價高品質」著稱。近期他們動作頻頻，剛宣布在台中開設第7間分店後，而不久更宣布邀請到來自名古屋的超人氣名店「麵家獅子丸」來台快閃，舉辦為期三天（10/24～10/26）的合作活動。 每一天都有不同限定拉麵登場，同時三天都能吃到「獅子丸白湯拉麵」與「名古屋味噌豬排飯」！兩間排隊名店聯手合作，是一定要造訪的吧！ 🦁關於「麵家獅子丸」 創立於2016年的「麵家獅子丸」，位於名古屋車站步行約6分鐘距離，是當地超人氣拉麵名店。 自2019年至2024年連續榮登 Tabelog百名店，評分高達3.75分。 店家招牌「濃厚白湯拉麵（獅子丸ぱいたんらぁめん）」是人氣No.1，平假日都大排長龍，被譽為名古屋的必吃拉麵之一。這次台灣快閃也能吃到同款，讓人期待！ 📍活動資訊 地點：隱家拉麵 士林店 地址：台北市士林區中山北路五段505巷22號 ⏰營業時間： 中午 11:30～14:00 下午 16:30～21:30 🍜每日限定菜品（每日不同） （中午30碗、晚上50碗，各時段售完為止，賣完會公告於IG） * 10/24（五）：名古屋八丁味噌濃厚牡蠣沾麵 💰$450 * 10/25（六）：龍蝦濃厚沾麵 💰$580 * 10/26（日）：和牛白湯拉麵 💰$450 🍜每日皆有供應的定番菜 * 獅子丸白湯拉麵 💰$340 * 名古屋味噌豬排飯 💰$120（限量） ⏳排隊狀況 今日約10:45抵達，前面約30位排隊。輪到我時，牡蠣沾麵限定還剩6份，店內座位不少，等候時間比預期短，員工眾多又親切，上菜速度也相當快。 這次我和友人一起，一口氣把今日的菜單全制霸！ 🍴獅子丸白湯拉麵 & 名古屋味噌豬排飯食後心得 🥣湯底 以豬骨、雞骨為基底，融合鰹魚、鯖魚、羅臼昆布、蔬菜等多種食材長時間熬煮。 湯頭呈乳白色，表層帶著淡淡的泡沫，不同於「旨燕」或「壹慶」的泡系那樣多泡沫。入口濃郁卻清爽、不鹹膩，餘味溫順。 濃厚白湯，順口、乾淨雅緻，是能順順喝到見底的那種。 （桌上有調料應該是柚子胡椒可供轉味。） 🌾麵條 使用全粒粉麵，約中粗，Q彈有嚼勁、不易軟化，雖不特別驚豔，但與白湯搭配協調，不拖後腿。 🍅🐔🐷配料 炸蓮藕、番茄、豬叉燒、雞叉燒、日本芹菜（不確定）、豆皮。 炸蓮藕＆番茄：讓人想到桃園名店「三冬麵舖」，蓮藕微炸酥香，番茄帶點微酸，提升層次感。 雞叉燒＆豬叉燒：顏色漂亮、肉香明顯，口感紮實。 日本芹菜？：帶著清香與微微清涼感，像薄荷般清新，是很少見的配菜！（個人不確定是不是日本芹菜，有誤歡迎大方指正👍） 豆皮：這次聯名的特色擺盤，吸附湯汁後還不錯。 🐷額外加點：名古屋味噌豬排飯 $120 名古屋以味噌料理聞名，這碗飯自然是重點之一。 但老實說——這碗「可點可不點」。 豬排稍微過熟，口感普通，像平價學生餐廳那種。但醬汁的味噌味挺特別，味噌鹹香重於甘口，不同於外面常見的那種豬排醬汁，算是有特色。 💬總結 整體來說，這次聯名活動讓人滿意！ 不管是排隊動線、服務態度、餐點水準都相當流暢到位。 價格以快閃活動來說也算親民，能在台灣吃到日本百名店的拉麵真的是難得機會，感謝「麵家獅子丸」遠道而來，讓台灣拉麵迷有機會親嚐來自名古屋的滋味。 真心推薦給週末有空的朋友，一定要把握機會前往！ #限定拉麵 #定番#台灣#日本#台灣美食#日本美食#foodie#ramen#雙北美食#拉麵 #2025 #台北拉麵#日本拉麵#台北拉麵推薦 #日本拉麵推薦#特色拉麵#拉麵推薦#台灣拉麵 #台灣拉麵推薦#台灣拉麵愛好會 #台灣拉麵金賞#限定#拉麵控#台灣拉麵地圖 #台北美食推薦 ———————————————————————— (限定）名古屋八丁味噌濃厚牡蠣沾麵$450 名古屋八丁味噌濃厚牡蠣つけ麺NT$450 2025/10/24午 整體評分（4.5🌟） 🍜【食記】麺家獅子丸 X 隱家拉麵｜名古屋人氣名店「麵家獅子丸」快閃登台！限定合作聯名活動🔥！八丁味噌碰上濃厚牡蠣😮！ 「麵家獅子丸」來台灣快閃啦！這次真的非常特別，不是台灣拉麵祭，也不是百貨的日本展，而是由 隱家拉麵企劃聯名✨ 創立於2019年的隱家拉麵集團，是台灣拉麵中常常大排長龍的名店代表之一，以「平價高品質」著稱。近期他們動作頻頻，剛宣布在台中開設第7間分店後，不久更宣布邀請到來自名古屋的超人氣名店「麵家獅子丸」來台快閃，舉辦為期三天（10/24～10/26）的合作活動。 每一天都有不同限定拉麵登場，同時三天都能吃到「獅子丸白湯拉麵」與「名古屋味噌豬排飯」！兩間排隊名店聯手合作，是一定要造訪的吧！🔥 🦁 關於「麵家獅子丸」 創立於2016年的「麵家獅子丸」，位於名古屋車站步行約6分鐘距離，是當地超人氣拉麵名店。 自2019年至2024年連續榮登 Tabelog百名店，評分高達3.75分，可說是名古屋拉麵代表之一。 其實這次隱家拉麵與麵家獅子丸的聯名活動對我來說有點可惜，原本想三天都造訪，但因時間關係只能參加第一天。因此雖然這次總共推出4款拉麵，最終只能試到2碗，稍嫌可惜。 但沒關係第一天的兩碗已足以令人難忘！當天我和友人試了定番款與限定款，既然名古屋是味噌料理之都，就一定得試試看這款融入名古屋當地特色的聯名沾麵——「名古屋八丁味噌牡蠣沾麵」！ 🥣沾湯 「八丁味噌」是一種產自愛知縣岡崎市的日本傳統「豆味噌」，只使用大豆、鹽與水製成，不添加米麴，經過長時間天然發酵。 入口時能明顯感受到這碗沾湯以味噌為主導，接著牡蠣的風味在尾韻緩緩浮現。 八丁味噌因長時間發酵，帶有獨特的酸韻，讓整體湯頭非常突出！這種味噌+牡蠣的組合原本以為會「濃上加濃」容易膩口，但實際品嚐後完全不會。那股發酵感支撐了整體風味，從頭到尾都不顯單調無聊。 而且要特別誇讚——這次的沾湯份量超大方！可以盡情大口沾、最後再做湯割也綽綽有餘，非常過癮！ 🍜 麵條 使用全粒粉寬扁麵，預設麵量180g。寬扁麵的體積較大，吃起來比一般沾麵少了點Q彈感，但口感更柔順滑溜。 因為寬扁麵能完美吸附湯汁，帶湯表現相當出色，整體非常協調，也讓味噌香與發酵酸韻更明顯地附著在每一口麵上。 🐮🐷🐔配料 牛叉燒、豬叉燒、雞叉燒、牡蠣、豆皮、日本芹菜（？）、檸檬。 叉燒：真的超強！三種肉的色澤都處理得非常漂亮，尤其是牛肉，粉嫩誘人，是三種中我最愛的一款。肉質保有肉汁、軟嫩入味，無論單吃或沾湯都相當出色。 比較可惜的是這次沒有提供加點叉燒的選項，不然我肯定會加點一份！ 牡蠣：附上兩顆，雖不算大顆，但新鮮度不錯、無腥味，口感滑順。感覺有經過事先調味，海味較淡，更適合與味噌湯頭融合。 📝 總結 雖然這碗名為「名古屋八丁味噌牡蠣沾麵」，但實際品嚐時牡蠣風味較為隱晦，整體以八丁味噌為主角。 以味噌為核心、搭配牡蠣提鮮的沾湯，在市面上相當少見，更難得的是用沾麵形式呈現真的非常特別！ 就個人口味而言，我會希望牡蠣的存在感再強一點，這樣會更符合品名，也能讓愛好牡蠣的饕客更滿意。 總體而言，這次「麵家獅子丸」遠道而來快閃台灣，無論拉麵還是沾麵都展現了高水準，令人印象深刻！ 也期待未來能有更多日本拉麵名店來台聯名快閃，讓拉麵控們能近距離感受不同的日式風味和美味。 #限定拉麵 #定番#台灣#日本#台灣美食#日本美食#foodie#ramen#雙北美食#拉麵 #2025 #台北拉麵#日本拉麵#台北拉麵推薦 #日本拉麵推薦#特色拉麵#拉麵推薦#台灣拉麵 #台灣拉麵推薦#台灣拉麵愛好會 #台灣拉麵金賞#限定#拉麵控#台灣拉麵地圖 #台北美食推薦,今天去士林官邸看落雨松的途中經過，就被吸引進來。門口候位區座位很多，坐著等候很舒適，很快就輪到了。大家想來吃的時候不要因為看起來要等很久就錯過這家好吃的拉麵店。等候過程中，貼心的店員也會出來關心❤️。 我點的是黃金雞湯拉麵（雞），湯頭一喝就感覺很療癒，喝了就會微笑。細心的店員都會各桌詢問湯頭是否合口味，可以選擇加清湯調整自己喜歡的湯頭。我沒有加清湯，太喜歡這湯頭了，整碗喝光光，碗底出現可愛的字🥰 Ps不只湯好喝，整碗麵都很好吃😋 桌子圍繞著廚房作業區，聽著廚房裡的大家喊著日文口號，很有到日本的感覺😍 心滿意足的吃完準備離開，面帶微笑的店員問了一聲：「有吃飽嗎」。我說：「有！太好吃了😋」。她回答：「那下次再來唷」。 店裡的每個人都很親切，真是一家暖胃又暖心的拉麵店。😍😍😍下次還要再去吃,來的時候沒什麼人所以就排隊吃看看，後來發現內部用餐空間挺大的，而且翻桌率也很快 我點了鴨白湯拉麵，湯底優雅，很適合年輕女孩口味 不過加了桌前的蒜泥後更合我胃口😋 只不過我覺得有點小碗，吃不太飽就是了
ChIJgfp8ay6qQjQRcxepniNoKa8,綜合生魚片丼、可樂餅咖喱飯。 無意間發現的一間小店，餐點CP值高，份量多。 套餐有附 餐前沙拉、手捲、湯，份量多，價格與實物量相等。 推薦大家品嚐！,CP值不錯，手捲非常清爽好吃，除了炸豬排肉質有點乾澀外，點了幾樣均無雷，送餐的男店員很客氣！,套餐含沙拉、茶碗蒸、手捲、味噌湯，超級划算。 個人愛店小聲推！,炸雞咖哩定食和生魚片定食包含茶碗蒸、沙拉、味噌湯、手捲和主餐，只要260／320，相當經濟實惠又美味，加點的炸透抽也相當美味，除了有點油煙味兒以外可謂是可圈可點！！！,需要到現場後位，由店家安排入座 胃口大的人選定食一定能吃的很飽足！ 除了主餐，另有水果沙拉、茶碗蒸、味增湯和手捲。 炸麻糬也很推！外酥內軟，內層的鮮奶特別香。 如果不是因為太飽，還會再點一份。 #0208
ChIJh4d5b7CuQjQRvEGhf7bj0oQ,2026.02.08初訪 點了冬季限定的拉麵，湯頭濃郁，冷冷的天氣吃上一碗很溫暖。 唐揚雞和炸牡蠣蠻推薦點的，雞肉肉質鮮嫩多汁，牡蠣也很大顆。 這次沒有點到角煮，下次回訪有機會再碰碰運氣。,先在外面用點餐機點餐後店員會帶入座 裝潢擺設很有日本風 店內也有附冰水可以自行取用 這次點辛味增拉麵，個人覺得蠻好吃的 有些店的蔬菜是放豆芽菜，但我不喜歡 這間店是放高麗菜，吸了滿滿的湯汁，好吃 煎餃內餡沒到飽滿但多汁 叉燒飯的炙燒味很夠很香,📍道樂屋台｜雞白湯拉麵 2025.10 這碗雞白湯拉麵、湯頭呈現自然乳白色，入口順口，不厚重也不油膩，雞旨味清楚但不搶味。 麵條偏細，吸湯力不錯，口感帶點彈性，不會過軟，叉燒以雞肉為主，切片厚薄適中，肉質柔嫩、沒有腥味。 整體調味平衡度好，適合想吃一碗清爽拉麵的時候。 Alvin給星｜⭐️⭐️⭐️⭐️⭐️⭐️⭐️ 喜歡雞白湯、偏清爽系拉麵的人，會喜歡。,本來要點道樂的，沒想到和後面的居酒屋也是一起的😂 整體的用餐環境很舒服，感覺就像來到了日本的小鄉下，完完整整的日式氛圍😘 點了什麼有點忘記了，不過拉麵好吃，推薦👍 湯頭好黏稠阿！肉肉也好吃，很喜歡 那個叉燒肉飯也很棒，真是經典又驚艷，很幸運限量的當天有吃的，個人覺得算是必點喲😃 其他的串燒稍微覺得偏貴，不過也是好吃啦 整體來說不論服務、環境、餐點都很棒👍 還點了如照片這些，每一樣的不錯,低消是一人一碗拉麵。味噌拉麵+辛辣=超級好吃。菜直接給你高麗菜沒在呼嚨。叉燒是我這輩子唯一的愛。還有附上溏心蛋和海苔，整體豐富度很夠 不然其他拉麵常常會吃到很膩。麵條選正常。軟硬適中。唯一的缺點就是份量太多 如果可以量少一點、價格壓低就更好了。不然吃不完浪費食物不太好。全台灣第一好吃！百吃不膩！
ChIJhSV_pKSuQjQRtJ-1sSeP4R8,真正道地的濃厚豚骨拉麵（特別是博多系），核心精神是「覺得鹹是配冰開水，而不是把湯頭稀釋」。 ​這裡面其實牽涉到拉麵湯頭結構的幾個關鍵 ​1. 「替玉（加麵）」的物理原則 ​道地的豚骨拉麵，第一碗的湯頭必須熬得極度厚實、鹹度夠高且油脂豐富。這是因為當你加入第二球麵時，麵條本身會帶入水分，如果原本的湯不夠濃，加麵後味道就會變淡。正宗的吃法是靠殘留的濃湯去「抓」住新加的麵條，而冰水的作用是為了重置味覺，絕不是用來破壞碗裡的濃郁平衡。 ​2. 荷麵亭機制的結構性矛盾 ​荷麵亭一開始給的湯量偏少（如圖），加上這壺「清高湯」，導致了一個對重口味愛好者來說很尷尬的局面： ​不加清湯： 吃到要加麵的時候，碗裡的湯根本不夠配，麵條會拌不開。 ​加了清湯： 原本好不容易熬出來的豚骨厚度跟油脂香氣，瞬間被稀釋，它沒有顏色也沒有油脂，一倒下去，整碗麵的靈魂就被沖散了，變成一碗普通的湯麵。 ​3. 錯置的「割湯」概念 ​你們提供清湯的做法，其實比較像是日本「沾麵（つけ麺）」最後吃完麵條後，用來稀釋沾醬當作熱湯喝的「割湯（割りスープ）」概念。把這個概念硬套在標榜濃厚的拉麵上，為了迎合部分覺得太鹹的客人，反而犧牲了追求道地厚實口感的初衷,平日中午12點左右抵達 很幸運不用排隊 德島風味拉麵 很有特色、夠味、好吃 醬油濃厚豚骨不會太鹹 湯頭濃郁 會想喝光湯 可以免費加麵兩次超讚 很可惜中午沒有炸物 店員都很親切！謝謝招待！ 有機會會再回訪,來這裡經過過了好幾次，常常看到大排長龍，但都沒進去吃。 這次一樣散步經過，週日的晚上看到沒什麼人排隊，就決定進去嚐鮮了。 我點的是辛豚骨拉麵，很神奇的他的湯頭並不是辣紅辣紅的顏色，喝起來卻有一股特殊的辣味口中，我反覆品嚐到底是什麼味道？後來發現他除了辣之外，那個辣應該是老薑的辣，非常特殊的辛拉麵口味。 紫蘇蝦餅非常好吃，很特殊，個人認為必點。 他的產品價格都不貴。 下次一定再回來嘗試其他的產品。,這家荷麵亭真的不錯！我們平日去的時候沒有排隊，很幸運！🥳 他們的拉麵口味濃郁，麵條口感也很不錯，吃起來很過癮。這裡記得是現金交易喔！而且可以免費加麵，飲水也是自取，非常貼心。👍 如果你是拉麵控，又喜歡口味重一點的湯頭，這家很推薦！,日式拉麵豚骨湯濃郁！對我來說雖然已經註明稍淡，也還是覺得略鹹！如果飲食較清淡，是不適合在此用餐！
ChIJhVyTLZWrQjQRaNfIK-fOkJE,咖喱魚蛋三寶，香而微辣，炸豬皮吸滿咖喱湯汁很好吃，叉燒撈丁拌蔥油也好吃，碗仔翅比較像不酸不辣加上魚翅的羹湯。,2026年02月04日星期三 現場購買 干炒牛肉河粉$190元 小孩愛吃，所以跑來買 進門以後小哥立刻詢問需要什麼， 點餐完畢稍微等一下就好了， 出餐迅速！ 2026 年 1 月 26 日下午 3:51 Ubereat第二次訂購 Stir-fried Beef Pho Noodles$205.00 好吃欸，小孩也喜歡！ 2025 年 10 月 16 日星期四 Ubereat第一次訂購 買一送一 油蔥叉燒撈公仔麵 Char Siu Pork w/ Soy Sauce on Instant Noodles $410.00 口味上來說滿好吃的， 麵條軟硬度搭配醬汁剛剛好， 香蔥搭配著吃好吃， 唯一小小遺憾是， 肉太柴， 個人偏好軟嫩然後肥的部分多一點， 下次還會想嘗試看看炒河粉！,乾炒牛河，揚州炒飯，蔥油叉燒撈公仔麵超好吃 乾炒牛河有鑊氣，香又美味 炒飯粒粒分明，一樣有鑊氣 鹹檸檬七，好喝 有港食的味道，下次會再訪的店家,​【時光裡的港味：在南京東路，遇見老香港】 ​上個週日晚上，與好友相約在南京東路的「萬芳冰室」。一推開門，純白色的裝潢與那股特有的茶餐廳氣息撲面而來，彷彿空間跳躍，瞬間將我拉回了多年前在香港街頭漫步的時光。 ​看著菜單，我第一次真正認識了什麼是「車仔麵」，也點了一份經典的豬扒飯。那種鹹香入味的口感，不僅是舌尖上的享受，更像是一把鑰匙，開啟了腦海深處的記憶盒子。雖然環顧四周，我或許是店內年紀最長的食客，但那又如何？對於美食的熱愛與對青春的追憶，是永遠不分年齡的。 ​那一刻，喧囂的台北彷彿安靜了下來。眼前不再只是簡單的餐點，而是當年在香港旅遊時，穿梭在叮叮車與霓虹燈火間的畫面。歲月雖然流轉，但那份記憶裡的鮮甜與感動，卻在這一碗港味中重新鮮活了起來。 ​有時候，我們吃的不只是食物，而是一份情懷，和那個曾經在旅途中閃閃發光的自己。 #萬芳冰室 #港式茶餐廳 #南京東路美食 #車仔麵 #時光回憶 #香港記憶 #老靈魂的優雅,很香港的風味，有回到香港的感覺，喜歡😍。大推蘿蔔糕，要不是時間趕，會再點一份😘
ChIJh_KxcJKrQjQRFv_v-q2UyHs,那天和朋友隨性相約，沒想到在民生社區靜靜的小巷裡，遇見了一間讓人一吃就記住的暖心小店。店面不大，卻佈置得細緻有溫度，踏進去的那一刻，整個人都慢慢放鬆下來，是那種會讓人想好好坐著吃一頓飯的舒服空間 這次點了香烤雞腿奶油義大利麵🍝，從上桌的那一刻就能感受到店家的用心——擺盤乾淨俐落、肉質軟嫩皮酥脆的雞腿又帶香，每一口都很滿足。好吃到我不知不覺把整個盤子吃得乾乾淨淨，連一點都捨不得留下。套餐還貼心附上沙拉🥗和濃湯，以及店內飲料免費無限暢飲，份量與誠意都給得很足，價格卻依然很實在，真的會讓人默默加分 服務人員親切自然，不是制式的客氣，而是讓人感覺被好好對待的那種溫度。整體用餐下來，是一種很舒服、很被照顧到的滿足感 如果你也喜歡在城市裡尋找這種低調卻用心的好味道，這間真的很值得收入口袋名單。下次和朋友聚餐，我想，我還是會再走進這條小巷,自從只收現金後就很少再去了，只收現金真的有夠不方便，昨天特地帶住外地的家人去品嚐，結果一個女店員說沒有載具？我明明就記得以前常去的時候都有刷載具啊～後來看到電子發票都印出來了女店員才改口說他們掃描載具的鏡頭壞掉了，今天看了下評論才知道居然還有漏開發票的情況？這邊教大家若遇到不開發票或說沒載具的，直接google搜尋發票檢舉，進入稅務入口網的檢舉信箱填寫，或是打去所屬區域的國稅局找營業稅的承辦，以這家營業人為例，所屬松山國稅局，打去國稅局後報這家的地址或是統編問負責這家店的營業稅承辦是誰，檢舉後一定要拿立案編號，還有財政部部長信箱也可以檢舉，被檢舉的店家可能一開始只是勸導，再後來就可能面臨違規記點甚至罰鍰，所以遇到不開發票或明明使用電子發票卻說沒載具的店家一定檢舉！ 以前有陣子比較常來這吃，但後來漸漸發現餐飲品質似乎不穩定，套餐配菜是雷打不動的炸豆腐跟小黃瓜，炸豆腐有時剛炸好要等一下再入口就會很好吃，有時候送上來都有點冷掉了，還有沙爹雞昨晚去吃的時候有夠乾柴，以前明明是很好吃的，新品水煮牛只有其形完全不香辣，會想吃水煮牛就是嗜辣者才有興趣吧？結果只是外型像而已真的相當可惜，不過牛肉處理的挺軟嫩的很棒👍🏻冰淇淋布朗尼還是一如既往的好吃，雖然冰淇淋看起來沒有以前大顆了😂但布朗尼跟綠奶茶一樣從沒讓我失望過，可惜其他甜點就比較普通了，磅蛋糕也是不定期都有不一樣的口味，但美味程度也是不太穩定，有時好吃得令人愉悅，有時會讓人後悔幹嘛點？不知道是不是因為之前生意太好，所以店家態度就有點飄了？其實是真的覺得這家店挺可惜，難怪客人明顯比以前少了。 回覆店家：不懂的事情可以學，壞掉的設備可以修，自己的問題請自己解決，掃描載具的鏡頭壞掉了，可以在修好前先在櫃檯貼告示，而不是直接跟客人說沒有載具，發現客人不是不懂電子發票後才改口說鏡頭壞了，話說壞掉的東西一直放著不修也是很令人匪夷所思耶🫩這樣的行事作風還說提出問題就會解決，當天我也是直接了當的提出了問題你們也沒解決，現在這樣的回覆真是令人不敢恭維😓若真是月營業額不到二十萬的小店，就去申請免開發票，而不是剝奪客人使用載具的權利謝謝😌,如果主餐的調味可以再做調整，我會想再來，但綠咖喱真的很鹹，鹹到有苦味。 很棒的是，反應後又重新再做一盤給我們。 副食的沙拉跟小黃瓜做的很好，很新鮮。,20251004 幾乎是套餐 東西不難吃 只是看完菜單後看不出這家主要的料理是什麼（泰？西？台？） 松阪豬義大利麵的大辣夠辣、但很油，330元 盤很大 感觀就會覺得小貴。 雞翅跟6年前一樣好吃 桌距很近 其實不太適合交談。,點的兩樣餐點都好好吃🤤 已經想好下次來要吃什麼品項了～ 店內溫馨舒適 還有用心製作的飲料區可以無限暢飲 沒有服務費 CP 值很高 不過沒有開放訂位 用餐時段記得早點去候位 很熱門的！
ChIJhdUJQkWuQjQRBjl-hfM5hUo,午餐加泡湯方案 上道菜都有解說料理及吃法 時時刻刻都有感覺被服務的用心 ✅冷盤：新鮮文蛤 可以吃到烏魚子 發酵奇異果 蕃茄 的多層次口感 ✅湯：金湯雙鮮澄清湯 軟絲非常新鮮且有嚼勁 搭配清湯本身就很好喝了 如果再加上沙茶也別有一番風味 ✅主餐：西班牙伊比利黑豚戰斧 雖然說是戰斧 但沒有浮誇的大塊骨頭 都是已經切好的嫩嫩的肉 ✅甜點：新町焦糖布蕾 脆脆的餅乾 加上濃郁的布蕾 就是美味 ✅茶：唐寧蜜桃茶 完全不會有苦澀的味道 喝起來很順又溫暖,結論是沒能符合期待，不會再去。 《早餐》 熱菜裡的魚有點腥味口感也稍硬、雞肉也不好吃。 看menu點的主菜跟各式蛋品，就普通⋯ 而且不懂，怎麼點了一陣子才送來的餐點，主餐跟蛋都不能熱呼呼咧？不熱也沒關係，但是也要好吃嘛。 《溫泉》 偏普通，尤其SPA池很吵，馬達聲、水波聲已經很大，加上聊天的阿姨們，整間回音很大，躺在旁邊的躺椅上很受干擾。去洗一次150元的大眾池期待就不會這麼高了。,一泊二食專案的晚餐 唉 小小一杯康普茶 還不給續 麵包只有長棍可以續 另一種不行 主餐只有午仔魚 其他的還要加購升等 升等完就算了 壽星可以85折也沒講 服務那麼爛還多收服務費 鴨胸根本嚼不爛 像口香糖 生蠔味道好可怕 不是很新鮮 燉飯…你這份量是給人吃剩的啊？ 上主餐前才會添水 要渴死誰 當天超級空 加我們只有兩桌需要服務 到底在幹麻 一直在教新員工要做什麼做什麼 很大聲欸 當我們不存在？ 東西沒多好吃 服務也不周到 說好的生日特調 調去哪了 真搞笑,作為一個超級挑食的人，官網一泊二食的晚餐「純味套餐」真的非常好吃！每道的食材跟味道都很豐富，食材都很新鮮，尤其冷盤的胭脂蝦很甜，水果品質也都很好；下午茶的鬆餅也很好吃！主餐的五仔魚完全沒有刺；服務的小姐態度非常好，每道菜都認真的說明，整體非常推薦👍🏾,"114/12/24 來用早餐使用電子餐券，7:00-10:30每人650元，平日泡湯加100元，可以到12樓泡湯2小時，有附毛巾 假日加250元 五星級飯店的廚藝基本上都有一定的水準 有小卷粥，牛肉麵，咖哩雞，野菇飯，太陽蛋，荷包蛋可以無限續點，我吃一份就吃不下了 主餐薑汁豬肉還不錯，檸檬魚硬了一點，綠咖哩雞最好吃，香料味道濃郁 湯品，味增湯有小碎肉魚塊，但是沒有刺，好喝，好喝，而且不會很鹹，符合台灣人的口味 另外一個素的胡椒蔬菜湯，內有白蘿蔔，紅蘿蔔，好喝 生菜沙拉區，蔬菜豐富，新鮮，好吃， 堅果類有花生，核桃非常新鮮，還有起司粉，還有杏仁片新鮮，好吃 水果五種，香蕉，蘋果，葡萄柚，鳳梨，哈密瓜，非常豐富 還有優格，養樂多，茶凍 蒸的玉米超好吃的 服務人員非常積極收盤子，服務態度很好 飲料選擇豐富，紅茶，菊花茶，拿鐵，豆漿，果汁，康普茶都非常很好 整體來說,價格合理， 食材很好，精心挑選， 廚藝優良，不會太鹹，太甜，符合現代人健康概念， 評價99分再訪機率99%"
ChIJhdX4M6mpQjQRmAgMlFTjsow,交通：位於龍山寺捷運站步行五分鐘左右可抵達的廣州街夜市內。中午就有營業，有內用座位，也有騎樓擺放的座位。附近有機車停車位，不過要找一下，汽車只有龍山寺跟萬華行政中心地下停車場，車位很少，經常要大排長龍，此區還是騎機車或搭大眾交通工具比較方便。 環境與服務： 1.適逢馬年春節期間，餐廳類型的店家只有他有營業，所以就選擇他了。過年期間人潮眾多，無論外帶或是內用都要在同一個地方排隊，只是填寫的單子顏色不同，因為人太多了，可以先告知門口負責排座位的服務人員，告知是要內用，有空桌時服務人員會先告知桌號，然後就可以繼續排隊。服務流程基本上算是很有經驗、有條不紊，但因為騎樓跟街邊都有座位，難免還是會有後到或是不熟流程的客人以為有位子就可以先坐下。店家有發票載具，但不會主動詢問，消費者記得要先告知結帳人員，自己要刷載具唷！ 2.環境部分，因為在夜市，雖然有店內座位，但其實算半個路邊攤，環境真的不能太過要求，桌面至少會擦拭乾淨，地上不算太濕滑油膩，以過年人潮數來說，維持得還算不錯。 食物：整體來說我覺得他們家食物品質比我預期的好，焢肉肥肉偏多，吃起來有點油膩，因為焢的很軟爛，所以肥肉不彈牙吃起來有點噁心感，可是滷汁的調味是好吃的。燙青菜的肉燥跟肉燥飯的肉燥跟焢肉的滷汁吃起來也不一樣，不知道是否是台南口味，所以滷汁都有淡淡的甜味，但不會過於突出，所以整體吃起來是有變化、有甜有鹹挺步錯的。筍子部分滷的就沒有很出色，可能因為阿成鵝肉的滷桂竹筍真的太好吃了，所以在外面很少吃到和口味的滷竹筍，但這家也算是中規中矩。香菇雞湯的雞肉燉的非常軟，輕輕一剝就骨肉分離了，但一晚85元的雞湯是小碗的，而且只有一個小香菇、小棒腿，上桌時是有點失望的，而且雖然有熬到骨肉分離，但不知道為什麼湯的味道沒有很濃郁，感覺是因為肉跟香菇的比例太低，所以無論是雞肉味還是香菇味都沒有呈現在湯裡，雞湯算是當天最雷，自己在家熬可能都比他好喝。 結論：以後再來的機會應該是不大，但不是因為不好吃，而是因為這個區域我本來就很少來，如果喜歡逛夜市接地氣吃這種台式餐點的人，還是可以來試試看。,四方阿九滷肉飯 在台北廣州街一帶，提到平價庶民小吃，「四方阿九滷肉飯」是不少在地人從小吃到大的名字。這類老店往往沒有華麗裝潢，也少了社群行銷的包裝，但卻憑藉多年累積的口碑，在競爭激烈的城市裡站穩腳步。以下就從歷史氛圍、餐點表現、價格定位、服務品質與整體價值等面向，做一篇完整評比。 ⸻ 一、老店氛圍與時代記憶 走進店裡，映入眼簾的是傳統小吃店常見的鐵桌椅與牆上菜單，粉紅色點菜單、簡單直接的品項分類，充滿台味。沒有過度設計的空間，卻有一種讓人安心的熟悉感。這種「不變」其實正是老店的價值之一——對許多老顧客來說，吃的不只是味道，更是回憶。 然而，也正因為歲月痕跡明顯，環境若未持續更新，難免給年輕客群一種略顯老舊的印象。老店在「保留傳統」與「與時俱進」之間，如何拿捏，是關鍵課題。 ⸻ 二、主角：滷肉飯的靈魂表現 滷肉飯是招牌核心。滷汁色澤偏深，油亮而不死鹹，肥瘦比例適中，入口帶膠質感，香氣層次來自醬油與滷香的長時間熬煮。與近年流行的「膠質爆量型」滷肉飯相比，它更偏向傳統風味——穩定、厚實、不走極端。 米飯粒粒分明，若能保持剛起鍋時的濕潤度，整體表現相當不錯；但若遇到尖峰時段或保溫過久，口感略乾則會拉低分數。整體來說，屬於「每天都可以吃」型，而非追求爆炸性驚豔的類型。 ⸻ 三、配菜與湯品的完整度 從菜單來看，排骨、白菜滷、油豆腐、筍絲、青菜、三層肉、白豆腐等品項齊全，是典型台式便當結構。這種豐富度代表老店的實力——不只靠單品撐場。 排骨若現炸現上，外酥內嫩，油香與滷肉飯搭配層次加分；但若保溫時間過長，酥度下降，則僅剩基本水準。白菜滷與筍絲屬於安全牌，鹹香入味但不搶戲。油豆腐與滷蛋屬於經典配角，吸附滷汁後的鹹甜，是許多人心中「一定要加」的靈魂加分。 湯類如排骨酥湯、苦瓜排骨湯、香菇雞湯等，價格親民。排骨酥湯若湯頭清甜、不過油膩，就是水準之上；若油浮較厚，則顯得負擔感偏重。整體來說，湯品屬於「稱職型」，補足整餐完整度。 ⸻ 四、價格與CP值 從價位觀察，滷肉飯大碗約60元、小碗45元（依實際調整為準），在台北市區屬於合理範圍。配菜25～70元不等，湯品約55～85元，整體客單價控制在百元上下即可飽足。 在物價高漲年代，這樣的價格定位確實保有競爭力。老店最大的優勢往往不是便宜到誇張，而是「穩定」。穩定的味道、穩定的價格、穩定的份量——這對熟客而言，比花俏更重要。 ⸻ 五、服務與態度問題 不少老店常被詬病的是服務態度。傳統小吃店節奏快、人手有限，口氣直率是常態，但若讓客人感受到不耐煩或冷淡，就容易扣分。 服務其實是現代餐飲評價的重要指標。味道再好，若態度讓人感受不佳，回訪率就會下降。老店若能在保持效率之餘，多一分溫度，將會更具長期競爭力。 ⸻ 六、與新世代滷肉飯的比較 近年台北出現許多文青風滷肉飯店，裝潢精緻、擺盤講究、價格較高。與之相比，四方阿九走的是「傳統街邊實力派」。沒有網美打卡牆，但有老味道；沒有精緻小碗設計，但有扎實份量。 兩者客群不同。前者吸引嚐鮮與拍照族群，後者吸引生活型顧客與在地人。若以「日常耐吃度」評比，老店反而更具優勢。 ⸻ 七、整體優缺點整理 優點： 1. 滷肉飯味道穩定，傳統風味扎實。 2. 配菜選擇多，組合彈性高。 3. 價格合理，CP值中上。 4. 在地經營多年，有情感價值。 可改進處： 1. 環境可適度更新與提升清潔感。 2. 尖峰時段品質穩定度需加強。 3. 服務態度若更親切，整體評價會明顯提升。,控肉飯真是便宜又大份量👍 餛飩湯也好喝 苦瓜排骨湯就普普，肉有柴，苦瓜太軟沒有苦瓜味道。 滷豆腐不錯，燙青菜還可以。 要吃飽，這家是龍山寺附近不錯的平價選擇。,💖很大一盤份量十足😁～吃🉐很飽😋 💖古早味的台灣道地美食小吃～^_^～價格很親民👍實在足貼心💓 💖筍絲足好ㄐㄧㄚ😋排名第一☝️ 💖服務很好喔👍親切的笑容真好看👍 💖人氣很旺👍 💖下次還會再來吃吃😋 🐎年順心愉快來吃魯肉飯💓推薦吃魯肉便當～^_^～內用的一大盤～香噴噴的白米飯淋上🈵🈵的魯肉汁～筍絲白菜魯～油豆腐～魯蛋～澎湃一大盤～只要$90元💓實在太感動了～讓每一個來賓吃飽飽又開心💓決定要來吃每一客餐點😋～^_^～,原本要去小王煮瓜和阿義吃滷肉飯，週一沒開，只好選這家，還不錯吃，CP值高。白菜滷好吃。滷豆乾（三角豆乾包）好吃😋價格便宜CP值高。👍😊
ChIJhxfETbyuQjQRmD7M7JYcSXk,這麼優質的餐點不能只有我吃到😇 第一次吃到那麼油又那麼鹹的白醬 海鮮的蛤蜊很不新鮮 早餐店的義大利麵 價格非常「平易近人」（？） 請大家一定要來試試看☺️,剛剛買了德式香腸紅醬義大利麵給小孩吃 小孩非常喜歡💕 感謝前面的鹹水雞老闆介紹好店家給我 拿到麵要離開時店裡的小朋友還特別跟我說byebye實在太可愛了😍 是一家一定會再回購的義大利麵店～,餐點鹹到靠杯，鹽巴當起司粉在撒也沒水，店員就顧小孩聊天抽菸，不是會上菜就能開店欸,一間溫馨的小店。 牆壁看似可以隨意塗鴉，蠻有趣的 服務很好，價格便宜 義大利麵口味不錯，餐包好吃。 來兒童新樂園可以順道來吃吃。,
ChIJhxtvkqOrQjQRbbpjh4uldU8,忠孝東路 永春捷運站2號出口後 巷子 鬧中取靜 一樓是吧台區 我們到二樓 餐點選擇不多 點了 黑門市場丼 360 菲力炸牛排285 ⭐️ 松露炒野菇 120 明太子烏龍麵 249 普通 牛舌 419 ⭐️ 有⭐️的餐點味道算不錯 意外這麼多評價的店 整間店沒什麼客人 整體來說 餐點味道 服務 空間感 都不錯 部分餐點份量不大 但是看得出來在這精華地點 能夠有這價位已算實惠 若要說還可以改善的缺點即是 油煙味 另外就是 野菇用比醬油碟大一點的小盤裝滿滿 感覺很奇怪 在菜單上看不出來比例尺 上菜的時候容易讓客人覺得低於期待 建議換個盤子裝 或者小菜可以分大小份 讓客人知道他點的是小盤的即可 最大致命傷應該是看到食物份量會覺得低於期待,味道普通，明明是烤肉飯飯上卻幾乎沒有任何醬汁整體來說味道都偏淡，完全不符合我們對這類食物的期待。 性價比很差，份量非常非常少，五個食量普通的人均吃了500沒有一個人吃飽（不要說什麼可以加飯，東西味道都偏淡不下飯），點餐上餐就要十分鐘以上，但限時60分用餐時間，極度懷疑那些5分哪來的，選擇前請三思。,特意為牛尾湯前往 可是燉得太油了喝了很膩味 不是我喜愛的風格 一入座有醋飲跟蘋果開胃很暖心 丼飯飯量真的很少 不過服務人員會提醒可加飯 牛舌尚可 有些日式小點可以搭配用餐,🔎2024.07 CP 值普通 🌚不要點菲力炸牛丼，跟日本的炸牛排還差遠了... 😊火山月見丼還可以 😅其餘小菜普通沒啥印象可點可不點，店家因為打卡有送東西，所以評分可能會稍高些，但整體表現是還不錯,需加一成服務費，不過這樣的價位能吃到這樣品質的餐點很值得了！牛肉很嫩，蒜片酥脆不油不苦，還有附醋和水信玄餅！建議食量大的可以點加肉版本比較滿足❤️
ChIJiRDpRsurQjQRcHk6v2b4YPM,幫好朋友慶生 帥氣的主廚推薦我們的菜色，都讓我們好驚豔😊 食材新鮮擺盤又有品味 令人難忘的一餐。下次還會來訪🥰,意外發現的餐酒館，特別來慶生，主廚幫我們客製化菜單，餐點特好吃，主廚人超級好廚藝也非常棒，整家店氛圍很舒服，服務人員也很親切，絕對會在回訪的餐酒館！,餐點好吃！ 份量也非常足夠！ 今日的松露薯條、松阪豬、油蒜蝦 餐點都是新鮮的！ 調味也是主廚創新研發！ 是間值得來用餐的店！,常經過，真的常經過，巷子裡的一家小店，賣餐賣酒，「姑娘溫酒為君驚打冷」， 《南都夜曲》裏不是這樣唱的嗎？不要說你不知道南都夜曲，正港的台灣民謠，濃濃的日本味，從歌詞中可以得知喝的是清酒，清酒溫過比較好喝。喝過「獺祭」的人就會知道。 問了一下店家有沒有留過學，店家說沒有，我說店內的裝潢比較英國風，不像美國風。店家回答，台灣人自己想像出來的外國風格，一樣帶著漂流木狂想曲。 伽利略喔，皇后合唱團不正是這樣唱，所以女神卡卡（Lady GaGa）的藝名就是來自皇后合唱團的歌曲「Radio Ga Ga」，不過這家餐酒館裡一直播放國語歌曲，不搭調。文化是一種很細微的東西，不經意就觀察出來。 咖啡來了，媽媽咪亞，還真苦。開店是得要下足功夫的，內行看門道，牆外行人，不見牆裡美眉笑。買水果去了。,第一次來點了兩道料理。炭香牛肉義大利麵和帕馬森松露薯條。義大利麵的部分味道偏清淡一點，牛肉非常嫩，味道還不錯；薯條的部分味道可以，皮偏厚，會導致有點油，容易膩。服務態度非常好。店內氛圍還不錯，有小強先生爬在進門後的玻璃牆，可以稍微加強一下清潔，除此之外沒什麼問題
ChIJiU_ciEyrQjQRtt_BLln5Cdo,瓦城集團的連鎖餐廳，紅燒肉、菜脯蛋、口水雞、蛤蜊湯都不錯，符合期待，味道稍重，頗為下飯，但是餐後會有點口渴。,今天幫外甥女過她的生日宴。 感覺對這家店與服務小姐與小哥很不好意思，因為我們訂位時間本來就晚，幸好有他們不厭其煩的為我們服務，還幫我們拍照，感覺超窩心❤️❤️❤️（可惜我忘了詢問他們的名字，沒法在這邊感謝他們） 食物的部份，老皮嫩肉還是我們的最愛😍，其他的都算是中規中矩，可能從對岸回台灣幾年了所以口味沒吃那麼重了，整體而言還是很好吃的啦。 PS. 外甥女26歲，男友募集中，有興趣的請自行肉搜她的IG🤫🤫😂😂,不是我們不遵守用餐時間，是你們上菜太慢。有四樣菜催了二次才來，在你們提醒用餐時間已過的時候，我們還有二樣甜點沒上。,服務人員推薦的餐點都蠻好吃的，雲林花生口水雞即使是涼菜也很下飯，推薦的新飲品-草莓柚香氣泡飲好喝，不會過甜，但…冰塊有點偏多。 整體上店裡服務人員的服務主動積極，但不會感到制式，主管Kimmy EQ高，待客應對進退得宜且人也很親切，讓我們用餐感到很自在。,朋友說吃過桃園台中台北的時時香，目前沒有吃到一種菜色有雷的。時時香真的厲害
ChIJi_wfbTIAaDQRglsYk5vXA3k,貓空典雅舒適的中高價位餐廳。 假日一定要訂位。 我們家算是一個過年儀式 初三會來龍門客棧用餐。 菜單有單點和套餐 多人建議直接點套餐。 桌下都有籃子可以置物 我們家是點C餐 白斬閹雞普通 就是很一般的白斬雞 但調味料很讚 蔥鹽很讚 炒山豬肉 有加洋蔥下去炒 添香 偏鹹一點但能接受 下飯 茶香豆腐很推 豆腐嫩 用茶葉下去炒 會有淡淡茶香 好吃 桂竹筍 一般中上 香 但沒記憶點 可能我媽做的竹筍絲太好吃了 餐廳的很少做的比我媽好吃 炸地瓜 喜歡 外皮炸的酥酥酥 裡面餡甜但不膩 喜歡 夾了好幾塊 季節蔬菜是高麗菜 很鹹很油 不推 主食選茶油麵線 我個人是不喜歡苦茶的味道 覺得吃起來苦苦的 但我爸媽都蠻喜歡的 菜脯雞湯 死鹹 我們喝了一些後請店員加水 才比較好喝 菜脯會越來入味 也會鹹 見人見智 雖然鹹 但確實是熬過的雞湯味道 真材實料 烤雞 需提前預約 上來是一整隻雞 需要手動分割 不推 皮好吃 油光滿面 肉很柴跟好市多的口感差不多 不推不推 茶凍 茉莉花綠茶味道 生活泡沫綠茶的味道 香精味 一般 就是普遍的那種茶凍 用餐環境五顆星 餐廳的佈置氛圍都很好 靠窗桌天氣好能看茶山風景 店員外國人多 態度很好 隨時待命 辛苦了 廁所需走一小段樓梯 有免智馬桶 aesop 的洗手乳 飲水機 很可以 總結 餐點部分有點重口味有點鹹 感覺不到此價位 我們家五人一共4912 平均一人982但我覺得沒有982的價值 記得之前小時候來吃不會覺得很鹹 不知道是我口味有變還是餐廳有換廚師 其他部分 用餐環境用員工都很棒,桂竹筍還不錯吃～雞湯的雞肉太柴，湯還可以～小饅頭有茶香味，但口感不符我意～最喜歡就是這道清蒸臭豆腐，我很喜歡～～整體覺得CP值不高，可能是觀光區價格較高吧⋯⋯,10多年上貓空必去的愛店，氛圍不錯，菜雖縮小份量也還能接受，現在服務全部換成年輕人，有一半以上是東南亞外籍，但是服務算是不錯，年輕小老闆跩跩的完全沒有笑容…，帶出來的團隊也都沒有笑容，親切度非常不足，希望這點可以改進 今天點了蠻多菜，三杯中卷不及格，沒有以往的薑片和大蒜頭提味，中卷本身沒有鹹淡也沒有醬汁提味 鐵觀音茶蝦和茶香豆腐，幾乎吃不到茶香味，特別是豆腐，非常失望 椒鹽羊排獲得大夥一致讚揚，外酥內嫩，椒鹽入味芳香 控肉刈包也好吃，控肉鹹淡得宜入口即化，若能配酸菜就太完美了 鳳梨苦瓜雞可能放了太多鳳梨醬，鹹到無法入口，請服務人員在湯裡加了一壺白開水…. 希望年輕的小老闆親切些，有點笑容，服務態度好一些，雖然我們龍門客棧生意一直都很好，但貓空現在許多餐廳景觀和菜色也都不錯，評比之下還是有許多選擇,炒山豬肉好吃，份量也夠，刈包的肉煮得很軟爛，有茶葉一起煮，不會很鹹，肉也入口即化，刈包皮則是有混茶葉，但味道不是很明顯，茶葉炒飯炒得過濕，沒有茶葉香氣，很可惜，在貓空有吃過更粒粒分明的茶葉炒飯，冰淇淋還算大支。環境算是還不錯，不過我的座位不太能看到台北101。整體價位有點過高，而且有收一成服務費，不能刷卡，只收現金，有載具。附近假日停車不是很方便找車位要注意。,東西不錯吃，服務也很讚，適合聚餐的好地方～ 上菜速度有嚇到我，原本看店內已經很多組客人需要等一段時間，結果不到10分鐘就陸續上菜了。個人最喜歡龍門控肉+刈包，組合很新奇，可是控肉大部分都是肥肉，有點可惜（雖然吃起來不錯，但還是太少瘦肉），其他的表現就還OK。
ChIJj9j7W2WrQjQR_UgmSg_0jkw,2025.11.30 Lunch 環境是相當舒適的木質調風格🪵 我點了🍴#番茄酪梨開放三明治 +單點薯絲餅 🥗生菜的部分是高級嫩生菜 不苦澀✨ 酸麵包｜酪梨｜黃紅小番茄｜瑞可達起司｜羅勒 疊在一起吃很像Margherita🍕 但整體 更飽口 更輕盈 麵包邊韌的 雖然有點難切 但不影響口感 除了新鮮小蕃茄 醃製蕃茄的味道也很好 巴薩米克醋✨一直是我心頭好 加分加分💕 一開始是因為 水波蛋｜荷蘭醬 而點的 但兩位跟優格 只能屬於 入圍但沒得獎🤣 #薯絲餅 🥔第一次吃🤩高高的期待居然被接住 剛剛好的鹹味 更突顯了馬鈴薯的薯香💯 表皮的脆脆 冷掉後 也不油膩🤎 絕對是必需加點的選項👍🏻 #Guavacoffee 芭樂美式 杯緣的鹹梅子 很有趣 但辦桌芭樂汁的味道 太容易有在喝瓶罐飲料的平價感 抱歉了咖啡😅 用餐時限快到，才送上Affogato。服務生一直來提醒時限，讓人很趕的把冰淇淋吃完，最後的結束不是很溫暖🥶,靈魂伴侶大餐盤蠻划算的，東西很豐盛想吃的幾乎都有，那顆炸肉球蛋好吃，酸種配著酪梨跟燻鮭也不錯！ 開心拿鐵順口，但沒有什麼開心果味道，就是一層微鹹微甜的奶蓋，漂浮拿鐵比較不推薦，整體有點太稠，儘管已經吃掉大半個冰淇淋，最後冰塊太多也不會變稀，再加上稍微融化攪進去的霜淇淋，稠度太濃，能在多加一些牛奶應該會好一些。 軟趴趴布丁表現一般，不會過甜。 雖然出餐有點慢，但整體服務不錯。,寵物友善餐廳！可以看到好多可愛的狗勾 （看到的大部分是狗勾），謝謝鄰座願意讓我拍照，真的好可愛，吃早午餐可以看到可愛動物好療癒。 🪑環境跟桌距都很棒！很適合聚餐 週末人非常多～是一個大家會聊天的地方， 所以會稍微有一點吵雜，但聊天還是聽得到。 🍵低消是一杯飲品，果汁不錯😌 其他的咖啡中規中矩～ 義大利麵也蠻好吃的，最驚豔的是吐司， 烤的焦焦脆脆，聞得到奶油香，蛋沙拉可以平衡烤土司的乾澀。非常好吃。 😆漂亮的冰淇淋被我們吃的不太美觀 很上相，但我覺得淺嚐即可，對我來說屬於一次性打卡餐點。,環境不錯，但吐司那道甜點很普通，就是塗了草莓醬的吐司+霜淇淋，但價格卻不親民，其他餐點尚可，但沒有令人驚豔的特殊記憶點。,台北市大安區，捷運信義安和站附近寵物友善超有質感的早午餐咖啡館！ LOST and Found 從捷運信義安和站大約是2分鐘的路程，雖然距離不遠但是用餐時間店內幾乎是座無虛席，事先訂位對於用餐體驗是有幫助的 一進入店裡面給人輕鬆舒服的氛圍，而多樣的菜單更是令人每項都想來一份：沙拉、三明治、早午餐、厚奶油熱壓可頌、藜麥飯、蝴蝶麵、木盤、單點和各種飲料 火腿酪梨厚奶油熱壓可頌，一上桌到時候真的是視覺的饗宴，最映入眼簾的是兩顆水波蛋，然後是火腿、酪梨和熱壓可頌，旁邊還有季節蔬菜、沙拉和優格杯，整份餐點味道完全恰到剛好，吃起來也是有份量的！ 肯特炸雞，是份量不少的脆皮無骨雞腿肉，外皮酥脆，無骨雞腿肉多汁，直接吃或是沾著肯特醬吃真的都超好吃的 店內的低消是一份飲品，阿芙佳朵 Affogato 是Espresso上有著特殊造型的牛奶霜淇淋，可以說是LOST and Found 代表性飲品 想要吃早午餐的時候，來 LOST and Found 絕對沒錯！
ChIJjRzzCaipQjQRzNo88d0xnbo,晚上跟小妹約西門町拿東西 看時間才5:40左右 心血來潮轉來三味食堂用餐 體驗一下超大片鮭魚肚生魚片 難得今天現場沒有排隊到 但用餐人潮還是絡繹不絕 因網路握壽司🍣跟生魚片評價兩極 所以我們只點了鮭魚肚生魚片 入口的油脂跟魚肉口感還行 看起來長但是厚度一般般 半份300元3長條有點小貴 鮭魚炒飯看起來份量不多 鮭魚肉卻給的很大方 每一口都能吃到不會太鹹的鮭魚 飯炒得粒粒分明入口不油膩 意外好吃，值得推一個👍 花壽司個頭很大但是飯偏軟 跟一般市場上賣的味道差不多 烤物味道跟熟度掌握的不錯 雞肉串跟鯖魚都保有水分不會太乾 味噌湯現場可無限享用 蔥花很大方可以自己加 可惜湯不夠熱蔥花的辣味太重 ❌有點雷的品項是炒烏龍麵 除了醬汁調味不太搭之外 配料很少，麵條更是軟爛 ❌完全失去烏龍麵彈牙的Q度 #西門町老字號美食 #三味食堂 #台式日料,位於萬華的三角窗，觀光客很多。 點餐人員能用外語溝通，外籍客人居多。 排隊人潮誇張，開店前就已三十組以上。 環境稍擁擠，地板油膩，座位稍微擠 🍣 餐點特色 • 鮭魚肚生魚片：肥厚大片，視覺震撼。 • 鮭魚握壽司：魚肉大塊，但米飯硬又黏。 • 鮭魚滷肉飯：少見新穎，調味適中，份量大。 • 海膽手捲：表現普通。 • 蝦手捲：份量大，但味道一般。 • 炸雞：外皮酥脆，肉質卻無入味可惜。 • 鰻魚、鹹蝦酥、串燒：個人覺得偏鹹失去平衡。 💡 用餐體驗 壽司米飯品質不愛，口感個人覺得不喜歡。 僅有大片鮭魚肚片稍有亮點。 服務人員態度親切，但等待時間太長 👨‍👩‍👧 整體印象 價格偏高，等待時間過長。 食材表現普通，甚至有的個人覺得偏雷。 環境油膩，座位擁擠，體驗不佳。 只收現金，觀光客居多 ✨ 總結：三味食堂以「鮭魚大片」吸引排隊人潮，但壽司米飯硬梆梆、餐點過鹹或普通， 個人覺得整體性價比低。 雖然服務人員態度親切，但環境與餐點品質未見 改善。若只是路過且不用排隊，但不建議特地排隊 等候。 （補上個人之前用餐經驗及內容僅為個人觀點）,必點鮭魚生魚片和雞肉串！這兩個品項很好吃🥺 反而招牌壽司沒有那麼驚艷，壽司的飯太甜了吃不習慣，上面的魚好吃沒問題，但壽司飯會甜到不太舒服…手卷也不推…,份量足夠。 鮭魚生魚片很厚，吃起來很滿足。 鮭魚滷肉飯 很大碗，鮭魚量超多，快跟飯量一樣多 炸雞塊炸的很酥,這一顆星是給隔壁大哥的，因為很熱情服務周到（在飲料攤那間的） 生魚片一出來就知道不太妙了，這真的是有到280$的價位嗎？？？還是小份的，部位都是邊角的地方不會對不起客人嗎😅😅😅 再來是鮭魚握壽司跟綜合壽司（沒拍到），鮭魚毫無油質，壽司中規中矩 鰻魚飯一端出來是完全沒有切過的，要不是大哥立馬端走為我們做剪切的動作，不然會很容易吃到整根刺吧！ 揚出豆腐中規中矩 和風沙拉的和風醬真的是我第一次吃到那麼令人反胃的味道🤔還有不知道為何玉米吃起來跟想像中的玉米不一樣，很軟爛，可能早餐店的都比較好吃。 總之品質比爭鮮等等的連鎖店來說可能更差一點 不會再去吃了ㅠㅠ
ChIJjSj3KvarQjQRhQiXuwVdvwc,多年前有吃過，似乎改了裝潢跟菜單 料理都很不錯！推薦茄子、東坡肉、海鮮豆腐堡、花椒燒蛋，基本上點的的菜都好吃喔！ 只是包廂內覺得異味比較重，上菜後不知是桌子還是籃子有一個很重的異味,脆皮雞超好吃～推👍🏻 但素食套餐很不行，吃完很空虛沒有飽足感😞,3顆星（附上菜單） 服務上我覺得兩極化，一進門沒有人馬上接待，當天我們的包廂在2樓，接待人員叫我自己上樓（我第一次來哪裡知道樓梯在哪裡？），上了2樓服務人員也只是手一筆比，有那麼多包廂，我哪知道是哪一間… 不過有一說一，在用餐過程中上菜人員隨叫隨到，很認真幫我們服務！ 環境方面我真的覺得沒有很優，地板是木質的地板，走起來還有一點黏黏的，感覺沒有在打掃，走到牆壁還有蟑螂在爬，我覺得這是做餐飲業的一個大忌！ 餐點的部分我覺得雖然不差，但很普通，沒有什麼記憶點～ 東坡肉很軟嫩很下飯（不過好一點的餐廳要做的難吃也不容易吧） 脆皮雞聽說是招牌，不過我覺得肉質有點乾，有點失敗 其他菜也感覺沒有什麼特色，酒貴桑桑，比較不錯的地方是有幾個包廂可以唱歌！ 在價格上也沒有比較有優勢，不推薦！,先是名字吸引了我！心想怎麼會有餐廳叫這個名，日前到附近走走，「偷窺」了這家餐廳到底是什麼樣？再在Google上查看相關資訊，就下單訂席，感覺服務還不錯。 今實際入門品嚐，第一個問題是門打不開？敲不開？雖然看到右邊門旁的小石獅子，好像是個機關，只敢輕觸不敢用力，害怕把那石獅子弄壞了，結果用敲的內裡開了木門，卻說爲什麽不轉那獅子，有意思！等到客人陸續入座，每個客人都對這門的開法有意見，雖然是都進了門，但每個人都有疑惑 或意見，這就是問題了！何況，這是客人進門的第一步，「錢」進門要順暢才能興隆！ 這家餐廳的裝潢採傳統古典風格，看來是花了大錢，感覺還不錯，菜餚也都OK，不過烤鴨的薄餅似放久上桌，有些硬粘，且烤鴨肉與皮都溫度不夠，其他菜裡紅油皮蛋可口，脆皮雞、百花油條也都不錯，上桌菜的溫度稍弱。 服務人員態度都可以，幫忙點菜的小姐還幫忙控制菜量，而且態度很好很盡責。,位在繞河街尾八德立體停車場附近的青樓中餐館，在停車的時候很顯眼！ 中式古色古香的設計是青樓的特色，大門口需要轉開機關石獅子，門才會打開，非常有巧思又有趣！ 我們餐點 鎮江春醋排骨 雙味鴛鴦蝦球（金沙鹹蛋／芥末美奶滋） 川味麻辣皮蛋 宮保櫻花蝦高麗菜 林家祖傳原味香腸 飲料：仙女氣泡飲 季節甜品─烏龍桂花凍 青樓的主廚是澳門人，所以精通中川粵菜系，因此口味相當多完豐富！ 調酒： 龍飛鳳舞 梅蘭芳 自由新疆 薑軍 青樓冰茶 夕陽 青樓提供最道地的創意菜系，有私密包廂可以歡唱作樂，店內的服務員也很熱情活潑！就是希望來青樓客人都可以有如帝王般的享受，留下愉快的回憶！
ChIJjTMYlGerQjQRFFqF4P5iLfQ,🐟炙燒鮭魚明太子 $90 一口塞進去明太子的鮮味炸開 蠻爽的 🍱大脂海鮮珠寶盒 $780 我覺得鰹魚最好吃！！可惜沒有丹麥鰹魚系列 平常最喜鮭魚 但鮭魚有一種筋的感覺吃起來沒那麼爽 蟹鉗好吃！蟹味很讚！ 天使蝦很新鮮很好吃 烏賊（不確定 那個杯子）我平常沒什麼在吃 但這家的真的很好吃 其他東西像九孔鮑還好 🥗凱撒海鮮沙拉 $260 有好吃的炙燒天使蝦跟炙燒干貝 生菜跟醬也都好吃 🥔明太子洋芋 $200 明太子份量沒有到鋪滿或厚鋪 馬鈴薯很飽 還行 🦑鹽烤透抽 $380 烤過淋檸檬風味真的很好 但太有嚼勁嘴巴好酸 🥣鮮魚味噌湯 $30 可能🈶味素喝完很渴 🍮阿立布丁 $120 還不錯但8、90比較值得 💣轟炸可樂餅 贈 建議訂位 評論有很多沒訂位的苦主 環境漂亮氛圍很好 廁所也很乾淨 唯一雷點是 我豪邁的喝完一杯水 才發現杯緣有口紅印 蠻噁的🤮 換了同桌其他水杯 豪邁的再喝一杯水後 發現裡面有一些黑色顆粒懸浮物▪️ 跟服務員反應後才拿到（應該）乾淨的杯子 食物而言3.8🌟 考量到水杯3.3🌟,謝謝🤩 很幸運訂到位💘 上餐速度算快 海鮮盒子也才780 覺得超划算 價格合理 食材新鮮 松露茶碗真很香 霸特 吃起來就沒有松露味的感覺 鬼頭刀三明治🥪很厲害 看起來像炸雞 炸豬排 沒有魚刺 厲害，是他的醬香香辣辣地 一定要趁熱吃 午魚🐟肉質很嫩 但要小心細刺 吃到最後差點忘了我們還有一道甜點 一看就是手工做的 可惜的是～一吃好像帶有一點微微的椰子味，我不愛 值得一提的是這裡有賣貴婦蜂蜜檸檬氣泡飲很便宜才$90 我團購都不只這個錢了 當然有買過最便宜的時候，但是他這個開價實在是太划算👍 服務生只有兩位需要服務的時候就得等 以上僅供參考,喜歡吃生魚片的朋友在哪裡！ 這間超高CP值的日料店你們不能錯過😍 最低只要220元就能吃得到小資海鮮丼 😆🦐超推大脂海鮮珠寶盒 能同時吃得到10種生魚片 搭配醋飯更有飽足感💕 🦪不想吃飯的朋友可以選擇豪華海景刺身 用料都很實在 生魚片也很新鮮🤤 🍣綜合15貫直接滿足生魚片及炙燒握壽司 熟食推薦起士玉子燒、蒜香奶油蝦佐麵包🥖 最後的布丁也完全不輸甜點店 每一道都無雷 朋友家人都很喜歡推薦給你們👍,一開始鮭魚海膽飯上菜很快，另一個一貫一貫的套餐就等了超久，等到我的丼飯都吃完了才來⋯ 老實說價格偏高，飯量較少，鮮度普普通通，鮭魚卵偏硬，米飯偏軟爛濕黏 布丁比較屬於德式布丁，比較扎實，不會過於甜膩 整體餐廳環境很棒，乾淨明亮,菜色種類多元豐富，海鮮食材新鮮，酒類也好好喝，適合週末或者是下班後放鬆聚餐的好地方，有機會會再次回訪。
ChIJjTSZ0Z6vQjQRDNOAqXk7IB4,想嘗試馬來西亞餐點的可以試試看，口味蠻道地，風味也不錯，餐加飲料約350-400左右，價位有些偏高，跟印度菜的定價類似。有素食餐可選。低消是一杯飲料，不收服務費，支援手機付費及信用卡，有載具。平日午餐跟學生還有當月壽星有40元折扣，當日則半價優惠。 燈具很漂亮，燈光不刺眼。桌距比較近。先選坐位，填單櫃台點餐付款。我沒有看見洗手間，似乎也沒有提供水杯跟飲用水或香蘭葉水供自取。飲料除熱紅茶外大多無法選甜度，以台灣人的喜好來說都偏甜會想喝水。 我點的沙嗲雞跟咖喱牛調味都很不錯不會過鹹或太甜膩。雞肉不乾柴，不過其中有一個有骨頭。牛肉有咬感，其中有兩塊帶筋百嚼不爛，其他都還ok.炸的小魚干很酥脆不刮嘴，非常下飯好吃。蝦餅不油膩，椰漿飯也煮得不錯軟硬適中帶香氣。沾醬是甜味的辣椒醬，辣度不高，口味很東南亞風。 飲料附的桔子多汁美味，不過杯子破損還是要記得及時汰換。,如果想在台灣吃到真正的馬來西亞風味料理，池先生餐廳絕對是值得推薦的一家！🍛 一進門就能聞到濃濃的香料香氣，宛如走進吉隆坡的小食堂。 餐點的調味非常「道地」👍，像是叻沙湯頭香濃順口，椰香與香料融合得剛剛好，每一口都能喚起南洋的味覺記憶。海南雞飯的雞肉軟嫩多汁，搭配油飯粒粒分明，香氣十足，吃起來完全不像台式改良，而是真正保留了馬來西亞的原汁原味。🇲🇾 特別喜歡的是店家對香料比例的掌握，不會為了迎合本地口味而削弱味道，咖哩依舊帶著微辣與濃郁層次，連蝦醬空心菜都有在地的鹹香勁道，讓人一口接一口。🌶️🥬 整體來說，池先生餐廳不只是「異國料理餐廳」，更像是一趟南洋美食的旅行體驗。若你想在台灣感受馬來西亞的正宗風味，這裡絕對不會讓你失望！💯,炒粿條維持在當地檳城吃的一樣 鍋氣足 非常重要！好吃👍 河粉也喜歡！ 至於我最愛吃的叻沙，要看個人喜好，我偏好椰汁重一點的，所以也不錯吃，但我個人希望再濃郁些。 飲料推 👉白咖啡,炒麵有和蛋一起炒，很香好吃，還有附炸雞塊😊 蔥油餅有附三種不同口味的醬料搭配，餅皮帶有一點奶油的甜味，沾上微辣的咖哩很不錯吃，就是稍微油了一點！ 雞煲飯的飯是細細長長的米偏有咬勁，雞肉有嫩也有入味，整體來說好吃，偏重口味！😊 沒有收服務費👍,很不錯的地方，兒童座椅空間也不會影響到別桌。 餐點都不錯吃，最推經典早餐套餐。 去馬來西亞都沒吃到嘎牙吐司沾半生蛋的吃法，讓我非常的驚艷！
ChIJjVJZrvCrQjQRgVbFi8RKHlU,趁著政大寒假時間來吃吃看，不然平時都包圍著政大學生，要等一段時間才能內用。價格雖然看起來不算平價，但餐點上桌後發現份量其實是和價格成正比的，點了平常很少看到的蔥燒雞腿麵吃吃看，一隻雞腿和雞翅讓整晚麵看起來肉量很足。,賣相不錯，但就僅止於此了😅 整體價位偏高 半筋半肉牛肉麵全部味道都在表面 需要靠自行調味來矯正，讓它稍微能入口 咬牛筋像在嚼橡皮糖，牛肉硬梆梆 酸辣水餃吃起來很像大滷水餃 味道完全沒出來 小黃瓜完全沒醃入味就直接上菜了 一顆星給環境清潔度 一顆星給服務 最後一顆給食物,豬頭皮：乾、硬（我去加點香油改善了一點） 紅油抄手：像麻醬+辣椒醬！！創意味道 半筋半肉牛肉麵：湯》比較死鹹的，牛肉柴厲害、牛筋較硬 蔥燒雞⋯像紅燒魚的湯底加蔥燒爛雞腿跟翅 不可否認人員服務都不錯（除了收銀）,老闆親切熱情 用餐環境乾淨明亮 還有音樂播放 用餐時間不限 牛肉麵肉大塊軟嫩 內用可免費加湯加麵 小菜平價又美味,感覺口味比較淡，但是有蒜末、酸菜等調味料可以自己加。麵加大不用錢，有免費飲料，讚讚
ChIJjVvh6d2rQjQRUnfw6CCzkDo,第一次來酒吧叫那麼多吃的~~食物有水準。環境氣氛都不錯！下次要來試一下他們的調酒！,寵物友善超讚👍熊熊跟咪寶很常去玩🤭 餐點很好吃😋炸金莎花枝、香腸等等都好吃～ 適合朋友聚會～情侶約會🤭調酒🍹很厲害～店長人超nice👍❤️❤️❤️2樓包廂很舒服😌,搬到新的地點交通邊方便很多離科技大樓捷運站3分鐘～環境跟氣氛都提升。下班小酌的好地點。,餐點非常好吃 調酒可以客製化 2樓可以抽血茄 物美價廉 CP值非常高 大推,餐點好吃、調酒好喝，讓人放鬆的好地方～推推
ChIJjeYFGHSqQjQR2lF22e6zzLM,好久沒到御神了⋯⋯昨晚又讓我見識到國寶阿昌師名不虛傳、令人讚嘆的好手藝！ 鮑魚鮮果沙拉裏，用了好多時令的水果入菜，讓整道沙拉除了清爽之外，更增加了甜美的原素。主角鮑魚個頭好大，在阿昌師的巧手刀功之下，化身成一片片Q彈的鮮鮑片，佐上鮭魚卵，讓沙拉的鮮甜更進化升級⋯⋯ 海膽豆腐是第一次吃到的新菜⋯⋯選用大個頭的加拿大海膽，海膽下面鋪墊著海膽豆腐，讓不敢吃生食的人 ，都覺得怎麼會這麼好吃，這麼鮮甜 和牛是本日的重點⋯⋯香煎A 5和牛。好的A五和牛，不需要浮誇的調味，沾點玫瑰鹽或片鹽，就能吃出肉質的好壞與廚師的功力⋯⋯和牛本身油脂豐富，阿昌師特地煎成7分熟，再片成一口大小的稍厚薄片，保留了A五和牛的鮮嫩多汁，也因為煎成7分熟成功地去除了多餘的油脂，讓所有的賓客們嚐到和牛最完美的風味⋯⋯ 獅魚是日本人的最愛，魚下巴又是整條魚最好吃的地方⋯⋯碳烤後擠點檸檬汁，沾一點胡椒鹽⋯⋯整個就是美味 今日的時蔬是嚴選絲瓜和美人腿⋯⋯不多加任何調味，盡顯食材的新鮮與清甜 最後上了Q彈的讚岐烏龍胡麻麵⋯⋯真的很會調醬⋯⋯讓飽到不行的我，停不下來的把整碗麵吃光⋯⋯真是不知道怎麼可以這麼好吃耶 結論是阿昌師真的很厲害⋯⋯雖然並不便宜，但能吃到這樣的美食真的值得👍👍👍,"在木柵安靜的巷弄裡，有些驚喜感。外觀看起來蠻低調， 坐下來就能感覺到「這家是認真在做料理」的氣場。 料理長是在日料業界很有名氣的師傅，擁有非常紮實跟豐富的資歷，專注於懷石料理領域 是出版《阿昌師在地食材的創意日本料理》書的作者。也多次在電視熱門美食節目擔任來賓 許多評論和食記,形容阿昌師的廚藝水準極高，是五星級大廚。稱讚是文山區懷石料理的扛壩子 料理吃得出用心，不是走浮誇路線，是越吃越有記憶點，難怪會有老客戶不辭遠道而來。 整體環境用餐氛圍很放鬆，適合好好吃飯、好好聊天。鄰桌有黑色布簾可以擁有適度的隱私空間 服務很細緻周到，有街坊鄰居關懷互動的溫暖感受 如果喜歡日式料理，想找一間不吵雜、能靜靜享受料理的地方，御神烹值得來。 對了!御神烹是無菜單料理的私廚，要先來電預約~",文山區，能遇到這樣水準以上的日式料理實屬難得,定價上讓人有所期待，但在餐點上顯得中規中矩，味道上沒有特別出色的表現，與價格期待產生落差。 前菜點綜合生魚片，肉質上還不錯。 鮭魚烤飯糰屬於清淡口味，沒有特別的表現。 鰻魚飯，烤得不錯，魚肉有彈性、魚腹油脂不錯，可惜的是醬汁沒有層次，吃起來平淡無味與鰻魚搭配起來，吃到後段顯得油膩難受。 鹽烤靖魚，一樣烤得得不錯，魚肉有彈性的。 最好吃的是黃金泡菜。 服務上很周到細心。,
ChIJjfzEsLCrQjQRVcQNcIk94A8,今天帶著夫人來到 ATT 4 Fun 6 樓的饗食天堂（信義店）共進下午茶，整體感受只有兩個字：舒服。 一進門先看到甜點區，視覺直接被療癒；右手邊還有專為孩子打造的兒童專區，這點真的解決了許多爸媽想好好吃頓飯的痛點，對家庭客來說非常加分。 ⸻ 🍣 分區清楚，動線流暢 餐檯規劃很明確，中式、西式、日式各自獨立： • 日式料理分為烤物、炸物、現切生魚片、壽司、手捲 • 中式餐區還多了港式料理區（這點蠻特別） • 西式、冷盤沙拉區也都分得很清楚 動線安排不擁擠，即使人潮多，取餐時還算順暢。 ⸻ 🦐 海鮮、港點與特色餐點 我個人偏愛海鮮，白蝦新鮮度不錯、口感彈牙。 沙拉冷盤除了基本配料，還準備較高檔的起司與蜂蜜，讓沙拉多了一點層次感。 中式區還有牛肉與魚片可以自己用熱水燙熟，這點和一般 Buffet 比較不同。 港式料理區今天吃到辣燒賣、黑色燒賣都很有特色，鳳爪甜甜入味，也表現不錯。 日式生魚片補餐速度算快，在人潮多的情況下仍維持水準。 ⸻ 🍰 甜點與冰淇淋真的強 甜點區與冰淇淋區是我最印象深刻的部分。 • 冰淇淋使用 Häagen-Dazs 等品牌 • 還有現場製作的人形燒（原味奶油、珍珠奶茶口味） 蛋糕整體口感細緻，不會太甜膩。 咖啡豆品質也不錯，熱飲表現穩定。 酒水有雞尾酒、台灣啤酒，還能自己用現打果汁＋氣泡水調飲，這點和其他 Buffet 比較起來確實有差異。 ⸻ ⏰ 用餐時間與停車資訊 下午茶用餐時間兩小時，節奏剛剛好。 ATT 4 Fun 地下停車場可折抵： • 消費 $1000 折 1 小時 • 最高折抵 3 小時 三人用餐基本上可接近全免停車，對開車家庭很方便。 如果想喝酒，建議搭捷運；單純來吃美食，開車也算好停。 ⸻ 💛 服務細節讓人加分 今天看到一個細節讓我很有感。 雖然已超過 4:30 收餐時間，但因冰淇淋排隊人多，店家仍讓排隊客人取完冰淇淋、安心吃完再請大家離場。 這種彈性與體貼，是會讓人想再回訪的關鍵。 ⸻ 整體來說，環境舒適、分區清楚、甜點與冰品表現優秀、對親子家庭友善。 在人潮眾多的信義區，能有這樣的用餐品質與服務態度，我覺得值得推薦 👍 如果你想帶家人聚餐、約會或朋友聚會，這裡會是一個不失誤的選擇。,"自助百匯，以下屬個人意見，海鮮＆肉品、中西式麵點，品質皆有相當程度的水準，熟食餐點是個人喜歡的口味，牛排＆德國豬腳風味十足，現沖湯品海鮮＆牛肉，湯品口感香氣風味極好。 烤物＆炸物品質新鮮，口感適中，不會有太硬太焦的口感。 飲料＆茶飲 碳酸飲料品項衆多，哈根達斯冰淇淋品質固定。 甜點是個人喜愛的，但是品項＆風味個人覺得稍嫌一般，關係企業的吃到飽甜點品項更豐富，風味更佳。 洗手間整潔無異味。 服務人員親切，收取空盤速度即時，桌面尚可維持空間擺放新取餐食，就是結帳速度建議可以加快，已經吃飽想離開，仍未完成信用卡結帳，只好繼續閒聊等待。 多次到訪，整體而言，是個人喜歡的餐廳，也是可以放鬆心情享受美食的好場所。 The grilled and fried items are fresh and have a good texture, not too hard or burnt. The beverages and tea selection is extensive, and the Häagen-Dazs ice cream is consistently of good quality. The desserts are my personal favorite, but I found the selection and flavor somewhat average. The all-you-can-eat buffets offered by the company have a wider variety of desserts with better flavor. The restrooms are clean and odor-free. The staff are friendly and clear empty plates quickly. There's enough space on the tables to accommodate new food. However, I suggest speeding up the checkout process. I was already full and wanted to leave, but the credit card payment wasn't completed, so I had to continue chatting while waiting. I've visited several times. Overall, it's a restaurant I like and a good place to relax and enjoy a meal.",好久好久沒來響食天堂 曾經的大生蠔🦪已不在 不過有純鮭魚卵手捲很好👍🏿 炙燒的壽司🍣 鮭魚🍣是先炙燒再放進箱子保存 不是現場炙燒 味道與現用的不同，有點可惜 生牛肉🥩沖熱湯 很好喝 天使紅蝦🦐煎的很好吃😋 很好撥～很新鮮 炸蝦🍤 外皮軟不夠酥 甜點🍮 意外的還不錯👌🏿 焦糖布丁🍮好吃😋 提拉米蘇的奶油與蛋糕體 蛋糕體多了點 有個果凍很好吃😋 但不知道是什麼口味的 哈根冰淇淋🍦 有夏威夷果仁😍 巧克力🍫噴泉⛲️ 沒有凝固的冰塊🧊水 趕快杯子接～🥰,窮人去吃下午茶， 下午3:20了生魚片還是一直排滿的情況下，其他盤子也是十盤九空，空盤補餐也補不滿，只補非常少部分大概盤子的4分左右吧。我要強調工作人員其實看起來都沒有停，但收客量實在太大了感覺難以消化，轉了兩次回來都只拿空盤子回來（這情況不是只有我），動線已經不是順了還沒東西可拿。牛肉跟烤豬腳全部空了問的話還要等15分鐘，炒盤義大利麵說停止接單等消化完前面的單再接單大概也要等十幾分鐘，也怪我不想排很長的隊伍，在想提早離開附近隨便找間店吃還是玩手機等到4點再看一次。,如果上次給京站店評分5顆星，那信義店只能給3顆星。 1顆扣「春之東京雞尾酒」，真的太難喝了，京站的是好喝到一杯接一杯，但你們店的是死甜，檸檬的苦味也很明顯。其實一開始看顏色時我就覺得不太對勁，因為太濁了，一入口果然很不正常的濃⋯⋯ 另1顆是扣生魚片動線和冰淇淋，也許特殊節日本來就人多、也許真的是有些人不會挖冰淇淋，但等了超過十分鐘真的很讓人煩躁。 最後提幾個自己蠻喜歡的優點，第一個是生魚片品質，鮭魚旗魚花枝都很好吃（其他沒吃所以無法評斷）；第二個三點牛蟳（蟹）的蛋蠻多的，蝦也不錯；第三個是骰子牛比京站店好吃（京站好難嚼），然後湯品個人蠻喜歡百菇雞湯的。 這次用餐剛好身體微恙不能吃炸物、烤物，不過海鮮類吃下來也很滿足👍但滿足歸滿足，雞尾酒和冰淇淋真的太扣分了🙏 —— 突然想到一個很重要的點，氛圍上我比較喜歡信義店，比較有隱私感，這點也小加分（但也可能是因為這點所以取餐動線被壓榨到，幾乎什麼都要排）
ChIJk1fboZmpQjQR_sb0-SnNvrg,在台北市算是老餐廳，以前的陸軍聯誼活動廳，孫立人將軍的官邸目前餐廳除了合菜也有套餐。 本身餐廳內部也有大概20個左右的車位，用餐可以直接開進去停車，室內還有留下以前的孫立人將軍的個人資料，餐廳空間可以平常家庭聚餐或者是結婚宴客。 本次點了合菜，基本上沒有太大問題，招牌菜（東坡肉燒餅）真的不錯，尤其是燒餅乾吃還有奶香味，前菜冷盤滷牛肉也非常道地，最後甜點（蘋果豆沙包）外觀如同蘋果一樣內餡豆沙甜而不膩更是特別，其餘菜色部分算是普通。 桌邊外場服務人員，沒話說親切，隨時都會注意送餐時間及桌邊整理服務。 餐點（清蒸鮮魚）送上來，結果發現一整隻魚肉內部沒有蒸熟裡面完全沒有熟，跟小姐反應結果是今天料理的廚師是臨時過來幫忙的所以沒有注意到，對於一間老字號餐廳，這真的有點誇張，最後把魚拿回去回蒸，再回頭送上，另外補償兩道小盤的宮保雞丁跟蜜汁排骨。 不在乎有沒有補償但是發生這種情況，也未見餐廳主管過來說明，僅請服務小姐告知，只能說有即時發現，不然清蒸變成生魚片吃到拉肚子就好笑了。 建議日後各位上菜後還是再檢查一下吧！,過年初二來吃，菜品與平日不同，故僅作為過年菜色之參考。 整體來說唯一有亮點的就是官邸東坡肉，其他菜色都偏普通，其中海鮮不太及格，有一道菜全是冷凍蝦肉和蟹管肉和冷凍干貝，蒸魚的部分不能說不新鮮，但也不能說新鮮，用偏重的米酒醃過。 不過環境不錯，服務非常迅速態度也很好！ 雖然沒有平日來過，但看過一些網路評價以及朋友推薦，所以可能還是平日來吃比較適合,他們家的紹興東坡肉是過去將軍桌宴上的經典菜色，燉煮入味且軟而不膩的東坡肉是搭配燒餅一起夾著吃，香酥燒餅和軟嫩東坡肉一起吃真的Amazing! 大推👍👍👍其他菜色也很精緻好吃。,原來孩童時，眼中恐怖的大房子，憲兵站崗，深門緊閉，肅殺的陰暗的全部是樹林的大房子，幾十年後再次回到此，大門已開，晃然隔世，原來這裡是偉大的孫立人將軍的台北官底，後台灣稍微開放，才改為陸聯廳，這麼敞亮，這麼美，建議可以去參觀，看看孫立人將軍的故事，看看我們的過往，以史為鑒，餐食我沒吃，無法評論。,一代英雄將軍府，花木扶疏故情濃 孫立人將軍官邸（原名陸軍總司令官邸，今稱陸軍軍官俱樂部或孫立人將軍紀念館）位於台北市林森公園旁，是一棟具有歷史記憶與時代氛圍的紅磚洋樓。外觀沉穩典雅，庭院寬敞靜謐，彷彿能感受這位名將曾在此思考國事、沉澱心境的痕跡。官邸內展示孫立人生平事蹟與軍旅資料，從他在二戰中的卓越戰功，到戰後政治處境的起伏，都在這裡以影像、文物與文字呈現。走進其中，不只是參訪建築，更像一次親近歷史人物的旅程。 這棟官邸最大的特色是其歷史地位與建築的時代感，見證了台灣近代史上重要的軍事與政治事件。建築本身為日治時期高級官員宿舍，後為孫立人將軍擔任陸軍總司令時的居所。官邸保留了日式庭院、木造房舍的構造，並帶有優雅的西洋式外觀。內部空間現已活化為餐飲、展覽與藝文活動場所，遊客可以在此用餐（如知名餐廳「陸軍聯誼廳」）的同時，兼具文化教育與休憩功能，是台北少見能讓人靜心閱讀歷史故事的場所。
ChIJk7mhJNirQjQRukXA362LDGU,有達標準的貝里尼連鎖店 薯條很脆 義大利麵算還不錯但沒到超級美味 沒有胡椒鹽等配料在桌上可自己加 環境是好的 桌距夠大 靠西邊區域有窗戶可以看到外面 環境算明亮 不過坐滿的時候有點吵 然後之前有來點過平日的商業午餐 真的是覺得…一分錢一分貨 不要省這個錢 CITYLINK 商場特約的停車場就在這棟C棟的隔壁,一進來每一位服務人員的態度都很熱情，很有耐心，並且會再次提醒義大利麵口感味道是否符合自己喜歡的 他們人手比較少很忙碌但都會顧到在場的客人，以現在的餐廳服務業來說真的很難得！ 今日點青醬鮮蝦義大利麵，麵條硬度剛好，份量也很剛好，海鮮也新鮮。 店裡用餐環境很舒適不會有壓力，不會太過於吵雜 整體用餐很開心舒適！,避免我自己再吃到餐點，特地來留一星 都很不行，清炒義大利麵很難吃，炸花枝沒鹹味，飲料也不好喝 唯一可吃的只有泡芙蛋糕還不錯,窗邊座位可以看到101，餐點好吃，座位之間距離足夠不會太擁擠，可惜沒吃到提拉米蘇，其他口味蛋糕也不錯，奶油是清爽的口味不會太膩,"先說結論： #當月壽星贈甜點1份🍰 #最喜歡的是沙拉🥗披薩很普通 點餐時段：週六17：30（滿座率100%） 候位時間：0！（電話預約） 等餐時間：5分鐘 可支付方式：現金、信用卡、感應支付、掃碼支付 以下為此次點餐的品項及價格🔻 👉🏼雙人經典套餐 $1,350 🔺煙燻鮭魚鮮蔬和風沙拉 +$20👍🏼 份量很足夠，煙燻鮭魚還蠻大片的約7.8片，沙拉有生菜、堅果、葡萄乾、紫洋蔥、番茄、水煮蛋、小黃瓜，醬料給的剛剛好 🔺馬德里香料燉牛肚 香濃配著麵包不過鹹，很好吃感覺不單純是牛肚脆脆的口感，更像是牛肉的軟嫩，醬料會多於麵包 🔺羅勒青醬鮮蝦野比薩 以為在吃素，蝦子不多也不大隻沒有什麼味道，整體覺得是道奇怪的料理 🔺職人風奶油蛋黃培根👍🏼 奶香濃郁好吃，麵條軟硬適中，培根是長方體肉味足，可惜以兩人來說份量稍嫌不足 🔺冰焦糖瑪奇朵 +$30 🔺奇異果香蕉優格果昔 +$40👍🏼 濃郁好喝有飽足感 👉🏼雙人主菜套餐 $1,580 🔺煙燻鴨胸陳年黑醋沙拉 +$20 鴨胸軟嫩，醬料吃來沒負擔 🔺蒜香辣炒野菇時蔬鮮蝦 +$20 蝦子一樣非常小隻，根本稱不上鮮蝦，但其他的調味料理的很好 🔺蔥香蒜味淡菜蛤蜊麵 很怪的調味非常不好吃...而且蔥絲很乾又給太多，海鮮部分品質都不好，都很小顆尤其是蛤蜊還有破碎的殼，毫無口感而言❌ 🔺鮮酪梨熱熔起司漢堡排 酪梨搭配起司吃來苦苦的不知道是否正常，起司給的相當多，配麵包ok單吃就很鹹，漢堡排看起來小顆但吃來很有份量 🔺可爾必思 🔺熱帶鮮果冰紅茶 👉🏼香酥唐揚雞翅佐辣茄汁 $280 有雞翅也有棒棒腿，麵衣炸的酥脆肉保有肉汁不乾柴，佐醬塔塔醬我很喜歡 👉🏼蘋果泥蛋糕（當月壽星） 出示證件可獲得不指定甜點一份，就是個人小小顆的蛋糕。上層滑順的卡士達搭配微酸甜的蘋果泥，覺得相當好吃！ 可能是週六加上父親節將近，幸好有訂位 17：30門外已經排滿等待人潮👭👭 這次來是媽媽帶我吃生日餐🎉 服務跟上菜效率都還蠻不錯的 點餐採掃碼自助點餐，另加收10%服務費 中途都會來關心菜品口味是否習慣"
ChIJkSOTUfKrQjQRmr6m00-3INA,超喜歡的義大利麵店 剩這家分店了🥹 點了以下餐點： 🍝柚子胡椒蛤蜊麵 $278 👉🏻B套餐（附$208開胃菜＋$100飲品）$208 ✅海膽奶油海鮮歐姆蛋 +$30 ✅百年製茶日月紅茶 🍝鹽昆布蔬菜麵 $278 🍝松露半熟蛋蔬菜豆乳麵 $318 👉🏻A套餐（附$180甜點+$100飲品）$178 ✅北海道冰淇淋巴斯克蛋糕 +$10 ✅彩花蜜蜂蜜檸檬氣泡水 +$60 蛤蜊麵的柚子胡椒味道很濃我很愛😍 海膽奶油海鮮歐姆蛋超推薦 本來很擔心蛋會不會過熟蛋皮感很重 結果又軟又嫩裡面有起司 大家都說好吃‼️ 北海道冰淇淋巴斯克蛋糕是季節限定 蠻甜的 螞蟻人應該會喜歡 總之是會想再訪的餐廳🍴 想看更多美食分享歡迎到IG: yayosharon_food,蒜香醬燒沙朗牛麵的牛很嫩，味道很像銅盤烤肉的味道，好吃，麵雖然也不難吃，但味道有點奇妙。明太子起司炙烤山藥，起司烤的熱熱的也很難失敗。水果千層蛋糕 跟 咖啡拿鐵也都不錯。,非常好吃的 義大利麵～ 明太子的很特別， 青醬特別濃郁，布丁🍮 很綿，我們加了A套餐 可以多飲料+甜點 ～ 完美餐廳！ 建議要先訂位， 常客滿！ 蛋糕還可以外帶！,4.2顆星 豆腐麵非常好吃，醬汁也很濃厚，蝦子麵吃的比想像中的多和飽，不像照片中少少的樣子 推薦+A餐，非常划算，180甜點 + 100元飲料， 雖然飲料100元是真的沒什麼選擇，不過甜點就蠻多選擇 甜點好吃，奶油是好吃的，不喜歡奶油的都不會排斥，可惜葡萄不是北海道的高級麝香葡萄 店員會提醒用餐時間，算是蠻嚴格守時的店家，不太能久待聊天 沒有行動支付，只能使用現金或信用卡，會收10%服務費 Kouji 跟我在新瀉的咖啡廳吃到的味道差蠻多的，沒有吃出酒香，當地倒是很明顯，是比較可惜的一點，東西好吃，價位微高，有兒童專用椅 (需事先預約) 以上個人經驗分享，僅供大家參考,海鮮濃湯、鮮奶茶、歐姆蛋跟炸海鮮都超好吃😋 豆乳麵也是第一次吃很特別，下次想試看看甜點跟其他主餐
ChIJkwFdzqesQjQRKG_OT1ubKVg,座位很多但有點擠，各桌蠻近的。食物符合想像的味道。黑咖啡不太好喝很像不太貴的飯店的早餐自助餐自取的味道。,自從換成瓦城經營後各方面都下降了 1.排餐無法更換配菜內容，偏偏配菜都是我們不愛吃的 2.雞翅的西洋芹是冷凍過的，軟軟的咬下去裡面還是凍的。跟員工反應送回廚房時廚房人員臉很臭，送回來的西洋芹一樣是冷凍過的，只是比之前好一點點～ 3. 早餐荷包蛋點半熟的，來的是全熟的；以前薯餅很好吃，現在外層很硬咬不太動而且沒有馬鈴薯的香味；番茄泥是冰的(店長解釋：不冰會壞掉）；牛肉筋很多很硬，肉沒有牛肉該有的香氣，我個人是感覺反覆凍過的肉(店長解釋：早上才進的貨，肉剛好切到邊邊筋比較多的地方）。 4. 員工送上另一份早餐便離開，我們發現少了肉丸，反覆查了我們點的餐，找了店長問才知道是肉還沒熟，2分鐘後就補上，送餐點的員工太省話了，讓我們困惑了好一陣子。 店長換了人，態度很好（以前的也很好！），花了很多時間聽我們提出所有的意見，也去廚房了解並回覆給我們；雖然對他們而言合理的原因讓我們有很多疑惑，但看出他很努力了。 我認為問題是出在公司策略，不管是要控制預算還是簡化餐點變化，都忽略了最終送上桌的東西都不該扣分；樂子是10幾年的老店，有一批忠誠的顧客，口味跟品質一吃就知道；當顧客對你失望離開就不會再回來了，那就算省了預算又有什麼意義？ 平時週日1點多該是坐滿的狀態，今天看只坐了1/3是從來沒遇過的。 瓦城是不是該檢視一下自己的策略是否正確？,很適合跟朋友去聚餐的地方喝飲料吃美式跟西班牙的料理，最喜歡他們的醬料酸酸辣辣的超級無敵好吃的！飲料有酒精跟五酒精的都很好喝喔，尤其是他們的甜點超讚的啦,有早午餐的餐廳 餐點份量對大食量食客略顯不夠 擺盤 口味 料理到位 微底下麵包溫度不夠 服務人員很貼心讓獨坐的我在沙發區 可慢慢好好的用餐,"The carrot cake was too dry,and very artificial flavor,very disappointed.the chicken salad with extra avocado was a good choice. Service was friendly. *雞肉沙拉多加一份酪梨，非常美滿 *紅蘿蔔蛋糕實在太乾了，沒有該有的口感外，糖霜也太人工味了，讓繫繫念念要點這甜品的熱情全澆熄了... *服務人員的態度很友善~~"
ChIJkwSIgu2tQjQRI3PluwY2a1Q,20260204 接近11點在店外等待，大概快11:10才開門營業，需人員到齊才能入座。 上菜速度頗快，因為附近員工還沒休息，人潮大約11:30-40會湧現。 這次一共三人（2男1女）用餐，一共點了1炒飯、1大碗湯、40顆水餃和5道菜。以下為食後心得，純分享，僅供參考。 環境：有類似包廂的座位，蠻舒服。 廁所要去旁邊的大樓內側使用。 醬料要自取。 服務：店員會收空盤，不錯。 會提醒去裝醬料配小菜，棒棒。 似乎只收現金，沒特別問還有哪些方式。 菜餚： 山東燒雞（半隻）：調味不過甜，以鹹味為主，蠻耐吃的，推推。 （有香菜和小黃瓜🥒點綴，要小心） 四喜湯：料很足，俗又大碗，換作在別的餐廳，這一碗賣180-200差不多。 韭菜+高麗菜水餃：皮偏厚，我蠻喜歡，但友人不喜。餡料不算多，但大顆就是爽。 蝦仁烘🥚：不油，沒啥蛋香，份量一般。 糖醋里脊：調味不會過甜，皮微酥肉不多，是今天最愛的一道。 什錦炒飯：有粒粒分明，調味清淡，沒啥鑊氣。 醋溜高麗菜：酸味偏重，冷掉更重，很普通的一道。 滷味：甜不辣片頗厚，魚漿味重。 杏鮑菇，嗯，就這樣。 CP值極高的一間店，吃完這些飽到天靈蓋，晚餐也吃不下。 喔對了，醬料說辣椒很辣，其實一點也不辣🌶️。,推薦山東燒雞、嗆鍋麵、水餃、滷味。 山東燒雞酸酸鹹鹹，佐料有很多蒜泥、香菜、小黃瓜，爽口好吃，連湯汁都好喝。 嗆鍋麵的麵條Q彈、料多、湯美味，CP值高。 韭菜水餃的韭菜不會嗆，一咬下去有滿滿的肉汁流出來，也沒有肉腥味，連不愛吃韭菜的我，都覺得好吃。 滷味有入味，可以點一些。 至於蔥燒肉絲，頗鹹，需配白飯，無法單吃。,"慕名前來,果然名不虛傳 便宜Cp值很高！ 每道菜都是白飯殺手 第一次來的話星星菜單都可以點一下 但有些重樣性質的菜要看一下！ 無法定位，一定是要現場排，大約都會等30-1小時，要注意一下！",以前在 中央廣播電台地下室，算是員工餐廳，也對外開放。2020年10月搬到 內湖 瑞光路 現址，距離捷運站蠻遠的。以下是過去8年， 包含新/舊餐廳位置 的照片。餐點當中 水餃，山東燒雞，炸肥腸 比較有印象，其它也算一般。搬到內湖現址後，因為附近上班族多，居民多，等待入座時間更多。這家特點是相對便宜，C/P 值高。如果住在附近，可以常來試試。不過，如果只因為便宜，一家人專程跑來內用，等待 40~60分鐘，整個體驗如何每個人感受不同。四顆星是給 C/P值。,餐點美味： 85分 用餐環境： 85分 服務態度： 20分 心得：首先服務態度真的很不好！我到的時間約13:00，客滿需要候位沒有關係，櫃檯愛理不理的，ㄧ副感覺就不歡迎客人的態度擔心有客人延後他們下班時間似的，臉色有夠差，過了許久櫃檯才不耐煩的比了桌上的紙說要等一個小時，我說好：我要等，於我就站在那邊等了一會之後櫃檯才我說你確定要等嗎？我說對！櫃檯才說那我幫你登記一下。 其實在我進入餐廳到候位期陸續有許多客人用完餐離開，因為入口處有一面牆也看不到裡面的用餐環境，但應該有許多空位才是為什麼就不安排客人進去？心想這狀況哪需要等到一個小時，果然候位約10分鐘就有座位，進去一看果然裡面還很多空座位！ 進去之後填了菜單，原本菜單我有劃了一個蔥爆牛肉，後來不要用x把它劃掉了，拿去給服務人員時收單小姐很不客氣說，以後想好要什麼再填不要填了又塗掉，你這樣誰看得懂？ 我說：不好意思，服務人員還在那邊一直唸好幾次想好再填想好再填，心想在上面打x劃掉有那麼難看出來的？連這個都分辨不出這能力實在也是讓人⋯ 生意好卻不重視服務，真的讓人非常的失望！ 雖櫃檯及收單人員服務態度差，但是收拾餐桌的服務人員態度很好也十分客氣～ 餐點部份：蔥花烘蛋$100還不錯軟嫩順口好吃，豆腐湯$55 口味正常一般，什錦炒飯$100口味清淡沒加醬油炒，米飯偏濕、整體偏油，但是是好吃的。 只能用現金付款，我付款完櫃檯找完錢後跟我說聲謝謝後就沒動作了，我愣了一會詢問沒有發票嗎？她才說有，才開始打發票給我，此點我個人覺得很是蠻疑惑的。 整體而言，餐點部分還不錯，價錢也算便宜實在；但服務態度真真的讓人不敢恭維。
ChIJl7ziPQCvQjQRJyCcG50hMUo,看了網路評價，抱了很高的期待前往，老實說覺得有點失望，我們花了5個人的錢，卻吃得很辛苦😓 因為空間超擁擠，別人兩人桌都配一個小餐車放肉盤，我們5人桌，其中一人還被安排在桌邊，整桌只有一個餐車⋯肉盤菜盤只能放桌上，桌子偏小又多安插1人⋯⋯ 覺得這樣的消費金額應該要有舒適的用餐空間⋯⋯被列為嚐鮮的一次性店家～ 不過北投能有稍微高檔的用餐環境是好的，不用跑遠就近可以吃飯，壽星是我媽媽，她很滿意～ 前菜的口味都很特別很好吃，服務人員也非常客氣（但也確實無法即時收走用過的餐盤）～整體而言沒有網友評價那麼高，可能若是兩人來會更舒適吧！ 今天點了2份松阪豬、2份雪花豬、1分海鮮～結帳含服務費後是90XX元。,高檔的壽喜燒 在北投晶泉丰旅1樓 裝潢好看好拍 平日壽喜燒放題1080/位 假日1280/位 自助吧180/位 （以上價格皆不含服務費10%） 用餐時間90分鐘 推薦大家加購自助吧 選擇蠻多的 有和風前菜、沙拉、蔬菜吧、水果、甜點（哈根達斯冰淇淋）…等 飲料有咖啡機、也可以自己調（抹茶、櫻花口味的糖漿+氣泡水） 壽喜燒放題有提供三種肉可以無限續 （澳洲牛、美國牛、丹麥豬） 肉質都不錯 豬肉意外的好吃 一開始會有服務人員先幫忙熱鍋 後面就自己加醬汁/水 調整 但鍋子蠻小的 要煮4人份的肉跟菜有點忙哈哈哈 服務也不錯 補水什麼的都很即時 整體來說個人覺得算是對的起價格👏,在旅展買了湯屋+餐券，泡完湯來用餐。 三燔可以選壽喜鍋或是涮涮鍋，肉類是吃到飽的，可以加198享有沙拉吧，飲料，冰淇淋，還有豆花！！這個加價還蠻超值的！建議加198。,今次台北旅程最好吃的一餐，覺得值得推介： 1. 地點方便，非常之近㨗運新北投站 2. 食物新鮮美味，主菜配以沙律吧，沙律吧有蔬菜及水果、飲品及雪糕，是自助形式。火鍋有很多配料，牛肉及海鮮很美味，蝦非常大隻，雪糕是Haggen Dazs 3. 地方寛濶舒適，兩人給5位圓枱，只是覺得冷氣風口位，轉了去較細的二人枱半卡位，旁邊加上細枱放食物 4. 侍應懂得話廣東話，感覺非常之親切，細心講解，值得一讚 如果將來有機會，亦會再次光顧,雖然這次沒吃到牛肉有點小可惜，因為家人買的是檸檬鍋的餐券，只包含松阪豬和雞肉，但整體來說還是吃得很滿足。肉品是無限供應的，豬肉和雞肉的品質都不錯，想吃多少都沒問題。附餐也非常豐富，像是生菜沙拉的配料超多，愛吃健康的也很適合。甜點部分有豆花，還可以自己加紅豆、綠豆、仙草等多種配料，非常有誠意。飲品區有咖啡，冰淇淋也很好吃，吃下來真的超級飽。雖然主餐選擇有限，但整體服務和用餐環境都不錯，適合家庭聚餐或朋友聚會，下次想再試試看其他口味的鍋！ 檸檬鍋沒有壽喜燒鍋鹹，但是我不愛啦～因家人買我就來吃。但說實在環境真的很好空間很大沒有擁擠感，可以很優閒的吃飯很有氛圍，重點是乾淨，因為我們太會搞笑。笑還不能大聲，服務人員也非常有耐心親切，很照顧客人的情緒跟會觀察客人的需要。
ChIJl92ABjKrQjQRUGV4VQcIRaQ,和朋友來這邊幫壽星慶生，不得不說服務生的態度非常親切，從進門帶位到點餐過程都讓人覺得很放鬆。除了餐點介紹得很詳細之外，會依照我們的口味偏好推薦菜色，對菜單也相當熟悉，讓第一次來用餐的我們很好上手。整體用餐節奏拿捏得很好，不會一直打擾，但需要時又隨傳隨到，是一次非常開心的用餐體驗。 用餐過程中，服務生也多次主動幫我們拍照，還會幫忙調整角度與構圖，確保每個人都入鏡好看，對於來慶生的我們來說是很加分的小細節。店內氣氛也很適合聊天與聚會，背景音樂音量剛好，不會吵到彼此說話。和朋友都很喜歡這裡的環境和服務，整體感受非常愉快。 如果之後朋友有生日或想找地方小聚，會很樂意再訪這間店。也會願意推薦給正在找慶生餐廳或朋友聚餐地點的人，這裡很適合想輕鬆聊天、重視服務氛圍的客人。,餐廳蠻大，磚紅色洞穴似的裝潢氛圍蠻好，隔壁桌似乎是拍照指定區，時刻不停的有人被服務生引導過來拍照。 外場人力看來還算充足，結果是用掃條碼的方式點餐，有些可惜。餐點普遍差強人意，想法和執行都不大行，再考慮到價格就更難接受了 貴妃烏龍萬壽菊青森蘋果 直白的蘋果汁感，烏龍的茶感和萬壽菊的香氣都蠻微弱 無花果生火腿法式刺蔥沙拉 菜名上沒出現的桂花釀香氣壓倒一切，高甜度也讓整道菜顯得古怪，刺蔥、起司、生火腿的風味都找不到 參巴醬碳烤鮮蝦脆餅 醬汁的鮮辣味不錯，蝦有甜但蠻小隻且有些過熟 雞翅 和某黑白大廚聯名菜，忘記菜名了😂基本上就是龍鳳腿，不過外皮不脆，裡頭的拌飯濕軟、雞肉過熟也沒吃到雞肉香氣，芝麻起司醬搭起來顯得膩口 炸干貝佐生火腿 干貝過熟，沒嚐到火腿味，芒果塔塔醬還行，但對干貝而言有些太重 黑松露油封鴨腿燉飯 很大一份，松露味不錯，燉飯沒什麼米心口感，到後面有點膩；鴨腿有軟，但也是有些過熟顯乾 麻奶醬伊比利豬義大利麵 一樣很大份，豬肉蠻有嚼勁，沒什麼果實香；醬汁是蠻中式的堅果辣醬感，麵條口感倒是不錯 焙茶焦糖磚型布丁 布丁口感偏硬像是菜燕似的口感，且無蛋香；焙茶醬質地黏稠很難均勻讓布丁沾到，茶香倒蠻足,今天是來幫朋友慶生 先說，餐點非常好吃，尤其蝦醬燉飯很濃郁！參巴醬烤餅也很獨特（有種回到泰國的那種風味）尤其是Gill 的桌邊服務也很周到體貼，吃下來非常開心，謝謝！,提前慶祝情人節，女友之前來過，蠻喜歡所以帶我一起二訪 1.湯品：黃澄澄不是南瓜湯，而是玉米湯，不像常見的玉米濃湯是奶油厚重感，它相對保留了玉米的甜度跟天然，蠻喜歡的，記得別急著攪拌，先嚐幾口原味的湯，感受一下。 2.麵包：給的份量還不少，口感是調整過的歐式麵包，嚼感沒那麼重，濕潤度比較夠，外皮不會有刮嘴的感覺，放了少許柚子丁，微甜又帶一股柚子的清香。 3.主廚單品之一南洋醬鮮蝦脆餅：小小一份但口感很豐富，微微的辣，帶出食材的原味，這給我一大盤當下酒菜之類的很可以啊。 4.主廚單品之二炸干貝火腿佐芒果塔塔醬：炸蚵仔的概念，裹著薄粉去炸，能夠最大程度保有干貝的原味，海鮮類食物跟酸甜的醬汁很搭，它採用芒果塔塔醬，不會像檸檬汁那麼強烈的酸，舒服很多。 5.主廚單品之三Noir Surprise：Noir是法文的黑色，墨魚汁麵糊+蝦醬+茄子去炸，沾醬是這道菜的靈魂，鹹香微辣，蠻有層次的味道。 6.飲料：芒果冰沙+火龍果汁很適合拍照；這杯茶飲如果出手搖，我應該可以天天喝，嵩的套餐用心處在這些湯品、麵包、飲料看得出來，不是讓你紅茶、咖啡二選一，加價升級。 7.主食之一黑松露油封鴨腿麵：同款燉飯是500盤之一，女友上次來是吃燉飯，我們想嚐試改點義大利麵，油封鴨腿有表現出油封料理法的特色，既要酥香又要軟嫩，店家附了把餐刀，但基本上不需要，內裡肉質軟嫩到能用叉子輕易撥開，很多松露醬為了強調松露風味，搞得存在感太強烈，這道松露醬的處理協調不「霸道」，我很喜歡。 8.主食之二法式蝦醬伊比利豬燉飯：女友上次吃的是麻奶醬，她說是帶點麻辣的概念，換口味試法式蝦醬，整體感覺比較像是用蝦肉取代碎豬肉的紅醬，女友說喜歡麻奶醬多一點，我個人覺得豬肉片的太薄沒有口感，然後米心可以硬一點。 9.飯後甜點：焦糖布丁的蛋香跟糖香都表現的很好，焙茶醬單獨附，我加了點在茶匙上搭布丁，覺得沒有必要就沒再加醬直接吃原味布丁。 10.最後有附一小球檸檬冰沙之類的東西清口腔，算是小貼心。 需要改進之處，我覺得是餐點上太快，主食之前湯品、麵包、三樣前菜無間隔出餐，加上我們飲料先上，整個桌面非常「熱鬧」，建議等客人用完麵包跟湯再上前菜，如果是用正餐，不是喝酒的情況，三樣前菜也不要一股腦送上來。 店內裝潢一半是橘牆+紅桌，氛圍不錯，但拍照色溫會偏黃。,很適合慶生或是約會的地方✨ 若有當月壽星會送提拉米蘇跟一張照片，從一開始入座服務員很專業的介紹菜單！再來就是掃碼點餐，每一位都可以看菜單（掃碼的菜單可以看圖片）但是一桌只需要一位負責點餐。 這裏的出餐速度很快，吃下來最讓人驚豔的是油封鴨腿松露燉飯，松露的香氣非常濃郁，這一道是500盤推薦的👍🏽喜歡松露的一定要點來吃看看。 點到的開胃菜也都很好吃，味道都非常夠，擺盤也很美！ 調酒味道也很不錯，如果不想喝有酒精也有無酒精飲料可以選～ 整體而言這裡是個很適合聚餐或是特別日子來！氣氛跟食物還有服務都很棒！ ⚠️禁止外食（生日蛋糕例外） 每人低消 $500 用餐時間限2小時～
ChIJlVNfWeqrQjQRqO4OMZ0keZ4,主廚推薦套餐$658，湯+羽樂小點+主餐+甜點+飲料 每個人都有一個餐前麵包，可以續，餐前麵包有人說是本餐廳最好吃的，確實是蠻好吃的，中間有抹一個甜甜的醬 主廚精選濃湯-有點像是Costco馬鈴薯濃湯的味道，裡面沒有料，喝多了有點小膩 西班牙油蒜風味蝦-4隻蝦，大蒜調味，還不錯吃 東方老酒海鮮麵-海鮮蠻多，三隻蝦，三個蛤蠣，一隻小卷，幾個青花菜，缺點是酒味非常重，重到麵吃起來是苦的，難以下嚥。個人覺得最後悔的餐點 布朗尼-布朗尼裡有核桃，3小球草莓冰淇淋 泰式奶蓋-少冰，沒有調甜度，不會太甜 服務員服務都非常好，餐點相比起來個人覺得普通，可能是太有創意了 服務員會免費幫忙拍一張照片，洗出來送給你 低消$300 價格要再加10%服務費 QR code線上點餐,連續幾年都來羽樂慶生 每次來都很喜歡這邊的服務和食物 老闆的理念很棒 都有很正確的傳達到我們身上～ 今年一月來訪 點了平常比較少吃的食物試試看 當日客人很多 對餐點有些疑問 沒有當下提出 之後 有在線上提出問題 老闆的處理方式 非常的用心和認真 很感謝你們重視我們兩個 小小客人的意見和想法 謝謝～,服務真的超級好，每個員工都很親切也很用心。 環境也很乾淨，給人就是很舒適的感覺～ 飲料跟甜點有點太甜之外，不過其他還是很優秀的👍🏻,我們吃下來人均大概600元 義大利麵、燉飯都還蠻好吃的 而且壽星還有很浮誇的蛋糕盤幫你慶生 也會幫你拍照留念 服務很好！！ 完全不像這個價格的服務💕,今天來慶生，東西一樣好好吃，服務一樣好貼心。生日蛋糕現在下面有會唱歌的旋轉木馬轉盤～今天天氣很冷，要離開的時候服務人員好貼心的給我們一人一個暖暖包～心好暖啊～ 讓人暖心的，是總超出人們預期的貼心～ 東西好吃是基本，真正讓我愛上的，是這裡的服務與氛圍～
ChIJlxJ_aYWrQjQREGdqLotZiBo,1️⃣ 飯糰（飯丸）口感很好 很多評論會提到： • 米飯粒粒分明、溫熱但不黏 • 海苔香氣明顯 • 整體口感像 「日式飯糰＋漢堡」的結合 常見評論類型： 「米飯口感很好，不會過軟，配海苔很香。」 「比想像中好吃，像飯糰版漢堡。」 ⸻ 2️⃣ 配料很厚實、層次感好 你照片裡也看得出來，很多人都提到： • 玉子燒厚 • 肉或炸物份量足 • 吃起來有層次 常見評論： 「玉子燒很厚很嫩。」 「料很多，一個其實蠻有飽足感。」 ⸻ 3️⃣ 明太子系列很受歡迎 你點的 明太子算熱門口味之一。 網友常說： • 明太子 鹹香剛好 • 有點微炙燒味道 • 不會過膩 常見評論： 「明太子炙燒味很香，配飯很搭。」 「明太子不會太鹹，比例抓得很好。」 ⸻ 4️⃣ 日式炸雞口味不錯 你點的另一個也是熱門。 評論常提： • 外皮酥脆 • 雞肉多汁 • 不會太油 常見評論： 「炸雞很好吃，外酥內嫩。」 「炸雞配飯糰很搭。」 ⸻ 5️⃣ 套餐 CP值不錯 很多人點 套餐（飲料＋薯條）。,店內環境乾淨明亮、價位也很合理。孩子很喜歡蝦蝦飯跟炸雞，下次有機會會再來品嚐！,整體外觀很好吃～吃起來也很讚😎蒜味蝦蝦飯蒜味蠻濃的😍,已經來了第二次，環境很舒服 東西很好吃，勵志每個口味都吃一次！,餐點好吃！ 現在還有打卡送炸蝦或升級飲料～
ChIJly19jbyrQjQRBN17akR0XKo,這間店的裝潢與氛圍非常有西式餐酒館的精緻感，但內核卻藏著令人驚艷的中式靈魂。 特別推薦這裡的雞湯，湯頭濃郁順口，喝得出慢火熬煮的厚度。強烈建議一定要「加大蛤蠣」，鮮味瞬間提升好幾個層次，是那種會讓人想一喝再喝的鮮甜感。 除此之外，這裡的其他中式料理也很有趣，帶著點西式料理的手法與擺盤，卻完美保留了食材本身的風味。這種「中餐西作」的嘗試讓每一道菜的味道都變得更有層次且耐人尋味。 對於喜歡在現代感空間享用道地卻又不失新意料理的朋友，這裡是個很選擇。,餐點給五星水準之上，雞湯、冰釀紅燒肉、干貝蠔雞飯必點！！雞湯香醇濃郁黏口、雞肉軟嫩入口即化，但與雞窩相比味道大不相同 皆可嘗試，酥皮半鴨尚可 個人覺得偏乾沒特色，另外推薦奶茶 像似鐵觀音拿鐵 濃郁好喝。 建議貴司 晚餐時段餐廳人員約有6人，全部都在吧台忙碌，可安排較為熱情有服務熱忱的員工站外場，對於第一次來用餐的客人可以介紹環境及餐點，用餐期間也不會主動加水，想選現場蛋糕慶生也只有單一香蕉派 無其他選擇而作罷，但用餐一半有詢問雞湯是否加熱 這點我覺得很貼心，餐廳前身是餐酒館 也建議用餐時段播放的音樂可以選擇一下，餐點好吃！環境乾淨寬敞，但服務若提升會為貴司再加分喔！,這家在台北市是除了驥園跟雞窩之外第三間覺得好喝的濃郁雞湯，雞湯裡頭的內容物大同小異，各自有各自的手路功力 今天推薦三樣菜： 冰釀燒肉：第一口吃下去很像在吃東坡肉入口即化，甜鹹適中不死鹹肥瘦比例均勻，但偏瘦肉有些部分很柴 酥皮片鴨：就是在吃香酥鴨的概念，但是能做到外酥肉質軟嫩程度不容易，搭配上自己調出的醬汁果然是厲害 OX醬炒小卷：先炸後炒的小卷不會硬掉，炒的還算入味 今天的點的月見蠔雞飯讓我很喜歡，淋上醬汁鋪上干貝絲與生食級月見真的很好吃。 用餐環境悠閒適合情侶、家庭、好友聚餐哥推薦給大家,"這是一家裝潢很有 Bistro 氛圍，但菜色卻充滿驚喜中式靈魂的餐廳。點餐時非常有意思，我們點了雞湯、豬蹄筋、豬腳和肥腸，味道都非常有水準，尤其是蹄筋處理得極其軟Ｑ入味，鹹鮮感很適合配點小酒。 不過，強烈建議大家點餐前要看評論裡的圖片！因為菜色份量落差有點大，像牛蹄筋和豬腳份量很足，但所謂 3-4 人份的海鮮拼盤，上來卻只有幾隻蝦，這份量大約只夠一兩個人分食。酒類的表現也很出色，很有自己的特色。整體來說是一家適合聚餐的好店，只要注意份量選擇，用餐體驗會非常愉快，值得推薦！ Goodies Cuisine (好米亞) is a unique spot in Da'an District. While the decor screams ""Western Bistro,"" the menu is surprisingly filled with high-quality Chinese-style stir-fries. We tried the chicken soup, pig tendons, pork knuckles, and intestines. The flavors were spot on—especially the pig tendons, which were braised to perfection with a rich, chewy texture. A major tip: Check the photos in the reviews before ordering! The portions vary significantly between dishes. For instance, the pork knuckles were generous, but the ""Seafood Platter"" (meant for 3-4 people) only came with about 3-4 shrimp, which is realistically a portion for one or two. The alcohol selection is also quite distinctive and well-crafted. Overall, it's a great place for a group gathering, provided you know which dishes offer the best value.",推薦三道菜： 冰釀紅燒肉 - 入口即化，口味偏甜香氣濃郁，是最喜歡的一道菜 酥皮半鴨 - 除了酥皮之外，入口軟嫩多汁，大概是近期吃到最喜歡的鴨肉料理 主菜是雞湯 - 濃郁帶有膠質感的雞湯搭配鮮甜的筍子，喝下去讓人超滿足，推薦加點鮮蝦餛飩，介於蝦滑和丸子之間的餛飩，鮮蝦的口感Q彈 餐廳的菜色非常多元，中餐和西餐的菜色都可以吃到，整體用餐環境氣氛輕鬆愉快，特別一提，有發現餐廳天花板鋪了一些吸音棉，雖然當日用餐人不多，但是可以觀察出餐廳的用心。 座位和餐盤份量推薦3-6人左右，人少不點雞湯只點菜也是十分推薦的，整體口味偏重，但很過癮，另外有簡單的調酒和飲品可以選擇，推薦給大家！
ChIJm-QuVXCpQjQR-3ze0o0Fivw,一般食物普通，沒什麼驚艷點。扣分的是生蠔，6顆900元，上桌時一顆直接滑出來，先生用手接住，不然就直接落地了，店家當作啥事也沒有，拿了紙巾濕紙巾過來，好吧，我們真的自認倒楣就吃了，結果另外有一顆入口又有怪味，真是夠了...價格偏高，用餐體驗不佳、不符預期。,來登飯店後方巷子真是臥虎藏龍 走進去像是穿越到另一個味蕾的平行時空 這裡不只有必比登推薦的蔬食餐廳 還有一家風格迴異的紐奧良美式廚房 彷彿一秒把你從東方的巷弄 送到爵士樂與熱辣香料交織的美國南方 第一道端上來的是焦黑魚 魚香如夜海深沉 魚肉浸泡 cajun spices Q彈帶著微微炭香 像海浪打在舌尖上 第二道是楓糖鬆餅炸雞 金黃外皮酥到輕咬 就會掉下小片 香脆楓糖的甜與炸雞的鹹 在口中跳著熱情探戈 中場蒜味番茄登場 濃郁蒜香中和炸物的油膩感 最後甜點是貝涅餅beignets 炸到蓬鬆的方形甜甜圈 撒滿糖粉 咬下一口像冬天的雪花瞬間融化嘴角 這一餐像是一趟跨越國界的味蕾旅行 原來在繁忙城市的縫隙間 隨時都可能藏著一場美味的冒險,炸雞鬆餅，淋醬是焦糖花生，很甜。炸雞皮很厚，太油 炸魚薯條，炸魚的裹粉很厚，所以也很油。薯條帶皮好吃 勒眼牛排，肥肉太多，1/4都是肥肉，無法入口 貝涅甜點，感覺是美式雙胞胎口感，沒有很愛 檸檬冰沙，很道地，酸度夠 服務人員很積極，開放式廚房油煙味太重 整體沒有很愛，可能點到太油膩的東西，外加油煙味真的是重中之重，無法再訪 生意很好，建議預約，喜歡高熱量的可以前往,直接給五顆星的好餐廳 普通東西吃得出廚師的不普通 價格稍高點，但廚房端出的菜很值得 薯條是細嫩馬鈴薯炸出的，外酥內鬆軟 牛肉三明治味道好，麵包也好吃 雞肉白醬寬義麵，不鹹，但很有味道 餐廳有些做公益的獎狀,店內的葷食餐點都表現的不錯，氣氛好，店員服務也很好👌 扣掉的星是「素食」部分 由於同行者吃素，點了菜單上有標註素食的餐點，主食部分有野菇燉飯、瑪格麗特烤餅。小食的部分有炸薯條、炸起司條、蒜烤番茄 或許是對素食不夠了解，以下 1.炸物是跟肉一起炸的 2.瑪格麗特標註蛋奶素，但披薩上參雜雞肉？？（店家表示應該是不小心掉進去的） 3.蒜烤番茄可以標注五辛素 1跟3是對素食的不了解，可以接受 但2就太誇張了 雖然餐廳本身很明顯不是素食友善，但還是要對茹素者尊重 建議如果做不出素食，或是對素食不夠了解，還是盡量不要在菜單上標註素食。
ChIJmTG6816rQjQROj9fjiCafjY,▪️ 紫蘇蒜香辣味海鮮義大利麵 $390 以白酒與青醬爲基底再搭配去殼鮮蝦、透抽圈以蛤蠣、辣椒、蒜片、綜合菇一起快炒，雖有海味但味道不會太厚重，清新的紫蘇將海鮮義大利麵畫龍點睛 ▪️ 香料烤雞三明治套餐 $385 使用去骨雞腿、起司片、馬鈴薯沙拉及厚片鮮奶吐司⋯等好料將口感的豐富度層層堆疊，拿起來就覺得很有份量感 而且厚片鮮奶吐司烤的恰恰，沒有因為其他食材而濕軟非常加分，雞腿也很入味軟嫩，一口咬下滿足感十足 ▪️ 經典美式拼盤（小） $350 薯條、雞翅、花枝圈、起司條一次滿足，起司條超牽絲我自己很愛！份量不少建議多人一起分食 菜單選擇不少，每日蛋糕、泡芙都是師傅當日現作，基本上全店無雷可以放心點餐,已經來訪多年，今天突然發現窗邊居然有鮮花，還多了一些單點菜色像老皮嫩肉，超級好吃。我很喜歡這家餐廳細節都不會馬虎，譬如洗手乳跟廁所乾淨度，鮮花💐更是驚艷。阿薩姆紅茶超香，很想問可以單買茶包嗎？,"環境舒適、氣氛柔和。 餐點大多都很美味,鮭魚沙拉的鮭魚相當鮮美,炒飯非常香,蛋糕也很綿密,品質很高。服務人員服務態度很好。唯獨覺得可惜的是, 最期待的招牌牛肉麵, 肉真的不是很好咬...以為會比較軟嫩。",💚對面屋頂 $160 （開心果慕斯、覆盆子奶餡、杏仁紅寶石脆餅、開心果海綿、草莓檸檬果露、開心果酥餅） 🦁班獅回朝 $150 （有機檸檬、薄荷、生乳酪慕斯、杏桃百香凍、蜂蜜費南雪、巧克力片） — 連續兩天都來買精緻小蛋糕送給朋友♥️ 店內還有販售手工餅乾、麵包、甜點 下次想去餐廳內用餐😍 有高級牛肉麵及義式餐點可以選擇 櫃檯結帳人員，我兩天去是不同人，一天是位態度很好的女生👼🏻一天是位口氣和表情不是太友善的女生🙃,聖誕節限定的「爐烤戰斧豬排襯季節時蔬」真的是有夠好吃，刀子一切下去就能感受到嫰度，搭配季節時蔬更是豐富 綠蓉蛤蜊義大利麵的青醬相當的濃郁，飽足也很是夠，蛤蜊肥美帶以鮮，熟度剛剛好 海膽醬干貝燉飯是飽足的好選擇，干貝大顆乾煎至金黃色，整個海味滿滿不帶腥，真的會讓人一口接著一口 季節水果鬆餅是厚厚的鬆餅，烤的酥香太喜歡了，擺盤也相當的講究，無論是搭配蜂蜜或是鮮奶油都很好吃 來杯咖啡或茶品，前方還有甜點蛋糕的選擇 另外還能一次買好麵包來當下午茶或是早餐 真的很方便，服務也相當的親切有禮且周到
ChIJmUBgXZmvQjQReJDEy08D34c,北投「泉源閣」餐廳，空氣中滲透著一種日式清雅的靜謐，為了避開過年的出國潮，我們提前在那裡聚餐，地下停車場寬闊得讓人想起某種無人的儀式感，重新整修後的空間，像是一本裝幀考究的新書，每一處裝飾都散發著恰到好處的矜持。 入座後，服務生如春風拂面般的親切，引導我們進入這場總舖師烤鴨六吃的序幕，桌上的器皿，別緻且帶有分量的質感，每人面前擺放著兩副筷子—公筷與私筷。那是一種體貼，在這個空間裡，每個人都能優雅地處理與食物的距離。 餐桌的一端，我弟正逗弄著我的孩子，而他的小女兒卻像一隻迷路的小貓，偏偏喜歡窩在我身邊，在那些細碎的家族交談與笑聲中，菜餚一道道上桌，冷盤的份量帶有一種日式的節制，不以數量取勝，但那份新鮮及口感卻是極其紮實的。 接著，主角登場了，那隻烤得金黃燦亮的鴨子，在廚師如「庖丁解牛」般從容的刀工下，被精準地拆解。第一道烤鴨握壽司入口的瞬間，我感受到一種絕對的說服力，任何形容詞在這種平衡感面前都顯得冗餘，蔥薑爆小卷上桌時，服務人員特別叮嚀要趁熱，那種海洋的野性與柔嫩口感交織在一起，加上獨特的醬汁，完美得無可挑剔，兒子斗膽對他母親說：「比媽炒的還好吃。」那一刻，空氣中漂浮著一種帶著危險信號的幽默感。 結尾是那桶手工豆花，黑糖、薑汁、珍珠與花生，在溫潤的甜味中，我們完成了味蕾的團圓。這餐飯後，我們將驅車前往陽明山祭祖，在泉源閣的優雅與先人的寂靜之間，我感受到了一種時間的連貫性。這是一個完美的、不容置疑的一天。,北投晶泉丰旅-泉源閣♨️🍴🌟 晶華集團旗下餐廳果然非同凡響，烤鴨外酥內嫩，肉質非常鮮美多汁。人員訓練有素且態度親切！特別感謝Bella & Jaimei 當天的桌邊服務，讓我們度過一個美好的壽宴❤️,第一次到泉源閣幫家人慶生， 飯店內的空間很舒適，讓家人的心情很放鬆愉悅 期間幫我們服務的 Bella及宜君 及 片鴨的師傅，在服務中，展現出了他們的專業與熱忱，給我們很棒的👍用餐體驗。 這裡建議來用餐的饕客們，對菜單上的品項有不清楚的地方，可以打個電話，詢問一下，Bella能給您適當的建議與回饋；不過泉源閣的電話不好接通就是了🤣，我最喜歡的品項是花膠佛跳牆，加點的烤鴨（是美鴨）的肉質也很軟嫩，桌菜的每道菜完整呈現台菜美味，份量很大份保證吃得飽。推薦大家來泉源閣用餐。,今天吃到的烤鴨，一上桌就先被那琥珀色油亮的鴨皮迷倒。外皮烤得恰到好處，薄脆到發亮，輕輕一咬就發出細微的「喀滋」聲，油脂瞬間化開，香氣整個在嘴裡炸開來，卻一點也不膩。 鴨肉本身軟嫩多汁，肉香濃郁，單吃就很有層次。 切片後的鴨皮排得整整齊齊，每一片都像藝術品，皮脆、肉嫩、油香剛好。搭配蔥段一起入口，清爽中帶著濃厚鴨香，越吃越涮嘴。 另外那道冷盤更是驚喜滿滿：龍蝦、海鮮、鴨肉拼盤鋪在爽脆的蔬菜上，口感豐富、層次分明，既清爽又奢華，完美平衡了烤鴨的濃香。 總之，這餐不是「吃飽而已」，而是從視覺到味覺都被好好款待的一頓烤鴨盛宴。 吃完只想說一句：下次還要再來一次。🦆✨,蘭城菁英酒店紅樓烤鴨在台北的姊妹店👌🤩 有改良再創新 但我最多只能給四顆星星💫 先從好的角度看： 這裡的用餐環境 氛圍比紅樓要好多了👍 大小包間裡很舒服且沒有一望無際的人海感🤭 可是也許是新開不久 ？ 片鴨師傅不夠？ 當他們的第一道招牌握壽司烤鴨 第二道的正常版本的烤鴨捲餅後 烤鴨推車就回內廚了 而且再上來的時間就會變的很久了😅 不像紅樓一直在你桌旁 一道一道的趁熱上給你享用👍🤩 再說它的創新： 第三道改成 潤餅式的吃法👍 創意足但誠意稍不足 潤餅通常是包足很多的配料 它也有蠻多的配料（包括香菜） 但配菜的量及鴨肉丁的量著實令人難忘的少 因此偌大的潤餅皮只能捲成小小的小潤餅一口吃完🤭（沒有包潤餅的澎湃感） 第四道是鴨腿+鴨腿邊肉 中規中矩👌 （ 是美鴨似乎比櫻桃鴨的肉質更嫩更多汁 好吃😋） 第五道是 鴨油炒高麗菜我是失望的沒照照片（也是剩下來最多的菜） 大概就是用鴨油快炒包菜 要是我我還是會把一些帶肉的鴨架骨一起燴炒 讓菜品的呈現更豐富多彩！ 第六道的鴨骨米粉湯 味道不錯👍 胡椒味足給這湯加分很多✌️👍😋 還有開始點餐時先點茶種 我們點的是凍頂烏龍 第一泡 第二泡有香味及濃色感 第三泡就變淡很多了⋯⋯ 打開茶壺🫖是用茶包沖泡出的 我沒有意見 但最起碼應該要維持一定的濃度跟茶香味！ 還好最後關頭的豆花給海外回來的朋友增添很多樂趣與開心🥳 自己DIY 添加珍珠 花生仁 姜汁糖水 玩得+吃得開心😚 桌邊的服務人員都很熱心很親切的服務 👍🙏 應該是管理的SOP 的規定 讓他們想要幫客人們更多做一些服務而心有餘力不足吧⋯⋯
ChIJmURK7l2rQjQR2T4AgotOy6s,看了一下其他人的食記跑過來吃的，雖然不算太好但還是給個五星 假日午餐 使用餐券1450 單人友善 優點： 1.生食級干貝+香箱蟹這個組合無敵 香箱蟹每隻都是滿蛋 干貝整個餐期都補的很勤 2.烤鮮蚵有兩種 個人覺得蒸的比蒜蓉的好吃 體型跟新鮮度都有 這個價位來說還沒看過比它大的 3.炒螃蟹裡面看起來是沙公欸，不是什麼奇怪的爛螃蟹充數，威靈頓鮭魚意外的不錯吃，薑汁豬肉也是單點等級水準 4.烈日鬆餅剛出爐，外酥裡嫩，表面微微糖化，配上鮮奶油超讚，後面狂吃這道 5.蠔油鮑魚/胭脂蝦+干貝 就是辦桌菜 好吃~ 6.桌子空間很大，兩人桌等於饗賓漢來的四人桌 單人也是給你兩人桌~ 缺點 1.沒有甜蝦 沒有松葉蟹腳 沒有羊排 看了一下評論的其他菜色 雖然菜色輪換挺正常的 但季節菜色/高單價菜色這樣換真的不ok 2.當天6成滿 而且一半是聚餐不是來吃吃到飽的戰力不強，但看起來工作人員人數有點緊繃，人只要一多 水果甜點區需要師傅夾取的要等一段時間 3.一家破千吃到飽生魚片的鮭魚完全完全沒有油花？？？牛肉要不好嚼我認了 鮭魚完全沒有一點油花？ 總結整體來說東西偏少（圖片大概就是9成餐檯介紹了），但CP值還不錯，第一次吃所以跳過了港點區域（太佔胃了），不過聽說港點也是強項，下次有機會再來試試看喜歡吃一些特定食物 不追求多樣性的可以來這邊吃看看。,假日的午餐 有壽星雖有優惠 ，但算算買電子餐券999，六個人較為優惠，假日再加300；你以這個1299的價位來說無法與其他的自助餐廳競爭! 但是這一個六個人的座位在窗邊可以看見風景用餐，有加分！ 剛看了兩天前部落客的介紹 根本就是不夠誠實 ，爐烤牛肉切片年輕人也說根本咬不動， 手捲用這個方式不到10秒鐘就軟了，牛肉湯還有酸菜魚同一個師傅來顧鍋現煮還要等， 甜點假日根本就沒有千層蛋糕，甜點算是太少，還要專人服務， 兩種烹飪方式的羊排堅硬，唯一就是生魚片以蟹腳尚可！ 港式點心很多餘，生蠔甜蝦干貝不錯，但是都要等～～ 加油囉～～ 萬豪酒店國際水平不是如此的！,假日午餐用餐 主要菜色有蠔皇鮮蔬鮑魚、胭脂蝦佐干貝、爐烤牛肉、威靈頓鮭魚 今天比較不好吃的大概就是生魚片 餐廳可能可以找日料的廚師來看到底要怎麼解凍 每次來生魚片都水水的 今日MVP是胭脂蝦 但佐菜的干貝太小顆有點乾硬 而價位上偏高 搭配餐券1450 這個價位提供的料理還可以 但可能算不上優秀,1人用餐，下午茶 1.安排的座位不好，在邊邊的角落處，雖為窗邊，但通風不是很好，有點熱，離用餐區有段距離，感覺不是很好 2.生魚片不多，只有夾旗魚生魚片切的很小片，口感鮮 3.蛤蜊和海瓜子，不鮮，且煮食太久，都有乾扁縮水，口感不佳，不好吃 4.唯有蝦子可，部份蝦頭黑，口感尚可，可加醋汁或芥末和醬油調汁，食材沾醋汁都不錯吃 5.熟食ok：雞腿肉好吃、炒蝦子也不錯吃，就是有點油，有點黏手，用紙巾擦手清潔擦拭不易、杏鮑菇等菇類也不錯 6.湯類：金湯酸菜鮮魚鍋，湯頭不錯，雖有點酸，可接受，口感及鮮度也ok 7.焦糖柚子：烤太焦黑了，苦，不好吃，可惜了 8.冷飲區一般，茶類和橘子汁味道都很淡 用完餐後感覺：週邊環境ok，下午茶餐點不多，價位不太值，食材生鮮類有些不新鮮 從出來後有點腸胃不適，跑了多趟廁所且也有在捷運站外廁所內吐，吐過就好些了 下回會不會再去吃下午茶呢？可能不會去！,當天人不多，晚上七點入座，全場才五六桌，重點是現煎現做的胭脂蝦跟鮑魚弄了兩盤放著都沒人拿，等我去拿的時候溫度跟口感都差了
ChIJmYvKcaKrQjQRP84_3tp7iW0,餐點很好吃，難得覺得好吃的餐廳，點了小羔羊覺得軟嫩多汁，完全沒有羊騷味，前菜點了炸魷魚，好吃是好吃就是醬汁太鹹了一點，美中不足，魚湯也是超好喝的，服務給四分不是不好就是就是當天只有一個人在外場我都不好意思叫她了，我看她忙的不得了說，這點稍可惜的。其他沒問題就是扣扣帶夠就對了，一個人要吃好一點套餐系列大約都要1500以上。,短髮女店員服務超級好！很細心的一位女生，不知不覺麻煩了她很多事呢，謝謝她～ 餐點不錯吃！ 主要還是辛苦她春節一個人顧場了～祝她新年快樂～,今天與老婆獨自到 Agusto 奧古斯托餐酒館 大安店 提前慶生，是一場讓人很有記憶點的用餐體驗。 卡蒂尼鮭魚沙拉清爽開胃、層次分明；🍲佩里戈松露濃湯香氣濃郁，薩瓦金萃南瓜濃湯溫潤細緻。 頂級熟成老饕肋眼牛排熟度精準、肉香飽滿；🦞 極鮮法式活龍蝦海宴鮮甜細嫩，令人驚艷。 餐後以帶著奶油爆米花香氣的香烏龍瑪黑茶，搭配開心果與雙莓果吉菈朵，完美收尾。 ✨ 服務貼心、節奏舒服，整體氛圍非常適合紀念日與重要時刻，會想再訪的一家高品質餐酒館。,環境：座位間距夠這一點比板橋店好。 餐點：餐點水準大致和板橋店相同，龍蝦去殼做的很棒，非常方便食用。但是甜點的馬卡龍感覺像剛退冰，外皮不如板橋吃到的那麼酥鬆、內餡又冰又黏膩，因為平時非常喜歡板橋店的馬卡龍所以這點最讓我失望。 服務：我遲到了所以當帶位的服務生對我說用餐時間只剩不到一小時，因為後面時間有別的客人預約所以要注意用餐時間，我就很認真加速用餐，結果到甜點時間我們已超過一小時所以我表示若時間來不及我可以將甜點外帶，結果另一位服務生說沒關係的可以慢慢用餐... 那我前面吃那麼趕到底意義是？？而且我們結帳離開時店內空位超多.... 我真的不懂那為什麽一開始要那樣恐嚇我欸。雖然中間並沒有人來趕我，我還是真的帶著遲到愧咎的心很認真趕著吃欸...,點了肋眼牛排五分熟(不要切開) 不知道是不是因為沒有切的原因，廚師對火候的掌握不是特別好，第一次上菜我光是用摸的就覺得不妙，一定沒有五分熟，所以還特別再靜置個2、3分鐘。結果切開的時候，果不其然，比三分還生…… 。請了服務生過來，服務生態度很好也很願意幫忙，但是他說「我們是讓表皮5分熟所以裡面會偏嫩，如果要裡面5分熟外面就會太熟喔！」ㄜ這個說辭滿荒謬的，但也不想為難服務生，就也沒說什麼請他們幫我回烤一下。 第二次送來，這次直接幫我全部切開了，但裡面還是偏生，但這次至少有三分熟了。服務生還是人很nice的過來問「還可以嗎？」我說還是太生了，所以又拿回去烤了一次。 第三次送來，終於到達了5分熟！其實肉的品質真的不錯，油脂分布的很均勻，肉很嫩咬起來很多汁！外層有高溫產生梅納反應的脆殼跟蛋白質焦香，熟度上來後牛肉味很香，終於沒有糟蹋這塊肉的美味了。 很感謝服務生的幫忙！
ChIJm_pGd5arQjQRsD_vJMWg8Cc,這次造訪 大烹小饌｜精緻台客中式料理，整體用餐體驗還不錯。餐廳地理位置相當便利，距離雙連捷運站步行大約三到五分鐘就能抵達。也因為人氣相當高，現場幾乎座無虛席，真心建議一定要事先訂位，否則很容易撲空。 餐點部分表現非常亮眼，幾乎可以說是「每一道都好吃」。料理走的是精緻台客路線，在熟悉的中式風味中加入細膩的調味，吃得出廚房在細節上的用心，不會過於油膩，卻依然保有台菜該有的香氣與層次，讓人一口接一口。 這次我們六人用餐，被安排在包廂區，不過和我原本想像中的包廂不太一樣，是由兩張方桌拼在一起的空間，而且包廂是沒有門的，私密性稍微弱了一點，但整體用餐舒適度還算可以接受。 服務方面，上菜速度非常快，點完餐後幾乎不用等太久，節奏掌握得很好；不過服務人員的表情與態度偏嚴肅，雖然專業度沒問題，但想請他們幫忙時，心理上還真的會有點小緊張，忍不住想說一句：「怎麼有點怕怕的🤣」。整體而言，大烹小饌在料理實力上相當值得肯定，是會讓人想再訪、也願意推薦給朋友的中式餐廳。,這是第二次到大烹小饌，第一次是我選擇去嚐鮮，3個人去吃午餐。第二次仍然是吃午餐，朋友總共10人揪聚餐，食材料理還行，就是口味比較偏重，餐點的份量可以，不會太少，但是唯一比較大的缺點是：櫃檯的服務人員比較缺乏熱誠，感覺稍嫌冷酷了一些，2次的感受都是如此。,菜品選擇很豐富，味道很地道，一吃就能感覺出是認真做臺灣味的。調味不會過重，吃起來很舒服，份量也剛剛好，性價比不錯。 環境乾淨、氣氛輕鬆，很適合和朋友一起來吃飯聊天。店員態度也很友善，上菜速度也快。 如果想吃臺式料理的話，這家真的值得來試試，下次還會再來,餐點精緻美味，雞肉爽口、蛤蠣絲瓜湯爽口，值得一來再來…推薦,親友聚餐，不得不說，每道菜都非常好吃
ChIJmwpiaz6pQjQRYyvkztdE-tA,餐點現做很美味！點了唐揚雞咖哩，4大塊的唐揚雞非常飽足、咖哩中含豐富蔬菜；老闆說定食配菜可免費加，但初次附上的配菜份量十足很夠了～炸干貝讚！加購壽星餐有千層蛋糕和茶凍，餐點好吃，用餐愉快～ 平日中午用餐時間二樓滿座，慶幸有提早訂位！,看展後來覓食，無意間搜尋到的溫馨小店！唐揚雞咖哩份量非常多，第一次看到這麼大塊的唐揚雞，咖喱是蔬菜咖喱，口感溫潤非常有飽足感！豬排蠻軟嫩多汁。,氛圍溫馨，店面不大但位置寬敞舒適 本來進店前想吃個甜點就好，結果點了大全餐😂 甜點套餐：鮮奶的茶香與奶香平衡得剛剛好；巧克力千層的內餡濃郁又不甜膩，非常推薦！ 正餐選了馬告豬排與現烤花魚，豬排對牙口不好的人來說要花點力氣咬，但馬告特別的類胡椒香氣和微微的酸香非常開胃，也讓豬排不容易吃膩；花魚肉質軟嫩，可以趁熱配白飯與小菜，讓肉汁與油香和飯菜完美融合👍 小菜也很美味，不會過鹹，十分下飯 味噌湯鹹中有微微的甜味，入口醇厚 有糖紅茶有茶香但不會回苦 整體而言很推薦，下次會回訪來試試隔壁桌推薦的咖哩與章魚燒！,豬肉咖哩味道特別，有別一般日式咖哩的風味，搭配份量不少的各式蔬菜，有點像是沙茶燴飯跟咖哩的綜合體。剛開始吃覺得風味奇特有點不能接受，但繼續吃下去卻發覺意外地好吃，而且蔬菜都是我喜歡的，很開心地把整盤吃光光了，意猶未盡。 點餐方式是採線上點餐，可以選擇飯量和要不要附餐這點很棒，可以減少食材浪費。 二樓的用餐空間很舒適乾淨，有水可以自取。缺點是二樓空間的回音很明顯，若遇到沒控制音量的客人交談，那真的有點吵。樓梯扶手有點粘膩，也是有點美中不足的地方。 週間限定的咖哩價格比較親民，其他主餐價位稍高，感覺比較適合聚餐，或是偶爾想犒賞自己、吃頓好料的選擇。有機會再來嘗試其他餐點。,用餐規則稍微多了點（詳如照片），不過和店家彼此尊重的話是還好，無礙 菜單提供QR掃描點餐，餐點滿五百元可刷卡 餐點是挺有特色，白飯、湯品和醬汁都是可以免費續一次；咖哩很香真的很好吃尤其搭配的炸雞塊也非常美味，附飲品、湯品 排餐的話，豬肉很有韌性不太好切（對於牙齒不好的人來說可能不太好咬），魚肉的部分可選花魚或青花魚，我選了花魚沒有魚刺，是以奶油為基底調味；並附有白飯（可免費加香鬆）、小菜以及湯、飲品 單點胡麻青菜挺好吃，不過章魚燒倒是偏貴了而且也比較小顆 據朋友說份量十足而且偏多，不過我個人覺得份量正常甚至有點少（？）也可能我的食量比較大啦 比較感受不佳的地方是，店家似乎很急著關店，所以不斷地來收拾用完的碗盤及餐具（來收了三次），導致後半段用餐挺有壓力...最後一次還不小心將盤中的咖哩醬汁灑出來，導致醬汁沿著桌邊流到朋友裙子上...雖然店員當下立刻連聲道歉了但感受還是不太好...
ChIJn6ke5ZGrQjQRnyZE_xNE4ro,上週才去吃過，這週又特地從新莊帶爸媽去吃！覺得餐點好吃，出餐速度快，櫃檯老闆娘及店裏多數的服務人員都非常親切！爸媽吃完飯感到滿意，尤其喜歡小米粥及脆皮雞！,三鮮鍋貼底很酥脆 咬下去還有湯汁 真的好吃 牛肉湯是比較家常口味的紅蘿蔔燉牛肉那種 整碗都是料 麻辣羊肚絲 覺得口味可以再重一些 都說是麻辣了 可能是調整成大眾都能接受的 整體蠻好吃的 服務也挺親切,不枉打了41通電話☎️！點餐到上桌 沒幾分鐘效率很強、餐點不會因爲快就失去火候和調味 這個猛！ 價位不高，請客 家宴 不難看！已經和家人在研究下次再訪不重復的菜色了👍,週末晚上生意很好，需要稍等才能入座。 餐點都料多，有鍋氣，炒的很好 合菜玳瑁、客家小炒、宮保蝦仁都很好吃，還有一籠蒸餃、一分蔥油餅，蔥油餅夠厚，蔥味香濃，麵粉香味也很棒。,服務人員蠻熱情的～ 平日中午沒有坐滿，但陸續有人 脆皮雞真的很香還不錯
ChIJn8-tLZWrQjQR90RWDVyx_W8,烤功很強的居酒屋，食材也很用心，特別推薦商業午餐，除了主食外還有附沙拉、野菜、缽物、吸物、食事(澱粉)和甘物，這樣一份400元上下，CP值高，而且每道小菜都頗有水準，用心製作！ 這次點精選刺身七切套餐，生魚片切得很厚實，有三塊鮭魚、兩塊鮪魚和兩塊青甘，肉質Q彈不會軟爛爛，很讚👍 另外單點的雞軟骨、雞肉串和櫛瓜也都好吃，很有水準。 ✅鮭魚卵山藥細切(套餐沙拉)：不錯，黏性十足的山藥切細，搭配鮭魚卵和哇沙米，很開胃 ✅明太子烤山藥(套餐野菜)：不錯，山藥夠脆，明太子味稍少了點 ✅炙燒握壽司(套餐食事)：不錯，上面加了點明太子的炙燒鮭魚很香很好吃，飯稍偏硬 ✅椒麻一口翅(套餐缽物)：超好吃，炸雞翅切成一口份量，用七味粉簡單調味，有夠香酥有夠juicy的，必點 ✅鮮魚味噌湯(套餐吸物)：不錯，味噌味濃但不過鹹，豆腐和鮭魚碎都很香，裡面有些細骨要注意 ✅起司炸麻吉(套餐甘物+30元)：好吃～麻糬外酥內軟，還有流心感簡直不要太強，除了糖粉有點甜外一切都好，推薦加購 ✅綠櫛瓜串(單點)：不錯，汁水充足的櫛瓜 ✅四方雞肉大蔥串(單點)：好吃～烤得水水潤潤的Q彈雞肉，簡單用蔥調味點綴，美味,鮭魚肚生魚片薄切份量少，口感吃起來毫無鮮甜味，今天讓人蠻失望的單點。 牛肋條咖喱套餐，想要吃熱的口感，但牛肋條上桌是溫熱的、咖哩醬汁溫冷，牛肋條沒有保溫情況下，口感越吃越硬，希望有熱的烤盤可以維持口感。 套餐內容選項多，唯一的優點。 記憶點不高的一餐。,之前朋友請客的時候就來過了，一直對這間餐廳念念不忘，因為一進來真的彷彿來到了日本居酒屋的感覺，而且客人還真的有日本人，之前只能用現金，好消息是現在已經能夠刷卡了，就可以有現金回饋了，最適合貪小便宜的我了，而且一樣不用加收服務費，真是揪甘心，這次來只有兩個人，平均一人一千元，吃很飽，而且還吃到平常不容易吃到的“雞生蠔”（sot l'y laisse）聽說一隻雞只有兩塊，算是隱藏版菜單，吃起來真的軟嫩多汁非常好吃，還吃了雞菲力，原來不只牛排有菲力，連雞也有，生魚片當然是必點的，因為這家的海鮮非常新鮮，店員還推薦我蒜香奶油蛤蜊和日式春捲蝦也都非常好吃，又點了鮭魚肚握壽司，烤節瓜，特選鯖魚鹽燒，吃這些下酒菜怎麼能夠沒有酒呢？當然還要點個“檸檬啤酒”配這些下酒菜，最後再點個“起司炸麻糬”和“黑糖豆漿豆腐”來個完美的ending ，也感謝老闆多送了一份黑糖豆漿豆腐讓小弟嚐鮮，起司炸麻糬也是小弟第一次，真的非常好吃，總之點了這一大堆每人卻只要一千，真是相當划算，下次再來開箱其他菜色，洋洋灑灑打了這一大堆，還不如直接看照片比較快，在此祝店家生意興隆，還有看到此分享文的大大們，都能平安喜樂健康幸福每一天🙏,"這家日式餐廳的 Menu 有點特色, 讓看內容的人瞬間覺得自己是看聖旨 ! 由於菜色非常多元又豐富, 有下酒菜、刺身、握壽司、野菜、沙拉、燒烤、炸物、鍋物… 更有多種酒類、飲品、甜點可選擇, 實在是看得眼花撩亂. 一時不知所措 ! 午餐時段還有超值商業套餐 for 上班族. 左下角那句「因為服務是無價的, 所以我們不收服務費」… 真的很棒啊 。 建議聚餐一定要來朝聖 。",真的絕好調的呈現，菜單跟聖旨很像 氣氛好餐點調味有特殊巧思 雞皮干貝、燉牛筋、牛舌肉類必點
ChIJnQg-SCOpQjQR-tv75CXe3-0,△ 空間寧靜舒適 ▲ 限時用餐兩小時 △ 部分位置有插座 ▲ 不收服務費 △ 提供 Wi - Fi ▲ 純現金（先點後結） △ 餐具、水、紙巾等自取 ▲ 低消 1杯飲品 或 200元 △ 提供洗手間 ▲ 看書或電腦工作皆宜 △ 週一、週二 公休日 ▲ 附近自找停車格／場 △ 提供甜點、提供鹹食 ▲ 禁止帶外食 △ 限時 兩小時 這次第一次用餐，就直接點招牌的豬排飯「黑豚里肌」，本身味道還不錯，肉也軟嫩，但是有點薄，乍看有點像是炸排骨。烤蔬菜不知道為何有點水味.. 咖哩雖然也不錯，但是飯比較少，其實搭起來，會有點不夠吃...整體來說，不是 CP值 相當高的餐點，但就是來這邊用餐、用電腦工作或是聊事情比較方便，也能順便吃飯，可能不是那種會讓人非常期待的餐點。 美式咖啡，味道也還可以，我覺得算可以的，香味比較淡，但是喝起來也算是可以的。 閣樓以前好像有開放，現在看起來是已經沒有，可能擔心危險吧，就已經封起來，不能上去。 店裡風格有點老宅加上一點文青風格的氛圍，其實挺適合用餐、喝下午茶、電腦工作等等。 這裡空間算是舒適寧靜，如跟朋友聊天或用個電腦做事情，其實都可以。不過限制兩小時，不曉得如果人少時能不能長一點時間，如果可以就更方便。 避開用餐時段，我覺得整體內用空間適合看書、聊天、處理事情等，讓人可以心靈沉澱，集中精神，也能夠好好寫一篇文章，而且這邊不收服務費，不過離捷運站比較有遠一點，騎車開車也是可以，只是比較不好停車，不然就是要停車在家樂福裡面，離開再去買東西抵停車費，好像也是可以。上述的內容，提供給大家參考，店家服務態度也很好，推薦給大家。,點了咖哩、松露燉飯跟布丁 餐點都好好吃 完全不會失望 布丁上面點綴的燕麥讓口感更好了 服務很好 店裡環境也很舒適 值得二訪,很棒的早午餐，來過幾次，試過骰子牛及雞胸肉的早午餐，份量多樣式也多，很不錯吃。他的義大利麵也非常好吃，因為我喜歡吃辣，要求加點辣椒也會配合，很棒的服務。假日人很多，最好事先訂位。,小巷弄的驚喜~位在中山區離雙連捷運不遠。尋找時還差點錯過~店面不大但有樓中樓座位，裡面布置有懷舊家具，還有動漫人物。 主要是以咖哩飯類為主，咖哩香濃也足夠味道~海鮮食材也多樣式。燉飯也入味且不軟爛~雞肉多汁入味!好吃。但來這就是主要的甜點出名，布丁的雞蛋味足夠，將上燕麥脆片更是飽食。肉桂捲的肉桂味十足，剛烤出來時，外皮酥脆內軟入口即化~好香，但若可以不要加上糖漿在上會更好! 建議可以讓咖哩配麵包就更加能吸引不吃米飯的消費者囉~~,氣氛非常好的一家店❤️我們用餐的時候裡面很安靜～每桌客人聊天都小小聲的～餐點也很好吃（在我不餓的情況下還能覺得好吃的是真的厲害👍）然後闆娘們都笑咪咪的 是一家適合短暫停留喝個咖啡或吃個點心沉澱一下的小餐館👍 手機先吃又失敗了，都吃了才想到要拍 哈哈哈哈
ChIJnSXOBSapQjQREypodLqU1NQ,單隻串燒一隻78 是我跟不上現在的物價嗎？我們是第一桌客人 進門沒有感覺服務感 我知道餐酒館消費比較高 但這樣的份量跟價格是合理的嗎？🤔餐點口味只能自己去嚐嚐 因為個人口味不同,今晚的每杯調酒都像是一場夢境，那種恰到好處的儀式感，真的會讓人的少女心瞬間被圈粉！✨ 看著那些美到冒泡、層次分明的藝術品，真的恨不得酒精耐受力能瞬間升級，除了視覺滿分，這裡的烤物也完全沒在客氣，每一口都是驚喜。,🍝 創意料理｜每道菜都有靈魂 這裡的餐點融合義式基底與創意靈感，不論是特色麵食、前菜拼盤，甚至是主廚特製料理，都展現出對味道與巧思的堅持。餐點美味、擺盤精緻，每一口都讓人想慢慢探索其中層次。 ￼ 🍸 調酒與飲品｜宵夜好去處 夜幕降臨後，說故事搖身一變成為精緻酒吧，調酒花樣豐富、風味創新，是一間適合與朋友小酌、或是慶祝特別時刻的好地方。酒單與食物搭配得宜，令人一杯接一杯。 ￼ 🌇 氛圍與空間｜舒適又有故事感 店內氛圍溫暖、燈光柔和，很適合談天說地、放鬆享用美食。位置靠近捷運中山國小站，交通方便。空間不大但舒適，無論是白天午餐或夜晚小酌，都能感受到自在又放鬆的氛圍。 ￼ 📍 特色亮點 ✨ 從白天到深夜都有服務，早餐、午餐、晚餐、宵夜通通照顧到。 ￼ ✨ 有時也提供包廂 & 活動空間，是聚會、慶生的好選擇。 ￼ ✨ 菜單品項多元，從義式麵食到創意小點與精緻調酒都很有看頭。 ￼ ⭐️ 總評（5/5） 說故事創意麵餐酒館是一間「有味道的餐酒館」——不只料理好吃，更是一個能讓人停下腳步、聊聊故事、享受美食與美酒的地方。無論約會、好友聚餐或單純想找個地方好好吃一頓、喝一杯，這裡都是我的首選推薦之一。,在網路上看到的推薦，真心不騙真的很讚，餐點每個都超好吃，餐點的價格真的很划算～ 超推薦吃明太子干貝義大利麵的～整個義大利麵超濃郁，明太子的香氣也超撲鼻的。 還有各式各樣的酒類，每杯調酒都很有特色很好喝（取名也很有創意），如果不喝酒的也有無酒精的飲料及咖啡可以做選擇。 這裡的氛圍真的很棒～環境不大但氛圍超級讚～氣氛超級好～老闆也很Nice～ 一開始只是跟朋友吃飯聊天喝喝小酒～後面老闆請我們喝純的shot ，還跟我們一起玩遊戲，真的很有趣，超感謝老闆請我們喝酒還跟我們一起娛樂，我們玩得真的很開心。 真的很推薦朋友聚會聚餐可以選擇這裡，如果有聚會還可以預約包廂，裡面有ktv可以唱歌,完全不懂為什麼評價這麼高…. 請朋友吃生日餐整個超沒面子🌚 首先是一進門店員服務就不怎麼樣 有訂位還一副不清楚的感覺 才剛坐下就被要求換位子 靠近廁所位子 味道超臭體驗感超差… 食物：義大利麵 $388 沒什麼料但口味還ok 酒：調酒大概都 $400，感覺是賣造型為主，不會想續點 服務：會加收服務費，但完全沒有服務可言 甚至聽到在數落旁邊客人，感受非常不好 環境：算是一間沒有什麼氣氛的餐酒館 整體不推薦 提醒自己不會再前往
ChIJnTkg-8yrQjQR9_mNRfYyySk,"看評價超好就來吃吃看，送的味噌湯裡面有鮮魚|鮮蝦、蛤 蜊,食材都很新鲜而且蠻好吃的! 小可惜的是酒真的蠻小杯的，環境冷氣比較不涼,會吃到流汗。（幾個月前去的） 價格: $180 紫蘇梅酒 $480 多燒盛和丼",附贈的湯，蝦子很新鮮（但湯本身沒什麼味道 其他的…….如下 1.餐具有黏感且餐具自助區都是果蠅🪰 2.丼飯的飯有結塊，一份裡三分之一都結塊☹ 3.炙燒牛壽司不知為何有怪味🫠（抹布味?!,一家隱身在南京三民站週邊小巷弄，門面低調但料理實力不錯的日料店。 1.生魚丼飯：食材新鮮豐盛多樣化，醋飯口感偏軟但醋香十足，是丼飯該有的味道。 2.烤鮭魚頭：口感新鮮，肉質甜嫩。 3.味噌湯：口味鮮甜，味噌建議可再放多一些。 4.涼拌洋蔥/玉子燒/柚香蘿蔔：都好吃。 5.用餐環境：屬台式路線，如能多點日本元素，會更匹配日料店應有的樣貌。 6.服務品質：老闆態度謙和客氣，上餐速度快。,"媽媽常經過, facebook跟youtube都有看過分享, 終於有時間來大快朵頤, 真的不是蓋的, 點餐就有超厲害的蛤蠣蝦+魚湯, 老闆滿滿的誠意, 然後餐點上來很容易讓人驚掉下巴, 別的日料店成年男性可能要點兩份定食才會吃飽, 這邊真的一份就讓你吃飽!!",記得第一次吃是不知道要吃什麼 當下剛好想吃生魚片 就用Google查附近的壽司店 結果看到浮誇這間店 連評論都沒看就來吃了 餐點上桌真的超驚豔！沒記錯是點了鮭魚親子丼飯 鮭魚很厚 鮭魚卵也很好吃 整個就是很讚 點丼飯都會附贈一碗味增湯 味增湯也不是普通的 裡面的料很多 有兩個蝦子 蛤蜊三顆 還有魚片兩個 很鮮甜 超級愛 前前後後也吃了十次以上 丼飯最常點的就是鮭魚親子丼&豪華海鮮丼 每次吃都沒有失望 一樣那麼好吃 料也是很多 整個就是很「浮誇」！ （相簿的照片太多了 就放昨天跟今天晚上吃的 連吃兩天 真的超愛！）
ChIJnZy-IMqvQjQRhdX2w_4HcKs,個人私房小點，只要到附近一定特定來 尤其非用餐時刻偏安一隅的寧靜很chill 咖啡，鬆餅推薦，不愛甜食的我每次必點 鹹食餐點簡單清爽，份量剛好 老闆娘也熱心,環境舒適，座位空間不擁擠，但是座位不多，四五組客人就差不多滿了。餐點種類不少，這次吃了德國香腸，鬆餅等餐點。都不錯吃，價格還可以接受。櫃台小姐聽到我在咳嗽，還特地送上一杯溫開水，超貼心的。 這次的餐點有炒蛋，鬆餅，德國香腸跟起司蛋糕，每個味道都不錯。尤其香腸跟鬆餅，送上來幾乎被小朋友秒殺，我們家兩個男生直接把這兩盤清空。起司蛋糕很濃郁，喜歡起司的人千萬別錯過。炒蛋則是很大一盤，來當作早餐吃很適合。 總之是一間值得推薦的店，關渡的朋友有機會可以去嚐嚐喔。,,,
ChIJnaPPuO6rQjQRNZlSdw5Irik,整體菜色都在水準之上，是那種帶外國朋友來不會丟臉、自己聚餐也能吃得開心的精緻台菜 這幾道讓我印象深刻： 蒼蠅頭是實至名歸的白飯小偷。韭菜花的脆度與豆豉的鹹香拿捏得極好，香氣逼人，連我平時不太碰米飯的人，都為了它嗑掉整碗飯 最驚豔的是季節野菜炒蓮霧。老實說點餐時有點懷疑，但蓮霧入菜竟然毫無違和感，大火快炒出的鍋氣鎖住了水果的清甜，口感爽脆，非常特別且推薦嘗 XO醬燒豬肝的調味極強，厚實且鹹甜適中，處理得很好，完全壓住了豬肝的腥味。不過這道菜口感較重，若不特別偏好豬肝的人吃到最後會有些膩口，建議多人分食 最後的青木瓜蘋果排骨湯 讓這頓飯有了完美的收尾。湯頭清甜得不可思議，我連喝了三碗。木瓜燉得極度軟嫩，與蘋果的甜味融合，喝起來非常舒心,舒服的用餐體驗，從餐點前菜 紫蘇紅心芭樂就很棒，酸酸甜甜，好吃！ 我們這次點了：白斬雞、樹子水蓮、老皮嫩肉、富錦小炒、烏魚子炒飯、菜乾烘蛋、荔枝咕咾肉、北海道干貝竹笙雞湯及時令水果冰。 水蓮很大盤，非常好吃；老皮嫩肉小小一口但風味佳；富錦小炒是客家小炒的變型，裡面有臭豆腐，很特別！ 喝了竹笙雞湯整個人胃暖暖的😊 結論：特色預訂菜3天前該訂的記得訂，但電話非常難打，我是21:30以後才打通，適合餐聚，但開放式空間且位子偏少，不要太吵以免影響其他人用餐。 6大1小，人均1600元我覺得ok，也吃得滿飽，有機會會再回訪。,老實說不知道自己吃了什麼特別的菜色或食材這麼貴，味道都不錯但不算驚艷，我們只點了一條魚、一個佛跳牆、一個炒青菜、一個烏魚子炒飯（份量很少），一個骰子牛跟一個老皮嫩肉（豆腐），後來又多加了兩碗白飯，總共花了1萬2000😅 水的部分也只有滿貴的礦泉水跟氣泡水可以選，我們很渴所以也只能點來喝，台北的水其實算是世界上品質很好的水之ㄧ，過濾過就很好喝了。,豬肝能用到這樣酥酥脆脆香氣十足上面還有XO醬🤩很好吃，我覺得裡面再濕潤一點會更合我胃口 最驚艷的這一道應該是蓮霧切薄片，搭配青菜還有麻油煸的香香的薑片 還有現在當令季節的大豆油炒蝦仁完全也不輸鼎泰豐哦！口味不太一樣，都很好吃 接著蒜泥蚵仔 還有牛肉 我就覺得蠻普通的，雖然看起來蚵仔很多，但只是對得起這樣的價格，所以這個份量是OK的 環境非常棒， 服務水平態度都一流 廁所很乾淨。 附近交通也便利。 進捷運忠孝敦化站或是南京復興站 附近好停車。,所有菜色都是甜的，調味基本上都是同一個味道，沒有鑊氣，好幾道菜沒吃完，連打包都不包了，創新台菜吃過幾家，這家真的完全不行！甚至比社區型熱炒還難吃，7個人一個人2300，（只有2罐啤酒）完全對不起這價格！不知道要失望還是生氣 （服務生很不錯、雞湯好喝） （還有蒼蠅頭、水蓮沒拍到）
ChIJncAQtGGsQjQR88wpyzdS0dg,經由朋友介紹到此用餐體驗，整體感覺是讓人愉悅的，從訂餐到用餐結束都讓人感到十分滿意，外場服務的大姐、櫃檯結帳的小姐都非常親切，菜色就更讚~~我們四人點的全部光盤，其中一鍋熱湯（薏仁豬肚湯）👍我們喝光光，連櫃檯小姐說以為我們會喝不完打包，結果全部都底朝天囉！ 這餐廳是會讓人想再度光臨飽餐一頓，服務親切、菜色豐富且不鹹不膩，餐廳推薦的菜色都不錯吃，價格也算是大眾親民價，唯獨桌數不多（大小桌共約7桌），要提早預約才不會空等白跑一趟喔！👍讚啦...,餐點好吃～ 服務非常好！ 會依照客人的數量調整餐點！！ 超級貼心❤️❤️❤️ 停車也算方便～,大湖廚館用餐心得 *客人吵雜聲超大 *訂位安排很爛 *店員專業度蠻差的，只有收銀員很客氣 *餐點是可以吃的 第一次要用餐未訂位，店員說沒訂位沒辦法，能理解 後來再訪有先致電訂位5位，但同行友人無法前往，在用餐前一天已經致電告知店家用餐人數5人改2人 到當天安排座位，我們都已經坐下來，都已經倒好茶水了，又臨時移動我們的座位，店員用不乾淨的手套摸我們的茶杯，也沒更換新的茶杯 安排我們坐在打包外帶區，我們位置本來就小，還一直縮小我們能用餐的範圍，打包的店員一直搖晃我們的餐桌，用餐環境真的很差 如果不是 8_10人那種可以坐大桌那種，一點都不建議去吃 還收10%服務費，上完餐後也沒什麼被服務，還收什麼服務費 而且我們等餐的時候，別的客人明明也有致電訂位，店員說沒記錄到，真的蠻讓人傻眼的 此生只會吃這麼一次,環境比較擁擠，食物好吃價格不高，服務態度很好，不會因為忙而不耐煩，會再訪,很好吃，而且服務人員會根據人數建議調整點菜或份量，實惠的好店家～ 鳳梨蝦球超大，超喜歡😋
ChIJneQYHHepQjQRQlYfuWrcbj0,這家是滷味店！！不是水餃店！是滷味店！！不是牛肉麵店！這家真的是滷味店！！其他品項真的不用點！（重要的事情先說三次☺） 這家龍門客棧也是很傳奇了，幾十年如一日的鐵皮屋+無招牌廢墟風外觀，連兩屆500碗推薦，平日晚上排了10多分鐘，有人說是「被水餃耽誤的滷味店」，這個說法真的想太多了，因為以水餃這種悲劇的水準，是如何耽誤滷味？？ 水餃從外皮到內餡都是完全軟爛、糊成一團，這次點牛肉湯餃，泡在牛肉湯裡還破了好幾顆，說好聽一點是入口即化，難聽一點就是毫無口感、化成一鍋肉湯，只能給2顆星評價。 不過滷味是真的強，外帶切了牛肚、豆皮、豆干、米血糕、滷蛋一顆，這樣240元滿滿一大盒，除了豆干和豆皮鹹了點外，其他調味都很棒，尤其牛肚必點，沾店家附的辣渣也很好吃，我給4星評分，與水餃平均後綜合評分3顆星不能再多了！,大名鼎鼎的店，人聲鼎沸，所以用餐時間需要等一下 牛肉麵湯頭是重口的但不會過鹹，牛肉量很多也很大塊，以這個價位170元來說很超值，美中不足的是使用的是粗圓拉麵，感覺吸附湯汁的能力不足，麵體沒有很Q。 小菜切的很豪邁，只是好像沒有明顯的價位標示，所以點餐時要注意一下。 店家的辣椒油不會太辣且很香，值得推薦 再訪指數：84,入內用餐需要現在外面點餐 點完會有人安排座位 牛肉麵大碗很多麵條，牛肉是涼的 湯沒有很燙，看起來很像很辣但不會辣 小孩也可以吃 小菜豬頭皮有膠質、雞翅肉軟嫩好吃 配上她們辣椒醬很香 是傳統牛肉麵味 店內建築古色古香 有一番風味,門口排隊的人潮包括內用及外帶 若是內用，店家會請我們派代表一個人進去坐 門口排隊的要負責點餐，等人龍輪到時，點完餐才能入座一起吃。 今天用餐的口味覺得差點意思， 麵條偏硬，牛肉麵的湯不夠熱上面都浮一層油。,曾經是心頭好的店多年後再訪品質大下降，一盤15粒餃子裡竟有2.3顆以上幾乎只有皮而餡料少到不可思議的狀況還不如八方的飽餡！皮的口感跟手桿餃子差太多了。推薦牛肉麵肉大入口軟嫩
ChIJneUTn3KpQjQR8_eBLgiNFMU,每次去雖然遇到的服務生都不同 但不變的是服務態度都一樣很好 給人很棒的用餐體驗 每次吃完都會讓人很愉悅還想再多去幾次 有次點墨魚麵因個人因素有點吃不慣 剩半盤請她收走 服務生說餐點有需要做加強的地方嗎？還是需要調整的？我表示不是餐點問題單純是我自己吃不慣而已 服務生說怕我這樣沒吃飽 要不要幫我改製作別的餐點給我吃 急忙拒絕 太不好意思了 後來她直接拿一杯飲料作為招待 還是很感謝他 只能說服務人員真的很站在客人立場著想讓人很暖心 也很不好意思 服務態度好 感受好 勝過任何掛名或知名度高 曝光率高的店家,在台北車站二樓的微風美食區，位置好找，空間寬廣，適合聊天聚會。 因我們的用餐時間是2:30，因此，選擇早午餐加價項目。 第一道：「橙香法式丹麥Sunny舒肥雞」，雞胸肉+兩片法式吐司 +兩顆全熟蛋。意外驚喜是：口味清淡、重視食物原味，沒有亂加配料的主角：舒肥雞，百分之百的雞胸肉，只撒上綠色配料，香嫩可口，既不乾也不柴，讚👍！ 法式吐司是人人都愛的配角，而且不會很甜。至於兩顆全熟蛋，只能說我選錯了，建議應選半熟蛋較佳，否則整盤覺得過於乾澀，難怪需要搭配兩杯飲料。 第二道是：「燻鮭魚炒菇班尼蛋」；煙燻鮭魚新鮮，搭配半熟蛋流出的汁液，流到最底層的法式吐司，讓吐司較為濕潤，這種搭配很好，味道適中而整體口感平衡。 綜合果汁是多種新鮮水果現打現做，小小一杯，喝出了它的香氣與美味，猜猜看到底放了哪些水果？桑椹、芭樂、木瓜..朋友們不妨問問服務員。 在冬天，最後一定要以熱奶茶收場，可以續杯。 氛圍不錯，服務態度良好，我們吃出了餐廳的出發點是兼顧消費者的健康與口味，份量也很足，性價比蠻高的餐廳，列入我們的再訪名單。,吃過好幾次貳樓，這是第一次在微風店用餐，也是第一次選擇早午餐系列。以往在中山店和板橋店的用餐經驗都還不錯，然而這次的體驗實在讓人訝異，所以來留言。 先說結論，貳樓真的需要好好加油，在早午餐店林立的雙北，這樣的口味和相對應的價格，應該很難立足，也相對減少顧客二訪的意願。 1.套餐90元加購的洋釀炸雞，口味蠻不錯，但只有6個極度小塊的洋釀炸雞，餐點上來，整體份量還不到7-11微波食品韓式炸雞的一半，這樣的份量讓人詫異。 2.套餐的法式吐司既不鬆軟濕潤，味道也不好，糖漿藥水味實在是很重。是整份餐點最讓人無奈的品項。 3.舒肥雞胸的口感乾柴不細緻，遠不如7-11的舒肥雞胸。 4.炸地瓜薯片中規中矩，但脫油技術有待加強，食用時感到相當油膩。 5.餐點送上來時，熱紅茶撒了一桌還潑到顧客身上，店員也沒注意到就這樣離開了，我知道人潮多導致作業量大，即便能體諒服務業的辛苦，但希望你們還是能多加小心。 整個套餐這樣下來570的價格..真的還有很多進步的空間。,來2次了，最喜歡這裡的服務 服務人員很親切得體，講話也很溫柔 今天點餐點多了一點，因為都想吃😆 這裡的［歐式麵包盤］一定要點，非常好吃 有蜂蜜麵包球、佛卡夏、黑糖奶油 尤其，蜂蜜麵包球，鬆軟好吃帶點蜂蜜香 黑糖奶油抹在烤的酥脆的佛卡夏上，咬下一口真的不會想聊天，只想一直吃 我們用+220元的套餐方式（可以無限續） （也可以直接單點一份120元） 沙拉份量算多，裡面生菜都是我們喜歡的 生菜鮮脆，沙拉醬也很好 實打實招牌漢堡 ，真的好大，一定要趁熱吃 漢堡皮，烤的微酥 漢堡肉一咬下，肉汁流出，非常香 炸魚條，非常酥脆，裡面魚肉好吃不腥 培根煎的微焦香，配上起司、番茄洋蔥片 大口吃很滿足。 香爆椒麻唐揚雞麵（我們有減辣） 減辣後，我覺得吃起來算小辣 但它的辣是舒服的 ，不是嗆辣 麵條度適中，不會過軟 茄味和九層塔濃郁，配上皮酥肉嫩的唐揚雞 真的很過癮。 甜點👉苦甜脆脆黑巧冰磚，也令我們驚豔 餐點都在水準上，份量也足夠，CP值很高 此餐廳，也是長久已來的［寵物友善］餐廳 而且，餐廳很棒的是，當天，有一組客人帶寵物要入內用餐，服務人員會先詢問鄰近的客人，介不介意旁邊座位有寵物入座。 這種舉動很貼心❤️👍👍 因為我有點怕狗貓，先詢問後，至少我有心裡準備，不會突然看到而驚嚇緊張。 用餐時間2小時，足夠吃好吃滿 建議先訂位,歐式麵包盤 黑糖奶油 超對味～～ 一定要加點，還可以免費續 金牌鹹水雞沙拉 份量多、兩人剛好 雞肉也挺嫩的～～ BBQ溫烤半雞 少部分很乾⋯ 薯條很酥脆 水波蛋野蔬麵 普通 上菜速度快、服務👍🏻
ChIJnea3ei-rQjQRJJpRyMTUlEE,從去年生日來過，再來就是與朋友在春節的時候來用餐了，整體環境如果是坐到沙發區的話真的很寬敞很舒適，雖然不知道怎樣的先決條件能坐到，兩次都是兩個人，生日來的時候跟女友有被安排，跟朋友可能就是因為都是漢子，就安排在一般座位區XD 熟食方面我覺得較一般自助餐精緻一些，可能是因應餐酒館的主題，然後干貝、牛肉、草蝦可以一直去拿取，不會等太久，這點不錯；生食我是拿爆松葉蟹腳與鮭魚、青甘生魚片啦！真的是最爽最划算的~ 我吃起來是沒有拉肚子，所以算是新鮮好吃的！飲料的話我們倆都是喝無酒精，調酒師調理時給予的情緒價值很高，感覺很好喝，結果我喝一口就去拿投幣的可樂了哈哈！可能因人而異 整體來說自己是挺喜歡的，推薦三五好友可以成群來聚餐，但一樣沒有那麼好訂位就是了！~,爐烤牛肉 油脂豐富、肉質軟嫩，入口滑順。 鐵板燒牛小排 口感偏乾，油脂香氣沒有完全發揮，表現中下。 鐵板燒干貝 鮮甜度沒有被完整保留，整體普通。 醬烤豬五花 味道尚可，口感稍微偏韌，沒有預期中那種油香化開的層次。 松阪豬 表現中規中矩，沒有特別記憶點。 一夜干 在水準之上，鹹香與油脂比例平衡，不過細刺稍多，吃的時候需要留意。 烤魷魚 水準之上，不乾柴，火候掌握得很好，魷魚的鮮味被完整鎖住，非常適合配酒。 烤生蠔 尺寸很大顆，可惜略乾，感覺放置時間稍久。 烤鳳梨 泰式風味融合度不高，吃起來有點抓不到重點。 辣子雞 炸過頭，口感偏乾硬，吃起來比較像一般炸雞，失去辣子雞該有的香辣層次。 麻辣燙 風味不夠立體，香氣與麻辣層次都偏弱，三顧茅廬還比較好吃。 牧羊人派 味道不錯，香氣濃郁，但油脂感偏重，後段稍顯膩口。 烤甜蝦 味道清爽不厚重，很適合搭配酒類。 生魚片 整體在中上水準，鮮度尚可，但沒有特別驚艷。 握壽司 醋飯偏乾、壓得較紮實，口感少了點鬆軟與水分。 烤甜蝦 口感爽脆，表現不錯。 蒜頭蛤蜊雞湯 大顆蛤蜊搭配高湯熬煮，蒜泥可自行添加，鮮甜溫潤，既暖胃又解酒。 炸洋蔥圈 外酥內嫩、不油膩，炸功很好，賣相也漂亮。 墨魚燉飯 米心與風味融合度不足，不推薦。 酒類 小米酒與調酒表現都不理想，風味平淡、層次不足。 環境乾淨整潔，座位不擁擠，空間感還不錯。 燈光稍暗，音樂風格與用餐氛圍不太搭。 整體來說，品項豐富，以晚餐這樣的價位來看，會傾向選擇其他表現更好的餐廳。,以 buffet 來說性價比很高~~~~ 個人也挺喜歡的 這次有吃到烤生蠔、干貝、各種生魚片、帝王蟹腳也有泰式生蝦 牛排也蠻好吃的！白蝦很鮮甜，吃的出來非常的新鮮，也非常好撥，我們也吃了好幾隻蝦 酒水的部分：紅白酒、調酒、清酒跟啤酒都有 蛤蠣都很大顆不論是湯類還是炒類 甜點甚至有蜷尾家可以挑選，在台南可是要排隊的 水果種類也很多，百香果吃了好幾個 平日晚上來用餐，時段是 17:30 到 21:00，一個人1790再加上一成服務費 非常夠時間吃且也有準時入座 排隊基本上不會太久，感覺有在控制人潮 服務也很讚，空的盤子收的速度很快，不會讓這桌面看起來很凌亂 整體來說是推薦的，可以來嚐鮮看看哦！,非常推薦大家來吃！除了東西好吃外，服務也是非常到位，總是可以觀察到細節。 跟家人們提到想吃香魚，但是每次過去都剛好沒了，想說再等十分鐘過去拿，結果服務員「詹姆士」，沒多久就拿了兩隻香魚過來！！ 甚至醬料都準備周全🥹當下真的很感動，也很不好意思，畢竟他們要服務的人這麼多，結果他還幫我跑去拿🥹（我們那一區離香魚是最遠的），另外還幫忙協助快速處理螃蟹，服務真的100分❤️ 其他的服務員也都很貼心，有一次是跟朋友一起排隊，想說拿一份就好，結果服務員就詢問兩個人的話要不要拿兩份！不然感覺會白排隊🥹很貼心⋯吃飯心情完全upup 🌟廁所在外面，店內本身無廁所（但廁所很近）,和其他饗賓集團的吃到飽一樣該有的都有，每道餐點也在水準上，這家特色是調酒、紅白酒、日式酒和啤酒無限供應，可惜我不喝酒😆
ChIJnwpmyIWtQjQReryoq_5_csE,推推培根蛋黃酪梨義大利麵，新品羽衣甘藍綠拿鐵也非常好喝！吃得非常飽，適合商業午餐、朋友聚會、午後也可以用用電腦。,儲存已久的店家 終於有機會到訪 假日附近蠻好停車的 環境空間都很不錯 佈置很愜意 去的時段剛好沒什麼人 店員蠻客氣的 但餐點還是等了好一陣子 餐點選擇不算少 份量來說 價格有點小貴 很多餐點都有酪梨🥑 朋友大推能量碗 炸節瓜也不錯 食材都還蠻新鮮的 很適合幾個朋友 聚餐 有機會會再到訪,這間餐廳真的名副其實主打「酪梨」，從門口到室內都是被綠葉包圍的氛圍，還放了超可愛的酪梨抱枕，整體環境很療癒、很好拍。餐點大部分也都能看到酪梨的身影，喜歡酪梨的人一定會很開心。 我這次點了 乾酪奶醬培根酪梨蛋黃義大利麵，蠻濃郁、酪梨也融合得很自然；再搭一杯我覺得超驚喜好喝的 芝麻拿鐵，風味真的很特別。還有點了一份凱撒沙拉，份量跟味道都不錯。 整體來說，環境舒服、餐點帶有創意，尤其喜歡酪梨的人會覺得很值得來試試。,義大利麵的部分都蠻好吃的💕 但鴨胸的調味我有點不太懂🫠 酪梨飲品也好喜歡，可以吃到酪梨本人 餐點的部分會願意再回訪😍,東西很好吃，但服務很普通 個人覺得奶昔超級好喝！ 義大利麵的部分味道也很夠，海鮮量不多，但是新鮮、還不錯 鷹嘴豆泥的料理也好吃：）
ChIJny7cm_mrQjQRXc1MKexwNQA,空間寬敞、氛圍好的音樂餐酒館，位在地下室 那天被安排在舞台正後方，如果本身不夠熱情 容易被駐唱歌手忽略掉因為不會一直轉頭過來 相對的服務員也忽略這邊幾乎不會走過來這 Menu 是掃qr code餐食酒類豐富多樣化 但送上來有些卻是溫的，整體就中規中矩 適合慶生聚餐，聽聽歌手唱歌 用餐時間很準時清場，馬上要翻給下梯次的,先說好的，氣氛跟裝潢真的不錯 難吃的來了，菜難吃到有剩，非常難吃，也有人覺得不到難吃，但絕對沒人說好吃 好不好吃是其次，是這菜色太寒酸了，跟場地、氛圍非常奧不搭。 我看評價不錯，所以選擇隱世 但真的可以隱世了… 避免大家在這邊辦尾牙踩雷 不建議包場，太難吃,空間寬敞、座位舒適、氛圍拉滿、菜式豐富、是味覺加上聽覺雙重享受放鬆好地方！今天的歌手張楷老歌大放送！唱的很棒！必須按讚👍👍,大火快炒蛤蜊麵420。 有點辣 爽脆蜜口冰梅雞380。不錯吃 餐-蝦喃一口280。以為只有一顆其實有三顆！ 還不錯 蒼穹之源420。古代酒杯造型，酒味比較濃 御白 420。微微酸甜口感，還不錯 演唱都很會帶氣氛，觀眾氛圍也都挺嗨！ 前台帶位小姐臉超臭！,兩人消費3k2(含線上訂位時，預付的訂金600元）， 共點4道菜，2杯生啤，及2杯調酒。 餐點及調酒都偏貴， 但口感味道，普通中等， 說不出哪一道可以推薦， 有點對不起它的價格。 不過有，現場表唱，氛圍不錯。 店家客群定位在， 吃飯+聚會聊天， 而現場演奏只是陪襯（不是我喜歡的）， 所以每個時段， 用餐都限時2.5小時， 也就是妳只可以聽到兩位歌手的表演。 真要認真專心，聽歌或喝酒的話， 可以考慮ez5，離騷，字母系列之類， 可以聽的盡興， 或喝的盡興。 整體3.7星🙂‍↔️
ChIJnz3eGV2tQjQRlo-LLlBpPIw,餐點精緻好吃 服務很好 主廚是很專業的 進來這家店後 會發現自己的氣質都提升了不少 每一樣餐點都可以感覺得到主廚的用心 口感極好👍🏻大推,每一道料理都非常的用心，層次分明。味道豐富。餐酒搭配非常的順暢。,舒適的接待，讓人覺得很放鬆，謝謝主廚精心製作還有每一道每一道不厭其煩都會出來跟我們解說，由來和做法，每一道都是驚喜，連牛舌都可以燉煮像蛋糕一樣酥軟，真的太厲害了👍我要推薦更多朋友來吃，也謝謝主廚的生日蛋糕,餐點精緻有創意而且很美味～ 主廚會用心介紹每一道菜 服務人員也很細心溫柔 來這慶祝聖誕節很有氣氛🎄🌟❤️,
ChIJo5uKl5ipQjQRUDGwOBCHUWs,以前來信誼的時候有來逛過，但沒有用餐🍽️，這次小孩終於比較大、也有朋友邀約，決定試試看。 有廚房玩具遊樂桌三張，還有圍裙、帽子等可以裝扮拍照📷，很有聖誕氣氛。小朋友蠻愛玩的，挺適合兩歲多的孩子。 餐點價格普遍偏高，加上一成服務費，感覺雖然玩沒有門票，但玩樂的場地費、服務姊姊關心等費用基本上就涵蓋在餐費裡面了。 餐點比較適合口齒不太好的小孩跟老人，食物都比較軟爛，覺得對小孩來說是貼心的，但成人吃起來可能口感偏差一點。義大利麵的麵條偏軟，蝦子也比較軟爛，薯條也是濕軟的，小朋友不會咬很久。可惜我小孩似乎沒有很喜歡，吃不多。 久久來體驗一次不錯，空間很寬敞，很適合親子聚會。聖誕的裝飾很豐富，蠻好看的。,空間很寬敞舒適的親子餐廳 餐點普普通通 價格很高 看到很多長輩也來用餐 說不定是退休有錢人的生活😆 餐點沒有很多 看來看去吃套餐最實在 氛圍我很喜歡💕 麵包我覺得不錯吃 奶油讚讚 我們吃三人套餐 肉其實蠻硬的哈哈哈 還好我牙齒還可以 分量不到多 但可以吃出餐點選用的食材真的新鮮,餐點還不錯，服務人員也很有耐心～ 不過小孩真的太多了，所以周圍很吵鬧，很適合帶孩子來用餐，有很不錯的小孩遊樂設施，但情侶用餐再考慮一下😂,❌餐點：份量少、單價高 ⚠️兒童餐：本來想點兔子咖喱飯，去到現場點餐才告知，醬料內有薑黃，所以會有點辣（對於小小孩不適合）那既然開親子餐廳，這樣不是應該要調整咖喱醬內容嗎？ ⚠️大人餐：佛羅倫斯燉牛肉 $380 裡面有一坨南瓜泥，原本以為是地瓜，小孩吃了一口說很奇怪，家長吃了才發現是加了「肉桂」我本身也討厭肉桂味，因為小孩也是不適合吃肉桂….而且混在南瓜泥並沒有很好吃！ ⚠️手工藝式千層麵 $390 吃不太到麵的感覺，大部分是起司和肉醬，個人吃是覺得有點鹹，需要一直喝水，但偏偏服務生補水要一直揮手叫，不會主動加水！ ✅兒童餐：青醬雞肉丸麵 這是唯一覺得口味不會太重鹹，還算適合小孩吃的餐點，盤底會偏油膩。 ✅遊戲區 三個工作廚房還算不會太擁擠，大概適合2-5歲學齡前的小朋友，小朋友玩的很開心，是唯一覺得好的部分。 ❌用餐時間2小時，大概1.5時就會開始來頻繁收盤子趕人！總體評價，不會想再來！,空間很大適合多人聚餐，不知道是不是因為挑高聲音很容易放大像菜市場一樣🥲不過真的是做到非常親子友善，遊戲區規劃很棒，餐點味道中規中矩，這個價位主要還是吃空間跟服務居多
ChIJoU4aSrSrQjQRcIkiMAukmFw,非常用心的餐點～ 而且價位是在台北不敢置信的親民 布丁濃醇滑順 焦糖微苦 香氣濃郁 西西里咖啡 檸檬香酸爽 微微的甜 提拉米蘇是比較甜的口味 淡淡酒香 很好吃 老闆也很細心的照顧客人 來小巨蛋附近一定要造訪,臺北寶藏咖啡店꒰๑˘͈◡˘͈๑꒱◦° 目前已點過的飲品：冰/熱美式、黑糖拿鐵、抹茶拿鐵、小白拿鐵、西西里、蘋果冰茶，都很！好！喝！！ 吃過的甜點：焦糖布丁、肉桂捲、鹽之花奶油捲、紅豆鹹奶油捲、提拉米蘇、巴斯克蛋糕，也都非！常！好！吃！！ 臺北最喜歡的咖啡廳沒有之一(๑ ˊ͈ ᐞ ˋ͈ )ƅ̋,今天點了一杯冰美式、一杯洋甘菊、巴斯克與布丁，超級讚超級好吃，口感絲滑，還能品嚐到甜點裡帶點些微酒香，深刻感受到老闆的用心和實在；飲料也完全不馬虎，是會令人想一再回訪的店。 重點是這樣總金額才220，已經讓人跌破眼鏡，220還不夠低！老闆又給了下午茶折扣！ 你敢相信嗎……在台北市松山區用這麼便宜的價格品嚐到這麼美味的下午茶…… 店面環境非常舒適溫馨，老闆性格相當和氣，由衷祝福老闆生意興隆，你的店真的太棒了😭,好久沒看到這麼平價咖啡🥹 老闆人也很好👍🏻 店家小小的 有內用及戶外區 內用位置不多 做戶外有提供小風扇 點了美式$50黑糖拿鐵$85 咖啡以這價位算還可以～ 配上巴斯克蛋糕$70 真的是超平價！！！ 經過可以小坐一會的咖啡店✨,因為看到脆上有人介紹，剛好今天也在附近，就成就了今天的咖啡行，店面雖不大，但整體感覺非常舒服，今天想吃的肉桂捲也剛好沒有，只好等下次了！ 老闆介紹了附近的鹹酥雞店，成了今天咖啡的配角，會再回訪！
ChIJoUCeU66pQjQRfM0ZEYp4JiM,點了十道菜，推薦其中五道： 1、麥片金沙蝦球 2、主廚私房滷肉(含窩窩頭4顆) 3、凱達冠軍豬腳 4、海皇脆米炒飯：有點微辣 5、蟹黃豆腐煲 整體用餐還可以，餐點口味也不錯。 最後上菜的「砂鍋醃篤鮮」，調味有點偏鹹。,"凱達大飯店家宴中餐廳 星期一二中午限定的港點熱炒吃到飽，至10月底止。飲料只有可樂雪碧沒有Zero,茶資酒水另計，萬華里民及AE卡友85折優惠，停車折抵3小時。 菜品是出乎意料地好吃。雖然整場客滿，工作人員忙碌不堪，出菜會怠慢還ㄧ直漏單，出菜份量也和用餐人數不成比例，下次來以四人為宜。隨時追蹤菜有沒上齊以及點菜時間，因爲90分鐘到了連多點一罐可樂也不行。要遵守店家遊戲規則。整體來說我還是給予好評，如果服務怎樣都會有點雷的話，至少食物要是好吃的。新酒店但餐廳裝潢像簡約得老派中餐廳，跟宴會廳同樓層所以洗手間很大很多間，洗手間倒是裝潢得不錯，很乾淨。 這次有八人同桌，大概也要謝謝餐廳出餐份量就是只肯給那麼ㄧ些些，菜單上只有燉雞湯流沙包雪碧沒點，其他菜色都點上桌也吃乾抹淨了。 建議不要點麻婆豆腐、鹹魚雞粒豆腐煲、米粉炒飯伊麵，會哭。 三絲炸春卷，皮薄，裡面是木耳豆芽高麗菜的素菜，沒有肉，剛上桌脆皮燙口，下次我要吃12個 腐皮炸蝦卷、鳳尾魚，青芥末蝦球、白灼蝦(大隻新鮮)、蜜汁中卷，都好吃都來 蒜苗鹽煎肉、山楂蜜子排，這2道都有肥五花，我最喜歡了 吊燒鴨有給到鴨腿還不錯， 扁魚白菜煲 鮮蝦粉絲煲味道可以但就是只上一小缽，ㄧ人ㄧ口見底",大年初七全家在這裡用餐，家人們都很滿意，餐點精緻都好吃，聚餐推薦，對了，當月壽星還有小壽桃,【用餐資訊】 🕒 每週一、二午餐限定，只到10月底only！ 💰 1080+10%，茶資每人再加50+10% 📌 用餐時間3小時，但點餐時間90分鐘only (每輪8樣) 🚗 停車場在飯店斜對面 (高樓機械式停車塔，不要停錯了) .......... 【總結】 ⭕️ 先說優點：有差不多5~10道真的不錯吃。『香辣跳跳蝦』不用剝殼整隻直接吃下去。該厲害的『清蒸鱸魚排/青芥末蝦球』也真的厲害。比較冷門的如『尖椒松花蛋/梅菜蒸香茄/扁魚白菜煲』都非常驚豔！ ❌ 再說缺點：有一半以上的菜沒什麼記憶點。烤鴨第一輪好好吃，但1人只有1片。第二輪加點的烤鴨全部都是骨頭，沒什麼肉。平常港點Jeffrey最愛(每次都必點)的春捲，這次也蠻失望的。關於服務，雖然此吃到飽活動已經推出超過一個月了，仍上菜節奏不穩定，上菜時出包滿滿。而且又逼我們在90分鐘內點完所有東西。,餐點美味，皮蛋凍很清爽，醃篤鮮湯濃郁醇厚，大多口味偏重，很下飯。服務人員態度良好，只是有的說話有點聽不懂。
ChIJoV5Vt-CrQjQRX99q0bEVO_k,為了蘋果派來的！ 先說，這完全不是正統蘋果派，連派都不是，應該說是一個蘋果口味的酥皮高點 但！真的好吃！ 蘋果切得很薄很薄，口感不硬不軟，剛剛好，有帶一點微微的肉桂香，配大顆冰淇淋超好吃！ 酥皮真的很酥，三種不同的口感搭在一起好享受 用餐三小時能慢慢吃吃喝喝,📝有二樓位子，不過可能因為沒有限時，平日下午也會客滿 ☕️黑糖牛奶 $160 上面那層黑糖記得喇進去一起喝～ 🥧蘋果派(飲料優惠價) $210 肉桂味滿香的，餅皮確實很酥脆，搭配冰淇淋一起吃不錯👌,☑️推薦酥皮蘋果派加冰淇淋 配上肉桂粉搭配口感很佳 另外有點烏龍茶磅蛋糕 中間有夾鹹蛋黃滿特別的 但蛋糕口感就還好 飲料點冰滴奶油咖啡 奶油陪上咖啡微酸 很順口 店內走復古風 很多老舊擺飾 價格是中間價位 有機會會再訪,環境舒適、氣氛愜意的咖啡廳，非常適合下午茶時光，無論是和朋友聚會聊天，或是自己想待上一整個下午都很棒。 冰滴咖啡好喝，味道濃郁不會太酸，順口又有層次感👍🏽 店內座位蠻多的，有一樓與二樓空間，也貼心提供免費的飲用水。 我平日下午去的時候客人不少，建議可以先訂位（僅接受當日訂位），出發前打個電話確認會更安心。,今天跟家人來這裡喝下午茶，整體氛圍輕鬆自在，帶點復古感，很舒服。 點了黑糖烤鮮奶、冰淇淋球配蘋果派，還有洋甘菊薰衣草茶，味道都不錯，是會想再來的那種店。
ChIJoWx2xJWpQjQRdECjBbw_IkA,一個人去用餐，一進店裡馬上有親切的店員詢問，讓I人我有很安心的感覺，而且會主動說明點餐方式、介紹自助區。而且東西很好吃！值得推薦！,假日晚間用餐，稍微等候店員收桌即入座，上餐速度不慢，餐點可圈可點份量也很大，但有點可惜是主餐比較沒有令人印象深刻，倒是甜點若是還吃得下推薦加點很好吃!!,說實話，我很少打那麼低的分數，但真的希望送出來的餐，顧一下品質，小菜也是用現成。連問店員什麼是神的魚，連問二位都一問三不知。握壽司到顧客面前是倒的，新鮮度也有待加強，開店不容易，在用餐時段人潮那麼少，真的要再加油,沒有特別覺得好好吃或不好吃 就普普通通 飲料可以喝到飽（飲料機、冰沙機） 環境還算乾淨 只是吃完身體會有一點點味道 有提前訂位 平日19點來差不多滿的,連鎖平價的日式料理店，店內空間舒服，有免費的飲料吧可以取用，採QRcode點餐，用餐完後去櫃檯結帳，可刷卡/Apple Pay。 🥢炸牛蒡天婦羅烏龍：味增湯烏龍麵湯頭濃郁，裡面也有其他配料，炸牛蒡天婦羅不油膩，牛蒡的味道也很夠但不會多到完全蓋掉天婦羅，整個套餐都蠻不錯的。 🥢鹽烤挪威鯖魚定食：鯖魚偏乾水準算中下，小菜的部分也很普通配飯吃還可以，味增湯也就基基本本，整體這個定食我不會再點，感覺算是踩到雷，不曉得其他定食會不會也是一樣的狀況。 🥢綜合生魚片（定食加點）：是定食加點的比較便宜，總共有五片，每個各一種的感覺，厚度蠻厚的，魚也都很新鮮，還蠻值得加點的。 🥢上選刺身盛合（8種海鮮）：算是生海鮮的綜合拼盤，食材都很新鮮好吃，厚度也蠻厚的，生魚片類型的餐點感覺都不錯，很值得點。 除了鹽烤挪威鯖魚定食以外的餐點都不錯吃，若以後有機會來用餐希望不要踩到雷。
ChIJoZlomYarQjQRQ6dO-drU7eg,台北市內湖｜媽妳講親子餐廳 （MONEY JUMP）內湖總店_超夢幻旋轉木馬親子餐廳、超好吃德國豬腳＆脆皮烤雞 今天來《媽妳講 Money Jump》參加好友的龍鳳胎三歲生日趴，這裡真的是小朋友的天堂，除了有超吸睛的夢幻旋轉木馬，每隔一段時間店家就會啟動旋轉木馬讓小朋友上去玩；還有各種遊樂設施和影像互動區；佔地很大，所有的小朋友都玩瘋了，還有人在這裡辦抓周，氣氛相當歡樂～～～🥳🎊🎉 《媽妳講 Money Jump》位於美福飯店對面的大樓2樓，附近還有內湖的IKEA和大全聯，《媽妳講 Money Jump》在Google 擁有近3.5千則評論，獲得4.6顆星的超高評價，除了夢幻的旋轉木馬、佔地很大的小朋友遊樂區、還有超豐富的餐點！！！脆皮烤雞和脆皮德國豬腳都很厲害！！完全是被遊樂設施耽誤的餐酒館啊～～～來這裏，大人小孩都可以很盡興！💕💕 店家訂位分成ABC三個時段，中午A時段和晚上C時可使用2.5小時，今天朋友是預約下午的B時段，B時段使用時間長達3小時，可以讓小朋友好好放電😆，大人也可以慢慢吃飯聊天～ 餐廳入內需要穿襪子，很多人會特地帶襪子去，進餐廳前再穿上～ 今天是玩娃陪娃的一天，有孩子們的地方真的好歡樂，光跟朋友的娃玩耍就覺得很療育。 很喜歡《媽妳講 Money Jump》，餐點好吃的讓人驚喜！環境舒適乾淨，採光明亮，服務親切，如果喜歡小朋友 不怕孩子們吵的話，用餐體驗滿分囉～💕💕,餐點好吃！ 室內空間非常大.而且很舒適 重點是室內有旋轉木馬 還有很多兒童遊戲室 很適合6歲左右小朋友 整體感覺很棒 大人很放鬆.小孩很開心,服務很周到，會不時來尋桌，餐點口味還不錯，可惜的是親子餐廳的廁所並沒有尿布台等友善設施,來Money Jump 媽妳講餐廳幫小孩慶生 這間親子餐廳很久以前就很火紅 今天終於來朝聖啦 最吸睛的莫過於夢幻的旋轉木馬啦🎠 是採固定時段會廣播開放乘坐 還有互動投影牆球池 除了兒童餐，還有寶寶泥跟寶寶粥🥣 月齡小的也不擔心 很貼心 當然這邊低消也相對比較高一點 很適合小朋友慶生來玩喔 需脫鞋入場喔~,20250816SA 初訪 幼兒園113企鵝班謝師宴 親子友善空間 小朋友都很愛 已購買 ^3
ChIJoaP21WOpQjQRujwXUxC4FME,很棒的親子餐廳，有球池、車車、廚房組，還有提供熱水、尿布台，店員也很貼心提供服務。 店家事先還會提醒提早點單，我覺得很貼心，避免當天帶小孩點餐很混亂。 餐點很好吃，飲料也不錯，整體的價位合理，感謝店家！,小小的店很溫馨 小朋友玩到不想走 食物有健康的也有好吃的 店員也很親切 台北市的親子餐廳越來越少了 這個價位能享受到好吃的食物和放鬆的2.5小時 真的且去且珍惜 真的希望親子餐廳不要消失🥲,真的非常感謝店家，用餐又佈置了生日背景，真的免去媽媽在家手忙腳亂在那灌氣球收拾的囧境，孩子們都超開心的！玩到不想回家了 能好好吃飯，孩子又能玩，邊吃邊看孩子太棒了；） 店家是好人，友善又親切，是父母的好朋友啊！！！！ 由衷的感謝....讓女兒第一個生日成功 切了人生第一顆蛋糕。 （第二次踏店，感謝家長朋友介紹）,這是一家坐落於巷弄內的親子餐廳，餐點中規中矩一般般，果汁味道偏淡，不過可以提供一個孩子們可以一起玩耍的地方，父母親也可以悠閑的聊天吃飯，算是平衡的一家店,抓周宴，親友都很滿意，餐點吃的很飽，玩具像親子館一樣豐富，小孩玩得不亦樂乎。還有提供寶寶粥，兒子吃超飽，滿足的笑嘻嘻。
ChIJoaiywAWpQjQRZl6XrDU3z3I,以價格來說，2650加一成服務費2915吃到這種牛排套餐讓人蠻生氣的 我點14oz美國菲力牛排 一開始麵包就正常，餐前酒喝起來像藥水，怪怪的 沙拉普通，黑橄欖跟葡萄乾點綴的凱撒沙拉 濃湯蠻好喝的，殊不知是整道最好吃的東西 再來就是主餐牛排，鐵板很燙可以保溫甚至讓有血色的牛排變熟，我不能接受的部分是這麼大塊牛排竟然中心溫度比舌頭的溫度還要低不少，鐵盤很燙是用來自己煎的嗎？吃到一半我甚至問AI一般5分熟的牛排裡面應該要是冷的嗎？他說應該要55～62度這種比體溫還高不少的溫度吧？ 再來是那個牛排醬，那個怪味接受度很高是不是…？最後我確定鐵盤是用來自己煎的原因是上面的蔬菜不翻面就焦掉了 最後紅茶甜點跟柳丁就一般般，但是我細細品嚐甜點是杏仁豆腐跟鳳梨的組合，其實想不透為啥要這樣搭@@ 我看餐廳裡面中老年人居多，可能是來吃個回憶的，我沒有回憶第一次來所以沒感覺吧… 強烈不推，2915吃這種東西20年後沒倒我再來看為什麼,2026/2/19（大年初三）中午內用 久仰大名，剛好趁著春節期間跟家人來吃看看傳說中台灣第一家西餐廳。 點了春季雙人餐、美國牛小排餐、美國肋眼沙朗餐。 不知道這麼說合不合適，但所有的副餐中我最喜歡的是一人兩顆的小麵包跟飯後紅茶😂 紅茶是古早味紅茶味道，麵包就是牛排館會給的小麵包，喜歡到還另外續點一份（兩個50元） 主餐本身好像就還好，尤其美國牛小排，我們點7分熟，但上來因為鐵板的溫度，讓他整體很像全熟⋯ 但如果抱持著是來體驗以前的人難得來吃一次西餐廳的那種體驗的心情，會覺得蠻不錯的啦！ 是說單獨點的套餐全部上完吃完了，春季雙人餐都還沒出到主餐，速度是有點慢。 可以刷卡，室內裝潢復古，總共7人來吃，各點單人套餐跟一份雙人套餐，平均一人吃了大約1900元，可能對我們來說，真的要吃好吃的料理有更多選擇，這就是吃個體驗感囉！,波麗路餐廳是台北歷史悠久的西餐廳，日式法餐路線，充滿懷舊感，店內設計也有滿滿的故事：直式的湯匙造型招牌用注音符號寫著ㄇㄛ ㄌㄟ ㄌㄡ；門前的大匾額霸氣地展現百年老店的架勢；進門的漂流木和右側的太陽、紫色的牆壁設計，以及化妝室前的大面牆，都展示著日治時期到白色恐怖到現代，歷屆老闆們的用心經營。推薦來到本店，體驗一場懷舊的日式饗宴～ 牛霸王蛋包飯（僅限平日） 吃得出來食材上的用心，漢堡排非常多汁（叉子插進去就滿滿肉汁流出來），牛肉超級香，調味偏重口味，有黑胡椒的香氣，隱約蒜香，光是漢堡排就很滿足。 使用協興蛋業的雞蛋非常滑嫩，不需過多調味就很香濃，配上內裡淡淡的番茄炒飯，粒粒分明而不油，跟漢堡排相比之下清新許多🤣算是一濃一清的搭配。餐點因為本身就很夠味比較沒有沾旁邊的醬料～撇除食材真的很用心，也是吃一個情懷！ 甜點昭和布丁就是樸實無華的美味，只有雞蛋牛奶和糖的味道，口感滑順帶些紮實，配上焦糖真的非常好吃 最後的紅茶也是很好喝，微甜劃下完美句點 很開心今天有幸能夠聽到老闆和李東明老師分享波麗路的故事～,回憶之旅變成踩雷之旅，是照騙不是照片 每人均消約1800左右，食材實際價值約400元（已高估），廚師烹調手法也很糟，牛排問5或7分熟，但每份都是全熟口感也很柴，杏仁豆腐完整的粉感又甜，絕對不會再次蒞臨 六個大人花了一萬多，完全沒有那個價值，我家牛排可直接KO他,1.吃而是懷舊，沙拉裡面有小驚喜喔，是雞翅是雞翅，有滿滿的美乃滋不怕你吃 2.服務人員很勤快，努力的加水跟整理，盛裝打扮 3.牛肉算5分熟，但肉質太有嚼勁 4.雞肉咖喱餐，是滷的肉很軟嫩，適合長者口味偏清爽 5.下次有機會可以試試看下午茶或者是魚類套餐 6.沙拉的美乃滋醬覆蓋很多吃的是一種懷舊 7.麵包佐田螺還不錯👍
ChIJoeG-BpSrQjQRxAW5R4IQT6g,早上營業到深夜 是一家位於早市內的店家 招牌乾麵不錯吃👍🏼😋 小菜牛肚、雞腸也很推薦 . 攤位與座位區在不同位置 室內明亮，餐具也有消毒、烘乾 整體來說很不錯 . 開車來的人🅿️ 建議可以停放在健康2社宅內 再步行來用餐,距上一回「東引小吃店」夜宵場 這「美食時間軸」卻有點久了點 想起 「花干豬腳紅蘿蔔牛油麻醬麵」 隔壁桌的老大哥議論著年紀中 六十幾⋯70/80還有89歲！ 不免俗地> 能吃能喝談當兵事 這家老店宛如軍中小吃店滋味,「招牌麵」好吃，是麻醬+牛油拌麵，香氣十足！魯蘿蔔+花干都很入味，吃下去鹹香微辣，牛肉麵湯頭甜鹹甜鹹的含有滋味，最棒的是麵條也很好吃，嚼勁很剛好，唯獨竟是⋯牛肉有點柴😆 餛飩湯的餛飩皮，很有面香，配上豬肉內餡肉汁，很好喝！推薦一個。 老闆，店員都很清切，算然是在地小店，環境還是明亮乾淨。價格合理適中，算是台北的平價牛肉麵了，推薦！！！,湯是溫的…可惜了。麻醬麵和雙醬麵口味很好👍小菜的蘿蔔口感很好。缺點是地上的垃圾太多了整潔要注意。,北部宵夜場，滷肉飯好吃，不會太鹹太甜；麵類種類多，個人推薦招牌(有牛油)，口感滑順。滷味小菜是必點。豬腳一定要點，軟嫩夠味。用餐客人總是滿滿的，但店家服務還是很好，不會不耐煩。
ChIJozTGzryuQjQR5lk0KRxH1go,品質直線下降 難怪假日的晚上客人這麼少 番茄雞肉麵加點了C餐230算平價 濃湯是好喝 但有頭髮😱還是半白半染的頭髮 沙拉一樣很普通 大蒜麵包不難吃 麵尚可 紅茶不好喝,十年前的高中生美食，那時候下課要吃還要排隊，對當時的我們來說平價、好吃。這次又回到士林品嚐，沒看到從前排隊的人潮了，覺得沒有說多好吃，在想是十年後的自己嘴巴變挑了嗎？ 對照其它間麵食主義分店，竟然同樣的品項還比別人貴20 尤其蔬菜義大利麵麵食主義賣95，麵食士林賣到140 還是平價，但不知道為什麼比別家麵食主義貴,初訪，點青醬蛤蜊麵，加點B套餐，麵條過軟沒有麵心感，青醬稀淡如水無滋味，蛤蜊癟癟的不新鮮，吃了不到一半，受不了只好放棄。吃東西的感受是很主觀的，個人意見僅供參考,間隔八年了，回來吃 原物料上漲沒辦法只能調整價格，但老闆給的份量依舊豐富，口味也沒有什麼變，還是一樣的好吃，謝謝老闆！,價格實惠，麵很多，份量大， 都這價位了，我想也沒什麼好挑惕了， 乾淨能吃就好。 店貓很可愛，親人； 但綁在店外可能需要注意一下水份是否充足， 今天傍晚去的時候水碗裡都沒水了， 有點可憐。
ChIJp6GC5NGrQjQRDuHabyIYADA,"我已經回來吃過三次了，經過多年再訪，品質和服務依然如第一次來時般出色。對我這種喜歡挑剔的人來說，一家餐廳不只是食物的味道，所有細節都很重要，服務、氛圍、員工專業程度、調酒師、調酒、食物的顏色與擺盤、香氣，甚至廁所的整潔。 一間小小的店，卻能給人如此完整而豐富的整體感受。MUME 能摘星，真的是實至名歸。 I’ve visited MUME three times already, and even after several years, the quality and service remain just as excellent as the first time I came. For someone like me who is quite particular, a restaurant isn’t just about how the food tastes—every detail matters: the service, the atmosphere, the staff’s professionalism, the mixologist, the cocktails, the color and presentation of the dishes, the aromas, and even the cleanliness of the restroom. It’s remarkable how such a small restaurant can create such a rich and complete overall experience. MUME truly deserves its Michelin star.",1. 調味滿微妙的，像青醬跟奶酪搭在一起之類的，不會覺得是美味，就是有種「原來有人是這樣做啊」的感覺，可能可以有更好的組合。 2. 菜單上面已經寫了大大的「December 2025」，但冷菜還是佔相當大一部分，整晚最熱的是麵包。我覺得這絕對算是失誤，店內冷氣也滿冷，吃下來只想把脫掉的外套穿回去。 3. 份量偏少，第一次吃到晚餐時段吃不飽的 fine dining。 4. 當晚內場感覺有點問題，有時候下一道等滿久的。,氣氛非常舒服 座位安排的很好 座位沒有很多 不會很擠 服務超級棒的 隨時注意客人需求 桌面整理迅速 整個晚上都很愉悅 餐具安排可以一直更換不串味 餐點非常驚艷好吃 融合台灣食材不挑胃 廚師很帥心花開 情人節兩人約15000 非常值得,燈光偏暗 很喜歡這裡營造出的氛圍 餐點菜色很特別 道道都是視覺饗宴😍 且每樣都非常精緻美味！！ 服務人員上菜時都會詳細介紹餐點內容物或是製作過程 還會貼心說明適合使用的餐具~ 另外調酒部分有很多蠻創新的元素 點了三杯都覺得很奇妙 但也不錯喝！ 慶生的慕斯蛋糕超可愛也很好吃 也謝謝服務人員為我們提供蠟燭 服務真的超好~真的很愛這次的體驗🥰 推薦給喜歡儀式感的人,氣氛好、服務佳、餐點精緻美味～比起主餐的肉類料理，個人覺得前菜的鰹魚和高山高麗菜都更為出色！酸種麵包搭配自製的奶油也超級好吃(｡･ω･｡) 有特別標註是要輕聲的話，店家還會在menu上加上”happy birthday”的字樣，最後也會額外送壽星小蛋糕，好可愛、好貼心～
ChIJp6WvuNWpQjQRfupqxOY5xMk,【個人體驗分享】 『服務：10分』 客氣、舒服、熱情。 『環境10分』 環境非常古典漂亮，非常適合拍照。 『口味10分』 漢堡起司咖喱飯： 咖喱香料味大於甜味，這樣會比較偏向印度咖喱，但又有甜味，非常的好吃，咖喱愛好者推推， 煙燻舒肥雞胸肉大菠蘿可頌： 份量非常足夠，且口感非常有層次、 可頌鬆軟菠蘿皮脆，中間千島醬帶酸甜口，很棒。 中間煙燻舒肥雞軟嫩可口。 『CP值5分』 漢堡起司咖喱飯380元 A餐廳+130元（咖喱或蛋糕） B套餐+200元（咖啡+蛋糕） 大菠蘿可頌，單點180，套餐320元 中規中矩的價格不貴。 『平均消費：400元/人』 『總結8分推薦』 很好吃！不管蛋糕還是咖喱，吃看看你就知道！,咖哩飯與甜點蛋糕都好吃😋 從店裡用心佈置和乾淨程度，就知道東西一定好吃～ 晚上七點多和朋友騎單車前來，為了要顧單車，還想著要坐室外（室外也有一顆美美的聖誕樹），老闆和老闆娘怕我們冷，剛好二樓包廂也有空位，因此主動問我們要不要到二樓的包廂用餐（到二樓也有電梯可以搭，建議單車整台立起來，才可以進電梯），真的是太貼心了，讓我們可以安心的用餐，不用一直擔心車子的安全。 期間還一直詢問我們有沒有吃飽，非常窩心的一家店 🧡 謝謝老闆娘的用心和美味的食物，為我們愉快的一天畫下完美的句點。,滷肉咖喱跟紅酒燉牛肉很好吃，配菜搭配的很特別，有自己的特色👍整體來說很驚艷。女友也很喜歡，下次還會想回訪。缺點大概就是當天起司漢堡排我覺得有一點腥味，需要搭配咖喱壓過去。,餐點很用心，滷肉咖喱很特別很好吃，搭配荷包蛋，麻婆咖喱搭配歐姆蛋包飯，很特別。 配菜做得很好吃，生菜也很豐富 餐點包含濃湯跟麵包，很滿足！,餐點是偏冷的，個人喜歡吃熱熱的食物 想著咖哩應該再熱一些 我點了巧克力豬咖哩的餐點 擺盤都很漂亮，但實際上吃起來覺得咖哩是稀的 份量偏少又不熱 甜點很漂亮但吃起來也是還好
ChIJp7WiKXyrQjQRUaxE_f4nw0A,主打用自家熬煮高湯清炒的人氣義大利麵，這次平日中午12:20單人用餐幸運不用排隊，店內主要是吧檯和兩人座，大廚就在面前開放式廚房烹飪，一次用鐵鍋翻炒四鍋真的滿驚人的！ 這次點了很多人推薦的臘肉鹹蛋義大利麵(310元)搭配紅燒美乃滋脆薯和飲料的A套餐(+190元)，廚房流水線製作，因為內用外帶訂單都很滿，大約15分鐘才上餐，餐前會先上一小杯好喝的高湯體驗。 義大利麵確實好吃，收汁和乳化都做得很好，讓醬汁完美攀附在偏硬的細麵上，鹹蛋和臘肉已經拌碎略帶糊狀，是我喜歡的口感，不會像一般平價義大利麵有麵湯分離的感覺，雖然稍鹹一點，但以這個價格來說很棒了，值得推薦！ 薯條炸得很酥脆還不錯，不過微酸帶檸檬味的紅燒美乃滋醬沒有特別愛，想吃就點吧。 紅茶比一般紅茶多了一個果香，甜度舒服大約3分糖，還附上冰塊和杯子，滿好喝的。,上菜前會提供一小碗的熱湯，感覺像是等會要上菜的主菜使用的高湯，先暖暖胃口～ ⚠️是麵心硬硬的義大利麵類型喔！ 臘肉 鹹蛋 ➭ 臘肉鹹蛋義大利麵的組合怎麼可能會不好吃，一定是大拇指的啦👍🏻 蝦 油菜花 檸檬葉 ➭檸檬葉的味道很香（不喜者慎點）蝦子很新鮮，大約4-5隻沒有剝殼，會提供放蝦殼的小盤子。 Set A 紅燒美乃滋脆薯 ➭現炸的美式脆薯，上面有看起來像現刨的起司粉，特製紅燒美乃滋醬微辣帶有一點檸檬香，不膩的醬，好吃！個人覺得如果是細薯條可能會更讚！ Set A 經典紅茶 ➭冰塊杯+一瓶紅茶，看似普通，倒進冰塊杯裡，一陣蜜香散發出來，啜飲一口，濃郁的蜜香在口中散開，很不一一般的經典紅茶！ 義式巧克力布丁（假日限定） ➭超濃郁的巧克力布丁，真心不想讓大家知道😔太濃郁～太好吃了！ 【用餐資訊】 用餐人數：2人 用餐時段：午餐／11:30，候位30分鐘左右 消費總額：1133（10%服務費） 訂位資訊：無提供訂位，只有現場候位，今天候位5組約30分鐘 備註：只收現金💴,松露薯條最為符合我的口味，紅醬蘿蔔糕也很有特色。 也許是因為吃過其他更符合我的口味的清炒義大利麵，相比之下略顯失色！ 在忙碌之中店員的態度已經超級棒了，坐在靠近門口的吧台位，真的覺得餐飲從業人員非常不容易，在這個租金、物價高漲的年代，每一間小店都值得被珍惜於尊重,🍝雞肉羽衣甘藍 這道比較能吃到單純清炒的味道 乳化的很好欸麵條的味道很足 單純吃的話油脂的香氣非常足 但驚訝的是旁邊的羽衣甘藍 蕃茄 橄欖 菇全部都是超重要的角色！！！ 搭著不同的配料每一口吃起來都有不同的滋味 橄欖油香氣很好的混合了所有食材的風味 🍝鹹蛋臘肉 吃起來不知道為什麼有一股瘦肉滷肉飯感🤣 稠度奶度都比雞肉高非常多 臘肉給很多很爽很讚 每一口味道都蠻濃稠的 一個人吃會膩 麵條硬度都很適中剛好 但不知道是不是義大利麵的溫度都很容易不燙…？ 我真的覺得我沒有拍很久但是溫度真的很常溫欸 這道變常溫又更膩了 🍰布朗尼口感是鬆沙感 很甜非常甜 可可味不夠濃 核桃算是稍微可以解膩的存在但是核桃少到不行 有一塊甚至半顆核桃都沒有 可以不用點 這個價位在台北的確是表現很不錯的義大利麵 麵體硬度剛好有彈 清炒的味道也表現得很不錯 不是非常驚艷的類型但可以理解受歡迎 只是要排隊的話可能會考慮一下,收藏好久的口袋名單，終於來了～ 點了「蝦 油菜花 檸檬葉」和「青醬中卷」 義大利麵超好吃！ 青醬也超好吃！ 甜點布朗尼稍稍甜～
ChIJpQgAfFquQjQRpp63uJbAbas,🎊🎊很棒的地方，雖然窄小一點，坐吧台跟料理區域沒有隔板，所以很熱，臉不是喝出來的紅，是料理區域熱氣讓臉紅燙感🤭🤭。我們點了很多居酒屋餐點，每一道都讓我滿足滿意，硬要說一小缺點，可能是生蠔尾韻有點腥，如果生蠔是大顆更好，厚切牛舌一入口先有炙燒香氣，非常喜歡，脆口，但如果能在嫩一點就更好了。總之我們所點的食物就是好吃大推，服務人員都認真各其所職 辛苦啦🏅,生意很好的店！建議先訂位 內用有收10%服務費 五點半去現場排隊 本來說要七點才有位置 幸好臨時有多座位可直接內用 主食明太子烏龍麵 250元 份量大概是兩碗麵 建議分食 雖濃郁美味 但會吃太飽 到後面有點膩 串燒都是兩個一組的 烤得恰到好處 多汁入味 灑上七味粉更讚 醬燒羊肉 150元 特製雞屁股130元 醬烤杏鮑菇160元 下次應該少點主食 多點些不同的串燒嚐嚐,昨日晚上與男友在蔦燒用餐，因為沒有訂位的關係，店員說只有一小時的吃飯時間，只能吃到7點，評估一下我們應該可以在時間內吃完，因此選擇入座吧台，並點了一份炒飯、一碗湯及四份燒烤。 食物非常好吃，調味也很棒，但在吃飯途中，聽到一位師傅說了句：「7點離開還點這麼多」，因為我們坐吧台的關係，所以聽得非常清楚，當時我們只剩一道燒烤及一碗湯還未上，而且時間還不到6:30。 不確定是我們這次的點餐份量真的會造成店家麻煩嗎？如果認為我們點太多，店家其實也能和我們確認or修改一下餐點數量的，突然被說了一句讓人對於此次的用餐經驗感到不愉快☹️,食物很好吃，清酒很好喝。店員人超好，推薦餐點跟酒。吃得非常開心，大推！會再回來～,10月雨天夜晚用餐體驗： 烤串每一種都好吃，各有各的特色，互不搶戲、有碳香。 炒飯粒粒分明。甜點特別，不會死甜。 點了3杯氣泡飲料~ 好喝到忘記紀錄ヾ(*´∇`)ﾉ 整體用餐感受，目前是全家人心目中第一居酒屋，下次會再蒞臨。
ChIJpdhua9OrQjQRFSrQFoUcnJQ,店內店外裝潢很特別，有幾桌會直接照到紅燈，拍照可能會有一種靈異感 炸雞超級好吃，皮脆肉嫩！ 花椒麵雖然看起來像是胡椒灑失手了，但他好像就是故意這樣，很香很麻很好吃 其他串燒類也都推推 有吧台區，所以若是單人也很適合去點個麵配幾串下酒菜,我們這桌的燈光有點詭異，所以食物拍起來不太好吃的感覺，但其實每一道都還蠻美味的。尤其是肉的處理都恰到好處，肉質很嫩、肉汁很香。炸雞也是外酥內嫩，推推。 這家店唯一的缺點是有用餐時間限制，只有一個半半小時，而且一個小時後就不讓你點需要煎烤的料理，一個半小時一到就馬上趕你走，體感不是很好。,有不少創意品項又好吃的台式居酒屋，500碗推薦，店內滿滿台味，紅磚牆、辦桌和老屋元素舒適又充滿驚喜。因為不限時且座位不多，建議先訂位，個人推薦花椒麵、桔醬豬五花、烤魚一夜干、炸大蒜等等，甜點「綿綿」也是必點，真的不錯！ 👍花椒麵(75元)：好吃，花椒和醋味很濃，酸酸麻麻充足的醬汁沾上少見的緞帶寬麵，麵體非常Q彈，簡單又美味 ✅大仔皮蛋豆腐：意外不錯，就是皮蛋加豆腐搗碎，上面灑了可樂果和九層塔增添不少口感，還加了蒜泥，味道很有層次，不過醬油膏稍鹹了點，需要配酒 ✅桔醬豬五花：不錯，肥美厚實的五花肉抹上清爽解膩的桔醬，非常合拍，不過肉質稍韌了點，個人建議是切薄切小塊一點，口感會更好 👍飛魚一夜干：好吃，烤功很好，肉質紮實，幾乎沒有肥肉的口感，但魚肉很多汁可口又大尾，雖然是一夜干但鹹度不高，吃起來好舒服，這樣200元出頭很超值啊！ 👍蒜了吧!就這樣!：好吃，就是大蒜裹麵衣下去炸，居然是有點juicy的口感，滿滿蒜味在嘴裡炸開有夠讚 👍綿綿：必點，有夠好吃的甜點，焦糖慕斯搭配南瓜布丁的味道很有層次，還帶有咖啡和杏仁的香味，但真的有點小，還想再吃啊～,食物好吃 但沒有像菜單形容的那麼好吃。 花椒麵沒有那麼必吃，但的確是又香又麻的麵。 留學生滷肉飯只有特定日期限量販售 沒遇到也沒關係。 滷肉偏肥是肥肉派會喜歡的 但是飯太濕了 像米糕。 當日最喜歡的是腐乳鹹酥雞和小卷還有小米酒。 鹹酥雞多汁不柴肉質相當嫩，醃製有入味不死鹹 麵衣是台派款 好吃。 小卷熟度剛好 很新鮮 海味。 總結 食物普普 店員服務態度很好 店內氛圍很台很復古。,餐點很用心 好吃 適合配酒 聊天 豬軟骨不要炸那麼黑 應該更完美
ChIJpdkbPm2pQjQR8IPxB9Jy8rI,覺得調酒都很有特色 點了一個滿分濃度的卻感受不到酒味 不確定是太會調還是真的很淡 但我喝完是毫無醉意就是了 餐點的部分我覺得都有對得起台北市的價位 口味都很不錯 服務講解的也很用心 也會適時的關心客人狀況 結帳時沒有收服務費 整體而言蠻適合約會的地方 有室外抽菸區 開關門附近的座位很容易聞到煙味 如果可以在門口加裝風牆應該會改善很多,飯後前往，裝璜氣氛就是個bar，點了份鹽酥雞配酒還行！老闆有用心，調酒口味結合全台各地特色，我點的是台南番茄鹹沾醬的口味！還真有這麼回事欸！,通常越喜歡的店是越難寫評論的 但真的非常喜歡在Soshow 體驗到的一切 當天的服務人員（同時也是調酒師）Shawn 親切幽默，很熱情的介紹調酒的風味和設計理念 店內的調酒結合臺灣各地特色，喝起來很有驚喜感 印象最深刻的是： 彰化-榖香琥珀，很有甜點感的一杯，喝起來像米漿+威士忌，花生香味超級濃郁 基隆-營養三明治，完全的液態版營養三明治 宜蘭-花生捲冰淇淋，花生捲冰淇淋本來就很好吃了，變成調酒更讚，尤其是加了香菜威士忌，整個大還原 雖然是吃過晚餐才去，但還是點了一些食物，沒想到餐點也很好吃，尤其可以吃到一整包鹹酥雞，超級開心（飽,酒單很有特色 也會不定期更換 蜜桃甘露好喝 芒果味突出 紹興雞蛋豆腐 酒味明顯 推推 魷魚圈也推推 很下酒🤣 骰子牛偏硬,整體口味不錯不過由於朋友給了高評價因此也帶著高期待值只可惜沒有達到心目中的期望 酒水不錯用台灣各個城市命名不過簡單來說就是創意調酒蠻好喝的 食物也還行吧只不過有些餐點不太入味但可能因為期待過高因此落差有點大
ChIJpfoexc2rQjQRTYSFv1cqWF0,⭐️炸蛋烤蘆筍：起司的香氣十足鹹香又開胃！脆甜的蘆筍配上嫩嫩的炸彈很好吃🤤 ⭐️炙燒慢燉章魚：本日最喜歡的一道！炙燒過的章魚好香，尤其吸盤的部分特別脆香，內裡十分軟嫩很好咬 ⭐️海鮮烤飯：看評論都說烤飯普通，所以吃完四道還有點空虛才又加點的，結果意外的很喜歡，上面的蛤蜊很多汁，烤飯像炙燒過的燉飯一樣，表層多了焦脆感，攪拌後像燉飯較濕潤，大顆的米粒中心保有硬韌感，雖然偏鹹的整體海鮮的鮮味十足！ ·慢燉牛肚佛卡夏麵包：牛肚燉的很軟像肉一樣，裡面也真的有肉塊本人，平常不敢吃內臟的覺得很不錯，但愛牛肚的友人覺得切碎有點失去牛肚的特色，佛卡夏就是烤麵包薄片，好少片又很薄🤣 ·烤雞：雞皮很脆很香！雞胸的部分反而比雞腿多汁，肉的部分比想像中柴一些，配的兩種醬料有點吃不懂，以為會吃到更juicy的雞肉所以這道有些失望（應該點牛膝的😭） ·調酒：Bello不要點喝起來很像感冒糖漿😓Pisco punch還不錯酸酸甜甜又有氣泡感 整體來說上菜節奏很順不會等太久，餐點口味也都有在線，但點了兩杯調酒再加服務費兩人$3400多確實蠻貴的，建議把酒錢省下來,滿分的滿意，餐點每一道都好吃用心設計以外，服務人員們也都非常親切熱情可愛，用餐氛圍很舒服愉快。 馬背起司好吃、ceviche不錯、crostini不錯、蘆筍不錯、烤雞很好吃、結球甘藍好吃、章魚不錯、牛排好嫩好吃、後來還加點了一道栗子金時濃湯也不錯，最驚艷最完美畫下句點的是冬瓜鳳梨醬的奶酪，實在太好吃了！希望它常駐在菜單上。,來過好多次，最喜歡還是炸蛋烤蘆筍！餐點都好吃不雷，店員也都很親切（每一區好像都有負責的店員）不過價錢偏高 這次點了： 海鮮烤飯 480 炙燒慢燉章魚 420 炸油封豬尾與醃菜（台灣究好豬）280 炸彈烤蘆筍 420 栗子金時濃湯 120（金時就是南瓜） 雞肉串燒 300 冬瓜糖奶酪佐鳳梨醬 20 生巧克力蛋糕與香草冰淇淋 320,很適合約會的餐廳，整體氣氛舒服又有質感，會讓人想慢慢吃、好好聊天。 食物都超級好吃，幾乎每一道都沒有踩雷。 牛膝肉燉得非常入味，肉質軟嫩到用叉子輕輕一壓就散開，一咬真的直接化開，燉煮功夫很厲害。 海鮮燉飯香氣濃郁，海鮮新鮮、份量也不小，不過個人覺得調味稍微偏鹹一點，但還在可以接受的範圍。 炸蛋蘆筍真的是招牌必點，蘆筍烤得很香，口感軟嫩不乾柴，搭配半熟蛋液和醬料一起吃真的無敵美味。 最後是當日限定的青醬小卷，小卷烤得剛剛好，非常嫩又不會過老，搭配青醬吃起來清爽又有層次，整體很喜歡。,這是一家很有趣的餐廳裝潢非常有特色，本以為是餐酒館實際上是以祕魯菜為主但加上很多歐陸風格的西餐，但據友人說他的調酒很厲害，這風格的餐廳是我比較少接觸的，但朋友都帶我來了那就試試吧。 前菜非常有特色而且口味居然是我喜歡的味道，雞肝抹醬麵包非常好吃，滑嫩的雞肝醬那肝味非常濃郁，上面的雪莉酒凍讓他增添了層次感，配上這稍微有點嚼勁的麵包還真香。 馬背起司沙拉非常有特色，尤其是那醃漬番茄，微微酸甜的口感配上軟滑的起司味道還真開胃，那醃漬的醬汁配上生菜也很好吃，要不是客人多我還真會把這盤清空，另外一道南美生漬海鱸魚也讓我非常驚艷，生魚肉用檸檬汁攪拌使其外層蛋白質凝結，味道清爽微酸香吃起來非常開胃。 油封豬尾這道菜讓我一吃就愛上了，看起來就是簡單的炸豬尾巴，他的味道比較像是德國豬腳，外皮酥脆卻不太費牙口，裡面滿滿的軟嫩膠質，吃起來又酥香又黏口非常好吃。 慢燉小牛膝我一吃就愛上了，一刀切下時毫不費力，透著微粉紅的肉質看著就知道好吃，外皮帶著點油脂軟綿黏口，牛膝肉雖不到入口即化但也相去不遠，味道上並不太重鹹香反而是突出牛膝的本味，這個牛膝我喜歡。 炙烤豬肩佐辣鳳梨醬也非常有特色，那豬肩肉脆爽中帶點軟嫩的口感加上炙燒的香氣就夠吸引人，再佐以煙燻辣椒做的醬汁味道更是豐富，說真的這是很難形容的味道啊，但他真的就是好吃。 這老饕上蓋牛排真的不用形容光是看那色澤就知道火候非常到位，單吃就非常不錯，再加上店家特製南美醬那微微酸辣的口感保證食慾大開。 我很難得來到一家餐廳會覺得每道菜都好吃，特別是這種西餐或是歐陸餐廳其實很難打到我的甜蜜點，但這家祕魯餐廳真的非常有特色從前菜主餐到甜點表現都超乎預期的好，其中前菜的油封豬尾讓我到現在還想念他的味道，整體菜色非常有特色，難怪就算平日晚上都是滿滿的客人。 PICO PICO 台北市大安區安和路一段102巷28號 #台北市 #大安區 #餐廳 #祕魯菜 #西餐 #PICOPICO
ChIJpwJIT6WuQjQRw0vYVcv1nZY,食來運轉位於士林夜市的巷子裡，很多銘傳大學學生來吃 價格比一般便當店貴一些，但是他可以無限加飯or滷肉飯還有免費續杯的飲料 飲料有紅茶、無糖綠茶、奶茶和奶綠。奶茶和奶綠是奶精那種奶，但是超好喝! 以前喝起來有少糖~全糖的甜度，近幾年來吃感覺有慢慢改甜度比較符合現代人的甜味，這次喝起來大約是微糖~半糖之間。旁邊有冰塊可以自己加。 有賣飯類也有麵類還有火鍋。 這次點香煎排骨飯(NT$140)和牛肉火鍋(NT$180) 排骨飯的配菜是蒸蛋、高麗菜和炒豆干，可以無限續飯，蒸蛋只有一小塊但小孩很喜歡，其他兩樣配菜就普通。排骨有入味不錯。 牛肉火鍋湯頭偏甜，我們選擇加烏龍麵，麵體還不錯有Q不爛，牛肉就是一般平價的牛肉片比較偏乾，裡面的菜很多也有些許火鍋料。喜歡吃菜的應該很滿足。 常常來士林夜市都會想來吃食來運轉，有時候人潮多需要排隊，推薦內用可以無限加飯和飲料!,位於士林夜市內能吃到飽的便當店，有綠奶茶、奶茶、無糖綠茶、紅茶共四種能不停續杯喝到飽的飲料，一旁好像還有冰塊可以自行取用。便當部分能續的就只有白飯而已，不過需要先等店員拿著大鐵盤裝著一碗碗白飯到內用區再舉手討要，而每碗續加的白飯也都有淋上滷肉，相當下飯，本人可以連續加三到四次，吃的也是相當滿足了。至於主菜的味道，本次是點了香酥雞腿飯，份量還行，肉嫩但外皮略厚影響了口感，還是挺普通的，更多的還是奔著午餐能吃飽才來的。,以前就知道的劍潭名店， 閒著沒事幹就跑來吃看看， 因為有點算是在夜市裡面， 所以附近停車位不太好找， 不過外面倒是有蠻多外帶外送或者沒在怕抓的在門口附近違停， 當天是下午一點左右去， 店內大約還有一半的空位， 但店員還是讓我跟人併桌， 也可能那幾桌是專門安排給單人來用餐併桌用的？ 點了蔥爆牛肉飯，（130元） 口味上的話， 蔥爆牛肉是甜鹹口的， 可能為了下飯， 甜味跟鹹味都有點重， 這點不太符合我的口味， 配菜的話， 有豆腐、高麗菜、冬粉， 豆腐跟高麗菜還行， 冬粉不太行， 滷肉飯的話， 蠻油又沒什麼味道， 店內滷肉飯跟飲料可以無限續， 當天我有觀察了一下， 似乎是只要有人要加飯， 店員就會進內場裝飯， 拿著十幾個小碗出來幫你加飯， 會問要加幾碗， 加完之後會詢問現場其他客人是否要加飯， 要的話會從小碗倒進用餐的盤子裡， 但其實蠻想只要白飯不要滷肉飯的， 因為這家的滷肉飯不太合我口味， 另外一提， 有名的奶綠還是奶茶當天沒有提供， 不太清楚是當天沒提供， 又或者可能以後都不會提供了？ 總結： 會推薦給想吃粗飽的來， 我的話， 大概是不會再來了， 餐點沒到雷， 但不合我口味， 給三星純粹是因為可以吃粗飽。,你放假都在幹嘛！ 士林夜市附近如果要找超狂的便當店，那一定少不了《食來運轉》！被學生封為「士林最強便當」的神店，雖然藏在小巷子裡，但人氣爆棚，內用外帶幾乎都是客滿狀態。《食來運轉》最便宜的便當只要130元，不只主菜選擇多，還能無限續加滷肉飯，配上奶茶、奶綠等四種飲料通通免費暢飲，老闆根本佛心來著，怕你吃不飽不怕你吃太多。《食來運轉》也難怪Google上超過3000則好評，幾乎人人都說CP值高到誇張，用餐時間不提早來絕對排不到位置！ 被銘傳大學、文化大學與士林高商等學校學生稱為士林最強便當的《食來運轉》，真的是一個超神奇的士林夜市美食，很多人都是從學生時代吃到現在，位置就在士林夜市裡面小東路巷弄裡，從捷運士林站走過來《食來運轉》大約是2分鐘，從捷運劍潭站走過來也差不多。 《食來運轉》的餐具是自取，用餐環境也算是不差，至少現場沒看到小強亂竄，《食來運轉》飲料直接有四種飲料可以自己去裝，一般便當店可能只有紅茶，這邊連奶茶奶綠都有，口味就非常早餐店，奶類的奶精加好加滿，喝起來還蠻爽的，但都是免費無限量供應，也不要要求太多。 PS:現在飯只能加一次了，可以行動支付，還有發票喔！,食來運轉 位於士林夜市內 旁邊巷子可以直接穿進去 算是一家士林在地知名店家 人潮多需要排隊 用餐時間可能需要等候一段時間 店內空間較大 翻桌速度一般 點了鹽酥雞塊飯¥130 上菜速度不慢 很快就拿到餐點 一開始的飯量給的較少 配菜部分皆較鹹 適合下飯 雞塊部分走古早味式炸雞塊 吃起來口感不差 認真吃其實一下就可以把整盤吃完 另外會有人員不定時出來詢問是否要飯 對於食量大的人來說實在是很可以 蔥爆牛肉飯¥130 吃起來牛肉也不算太硬 中規中矩 整體來說就是一家吃粗飽的店家 但是餐點整體又不太差 吃起來算好吃 相信人潮會多一定是有他的原因在的 回訪意願算高 但下次可能會避開人潮時再用餐
ChIJpzAkec2rQjQRLYceVmNNtq4,位於威秀二樓，內用環境舒適，壁畫有可愛的義大利風貓咪。平日晚上用餐人不多，不太會趕人。薯條好吃。 《秘製鮑魚番茄奶醬大水管麵$490》 口味偏辣偏台式，水管麵Q彈好吃。 《奶油燻鮭魚櫛瓜麵$400》👍 清爽好吃，燻鮭魚放在麵上呈現半熟狀，奶油口味義大利麵不會太膩。 《羅勒青醬牛肉Pizza$480》 普通，可點可不點。如果要點pizza建議選起司加量，否則吃起來偏空虛。 《清炒綜合海鮮義大利麵$470》 口味偏台式。 《紅酒牛頰燉飯 $430》 燉飯米心偏軟。 《米蘭布丁$130》 甜點布丁口感是紮實派，不是滑順軟嫩的那型。口味普通，沒什麼亮點。可吃可不吃。奶油還不錯。 #信義區義式,整體餐點都覺得還不錯，只是麵種沒辦法換有點可惜，大寬麵嘗試後小失望、披薩有點太濕，味道都被辣粉蓋過,前菜的明太子義式香料炸雞好吃，皮不會太厚很脆，雞肉很嫩，明太子不夠可以再加 杜蘭小麥酥炸透抽也不錯，搭配檸檬和附的醬不會膩 披薩點了雙拼-酸豆燻鮭魚+櫛瓜蝦仁披薩，其中的櫛瓜沒味道而且有點出水，蝦仁則是太硬，起司也救不了 酸豆燻鮭魚就還行，基本上酸豆可有可無，燻鮭魚配起司有點單調但是可以給過 整體來說，前菜好吃，披薩偏失望，該有的服務基本都有，價格都算合理，雖然沒有太驚艷，但整體來說也不會雷，假日來生意挺好的，不管是朋友、情侶還是家人用餐都算適合,羅勒松阪豬義大利麵青醬很濃郁、堅果添加風味👍🏻 墨魚干貝燉飯海鮮清甜不膩口～,10/23是more生日，也是朋友生日。 A.優惠活動標示不清，說詞前後不一。 大約兩週前預約十人慶生，預約時有確認慶生優惠，答覆為：1.一隻帳號打卡即贈送一份冰淇淋或者湯品；2.壽星有會員全單八五折。可以同時使用兩種優惠。3.可以自備蛋糕，店員會協助整理送上桌。 今天到場，大家拍照打卡轉發，被告知1.整桌只能贈送「一份」湯品或冰淇淋（但這張桌子上有十個人欸…？）；2.結帳時被告知，第一和第二優惠只能「擇一」進行。 B.菜色問題 今日點餐餐後至少等了40～50分鐘才上菜。 pizza 焦黑、料很乾幾乎沒什麼鮮甜感，雙拼品項之前都點過了，落差很大。 另一份有問題的白醬鮭魚義大利麵，同桌點了兩份一樣的品項，口味天差地遠。一直到兩位朋友交換吃彼此的麵才發現口味差異（一碗是水煮麵條、一碗是正常好吃的燻鮭魚白醬，有附上兩位朋友第一盤餐點吃到一半的圖，調味看起來就有差異）。店員反應之後，有再補一碗一模一樣的，水煮麵條卻變的超級鹹，同桌10人都吃不下去，並非個人口味問題。 此時這位點餐的朋友已經不想再向店家反應，因為不想再吃一碗麵了… 同桌五人點同一品項餐點：青醬松板豬義大利麵（但仍然等了40分鐘？）很好吃，一如既往。 C.服務態度 扣分：1.店員並未在點餐時主動告知more生日活動，是我們點餐後要打卡兌換湯品才有說明。並且之後在結帳時是有我們提醒店員才說：「啊不知道時間過這麼快，今天有85折」。2.今日餐廳沒什麼人，桌上的水一直沒有被補滿，也沒有整理桌面。（聽店員後來的致歉是人手不足。） 加分：1.我們有自備蛋糕，吃飯前一小時拿到餐廳冰，店員有幫忙擺盤與點蠟燭，小花畫龍點睛，真的弄得很漂亮！這點壽星很開心，真心感謝。2.寫完pizza的評論後，店員立刻有補償兩張pizza 卷和一杯飲料卷。（今日餐點有點兩個pizza) 經常吃more， 平常去餐點真的還不錯，今天提前訂位、帶了朋友又是特別的日子，卻失望透頂。
ChIJqQnsZmarQjQRPbMWsX43yfw,點了花蛤烏龍麵（大），烏龍麵好吃就不多加敘述，湯頭也好喝但是裡面蠻多花蛤的碎殼，如果能濾一下碎殼就再好不過了。,丸龜製麵感覺不管開在哪間百貨 每家生意都好好 雖然百貨很多美食可是沒有像丸龜這樣CP值高 份量剛剛好、好吃、平價，翻桌快速又不用等太久,各類湯頭可續湯，烏龍麵很Q彈有勁，配料炸物有多種選擇，有飯也有烏龍麵，搭配多元，佐料也開放自取，現場座位多。,🇯🇵環境 店裡是走日式簡約風，木質桌椅加上開放式廚房，看得到師傅在後面忙進忙出，現煮現端的感覺很安心。座位安排不算壅擠，適合一家人或朋友一起來快速解決一餐。 🍜餐點 烏龍麵真的 Q 彈，滑順到筷子不小心會變溜溜球。湯頭有清爽派（像時蔬豬肉烏龍麵）也有重口味派（番茄雞肉烏龍麵），各有特色。配上炸物小點（像炸雞、炸魚或關東煮）更是經典組合，可以自己加蔥花和蒜泥。 👛價位 中碗大概 130～150 元左右，大碗再多 30 元上下，算是可以接受的日式快速料理價位。以麵的份量和口感來說，CP 值還不錯。,服務人員不論男女都很親切、熱情，主動詢問適時提供服務！ 店內桌椅位置稍嫌狹窄，用餐時間許多客人吃完不走…直接打起傳說對決或滑影片 導致店內客人沒有座位可以坐😵‍💫 但有公德心的客人還是居多👍 今天點餐⬇️ 三號豚骨烏龍麵（湯）大碗-烏龍麵Q彈有嚼勁，豚骨湯頭清甜微濃，肉片算多並很夠味，店內用餐可以免費續湯（記得湯匙要拿起來） 炸物-咖哩可樂餅、炸雞 咖喱可樂餅味道很足夠，可惜放比較久..所以冷掉了😭但依然還不錯！很純粹的可樂餅，沒有以往的玉米粒之類配料，純咖喱口味的馬鈴薯泥 炸雞的皮算厚脆，雞肉入味絲絲分明，是類似頂呱呱那種炸酥的炸雞 多汁或炸香的炸雞各有所好，都挺不錯吃的👍
ChIJqX7CxKesQjQRWduxZ7juYTM,2026.02.26 到訪用餐🍽️ 公司聚餐選在欣葉小聚，就在南港中信金融園區的A棟，不過入口是要從外面進去，裡面會找不到欣葉在哪裡🤣 人多這次是訂包廂（有低消，但不確定是多少），包廂座位算舒適，關起門來就可以隔絕外面的吵雜，整體還不錯👍 因為這次共12人用餐，餐廳人員也很細心的說餐點可以幫我們依照我們點的數量調整每道菜的份量大小，這點很不錯，不然其實會有點不知道該怎麼點比較適合🥹 - 這次人多所以吃了非常多道菜！特別印象深刻大推的： ✨淮山燉雞鍋：蠻大一鍋，香氣十足，雞肉也燉的很入味也很軟，香菇🍄‍🟫跟湯超搭，感覺還有一點點🤏中藥材味道（？），吃了很溫補的感覺 ✨海鮮豆腐煲（？）：海鮮新鮮，豆腐軟嫩，搭配上一點勾芡汁，很喜歡 ✨紅糟松阪肉：喔喔喔真的必點，超級好吃，肉質很好，帶有松阪肉的微脆感，再加上紅糟，配上他的沾醬，真的好完美 ✨烏魚子炒飯：炒飯炒的很好吃，鍋氣十足，而且真的吃得到烏魚子，好吃到我們直接再點第二次大份的炒飯🥹 其實菜都做得很不錯👍 欣葉讚讚！ 甜點的部分，杏仁豆腐的口感很特別，有點麻糬感，有一個炸的捲（忘記名字）是炸杏仁豆腐捲，不錯吃！仙草芋圓冰也很讚，不會太甜然後芋圓給的很足夠！,雖然說是台菜但感覺有點創新的元素在，像是紅糟肉用豬頸肉、青龍皮皮挫用皮蛋炒糯米椒的組合（不辣又爆汁，好吃），感覺都不是完全按照傳統的菜式。 推薦金蒜正中卷，中卷新鮮、粉絲Q彈、醬汁蒜香到位。花干炒肥腸和紅麴豬頸肉也都不錯。甜點的杏仁豆腐居然是Q的！口感很有趣。 茶的部分大推龍眼花茶！龍眼香氣撲鼻而來，又不會甜，很療癒的味道。 服務好上菜快環境舒適，是一家很適合家庭聚餐的台菜餐廳。,份量不算大 七個人有男友女吃八人套餐剛剛好 餐點整體都不錯吃 但頗油 吃完口很渴（可能調味蠻多的） 上餐速度不算慢 不過午餐時間只有一小時的話會來不及～,連續7年米其林必比登推薦台菜名店，餐點口味層次豐富沒有過多調味，菜色也跳脫了傳統的口味，著實吃的出來廚師的創意與功力。 店裡的每位服務人員都非常親切有禮貌，主動替客戶外套蓋上防止味道的衣套，櫃檯也是不斷詢問口味是否滿意，是值得再訪的店家。,周日晚用餐 兩人單點三菜一湯一壺茶共1800。 蓮藕炒水蓮，整盤蓮藕佔了6成以上。 桔汁中卷，油太厚，品質不穩，整盤沒幾個中卷都是地瓜。 蛤蜊瘦肉湯，豬肉很棒有彈性不柴！ 服務很好，但出菜品質開始落後美麗華分店
ChIJq_1oDQmpQjQRlMaxMHpr3PU,,,,,
ChIJqcTs72muQjQR6_66vECtOOs,無論是年假到暖春、盛夏到秋末、綿綿細雨到萬里無雲，從雍翠庭的落地窗看出去的一年四季總是療癒人心。 用餐氣氛：高級但不疏離，溫暖得像是被大樹擁抱，每次用餐完畢都能感受到身心能量滿格。 套餐餐盤挑選細緻，雖然窗外是山景，卻能帶給食客乘風踏浪的感覺。 餐點： [午間精緻套餐] 前菜-梅汁釀番茄、梨山紅茶燻花枝、紹興醉雞、星蔥美人腿：每一道冷菜都充滿巧思，食材處理細心，口感層次分明，調味和諧，即使食用順序不同也不會與其他菜品衝突，酸、甜、甘、鹹以及微微的辛嗆交織其中，為一餐做很好的開頭。 湯品-山藥薏仁燉雞盅：雞肉入口化而不爛、山藥鬆而不散、湯頭濃郁，尾韻滿滿的鮮甜，軟糯的薏仁增加了湯品豐富的口感。 主食-香辣豉椒南非鮑：可以調整成不辣的菜品，鮑魚口感極佳，十分新鮮，以湯底與寬麵作為取代方案 既不突兀又能提升鮑魚的口感及鮮度。 主食-蜜汁堅果豬肋排：肉品油脂分布均勻，堅果提香，醬汁風味偏重，需搭配沙拉或飯食享用。 主食-五柳醋溜香酥魚片：薄如蟬翼的脆皮包裹滿滿的魚肉，搭配剛剛好微酸微甜的醬料，非常好吃。 副食-櫻花蝦野菇娃娃菜：以滿滿的櫻花蝦作為基底，穿插菇類做口感的緩衝，巧妙彌補娃娃菜本身味道單調的不足，看似清淡的料理，卻能讓人印象深刻。 餐後甜點-寶島四季時鮮果：過去不喜歡套餐的水果，但雍翠庭總能用最簡單的四片水果收服，單純是新鮮、不出水、酸度跟甜度適中，卻讓一餐吃得很乾淨很舒服。 餐後甜點-薑汁芋圓地瓜盅：餐廳以夏涼冬暖的方式呈現甜湯。 地瓜軟透、搭配彈牙的芋圓，兩種配料以最原始的方式呈現，搭配甘甜的薑湯，讓胃整個暖起來。 不得不說套餐菜單設計真的很細心，這樣的搭配百吃不膩。 ————————————————————————— 單點海鮮-活龍蝦：龍蝦肉質扎實不過脆，風味單純鮮甜。 單點熱炒-尖椒腰果丁香魚：吃過最好吃的丁香魚，搭配解膩的糯米椒，並以腰果點綴，讓整個風味不是只有微鹹，還有甘甜跟焦糖香氣，每次必點下飯熱炒。 單點素食-什錦鮮蔬羅漢粥：從沒有想過自己會在飯店吃粥品，但此料理正好跟尖椒腰果丁香魚是絕配，看似清淡的粥真的很不簡單，粥體不會太稀、每一粒米都飽滿吸收湯汁，以素食菜餚來說，能有如此豐富的鮮味真的不容易。 單點飯-金沙烏魚子炒飯：烏魚子絲像一頂帽子蓋在炒飯上，微微的鹹香畫龍點睛，而且沒有腥味，炒飯粒粒分明，米心有透且不過油。 單點麵-麗禧紅燒牛肉麵：感覺吃到了手工麵條，口感極佳，湯頭入味，牛肉肉質適中，份量非常大，二～三人分食剛剛好。 來訪多次，用餐品質始終如一，服務人員態度十分親切，整體用餐體驗很棒，會讓人不斷期待下一次的到來。,空間位置很大不會跟隔壁太近吃飯配山景很棒，帶雙胞胎戰車一起去也很好移動，不會影響到別人，午間套餐菜色很精緻上菜需要一點時間很新鮮的海鮮炸物吃起來也不油膩，下次要再帶長輩一起去吃飯,推薦指數：🌕🌕🌕🌕🌘 享受程度：🌕🌕🌕🌕🌕 再訪意願：🌕🌕🌕🌕🌘 雲霧繚繞中吃上米其林認證的優雅台味。 麗禧酒店是許多人到北投泡湯的頂級首選之一，而作為連續三年蟬聯米其林指南推薦的餐廳，「雍翠庭」更是替我們這次一泊二食的套裝行程增色不少。 走進餐廳映入眼簾的是那面 270 度的三面環景窗，配上色調典雅的裝潢，那種被大屯山的疊翠與氤氳包圍的靜謐，讓原本因為泡湯而鬆弛的神經，又多了一層滿足的儀式感。 餐點主打將台灣在地食材做「法式化」呈現，雖然是台式靈魂，但擺盤讓每一道菜上桌都像是 fine dining 般精緻，份量也是恰到好處。在山景陪襯下大啖如此美食，完全對得起它米其林推薦的名號。 雖說北投麗禧的價位本就不低，但泡完湯、全身舒展後，能在雍翠庭感受這種歲月靜好的氛圍、體驗精緻台菜的饗宴，仍可謂是人生一大樂事，夫復何求。,2025/10 以前只吃過隔壁歐陸餐廳，第一次吃雍翠庭，午間套餐$1380五菜一湯一水果一甜點。擺盤算精緻而且整體味道都不錯，上菜也不會太慢，因為幾年前去吃歐陸等到發飆。中午套餐價位可以接受。可惜今天下雨景色沒有很漂亮，不然更加分,餐點精緻、服務佳，但人ㄧ多就吵，聊天講話都聽的到，不過平日比假日跟過年好很多，節慶日真的不用捨近求遠的來吃飯
ChIJqcTs72muQjQRZrBTzCnlQVs,*特色：北投麗禧酒店內的西餐 *餐點：今天點了雲林安格斯黑牛肋眼牛排 雙人份(15oz) 套餐，前菜都不錯，擺盤以及口味都不錯，細緻又好吃，服務人員仔細介紹菜色的細節；牛排口感口味都很棒，完勝近期吃的圓山牛排館＆莫爾頓 *服務：優。普遍都良好面帶微笑，仔細認真地介紹每一道菜色的細節 *景觀／氣氛：位於飯店1樓，可以觀看美麗的山景，氣氛好 *價格：平均而言一人消費套餐大約在1500到3000之間。水資一個人120 ，可選礦泉水或者是氣泡水，可以續加。 *停車：停車位多，地下室3樓4樓5樓，但遇到假日，空位並不多 *網路：Yes,"今年的初二家宴, 我們選在北投麗禧酒店內的歐陸餐廳. 歐陸餐廳主要提供法式、義式等的歐陸創意料理. 有主菜肉品, 海鮮, 甜點…等, 採精緻料理的風格走向. 餐廳設計優雅, 有大片落地窗可俯瞰山景, 輕鬆舒服的氛圍, 用餐環境極佳. 餐點的部份我們選擇了1,680 的套餐組合. 自製麵包有三種不同種類以及口味, 有原味法國麵包, 竹炭麵包以及紅酒桂圓鹹蛋黃麵包, 其中最喜歡的是有碳火柴香的桂圓麵包 開胃小品: 結合兩種不同哈密瓜的清甜, 加上炸薯泥球, 是一道特別且味道不衝突的料理. 開胃菜, 蕃茄布拉塔沙拉: 蕃茄搭上布拉塔起士再加上濃縮番茄清湯汁, 是一道非常清爽的開胃菜. 湯品, 松露牛肝菌菇湯佐北海道干貝與防風草: 湯頭濃郁, 松露及牛肝菌菇的香氣深厚.北海道干貝入口即化. 熱前菜, 季節鮮魚佐魷魚螺肉蒜: 鮮魚煎的香香酥酥的, 魷魚的口感柔軟帶一點點彈性, 搭著螺肉蒜熬煮的湯汁, 別有一番風味. 主菜, 紅酒燉澳洲巧克力和牛臉頰: 和牛臉頰肉相當細嫩入口即化, 醬汁帶有紅酒的酸香與牛骨膠質, 很滑嫩很好吃 珍珠玉米雞/北海道干貝: 以舒肥方式烹調的玉米雞, 保持雞肉本身的自然香甜, 也是柔軟的口感. 搭配著北海道干貝, 乾淨舒服 甜點, 法式千層酥/草莓/蜜柑/柚花: 主廚很用心的在千層酥的上端放上一個以酥片做成的小元寶. 精巧又可愛. 千層酥的中間夾了草莓及蜜柑. 一口咬下除了有千層酥的酥脆, 巧克力的香甜, 還有水果酸甜酸甜味道. 口感與口味多樣層次爆發, 很特別也很好吃.餐廳還另外備有一小杯草莓汁供客人搭配著吃. 另外還有一小碗的柚花開心果冰淇淋(這是我最喜歡的冰淇淋口味之一). 柚花的清酸與開心果的香甜互相壓制著, 讓冰淇淋不會太膩, 也很好吃. 飲料: 咖啡或茶 這一餐吃完, 解鎖了好多項從未吃過的料理方式, 食材, 口感, 以及擺盤設計. 超級棒的精緻料理套餐, 喜歡的朋友可以來嚐嚐.",2025/12/23 一泊二食＆慶生自帶好酒 服務態度：第三次用餐但這次令人不悅😡。入住時交付櫃檯上萬元的紅酒，請餐廳醒酒3/4，另1/4留瓶。 用餐時看到餐廳收開瓶費$ 1000但將紅酒橡木塞開到＂肢離破碎＂無任何歉意表示只是提已拿另一個瓶塞塞回酒瓶⋯⋯。 看著上萬元的酒就這樣在他們的過濾來過濾去不知損耗多少還敢收開瓶費？！ 氣的不是餐廳開壞酒，而是他們連歉意都未表達好像很一般不值一提…。 餐：就常吃美食的人來說，餐無亮點但也無雷。就兩千多元的餐算還可以。水資另算$ 120/人。 麵包提供三種，可續但不提供打包。 另慶生必須是當日壽星．．而非一定區間，相較其他飯店，規定較死板。 氣氛：燈光＂昏黑＂，較之前暗許多，連對面人臉都看不清的暗。偏向國外餐廳的style，好處是女性也不用化妝了～😄,今天換嘗試歐陸餐廳的西餐，特別讓我驚艷的是前菜蕃茄泡芙、菌菇濃湯品，極富層次的口感外，花香搭配北海道干貝鮮味，這種融合又新奇的味道，很難用言語形容！搭配卡農音樂品嚐美食，這次只拍照不拍影片，留時間慢慢品味☺️,有個鹹蛋黃口味的麵包比較吃不懂，其他都很棒，如果提供甜點畫盤的服務(生日、紀念日)就完美了
ChIJqxSUlAypQjQRx1e_MFwNIdg,港式點心尚可，走穩定路線。 不花巧，不賣情懷， 味道在，份量對， 讓人可以安心把一餐吃完。 翻著餐牌， 法式烤魚排、西西里番茄牛肉飯、 日式拉麵， 還有養生甜點與幾樣素食。 看得出來，是在照顧不同人的胃口， 也是生活慢慢調整後留下的選擇。 溝通很直接。 沒有浮誇的「歡迎光臨」， 但需要的時候，人都在。 服務人員把事情做好， 盡力、不囉嗦， 那是一種熟練後的體貼。 裝潢看得出來是上一手頂讓的， 沒有特別翻新， 但乾淨、可用。 在偏西式的空間裡吃著港式點心， 不突兀， 反而像很多移民的日常 - 先撐住，再慢慢來。 務實、取捨、把日子過下去， 這些細節，都很香港。 老闆，加油。,鄰近捷運站的港點店，蠻受外國人歡迎的。 第一次來到先點了綜合燒賣、蝦餃、叉燒包和日式拉麵試試，燒賣每種味道都很足夠，內餡飽滿，個人覺得比多數連鎖店好吃，日式拉麵是有點類似乾拌麵的感覺，吃辣的人推薦加點辣，整個味道會提升很多，點套餐附的蝦捲和高麗菜也好吃。 附近有停車場，但蠻容易客滿，推薦搭乘大眾運輸前來，1樓座位較少，聽說還有地下室座位但還沒機會參觀。有機會會再訪。,入座後店員快速帶位入座，地下室還有很多位子。有多種語言的菜單可以看還有照片。 餐具與水杯自取，廁所有兩間還滿加分的。生意還滿好的，入座後一直有客人入入續續地進來。 鮮蝦腐皮卷100 皮有一點油，附上了一盤醬料，比較帶酸感。我沒有很愛，腐皮卷很好吃 五小福燒賣 黃色皮的蝦子滿多，口味很棒。 松露口味的調味很適宜。 綠色皮的像海鮮的口味，有玉米很清甜。 紅色麻辣口味也很香，辣度台灣人可以接受。 咖哩豬 咖哩的口味很清新，滿好吃 番茄西西里牛肉飯 醬料跟飯是分開的，醬料看起來很像羅宋湯。吃起來真的很像醬料版的羅宋湯 整體來說是都還滿不錯的，沒有太地雷的東西。最滿意是五小福燒賣，會願意為了這個餐點特地回來吃。,港式餐廳 服務親切，餐點好吃， 點了麻辣手工拉麵燒賣叉燒包 個人喜歡麻辣拉麵！好吃！其他也都不錯👍 環境乾淨舒服👍 能用linepay或現金 會再回顧！,週末過去用餐，客人蠻多，所以坐到地下室。 看IG說老闆是香港人，想說餐點應該很道地， 結果餐點普通，沒有驚艷，不難吃，很普通，但完全不像香港餐點。 賣的品項沒有很多樣。 一次店。
ChIJqxr9UO6rQjQRw9xnehrCHvg,每道料理都驚艷，平常比較少機會吃到的千層麵和carbonara都點了，無論是香氣（起司鹹香、肉醬香）或鹹度的掌握都好，丁骨牛排熟度也超完美，同桌剛出遊義大利的朋友表示每道料理彷彿又帶他去到義大利，店家態度也很熱情，用餐氛圍很好，推薦大家,總覺得千層麵是一門關於耐心的藝術，工序極其費時，與其在家折騰，不如來這享受現成的美味。這裡的千層麵紮實且飽足，每一層都透著手工的誠意；豬肋排更是點睛之筆，絕對值得為了它專程走一遭。 最令人驚喜的莫過於兩款海鮮麵食：薩丁尼亞海鮮珍珠麵吸飽了海洋的精華，米粒般的造型卻有著令人著迷的Q彈嚼勁；蒜香辣味海鮮麵則滿溢著濃郁蝦鮮，微微的辣度與蒜香勾勒出大海的鹹鮮，每一口都讓人食指大動。,-⭐️無花果·生火腿：當天最喜歡的一道菜，因為隨口問了店員有沒有這樣的搭配，沒想到店員推薦我們點這道菜還附了絲綢乳酪的邊角料給我們試吃（根本就不邊角，很大塊！）絲綢乳酪滑順口感像奶酪，淡淡的奶香很清爽，加上無花果的甜、生火腿的鹹香=💯 -烤雞馬鈴薯麵疙瘩：烤雞咬下去會噴汁很驚艷⋯雞皮又脆又香平常不敢吃也超愛！馬鈴薯麵疙瘩吃起來像小顆的薯球，沒什麼麵粉感附的橄欖油沾烤雞意外很提香！ -義大利經典肉丸：肉丸很大顆！配上番茄醬的酸香再加麵包一起吃超讚！麵包脆脆香香🥺 -肉食主義千層麵：ㄟˊ最招牌的千層麵反而覺得最普通，麵體跟肉醬起司融在一起沒什麼特別口感，肉醬很重口味又辣，吃下來蠻膩的 兩人吃下來$2000左右蠻貴的但有飽！店員很會介紹又會幫忙組合菜色，感覺得出用心～店內裝潢很溫暖，很適合來享受聖誕氛圍！,📍千層吧 The lasagna 位於民生社區裡的道地義式餐廳🇮🇹 2026/01/10 預約11:30來訪 內用座位桌數不多記得提前預約訂位！ 當日接待的店員們都非常親切又有熱忱 點餐時會建議口味 上餐時也會介紹食材 桌面真的不大 但整體溫馨氛圍感瑕不掩瑜 ✔️ Insalata di Spinaci NTD$680 菠菜無花果沙拉 寇帕火腿✕紅石榴 爐烤卡門貝爾酥包✕胡桃 每樣食材放在一起搭配的非常好 尤其爐烤後的麵包非常酥又帶嚼勁😋 ✔️Rossa茄汁經典肉丸NTD$180 咬下去juicy好吃 但其他品相太厲害了肉丸稍微缺少記憶點 ✔️Lasagna手工千層麵Siciliana 清爽南義NTD$350 果真是招牌必點千層麵✨ 裹滿肉醬的麵和層層餡料（櫛瓜、肉末） 口感超豐富超級好吃！！ ✔️Cannoli西西里之風NTD$280 卡諾里捲心餅（2pc)✕開心果冰淇淋 濃郁厚實的開心果gelato搭上滿滿內餡的cannoli真的是人間美味🤌🏻 捲心餅內餡更帶有柑橘香氣令人非常驚艷,菌菇雞肉千層＞蕃茄肉醬千層＞墨魚波浪麵（碳燒味+超鹹） 起司冰糕👍＞開心果冰淇淋＞提拉米蘇 蕃茄生菜沙拉：味道不錯，可惜沒幫我加到無花果 熱情××紅酒……太甜，好像在喝糖漿 桌間太近，桌面空間小，份量有些小，不然很棒！
ChIJqzV-SFuuQjQRIpnzP-xiypc,有五百盤的餐廳，可惜很多招牌菜要很多人才能吃。但整體上還是相當有水準的，左宗棠雞、清蒸鱸魚、乾癟四季豆配餅皮，都很棒 也有提供兩人位置很貼心，不是只有圓桌。,餐點非常好吃💕服務人員也都好親切 當時媽媽原本想再點一道麵，服務人員貼心提醒我們四人可能會太多～結果後來真的吃得很飽，慶幸聽了建議未加點那道，也非常感謝服務人員的用心！ 餐點的部分： 豬肝很清爽、辣皮蛋窩窩頭很開胃、老皮嫩肉軟嫩的恰到好處、炒飯粒粒分明不油膩、四季豆配餅皮很有飽足感、酸菜牛媽媽很喜歡、豆酥魚細緻入口即化，每道菜都各有特色，整體口味水準都很高，吃得滿足又愉快🫶🏻 下次去想吃稻香牛～🤎,服務人員態度非常親切、餐點細緻、環境好 還有一些500盤餐點、麻油雞飯⋯等 下回人多再來吃⋯溫泉季買券1000可消費1200⋯旅展好像到11/16、11/17的樣子,奇岩一號川菜真的超級好吃！每道菜味道都很到位而且無雷耶！麻辣冷豬肝、老皮嫩肉、藤椒酸菜豬、擔擔麵都超好吃！夏天限定的仙草聖代也爆好吃😍😍😍 從停車到餐廳服務，所有員工的服務都超好的！ 川菜真的要人多一點才能吃到多一點菜色！真恨不得自己有好幾個胃可以多吃一些😅 大地酒店一樓那個圖書館超美，好適合拍網美照！,從停車開始就是很好的體驗，警衛很貼心的告訴我們車子停放的位置與大門的距離，出口的時候還會幫你指揮交通。服務人員都很貼心，也很熱心，知道我們有臨時性的會議還幫忙安排安靜的商務房間，讓我們開視訊會議。 胡麻檳榔花：很清爽開胃 辣椒蛋也頗有特色 稻荷牛聽說是名菜，但是我不吃牛。同桌的客人覺得很好吃 海鮮豆腐煲可惜的是蛤蠣有一點點腥味 酸菜魚就非常推，因為他用的是龍膽石斑然後做的是沒有那麼油那麼鹹的口味，搭配油條頗有創意。 剁椒魚頭選的是大頭漣，而且是曾文水庫的沒有那麼多腥味肉質很嫩，記得點他的手工麵線豁著湯一起喝很好吃 這次吃太飽 下次一定要來試他的麻油雞油飯
ChIJr1cQsgCqQjQRyN_8_vfFBm0,是朋友高中吃到現在的店 聽說以前100元以內…. 現在一盤義大利麵價位大概160-225💰 份量正常偏多，還可免費加麵一次！很佛心 香蒜白酒蛤蜊細麵175💰 米蘭茄汁海鮮麵225💰 粉紅醬起司雞肉麵185💰 白酒蛤蜊細麵好特別！細到比米粉再粗一點的那種😹蛤蜊很大顆～大概9-10顆，吃得很開心～一上桌就聞到蒜香的味道～沾著盤底的橄欖油，微辣且重口味的一盤👍🏻米蘭茄汁海鮮，茄汁濃郁、透抽蠻好咬的；粉紅醬起司雞肉麵雖然菜單上寫微辣但吃不出有辣～整體奶香味很夠！ 餐具自己拿，不收服務費 水可以跟店家拿🙏🏼,隱身在景美夜市外圍的巷中巷內 很難發現到餐廳，用餐當天晚上雖然是雨天裡頭卻很多人！裡面比我想像的大很多，很像一間澳門城堡的外型 餐點呈現都比較符合學生，我點的奶油鮭魚義大利麵，除了少許鮭魚，更多的是野菇及高麗菜碎….其實我看到高麗菜碎摻在義大利麵裡面整個看起來很雜亂，很像ㄆㄨㄣ🥲 雖然口味沒有不好，只是賣相看了不是很好而已，但沾炸物的蜂蜜芥末醬蠻好吃的 整體很適合喜歡吃俗又大碗的族群👍🏼,🍝 位於台北市文山區景興路的「MINT PASTA 綠薄荷麵食坊」是一間學生族群可一路吃到畢業的高CP值義大利麵店✨。距離捷運景美站步行約 7–8 分鐘即可到達。店內座位多、翻桌快，雖然人多時會稍微吵雜，但整體用餐上仍然舒適。選擇超多、價格親民，是附近居民與學生都很常回訪的店。🚶 🍽 餐點亮點 🍝 粉紅醬雞肉義大利麵 濃郁粉紅醬給得很有誠意，整盤拌起來完全不會乾。雞肉使用雞胸但口感不柴，奶香與番茄的比例順口、不會辣，是店內很穩的選擇😋。 🦪 清炒蛤蜊義大利麵 蛤蜊量多又大顆，海味十足。生辣椒的辣度明顯，清炒整體風味清爽但帶刺激感🔥，蒜味淡淡在後段出現。麵體偏細，是這家店的特色之一。 🍅 海鮮番茄義大利麵 海鮮食材都新鮮，蝦子已幫忙去殼很貼心🦐。番茄基底濃郁帶酸香，調味夠力、味道飽滿，屬於比較重味的義大利麵類型。 📍 店鋪資訊 🏠 MINT PASTA 綠薄荷麵食坊 📍 地址：台北市文山區景興路 274-2 號 🚇 交通：捷運景美站步行約 7–8 分鐘 ⏰ 營業時間：11:00–21:00（最後點餐 20:30） #台北美食 #文山美食 #景美美食 #台北義大利麵 #平價美食 #學生美食 #台北餐廳 #義大利麵推薦 #美食探店 #台灣美食,環境：☆☆☆ 服務：☆☆☆☆ 食物：☆☆ 初來乍到，MINT PASTA綠薄荷食坊，上完仙跡岩來凡跑覓食 古典肉醬麵 沒有意外是Prego哈哈，麵軟爛了些 義式鮮菇燉飯 米心可以再不透些，秀珍菇、蘑菇與雞肉上可 玉米濃湯 是有馬鈴薯丁比主食更強 紅茶 一般般 巴斯克 更像是乳酪蛋糕,南瓜濃湯-55: 湯的味道夠濃也不會太膩，與之後的餐點口味上有明顯的不同，故認為是蠻好開胃的第一道，有少量的培根點綴，但沒有感受到培根帶到的香味。 法式燻鴨麵-185: 麵的硬度為偏硬，是非常好入口的，但是鴨的部分和麵與醬汁個人認為沒有融合在一起，有點像是各扮演各的角色，且醬汁明顯感受有點多，湯湯水水的，收汁的比例或許可以再高一點。 綠榕蛤蠣麵-195: 融合奶油和青醬的醬汁，算是很安全的組合，也可以滿足想吃奶油又想吃青醬的人，蛤蠣也很新鮮，是個很宜人的品項。
ChIJr52_JZ2pQjQRQ_UeWocNMTE,若是以貓咖啡廳的角度來看是可以 餐點：當天點的薯條來了有點嚇一跳，是吸滿油軟的口感 店員：沒有什麼服務熱情 口訪意願：😅,大家都很認真上班 萌！ 店員親切～ 要注意進出要請店員幫你開門 （不然貓咪會跑出去🤓,餐點都是好吃的，很幸運剛好遇到貓貓的下午茶時間，有餵了一點貓條和零食。女兒還把貓貓哄睡了呢！真可愛,生日當天來這裡開心的畫畫 覺得氛圍很好整個體驗都不錯 但就是覺得服務有點冷漠 不知道是不是剛開店就進去的關係 店員看起來都蠻厭世的 剛開始進去也沒有告訴我 是畫畫的話該怎麼點餐怎麼消費 也沒有告知說用具在哪裡什麼的 我就坐在那裡乾等 後來還是我自己找到顏料那些 也完全沒有跟我說畫筆跟調色盤那些在廁所裡 也沒有說有圍裙可以穿 一開始其實都不覺得怎樣 可能是這間的風格？ 但是到我要離開前 也有前來畫畫的人 店員可能下午心情好就跟他們介紹許多 也直接拿圍裙給他們穿 我就覺得 哇 原來會挑人服務 感受其實蠻差的 雖然店內舒服貓咪可愛 下午三點後店員比較不厭世 但不會再去體驗這種差別服務,舒適放鬆的環境，很適合好好的在店內喝一杯咖啡，看看好動的喵咪～ 熱熱鍋煮奶茶香氣，讓心情更加平靜😌
ChIJr9JFPW-pQjQRvynzM2OVS6I,今年娘家宴選擇老字號的青葉台菜，比起精緻的桌菜料理，家常菜更符合家人喜歡的口味，所以選擇用單點的方式。 嚕肉非常軟嫩入味，在我爸這邊給了高度評價（第一名永遠是我媽的嚕肉無人能及，哈哈），蚵煎很特別，像是蚵仔煎+海鮮煎餅的綜合，香煎豬肝很嫩，炒四絲有炒出鑊氣，蒜頭蛤蜊雞湯非常鮮，烏魚子炒飯和脆皮大腸也好吃，菜脯蛋好吃但有點鹹要配飯，本來要點黑白雞拼大概過年期間太多人連換兩次都買光，餐廳招待了一道三杯雞。 連甜點共20道料理不到8000元，CP值很高，家人們吃得開心，適合多人聚餐。,超乎預期的好吃而且CP值很高 此次用餐10位 九菜一湯兩甜點人均才一千初 二樓圓桌有點吵，下次再去要訂包廂 推薦菜： 黑白雞拼（大）$720 又香又嫩 菜脯炒飯（大）$500 鑊氣十足 炸酥冬（大）$640 酥脆不油膩 雞卷兩份$480 很特別的做法，很喜歡 干貝海鮮白菜卷（10人份）$1300 這個也非常好吃 如意魚卷（10人份）$1250 糖醋的味道非常夠味 蛋黃大蝦$240（尾） 很特別必點 芋棗（10顆）$450 酥香綿密,第一次來吃鼎鼎大名的青葉台菜 依照上次抱有很大的期待吃另一個集團某🌳台菜的經驗 不敢抱有太大的期望 因為適逢年節 很多菜色跟在家裡吃的年菜接近 所以避開了很多招牌菜 我們點了比較爽口的菜色 首先 -鹹蛋苦瓜 ：調味清淡卻又夠味 辣椒不辣但有辣香 甘甜苦鹹恰到好處 第一道菜開胃～ -肉醬茄子 ：油香的茄子浸泡在鹹香的碎絞肉醬中 入味卻不會軟爛 非常下飯 -韭黃牛柳：調味沒有下太重 凸顯韭黃自有的香氣 牛柳滑嫩 也是很清爽又下飯 -菜哺蛋 ： 久仰這個菜哺蛋很久了 果然沒失望 蛋體厚卻又鬆軟 裡面有適量的老菜哺 獨特的鹹香 卻又不搶走本身的蛋香 吃起來一個字 爽 -蝦仁炒飯： 蝦子份量足又彈牙 炒飯香氣十足卻不會太油膩 口味偏淡與其他下飯的菜很搭 -金錢蝦餅： 圓圓一顆 內餡有荸薺蝦與豬肉 類似獅子頭的餡 炸衣酥脆 因為我本身沒有很愛獅子頭 所以這道我主觀比較無感 -蚵仔豆腐湯： 這湯很厲害 蚵仔有選過好大顆完全沒有腥味 還事先用粉裹過薄薄的一層 吃起來更滑嫩 湯頭有薑絲跟酸菜 加酸菜真的是太厲害了的點子 本人很怕酸菜 因為常吃到很臭酸搶味的酸菜 但它的酸菜味只有淡淡的酸菜香能凸顯薑跟蚵仔的鮮 讓湯頭更有層次 飯後還有附上小甜點紅豆湯 紅豆大顆又煮的夠軟爛入味很讚 也有附免費的高山烏龍茶 上菜速度快 服務員會幫忙拍照 環境乾淨 內裝很有台式風格 少數有服務費心服口服的店家 價錢也蠻可以接受的 我們一家人吃的很滿足😌 下次會再回訪！,氣氛還不錯的台灣料理名店 員工態度很好、餐點口味也不錯，不過單價有點高。 蘆筍料理雖然好吃，但是很小一盤 不過酥炸軟殼蟹很不錯、燻雞的肉質也很軟嫩 網路上推薦的布丁也還不錯,第一次來青葉立刻圈粉，每道菜都非常新鮮，調味清淡，少油少鹽少糖少醬輕炸，不像其他台菜餐廳，都是用重口味與化學胡椒辣椒花椒來掩飾食物的不新鮮，最喜歡這種以健康為優先、注重食物品質的實在老店了！就連一碗普通的地瓜粥，也讓人能覺得好吃到飛上天☺️☺️ ，招待的生日壽桃與仙草都非常新鮮美味，以後會經常來光顧的❤️❤️❤️ 再訪好幾次還是一樣很好吃，三天內吃了兩隻龍蝦三隻沙公，不管是肉類還是海鮮，實在是很美味，也訂了年菜，會繼續帶家人去吃飯的😊😊😊
ChIJrSZypLCrQjQRdNWuZqKdwqM,擁有50年歷史，老台北人心中大宴小酌接地氣的台菜餐廳，同時揚名海外也是觀光客必來朝聖的熱門餐廳。假日不接受網路訂位，須電話訂。點幾道古早味手路菜配上地瓜稀飯，感覺清爽愉悅！此地來過多次，用餐環境舒適，靠窗位置還能眺望市景。最喜歡「花生滷豬腳」份量足，豬腳軟嫩入味。「菜脯蛋」、「煎豬肝」、「蛋黃蒸肉」、「芥蘭炒菲力」都可選擇。,台菜欣葉的水準還是不錯， 我懷念的魷魚螺肉蒜湯、 水泊喜歡的乾煎豬肝都沒讓我們失望， 倒是紅蟳蒸太過了偏乾也沒香氣， 但米糕還是好吃， 紅燒肉肥肉太多， 炒小卷的薑蒜也夠多夠味兒， 當然最滿足的還是飯後的麻糬和杏仁茶油條！,第一次來吃知名的欣葉台菜。 那一道炒豬肝，果然特別，豬肝又嫩又有彈性，在嘴巴裡面像奶粉一樣粉嫩的粉嫩的滑動。 還有三杯魷魚🦑，真的很對我的胃口。良酒香味，是我吃過最有代表性的三杯魷魚。,我們點個人餐，服務人員說會比較慢，我們也都準時吃完。雞肉略柴 只是女服務生趕客人這件事不是很開心,都想不起來上次吃欣葉是什麼時候了，不過老牌的就是老牌的，品質還是很讚。 最喜歡的就是椒鹽花枝跟煎豬肝了。 不過每道菜還是都是水準之上的。
ChIJrcCWRgCtQjQRQ_pXCyJeJ0U,1號餐口味很棒，且份量並沒有評論說的那麼少，加點了小朋友分享餐吃的很撐。,偶然造訪點了豬肉燒肉重 餐點和圖片一模一樣 份量足夠 湯也好喝可續 剛好遇到布丁半價優惠加購試試 布丁觸感口感綿密入口即化 令人驚豔印象深刻 服務也很優質,參星重，好吃，看起來很豐盛，size不大，在拉拉Port算是CP值合理的，300元的叁星重飯不會失望。 牛肉非常的鮮嫩，油脂豐富不澀 豬肉油花分佈均勻，不會太肥 米飯非常q彈爽口，醬汁的鹹甜恰當。,支援line pay及信用卡。點餐後給叫號機，取餐後於美食街用餐，需自助回收餐盤。 大約是遇到非洲豬瘟事件，禁宰令雖已解除但目前只提供牛肉餐點。 整體是好吃的，肉質有基本水準，但出餐品質不穩，且盒飯比想像來的小些，因此覺得價格就偏高，若能穩定提供好品質，才能符合此等價位。 叁星重$300/ 含牛後腹+牛肩胛； 牛後腹吃起來有點像牛五花，筋感較多； 牛肩胛有點煎過頭，口感偏Q； 白飯軟Q好吃。 綜合牛肉重$300/ 含牛肋+牛肩胛； 牛肋偏小塊，部分煎過頭，整體還是不錯，醬汁跟飯也很搭； 牛肩胛煎得剛好，軟嫩帶有彈性； 部分白飯的口感像鍋巴，不喜歡。,看到評價不錯來試試，先說優點：擺盤好看，牛肉有燒烤香氣，米飯品質好搭配醬汁加上有附山葵醬很棒很美味..缺點是醬汁偏多整體偏鹹了點，吃完很口渴，牛肉品質以300來說不能要求太高算中等，份量男生來說偏少，個人是到隔壁點煎餃搭配才有飽足感...整體口味300元算物有所值，值得試試...
ChIJsS8FHNyvQjQRwtaRVpPMyAI,親子餐廳類型，會稍微「熱鬧」，不過佈置不錯，相當不錯的甲蟲餐廳，週末常客滿記得提早訂位,是親子餐廳也是寵物友善餐廳，可以體驗認識甲蟲及其他冷血動物們的親密接觸，有親切的姐姐說明動物的名稱、習性，並且帶領小朋友體驗及拍照🤳體驗完還會送一張動物貼紙做紀念！！ 餐點最好吃的是甲蟲鬆餅，不僅可愛味道也很不錯，兒童餐覺得實在是太迷你價錢偏高，直接點大人餐點比較划算，小孩光顧著玩什麼都覺得好吃😄 木粒池小朋友玩了很久不累也不餓，雙人套餐有兩份主餐、兩杯飲料、兩個鬆餅還有一個獨角仙模型，這應該是最划算的餐點，環境佈置中有很多很大的甲蟲模型我蠻喜歡，可愛很吸引小朋友的目光🧐,親子友善有尿布台，廁所無異味，餐廳裝潢有特色👍🏻服務人員服務很好，推推,環境整體感還不錯 蠻用心佈置的一家親子餐廳 小朋友遊戲區可以看書，玩小石頭跟樂高 還有很多相關的玩偶可以一起拍照玩耍 爸媽們可以很放心的放生小孩在一旁吃東西休息 假日還可以跟甲蟲還有鍬形蟲、兜蟲近距離互動，人員講解也非常清楚 用餐時間有2小時 餐點炸物偏多 整體吃的很飽 小朋友餐食也偏多 吃不完 （但可能因為遊戲區太吸引他們導致不吃完😂） 飲品還不錯喝 有機會會在過來看看,店內環境明亮，設計的很用心，從內場到洗手間到櫃檯到處都有昆蟲裝飾，服務人員也很用心很親切，有小小的遊戲區可以讓家長暫時解放雙手，讚讚👍🏻
ChIJsSC8HAmpQjQR7uCNzzunDRw,在西門町，任何被稱作「老字號」的餐廳，最終都會面臨同一個問題。 它端上桌的，究竟是一段被反覆消費的過去，還是一頓真正能填飽肚子的現在。 老山東牛肉麵顯然沒有打算回應這種提問。它只是持續營業。 走進店裡，你不會看到關於品牌故事的牆面設計，也沒有任何企圖說服你這裡有多正宗的標語。塑膠地磚、木椅、頭頂略微泛黃的日光燈，牆上貼著菜單與紅色裝飾，一台電視機播放著新聞或綜藝節目。這不是為了氛圍而存在的空間，而是一個讓你坐下來吃東西的地方。 不久之後，一碗牛肉麵會被端到你面前，沒有儀式，也不帶鋪陳。 鋁製碗裡盛著紅燒湯頭，顏色深而不濁，表面浮著一層油脂，沒有刻意撇去，也沒有過度強調。寬麵條浸在其中，邊緣略帶不規則的皺折，顯然不是為了美觀而製作。幾塊牛肉沉在湯裡，切得厚實，帶著筋與纖維的紋理。這不是精緻料理，而是一種態度。 第一口湯下去，你會發現它沒有試圖討好任何人。 鹹度直接，醬香明確，帶著長時間燉煮後才會出現的厚度。這不是清爽的湯頭，也不打算讓你輕鬆理解。它更接近一種宣告，關於肉，關於時間，關於一種不願被簡化的味道。 牛肉本身燉得軟卻不散，纖維在齒間分開，帶著些許咬勁，提醒你這不是入口即化的法式浪漫，而是一種更務實的滿足。寬麵條吸附湯汁的能力令人著迷，每一次抬筷都帶著濃縮後的鹹香。這是一碗會讓你安靜下來的牛肉麵，不是因為優雅，而是因為專注。 更有趣的是，用餐環境完全沒有試圖參與這場味覺體驗。 鄰桌的對話聲、碗筷碰撞的聲音、服務人員迅速的步伐，構成一種近乎機械化的節奏。你不是來這裡享受氣氛的，而是來補充能量的。這裡沒有慢食哲學，只有現實。 在一個越來越多餐廳試圖將牛肉麵重新包裝為文化符號的城市，老山東似乎拒絕參與這場敘事。它不談職人精神，也不強調產地溯源，只是每天把湯煮好，把麵下好，把牛肉切好。 也許這才是真正的傳統。 不是被保存，而是被反覆使用。,萬年B1美食街的牛肉麵名店，已有近80年歷史，自從2018年台灣開始米其林評比就連8年入選必比登，外國觀光客極多，不過座位也多，平日中午不用排隊，小菜自己拿，座位上點餐，吃完櫃檯結帳，只收現金。 ✅三寶麵(大碗260元) 👉湯頭：介於清燉和紅燒間，以牛骨熬煮，是醬香帶牛油香，鹹度不高，還有淡淡藥膳味，加入辣渣也滿加分的(辣椒醬則有點過鹹)，整碗喝完也不會口乾舌燥，還不錯 👉牛肉：這是老山東強項，牛肉和牛筋都好吃，軟嫩又不失Q彈，但必須特別要提牛肚，算是台北牛肉麵界處理得最好之一，帶點嚼勁又軟嫩入味❤ 👉麵條：是少見的寬麵，Q彈有咬勁，深受外國觀光客喜愛，但個人感覺跟湯頭的相容性有點差 ✅小菜(均一價40元)： 必點「豬皮晶凍」，慢燉六小時製成，冰涼Q彈，滿滿膠原蛋白，沾一點辣椒真是有夠好吃🥹,台北那種老的B1美食街店，像頂好名品城樓下那種，感覺空氣不太流通，老時代的感覺。附近不太好停車(機車也繞很久），覺得沒必要特別來吃。生意很好，外國遊客很多(為何?)，店門口有外籍店員先引導、詢問問可否併桌，I人地獄，門口要小排一下隊但有凳子可坐。 點三寶牛肉麵+冰箱拿的兩道小菜，餐具都不鏽鋼的，幾乎滿座生意真的很好，老闆都在中間的櫃檯感覺人滿不錯的頗有精神。印象中點完餐要先結帳，因為對面有個日本女孩，面對面吃小尷尬速速吃完。 小菜跟牛肉麵都覺得普普，麵是粗的板條麵、吃的時候有種吃麵疙瘩的感覺，吃起來一段一段的，沒辦法一口氣吸完；牛筋吃起來還不錯，不會有爛店那種牛腥味或是沒燉爛的感覺，但就是約略平均的一碗麵。,如果你來到西門町，逛累了不知道吃什麼，萬年大樓底下的「老山東牛肉麵」絕對是個不會踩雷的經典選擇。 走進萬年大樓的地下室，雖然環境看起來有點舊舊的，充滿了歲月的痕跡，但這正是老店迷人的地方。他們家最大的特色就是手工家常寬麵，吃起來非常有嚼勁，充滿麵香，跟外面那種機器做的麵條完全不同。 ●半筋半肉牛肉麵 牛肉燉得非常入味，牛筋則是燉到軟嫩適中，吃進嘴裡滿滿的膠質感。紅燒湯頭喝起來濃郁但不死鹹，冬天喝上一碗全身都暖了起來。,牛肉湯餃是手工皮可惜煮的比較軟爛，內餡韭菜很新鮮好吃。牛肚沒有過度調味也不錯，牛肉飯的米飯偏硬但可以接受的程度，牛肉燉的算軟爛，但味道和湯頭就比較單一沒有什麼層次感，只有鹹味比較明顯，整體上菜速度算快。
ChIJsTvfsg6pQjQRCk_3ZI36rk0,天天利美食坊的滷肉飯真的可以用「超級無敵讚」來形容，一入口就知道為什麼這麼多人願意排隊。滷肉滷得透亮入味，不肥不瘦的比例拿捏得恰到好處，既有油脂的香氣，又不會膩口。那種微黏、帶膠質感的醬汁淋在白飯上，鹹香中帶點甘甜，層次相當分明。再加上一匙辣椒，辣度瞬間把香氣整個拉高，尾韻微麻微辣，讓人忍不住一口接一口。配上一顆半熟荷包蛋，蛋黃緩緩流下與滷汁融合，滑順濃郁的口感直接升級，真的好吃到有點過分。 份量方面也讓人滿意，不會少到空虛，也不至於多到負擔，剛剛好的飽足感，吃完既滿足又舒服。這種簡單卻精準的美味，才是小吃最迷人的地方。 蘿蔔糕同樣表現亮眼。外層微煎帶點焦香，內裡卻依然保持軟嫩細緻的口感。搭配店家特製醬汁，鹹中帶甜，還有一種醬香的陳韻，越嚼越香。糕體本身米香清晰，不會鬆散，也不會過硬，入口滑順又帶一點扎實感，吃起來相當過癮，完全是會讓人想單點再來一份的水準。 至於蚵仔煎就相對普通一些。醬汁味道尚可，蚵仔新鮮度也算合格，但整體驚艷度不高，屬於中規中矩、可以吃但不特別想回味的類型。和滷肉飯、蘿蔔糕相比，確實稍微遜色。 店內空間偏擁擠，用餐時難免會被店員來回穿梭時「ㄎㄟˊ」到幾下，動線較為緊湊。不過店員動作俐落、節奏明快，看得出來是長年累積的默契。雖然偶有碰撞，但並不至於影響整體心情，畢竟當滷肉飯這麼強時，其他小缺點都變得可以被原諒。整體而言，仍然是一間值得為了滷肉飯專程再訪的好店。,西門町超級名店，500碗推薦，滷肉飯+半熟荷包蛋點下去就對了，偏瘦的肉燥加入邪惡蛋液的口感相當迷人❤ 不過除了滷肉飯很強外，其他像蘿蔔糕、蚵仔煎就稍普一點。 因為有日韓網友口耳相傳，還有節目介紹，這裡外國觀光客極多，尤其更是韓國人的愛店，平日晚上內用排隊排超長，至少20分鐘起跳，不過外帶不用排隊，劃完單直接給店員，建議大家多多外帶。 👍滷肉飯+荷包蛋：喔喔喔這個滷肉飯真的有夠好吃～肉丁大概肥4瘦6的比例，吃起來比一般滷肉飯爽口，白飯粒粒分明又沾滿了醬汁，帶紅蔥頭和油蔥醬香真的太迷人了，但是為什麼這次魯肉飯上的荷包蛋沒有半熟！！為什麼！！😭 (還好多單點了兩顆半熟荷包蛋^^) ✅蘿蔔糕：不錯，蘿蔔糕極為Q彈，沒有包蝦米或紅蔥頭，吃起來就是純粹的米香和醬汁味，不過今天的外皮煎得不夠恰，比較可惜 ✅蚵仔煎：不錯，醬汁微甜，這個太白粉口感不會太厚太硬，挺好的，但蚵仔給得有點少 ✅滷筍絲：普普，筍絲有點油，咬起來口感也普通,一間算是西門很有名的小吃店，旁邊也有兩三家類似小吃的店家，但我覺得天天利難怪比較多人吃（但我覺得可能跟他的店比較小的也有關係啦） 滷肉飯屬於偏瘦肉的流派，是我本身很喜歡的口感，再加上一顆半熟荷包蛋，真的是好吃到吃完一碗還想再吃一碗，另外乾冬粉也很好吃，上面淋的肉臊就是滷肉飯的肉臊，再加上些許的青菜跟豆芽菜，增添了脆脆的口感，讓這碗冬粉的美味又更上層樓。 蚵仔煎就普普通通，可點可不點，可以當作小菜和朋友共食，也可以當作一份餐點，蚵仔新鮮，青菜也不少，表皮有些脆脆的，有些軟嫩，醬汁部分可以加他們自製的辣椒，會比較有香味。 內用環境擁擠嘈雜，且座位說實在的不太乾淨，地板有陳年污漬的髒污感，吃到一半可能還會被風吹來的衛生紙命中，所以如果不想等待內用的人潮、不想要在擁擠的環境下吃飯，我個人很推薦外帶，然後坐在店外的椅子上食用，或是就帶回家吃也可以 整體推薦，喜歡瘦肉派滷肉飯的人必點，再加個荷包蛋更美味,這間我記得是連台北市觀傳局在國外官方都很常發的小吃店！！我也慕名來打卡了🤤 - 誒！！真的不錯吃🤤 半熟蛋搭滷肉飯永遠的神🤤 燙青菜也很大盤！！超級讚！ 雞蛋蚵仔煎我就是看很多人也很推，想說跟著點😳 我個人覺得中規中矩😳 （但也不排除是我飽了哈哈😅） 反正我是覺得我家路邊的蚵仔煎我吃的比較習慣～ - 假日人真的不少，雖然店家冷氣有開，但位子跟位子之間真的蠻近的……（我運氣好，因為是一個人所以剛好被分配到角落）。 如果很在意用餐體驗的，真的建議是平日中午來吃！！應該就會比較舒適！,他們家必點的就是這碗滷肉飯加上流心荷包蛋，看到戳開荷包蛋流出蛋黃，口水都要流出來🤤🤤🤤還點了一定要吃的蚵仔煎和蘿蔔糕，加上滷豆腐、筍絲、燙青菜，再配個魚丸湯和沙茶魷魚羹，真的太好吃了！小姪子狂讚，說他秒殺荷包蛋和滷肉飯，其他菜也都好好吃，覺得排隊排得好值得！
ChIJsVHmQm6pQjQRykPNN0wJEd4,這間是在小紅書上看到的「私藏名單」，實際來吃真的有驚喜！ 🍣 生魚片三品 切得厚實，入口冰涼滑順，搭配清酒真的很讚。 🦪 生蠔 雖然不算特別大，但新鮮度夠，海味直接爆發！ 🍗 南蠻炸雞 外酥內嫩，咬下去還有肉汁，配旁邊的沾醬更解膩。 🥩 蔥鹽松阪豬 今天唯一小小扣分，口感稍硬。 🥬 泡菜、小菜 酸辣剛剛好，搭酒超搭。 ✨很多居酒屋都是「好拍不好吃」，但這家真的值得收藏！ 我自己不吃澱粉，不然超想試試他們家的海膽烏龍麵🤤 整體環境復古又有氛圍，清酒選擇超多，很適合下班後跟朋友小酌放鬆，聊著聊著就不小心坐很晚。 💸 這餐下來共 $3531（含服務費），以餐點水準＋環境來說算合理。 推薦給喜歡 邊喝邊吃、重視氛圍 的人！,札幌生啤一杯150 酒蒸蛤蜊非常大顆 很推 餐點整體而言還算滿意 沒有什麼踩雷的食物 推推 廁所如果有可以掛外套的地方就好了...,整體中規中矩，但應該是我期待太高 有點貴 份量也比較小 炒水蓮跟玉子燒很推 原本最想吃生牛肉，但看到別桌有點，好像也是滿精緻一盤，朋點不下去🤣,環境舒服，服務人員也很親切，餐盤整理快速，重點不限時，可以聊個盡興！ 二樓是需要脫鞋的座席。 推薦玉子燒、蛤蠣、沙拉、魷魚～ 餐點的份量雖不多，但很好吃。 最後的芝麻奶酪（？），很濃郁！ 整體來說非常喜歡，推薦聚餐想聊天喝酒吃點餐點的朋友。,餐點口味很不錯 只是等待食物時間非常久 從入座到第一道菜等了45分鐘，確實有點久 但是除此之外，整體食物都很好吃特別是烏龍麵跟炒飯
ChIJsZoO7FOrQjQR8x55hLnwBDU,信義區午餐或聚餐地點這個標準來看 這家真的不錯！空間寬敞，四位用餐都還蠻足夠 餐點中規中矩，雖然上的有點慢，大概等了快20分鐘，但餐點都還算好吃 金沙蝦球：沒有其他評論說的泡水味，個人覺得其實不錯，也下飯，不過荸薺藏在最下方，開心吃完蝦子才發現它，有點可惜最後都沒有蝦子可以配只能單啃 牛肉：口味不錯，下飯，燉的也算軟爛～ 雞湯：好像是期間限定！看到那鍋上來都嚇到耶 客飯隨餐小菜：認真說每項都不雷！龍鬚菜佐胡麻醬微開胃，份量不小喔；有雞蛋豆腐太讓人開心了吧！小盅雞湯也好喝，整體優秀 飯雖然有點小碗，但整體來講就是舒適飽而且一剛開始還想說不太喜歡豬油耶，直到淋上去才知道多好吃耶！果然是經典,就餐點口味來論，看似平凡，且感覺又台式又客家，調和的不溫不火，恰當得宜。 豬油拌飯也是一絕，店員有建議的調法，但喜好重口味的，也完不用客氣，一整罐隨便你加！ 還好，有一個帶位男店員，服務很讚，也很會聊天，讓我們吃的很開心。,這次主餐選擇了金沙蝦球，鹹香入味且份量十分充足，表現令人滿意。店內的一大特色是可以自製豬油拌飯，充滿古早味，比較可惜的是米飯提供的份量稍微偏少，對於食量較大的人來說可能稍顯不足。 小菜的部分則表現較為中規中矩，缺乏記憶點。由於是初次造訪，不確定店家是否會定期更換品項，若未來能提供更具亮點或精緻的小菜，整體餐點的豐富度勢必會大幅提升。 以台北現今的餐飲物價衡量，整體的 CP 值還在可接受範圍內。不過，關於用餐限時 90 分鐘的規範，有一點小小的建議：我們是在週一晚上用餐，當時店內尚有許多空位，但服務人員依然在結束前 10 分鐘準時提醒時間已到。雖然理解店家有其規章，但在現場並未客滿的情況下，若能適度放寬彈性，整體的用餐感受會更加愉快。,東西好吃 環境氣氛不錯 價位偏高 沒有需要也不會再訪🙈 點了 🌟翡翠鱸魚卷客飯：乍看有點像小魷魚的身體，原來是用鱸魚片包覆鴻禧菇，還算有點創意，不過醬料偏鹹，還好用了絲瓜和豆芽添加了清爽感 🌟懷舊紅燒肉客飯：其實就是像封肉、控肉的感覺，瘦肥部位很適當，但一樣醬料好鹹阿.. 補充一下，小菜部分非常的單調，兩人用餐結果兩人的三項小菜完全一樣，說真的有點不用心😮‍💨,炸春捲烏魚子還不錯，烏魚子本身變得有彈性又不會這麼鹹，搭配水果佐料更加清爽。金沙蝦球搭配豬油拌飯真的很香，紅燒肉令我意外的是燉得很嫩容易化開，豬皮本身又保有彈性的口感。
ChIJsea9_nqqQjQRx7sLYot9aAo,敘緣小館是在文山區一帶頗有名氣的餐廳，這次終於有機會前來聚餐品嚐。早就聽不少朋友推薦店內的招牌四季肥腸，果然名不虛傳，肥腸炸得外酥內嫩，口感酥脆不油膩，搭配四季豆與辣椒等辛香料拌炒，香氣十足，非常下飯，讓人一口接一口停不下來。東坡肉則是滷得十分入味，肉質軟嫩、入口即化，醬香濃郁卻不死鹹。金沙小卷同樣令人驚艷，鹹香包裹著Q彈口感，相當涮嘴。整桌七、八道菜各有特色、表現穩定，幾乎每盤都被掃空，是一次非常滿足的聚餐體驗。,一進店就客滿一桌接著一桌 每一道菜的口味都特別下飯 很適合家庭聚餐、尾牙吃飯、朋友相聚用餐～ 有機會再來試試🥹,熱炒料理的調味都很足夠，屬於偏油一些但很夠味很下飯，三五好友點幾道菜就能吃得很開心！老闆很熱情也健談，有料理上的需求都能先告知，店家也會儘量配合，是在地熱門的熱炒小館！,當地人帶路的在地老店。 餐點每道都很下飯好吃，調理方式偏油重口味。有機會會再訪,3.5 一直放在口袋名單裡的店 先讓吳伯毅搶了頭香 外送包裝滿乾淨的 菜賣相看起來拍起來也都還可以 但料理味道說不上來 不會到很難吃但覺得沒有評價那麼高 我們是重口味家族 蒜泥白肉跟回鍋肉居然都覺得鹹 牛柳很柴很硬 牙口不好應該很難嚼 蛤蜊絲瓜這一道應該被歸類絲瓜湯 茄子螞蟻上樹炒水蓮都滿普通 吳伯毅價格也是相當豪華 不知道現場吃會不會有所不同
ChIJsfYkyp6pQjQRc15Kj0EOY7M,這個是臺北市60年的老店了，當然裝潢略微遜色；雖然是屬於湘菜，但是味道並不重；蔥油餅，蛤蜊絲瓜湯，烤鴨，雞肉等等，味道不錯,從讀大學年代吃到現在的老一輩餐廳，以前沒智慧型手機和谷狗大神的年代，大家只能靠口耳相傳＜吃好到相報＞。今天同學餐敘再度來到＜天然臺湘菜館＞，訂了三樓包廂10人一桌但沒點桌菜隨各人喜好點，大菜點了豬腳.羊肉爐.清蒸鱸魚，其他點了店裡的招牌菜色共10道菜，每道料理皆烹調得宜甚是可口，大家吃的不亦樂乎。天然臺湘菜館雖然是老店了，但經營的與時俱進頗有聲色，是大宴小酌朋友聚會的好所在。,菜的口味不錯，不過今天蔥油餅實在漏氣！店家非常阿莎力，反應之後就不收費了！,難吃，真難吃，太難吃了！服務員一張臭臉，不叫不動，叫了不理，這樣的老店能生存至今，真是台灣奇蹟！,點了五道菜，價格都在400元以下，忽然看到帳單上有一道400多的菜（手寫菜單，手工寫價格，用算盤加總），感覺不對，就問一下算帳的人，這一道400多塊的菜是什麼？（因為是手寫菜單，字跡潦草，一時也看不出菜名），回答：炸銀絲卷，立馬再問銀絲卷要400多塊？算帳的人才將400多塊的價格改成70塊，連同服務費，相差了400塊，吃飯時還要看帳單是否有算錯，實在是夠了。
ChIJswgE9kCpQjQReuxY4WDtFaE,今晚跟著法哥的腳步吃海魚，來到大同海產店。 既然是吃海魚，索性看到什麼就點什麼，幾乎把當天的魚種都點了一輪 🐟 不同魚種、不同料理方式，各有各的鮮味與口感。 清蒸的細緻、燒煮的厚實、酥炸的香氣，一道一道上桌都讓人期待。 更精彩的是葉慈品酒大師帶來的紅白酒，依料理搭配不同酒款， 讓原本豪邁的海產桌，多了幾分餐酒搭配的層次與優雅 🍷 海味的鮮，酒香的深， 在這樣的夜晚交織得恰到好處。 老饕的幸福，其實也不過如此。 特別感謝 EG 平台美樂蒂主揪精心安排這場活動， 讓大家能一起享受這場海味與美酒交織的美好夜晚 🙏 ※ 跟著法哥吃海魚 ※ 大同海產店 ※ 葉慈品酒大師餐酒搭配 ※ 感謝EG平台美樂蒂主揪 ※ 海魚盛宴 ※ 美食美酒的夜晚,2025/10/03 內附菜單 現金支付💰 790 推薦：水餃、烤蝦、小卷、一夜干 大同海產商行是一家隱藏版的海鮮小店，位於民權西路的巷弄內，環境雖然不大但座位溫馨舒適🍽️。餐廳以新鮮當日直送的漁獲為主，料理手法簡單，以燙、煎、烤為主，給人最原始的海味體驗，沒有花俏的調味卻讓鮮甜海味完整呈現🐟。 最推薦的招牌水餃一定要嚐嚐！水餃餡料選用韭黃鮮肉鮮蝦，餃皮彈牙有嚼勁，多汁鮮美，成為這裡的必點之選🥟。其他像是燙鮮蚵口感鮮甜飽滿，烤透抽外酥內嫩，還有烤鹹豬肉帶有香氣且不油膩，都非常下酒且令人回味無窮🍤。 這裡少見炒飯炒麵，只有手工水餃和豐富的海鮮，適合喜歡輕食與高品質漁獲的饕客。整體氛圍樸實無華，適合安靜細細品味海味，價格合理且份量足，用餐時段常常客滿，建議先訂位。這家店完美詮釋了海鮮的鮮美之道，是隱藏在城市角落的海味寶藏✨。,週五去吃真的很驚艷，魚的種類好多又新鮮，點餐老闆會直接說某種魚適合蒸還是烤，有一堆沒聽過名字的魚種，我們今天點的三款都好好吃，尤其是沒吃過的黑毛，口感很細緻。 水餃真的好吃，吃完第一輪馬上加點。鹹豬肉跟香腸也不錯，完全沒有因為是水產行就馬虎，下次來也會點的程度。 - 蚵仔蛋：NT350 烤午仔魚：NT$350 清蒸黑毛魚：NT680 烤透抽：NT520 烤鳳螺：NT250 烤香腸: ：NT250 地瓜葉：NT100 炒牛肉：NT350 水餃：NT12/顆（40顆） - 這次的遺珠是沒吃到清燙小卷,水餃有點雷，十顆煮破四顆。 海鮮、龍鬚菜好吃！ 服務人員手上拿很多罐飲料跟收餐點，只要經過就會踢到椅子，當天被踢三四次⋯還有水滴到客人衣服，要留意一下～,現場排隊大概等了一小時左右才有位子，老闆很nice，有客人吃到筷子沒在動了顧著聊天，主動幫排隊人潮提醒他們，很貼心！ 料理都很新鮮好吃，推小卷和蛤蠣湯！烤蝦也蠻甜、馬頭魚原味加胡椒鹽就很鮮甜，要點！水餃很飽滿是韭黃豬肉餡，每個$12可以見仁見智，個人覺得沒吃到也沒有遺憾 外面有一整桶的冰塊🧊自己取用，冰箱還有無糖茶跟酸梅湯，是一次蠻好的用餐體驗 ✅現金支付
ChIJt2exNxurQjQROcDnwKLeXA4,"由前RAW主廚黃以倫打造的「時尚法國菜」，今年從米其林一星升級為二星，連平日中午也客滿，有夠難訂位的！與同為台北頂級二星法餐的侯布雄相比，可說是呈現「名門經典」和「年輕活力」的強烈對比： 侯布雄為紅黑色調的低調內斂，是沉穩經典的正統法餐風格(雖然主廚目前是日本人)；​Restaurant A則是充滿空靈感和設計感的純白藝廊空間，是展現創意與年輕的「新法餐」。兩者各有千秋，但餐點一樣優秀又好吃！ 午間套餐$6,350+10%共10道，已內含wine pairing，不喝酒也可以換成無酒精，目前是滿推薦的冬季菜單(到明年3月)，綜合了春夏秋季最受歡迎的菜色，再進行重新詮釋。 另外在細節部分也體現出A的用心，例如以高級餐廳來說超級充足的人手，服務和介紹都很到位、不吃海鮮及過敏物也細心詢問並客製化調整餐點、餐後還有附一本可以帶回家的精裝菜單(也是客製化版本!)、主廚餐後還出來和大家聊天及拍照。 👉開胃小點(4道) ✅軟木塞： 在一整碗軟木塞中自行找尋兩顆可以吃的目標，蠻有趣的：目標本人是涼拌毛豆泥拌黑胡椒做成的捲心酥，很有分子料理的fu，這個豆香實在太棒了，好吃 ✅蕎香蘆筍魚子醬： 由蘆筍莖和蘆筍根沙拉兩部分組成，鮮奶油醬汁溫和，但蘆筍莖口感偏硬，沒有特別喜歡。蘆筍根沙拉好吃，慕斯帶有層次的香料風味 ✅胭紅胡椒鮮貝杯： 又是一道類分子料理，把干貝生蠔打成酸酸鹹鹹帶奶味海味的慕斯，讓人聯想到渥達尼斯的「後院」，還有微微辣的點綴，好吃開胃 ✅蕈菇咖啡與栗子甜甜圈： 好吃～有咬勁的栗子甜甜圈灑上帕馬森起司，介於甜點和鹹食間。再搭配一杯蕈菇湯加入咖啡粉，做成卡布奇諾的感覺，也好喝👍 👉冷前菜(2道) ✅鮮蟹奶酪蜜糖豆： 用了豆莢、豆苗和甜味明顯的甜豆，喜歡中間的冰淇淋奶酪，口感也是介於鹹食和甜點間，好吃 ✅漬鮪麥米溫沙拉： 不錯，喜歡中間的生鮪魚搭配「野米」的結實口感，以及「麥米」的碎片顆粒口感，很有趣 👉主餐(2道) ✅薰衣草帝王紅鮭： 還行，鮭魚搭配鮭魚卵和蘿蔔泥沙拉，鮭魚還保有點生感挺好，醬汁甜味和酸味偏重，沒有特別愛就是 ✅深秋野蕈香燴牛： 就是紅酒燉牛肉，肉質軟嫩可口，搭配蕈菇醬汁實在美妙，旁邊用金時(地瓜)做的類麵疙瘩真好吃啊！還附佛卡夏可以沾底部的醬汁吃，不過有點甜甜黏黏的麵包體沒有特別愛，麵香味普通 👉額外加點 ✅黑松露義大利麵：不錯，pasta是用「珍珠麵」蠻特別的，口感很像小小顆的麵疙瘩，搭配牛肝菌和紅酒醬，黑松露香氣濃厚 👉甜點 ✅黛綺麗楊枝甘露： 還行，酸味明顯的楊枝甘露，還有脆脆和QQ像小年糕的顆粒吃不太出來是什麼 ✅焦香集錦米布丁(生日招待)： 不錯，接近液體狀的米布丁，搭配甜度舒服的焦糖燕麥慕斯，還附了米香可以沾著吃 ✅咖啡茶點： 飲品可選衣索比亞手沖咖啡或花草茶，兩種香氣都很棒；附上的綠茴香可麗露也好吃，有濃厚的荳蔻香和流心感，外皮也好脆啊！",這是二訪。食物及服務的表現都很完美，更勝一訪時。對於客人的需求與喜好均用心回應。可以感受到整家店從內場到外場對於食物、服務與空間完美呈現的追求。全家人都很享受整個用餐過程。期待未來再訪時，已再更上一階。,Restaurant A 用餐開始時並不會立即呈上菜單，而是讓賓客專注在當下的味覺與感官探索。 菜品本身精緻而用心，餐間會以小卡串聯主題，將料理與藝術巧妙結合，賦予每一道菜色更多層次。 餐廳貼心提供無酒精的搭配選項，讓每位客人都能完整感受餐點與飲品的平衡。 餐後遞上精美的菜單呈現整套料理脈絡，讓人得以回顧並將這份記憶帶回。 服務團隊則以真誠的熱情與專業的解說，讓整體用餐氛圍在高雅之餘，更添一份溫暖與親切。 兼具藝術性與溫度的晚餐，也難怪能在米其林中穩健前進🤍,從環境、氣氛、服務到餐點都很令人感到愉悅的餐廳 每一季的菜單設計，不僅風味很令人驚艷，每道餐點的風味都經過安排，遵循服務人員的引導，體驗主廚精心設計的層次堆疊，再與餐酒搭配，不得了👍🏻 不得不提餐酒，很貼心的有「無酒精版本」，讓不飲酒的人，也可以感受到餐點與飲品如何營造出協調感 當然，擺盤也是非常精緻與細膩，會令人捨不得破壞😂 整個餐期有太多小細節，其中真的要大大讚美服務人員們，每個人都很親切體貼，更是專業度拉滿，有問必答，非常享受在這裡用餐！真的很喜歡！,第一次造訪，選擇了午餐時段，很幸運的被安排在chef table，在開放式廚房裡用餐真的是很特別的體驗！用餐期間看到主廚在廚房內巡視、試味道，以及廚師們各司其職、井然有序的備餐、出餐，每一道料理上桌時也有詳細介紹，且很細心的在前幾道料理就發現我是左撇子，而Alan主廚雖然忙進忙出，但也不忘跟我們寒暄，主廚的親和力很好，所有細節讓我很能理解為什麼這家餐廳能拿下米其林殊榮。 再者，有別於其他米其林法餐多數使用較暗的燈光，A選擇全白色系的亮色用餐環境，搭配主廚獨到的擺盤美感，很能滿足現代人用餐之餘一定要拍照的需求。 最後最重要的，料理的口味也很棒，主廚在每一道料理都費勁巧思，將不同的食材細膩的搭配在一起，創造出意想不到的口味搭配與口感。 整體是很棒的用餐體驗，期待之後再訪！
ChIJt5S1IYSrQjQRvca0WrqUKTE,沙拉吧彩色豐富口味不隨便 有酒精成分的全部都有紅字告知 算是孕婦兒童友善 牛排熟度掌握佳 配料的辣根醬非常優秀感覺帶了一點蒜味 有趣的是用餐的發票只能抵樓下三個小時的停車 但第二台車贈送的停車券是4個小時 不過小事情瑕不掩瑜,"今次也是分環境, 服務, 食物評論 環境: 衛生, 高級, 有透明而十分乾淨的熟成房, 提高對牛肉品質的信心, 座位之間位置適中, 可以安心品嘗食物 服務:有五星酒店水平, 職員禮貌有笑容, 有對顧客鞠躬(有驚訝到), 會耐心為顧客講解和溝通客戶需要, 收餐碟, 整理速度快 因為一人的關係被安排到一個偏靜的位置, 恰恰可以靜心享用食物, 感覺有用心安排 食物: 飲用水/汽泡水要另外收費(一般高級餐廳標準) 加1千圓有自助沙律吧, 包含了前菜, 湯和甜品, CP值高, 沙律菜滿分新鮮乾淨, 菜式不多但都有思考過用心烹調, 甚至不起眼點餅乾的醬也很讚, 南瓜湯加錢升級做明蝦生蠔湯, 味道可以但似港式金蠔乾而非鮮蠔, 甜品不是本人喜好但整體ok, 提拉米蘇是沒放酒的做法, 其中楊枝金露和綠茶布丁也不錯, 唯一可惜是藍貝過熟了 每桌附送的麵包好吃, 上面餡料的做法稍微似批薩而麵包鬆軟, 需要還可續添 牛排點了55天熟成24oz丁骨3分熟, 感覺熟成的功力都點滿了在肉的質感, 油脂也因熟成而升華, 本人平時只能吃2小口各類A5和牛, 今次居然可以獨自吃掉整盤丁骨而不感到膩滯, 可見油花變得優質, 牛肉的烹調沒放太多的鹽或黑椒, 以最接近原味的方式表現, 個人十分喜歡, 牛肉味不算澎湃但越吃近骨位越有味, 菲力的部份鬆軟易嚼, 紐約的部份會稍為結實(但仍然嫩滑)而肉味更濃, 牛肉稍下刀便鬆鬆分離, 建議砌到尾指未節大小更能細嚐其中精緻之處 唯一美中不足是沒有岩鹽, 能提供優質牛肉的餐廳只有海鹽有點意外, 個人認為岩鹽更能襯托優雅肉質 另外點了2款可杯上的紅酒, 法國的Lu Puy 酒身厚木桶味濃, 意大利的一款相對酒體較輕而中間有輕微黑胡椒味也跟牛肉很搭, 所以服務生問我哪款較好我回答很難取捨哈哈, 酒單上的酒普遍在2020年之後, 對年份有要求人士建議自携哈, 1000/支的帶酒費在這種餐廳尚算合理",自助吧很讚，數量不多但種類多元，鹹甜冷熱、水果甜點都有，絕對值得加價購買！ 主菜點28盎司的熟成肋眼，3分熟，感覺外皮酥脆、內肉細嫩，可惜油花太多太肥。 因為有小孩，所以請他們拿一部分回烤到5分，結果肉質雖然不老，但熟成的口感特色就不見了，不過油花也少很多就是了。 附餐麵包普通，甜點也不太厲害。 座位寬敞，桌與桌的間距很大，連娃娃車應該都能輕鬆推過，不用擔心被隔壁客人影響。 女廁清一色免治馬桶，坐墊溫溫的，冬天使用很舒服。 晚上9點準時打烊，用晚餐的話切記預留足夠時間。,熟成牛排好吃，入口之後每一次的咀嚼都會在嘴裡散發不同的風味。 生蠔濃湯喝不太習慣、蘑菇濃湯如果上面可以淋一點松露油會更喜歡。 麵包普普通通 沙拉吧不驚豔但算齊全 服務感受介於好與不好之間 整體：呃呃呃呃呃⋯⋯⋯⋯。,24oz帶骨肋眼牛排超頂， 自助吧選項多餐點也讓人驚艷， 服務品質整體來說無可挑惕💪🏼 剛好遇到隔壁桌有失控尖叫的小孩， 可能擔心我們會受到影響， 主動向我們提出更換座位的安排， 以及招待超美味的甜點， 美福表現出高水準的處理能力， 給服務我們的服務生跟餐廳大大的肯定💗
ChIJt9661tCrQjQRXMVpa4A5Bmg,⭐️氣氛佳 ❌️不喜歡 💰中高價位 🩷整體3/食材2/服務3/環境4 鍾意這家餐廳已久，雖然網路上的評價不多，但風格頗吸引我，這次終於帶著雀躍的心情前來，想嘗試歐式與台式的結合料理。店面位置相當低調，導航顯示已抵達卻遍尋不著，最後還是靠門牌號才順利找到，算是開場的小插曲。 從門口的裝潢開始就頗有氛圍感，入店後的空間也延續了這份質感。不過確實如部分評論所言，店內客人講話聲音偏大，多少影響了整體氣氛，讓原本期待的靜謐感略微打折。若是重視用餐環境的人，可能會稍感不適。 這次共點了四道菜與一碗湯，均價偏高，料理手法多以油炸為主。一開始的濃湯與起司火腿表現亮眼，我們都讚不絕口；但馬鈴薯田螺一上桌就隱約感到不妙，果然口味不合。主餐部分，小牛肋眼雖事先告知為油炸，但上桌後完全吃不出牛肉風味；野生魚則魚腥味過重，友人吃得頗為不順。加上服務員顯得生疏，整體服務不到位，讓人感受不佳。綜合而言，這家店可能更適合一次性嘗鮮，回訪意願不高。,🥖麵包：麵包體外酥內鬆軟，搭配的橄欖油品質不錯。 🥘每日例湯：今天是栗子濃湯，很適合這季節，濃稠、很有顆粒感，但栗子味不明顯，味道不是很有記憶點。 🍡炸客家麻糬佐櫻花蝦醬汁和胡椒脆餅：整體味道就是客家鹹湯圓，炸麻糬內裡跟湯圓一樣Q軟。 🥩爐烤澳洲黑毛肋眼牛排：15oz的份量，胃口不大的女生二人分食差不多，熟度掌握很好，內裡多汁，肉質軟嫩，幾塊肉有筋無法咬爛，比較可惜的是牛排外層保留的油脂較多，有幾塊肉大概脂肪佔了將近1/3，建議上桌後立刻吃完，否則油脂凝結很快，吃到後面底盤已是一層白色油脂，沒吃完的肉會非常油膩。 🍮焦糖烤布蕾：店家招牌甜點，特色在上面有一層焦糖海鹽泡泡，和下層脆脆的焦糖產生對比很有趣，只是焦糖層烤到已經發苦，有點可惜了。 整體來說服務好、擺盤漂亮、味道不錯但不驚豔，以這價位較不符合期待。,今日四人到此用餐，整體而言我們對於調味沒有太多意見，然而在熟成肋眼上桌後便讓人隱隱有不好的預感。 牛肉是有些許厚度的差異，然而熟度也不應該如此不均。但是主要的問題在於和羊臀上蓋，一開始我還好奇這樣的擺盤形式看似是害怕羊肉著涼似的，果不其然，這羊肉熟度壓根不足，由我們圖片難以判斷，但是肉的中心呈現半透明狀態，口感上如同在咀嚼橡膠。 最糟的部分是我們決定在結帳時稍作抱怨，但服務員卻認定我們是吃到筋而非肉的熟度不足，看來我等身為鄉巴佬秘密已經被她看穿。討論的最後，就我聽見的部分是服務員告知我們她已經告知廚師，等等就有一份新的和羊臀上蓋。於是我心想既然店家都釋出善意了，我就不要繼續抱怨餐點沒熟以及在與人員反映時的不愉快了，經過一個小時的等待後想著餐點怎麼還是沒有來，經詢問才發現服務員說的內容原來是‘我已經告知廚師狀況，等等我就有免費的和羊臀上蓋可以吃了！’，語畢，我羞愧異常，我會回頭重修我的邏輯，並且完善我的美食涵養，否則我都不好意思再次踏入L’AGE，最高的美食殿堂！ （反省點：雖說最初只是想要跟店家稍作抱怨，但討論中，各自堅持自己的論點，我們當初認為餐點不妥應該進行拍攝否則事到如今也無從驗證，謹記今日教訓。）,蕃茄牛肉麵疙瘩好好吃 牛排也好吃 店員服務好好 態度也很好 當天去過生日 一群人比較吵鬧 也沒有被擺臉色🥹,每一道都好好吃❤️🎀🎄一進店就感覺賓至如歸～店員招待很親切！主廚餐點很用心～謝謝😊
ChIJtSeOoqKuQjQRZ_YxmJ94R2E,台北老牌西餐廳，排餐表現一般，但自助吧跟現烤法式麵包表現非常亮眼，大推！ 🔸威靈頓松露醬菌菇牛排 菲力三分 菲力表現不差，口感軟嫩鮮潤；酥皮完全沒有起酥的蜂巢狀層次，反而是像一層厚厚的濕麵皮，而且底部直接浸泡在醬汁中讓原本就已經不酥的皮變得更加軟爛；松露醬汁基底似乎是紅酒多蜜醬，味道表現類似咖哩混咖啡帶點迷迭香氣跟悶悶的松露韻味。整體來說，不談酥皮口感跟醬汁的話，個人覺得其實味道還不錯。 🔸紅酒燉帶骨牛大排 低溫燉煮的帶骨牛大排用叉子就可以輕鬆的將骨肉分離，牛肉入口軟潤，肉味不差，大骨周遭的結締組織筋膜富有膠質跟油脂，單以牛大排本體表現來說相當不錯，可惜燉煮的紅酒多蜜醬汁滋味厚重少鮮，不是個人喜好的味道。 🔸烤野生海大蝦 蒜香+奶油+蝦味，略乾了些，不難吃，但就那樣。 🔸海鮮清湯 料多，湯頭是海帶鮮帶水菜味。 🔸海鮮濃湯 奶油麵糊湯，料多，沒什麼高湯鮮鹹，適合沾麵包或者加點桌上的胡椒會比較有味道。 🔸現烤法式麵包 好吃！外皮咔滋酥脆，內裡柔軟綿韌，薄鹽鹹，麥香迷人，搭配上大蒜奶油相當棒！ 🔸奶酪 鮮奶油味，口感像奶凍，非常Q彈。 🔸水果薄餅 非常酸，悶悶的、帶厚重感的濃縮水果茶酸。 🔻自助吧區 🔸千島醬 美乃滋+蕃茄醬，色橘，滋味濃醇微甜，好吃！ 🔸凱薩醬 美乃滋+帕馬森起司+鯷魚泥+蒜末+黑胡椒。滋味鮮鹹帶一點黑胡椒辛香，好吃！ 🔸蜜芋頭泥 萬年不敗的經典招牌！芋頭泥+芋頭塊，口感軟綿，芋頭帶有淡淡奶香，甜而不膩，好吃！ 🔸義式焗烤茄子 焗烤起司+肉醬+茄子，油香薄鮮鹹，茄子軟爛入味，就算是不敢吃茄子的人也可以接受。 🔸醋酸花椰菜 味酸，非常清爽開胃；有種用醋、糖跟蒜製作而成的台式泡菜的即視感。 🔸凱薩蛋沙拉 就是加了水煮蛋的凱薩醬，好吃。,CP值非常高的一家餐廳～ 東西好吃、沙拉吧口味有特色也很道地。 空間寬敞&廁所乾淨加分❤️ 服務也很親切，阿姨們會主動收空盤、觀察客人需求，也很講究衛生，取用沙拉吧有提供大家使用口罩👌 來吃第二次了 還是非常好評！,家人來盛鑫很多年了，我是第二次來，整體印象還不錯。週末也可以點商業午餐，聽說豬腳蠻好吃的，我的羊排也還不錯。此外，洋蔥湯和沙拉吧都不錯，沙拉吧有酸酸的白花椰菜、芋泥和起司焗烤茄子，蠻特別的。,這是一家位在士林天母這一帶老字號的西餐廳。 入門區域的沙發座位方便客人等候帶位時可以先舒適地坐著。用餐環境燈光柔和溫暖舒適，最裡面一區用餐桌與桌的距離雖然較近，但還不至於有壓迫感，其他的用餐區域有大型包廂也有沙發四人座。 每處角落都充滿精心佈置的藝術裝置，非常賞心悅目。 餐點上，前菜沙拉和最後的水果屬於自助式的，可到廚房前臺自行取用，主餐的牛小排厚度適中，口感軟嫩剛剛好，海膽義大利麵一上桌，嗅覺先享受到海膽的香氣，雖然稍油一點，但是油量不足難以顯現滑順口感。特別一提的是馬鈴薯泥吃起來非常綿密，可能是多一道過篩工序吧，才能如此細緻，加上帶著微微蒜香，入口令人頻頻點頭讚賞。 服務生從頭至尾的服務態度真是沒話講，既是親切也很熱情，桌面整理無微不至。 廁間格局佈置，女廁空間寬敞，在士林天母寸土寸金的地區，老闆願意把空間大大撥給洗手間佔用好幾坪實在難得，也讓顧客使用起來倍覺尊榮，像是VIP室。 結帳時，闆娘聽聞是母親節聚餐，很豪爽地打九折，也就是未收10%服務費，最後一刻帶來的驚喜，讓顧客不得不更愛了，一定會再訪，一定會再訪。,從天母開始一路吃到中山北路來，已經是一家人再熟悉不過的老餐廳了，餐點的水準一定沒話可挑剔的，CP值非常的高；唯獨真的是太熱絡了，所以用餐時間稍稍難免會有吵雜，但可以接受的範圍囉！
ChIJtVKLc66pQjQRY6z1XMAyucw,符合台灣人口味，不會太酸辣刺激，可以把湯頭喝完，炸蛋30元，口感也不錯，手機線上點餐，算是蠻快的。,很怕吃到髒螂，看那個整隻髒螂的評論，幸好沒遇到 涼拌土豆絲開胃後再來個酸辣粉，配上隔壁推薦的洛神花茶，鹹辣又酸甜的 辣度怕辣的人也能接受，不過店內此起彼落的擤鼻涕聲蠻好笑的,味道是經過改良的酸與辣的螺螄粉，桌上有調料味道不夠了可以自行增加，份量不小，價格與台北市其他的地區相比是合宜的，但是在本區就顯得比較高一點。,2025.12.08.第三次回返心得 店員態度很桂林（請自己體會～）本人純粹是因為朋友愛吃這家螺螄粉才再訪。 ………………………………………………………… 我吃酸辣粉覺得還可以，可能第一次吃酸辣粉不太能接受「太過Q」的麵體有點像在咬「口香糖」感覺，它不像米粉也不是麵，也不像米苔目口感，咬不太斷，讓我覺得不知道在吃什麼...但口味的麻辣很過癮，吃到最後又太鹹...，總得來說，會再陪朋友回訪，因朋友很愛吃螺螄粉（牛+大腸），她大推👍,非常、非常大碗！女生可以兩個人share一碗的大小！ 點了螺獅粉跟酸辣粉 螺獅粉臭度：還好，調整的比較適合台灣味 香度：不錯不錯 酸辣：桌上還有醋和辣油可以自己加😚 整體來說： 吃的非常非常飽（因為份量真的超多） 其他味道部分還可以，應該還會再回訪。
ChIJtbu-JE2oQjQRdRYZ7jLitwE,4.2🌟在地老店，附近雖然沒什麼競爭對手，但這間菜色比想像中好吃！粉絲蝦煲令人印象深刻，蝦子大隻之外，寬扁半透明的粉絲也煮得相當入味，微辣的刺激與滑順口感讓人上癮～,每道菜都非常好吃！ 從一開始的涼拌開胃菜「日式和風龍皇饗食宴」，大塊的清蒸龍蝦肉非常飽滿，搭配底下和風口味的涼拌紫洋蔥、秋葵、山藥，以及盤子旁點綴的櫛瓜片、蕃茄片、柳橙片，非常滿足的一道開胃菜。 北京烤鴨，皮又香又脆，一片捲餅包裹著烤鴨肉片、烤得油亮脆口的鴨皮、再放一條大蔥，一口咬下，鴨皮還會爆汁，滿口的鴨香味，真的好吃🤤 軟殼蟹蟹黃！這道的沾醬非常的特別，有一點小辣，哈司麵包非常柔軟，搭配剛炸好的軟殼蟹，一口咬下相當滿足！ 最讓我印象深刻的一道菜，蘋果造型的流沙包！內餡是有點淡淡蘋果香的奶黃流沙，外表酷似真的蘋果，真的是「蒸」蘋果😆 最後當然是好吃的水果結尾！台灣小玉西瓜、皮薄肉飽滿的柳橙、洗得有夠乾淨的紫葡萄。 服務員大姐非常親切、有趣🤣 當天聚餐時，非常幸運剛好外面在辦廟會遊行，相當熱鬧、美好的一天，日子選得真好😊,10600合菜，味道不錯，份量也算大 上菜速度還可以，烤鴨餅皮Q彈 米粉能加湯，菜色總體表現不錯,餐廳規模不大 總共6桌 但是氣氛還不錯 洗手間有分男女 女廁有蹲式坐式各一間 蠻乾淨的 餐點夠味可口 價格尚稱親民 可能是人手不足 用餐時間除了送餐點以外 沒看到服務人員 餐廳有招待熱茶 沒有提供飲用水 店內有販賣飲料,珍寶園餐廳——美味與多樣的融合之地 造訪位於城中的珍寶園餐廳，這裡的和菜以豐富多樣的選擇、扎實的烹調功力和地道的風味深受食客喜愛。 經典與創新兼具的佳餚 1️⃣ 脆皮烤鴨：外皮金黃酥脆，鴨肉鮮嫩多汁，搭配薄餅和甜麵醬，傳統做法卻百吃不膩。鴨架湯更是湯鮮味美，回味無窮。 2️⃣ 新鮮的蝦：蝦子飽滿彈牙，不論是清蒸或紅燒，都能展現蝦的鮮甜滋味，口感一流。 3️⃣ 口水雞：雞肉鮮嫩滑口，搭配麻辣濃郁的醬汁，花椒香氣濃郁而不嗆，非常下飯。 4️⃣ 蒜泥白肉：豬肉片薄如紙，配上濃郁的蒜泥醬，鹹香適中，清爽開胃，非常適合作為前菜。 5️⃣ 煎馬頭魚：馬頭魚處理得非常精細，煎得外皮焦香酥脆，魚肉鮮嫩細膩，完全沒有多餘的腥味，是一道完美展現廚師技術的佳餚。 健康又美味的蔬菜料理 6️⃣ 炒高麗菜：以大火快炒鎖住菜香，口感清脆，蒜香四溢，雖是家常菜卻展現出高水準的火候掌控。 7️⃣ 干貝芹菜：干貝鮮甜多汁，與清脆的芹菜搭配，一鮮一脆相得益彰，是一道簡單卻不失精緻的料理。 8️⃣ 素蒸餃：餃皮薄而韌，內餡以各種蔬菜調製，鮮甜不膩口，健康又美味，是素食者不可錯過的選擇。 豐富的主廚特製菜 9️⃣ 珍菇雞佛：雞佛處理細膩無腥味，與鮮菇一同燉煮，湯汁濃郁，鮮味十足，令人驚艷。 10️⃣ 蒸香菇包：外皮鬆軟，內餡是用香菇和素料細細調製而成，香氣濃郁卻不油膩，是一道清爽又有創意的素食點心。 珍寶園餐廳無論在菜色多樣性、品質還是服務上，都展現出專業水準。唯一美中不足之處在於某些熱門菜品需提早預訂，可能導致少許等待時間。不過，這點小缺憾並不會影響用餐體驗。 📍 推薦程度：★★★★☆ 📌 地址：珍寶園餐廳 📌 必試菜色：脆皮烤鴨、口水雞、龍蝦三明治、豆沙餅 #珍寶園餐廳 #和菜美食 #烤鴨 #口水雞 #龍蝦三明治 #豆沙餅 #台北美食 #推薦餐廳
ChIJtc-KWvurQjQR3ePz0SetDRE,在台北市區、這個價格可以吃到有龍蝦、鮑魚加和牛、含金量超高的！且食材是新鮮的（龍蝦肉不會粉粉的、新鮮就好吃、雖然只有在龍蝦頭的部分做焗烤調味、建議焗烤調味可以再薄一點、不要蓋掉蝦膏新鮮的鮮甜） 看評價有人嫌肉太油、蠻幽默的、和牛就是油啊、孩紫，所以才無法吃太多，餐廳肉量的安排是合理的！ 前菜兩道後、上剖對半的龍蝦、再來石斑魚接著鮑魚、然後沙拉、最後和牛、對不特別愛龍蝦鮑魚且無肉不歡、這家可能會讓你覺得肉不夠多⋯這家不適合你！ 擺盤也美美的，硬要說缺點就是收盤子跟收錢都很快啦！ 最後只能希望老闆能賺到錢、繼續維持超值的價格跟食材的品質。,先說餐點好了：前菜就是一個蝦子馬鈴薯泥之類的覺得超級唬爛的，對蝦子過敏就給了豬覺得這價值等同於蝦子嗎？？？ 再來看到麵包的時候非常傻眼，也有看到評論也寫麵包感覺就是也是太唬爛了，還看到評論有人寫好像是什麼好市多還哪裡的麵包真的傻眼， 就算你價位是1380又怎麼樣，你如果希望可以吸引到客人知道你的創意訂這樣的價位你還是要給這樣的誠意， 再來是那個湯，感覺是把好市多的海鮮濃湯的蛤蠣撈起來，然後自己再做做一個清湯的感覺來做基底，讓客人覺得好像是自己做的，但喝起來就覺得假假的 再來是魚應該是裡面覺得最好吃的吧， 還有生蠔的部分，這應該不算生蠔吧？小不拉幾的然後鹹的要死。 炒飯也是超重口味超鹹的， 和牛表面煎的還算酥脆不錯，但是你看到擺盤真的不知道還以為是自己做在家裡做的，有點傻眼 最扯的是給的是這個一般的蝦子，雖然說還算大隻，但是也是看到評論有給龍蝦才來吃的，不是說沒吃過比這更貴的兩三千的鐵板燒也吃過，只是因為中午臨時要吃臨時打電話，當然你臨時打電話的時候，你也可以不要接客啊，你也可以拒絕我們啊，然後你也可以告知一下當天可能會沒有龍蝦等等的食材，我覺得這部分非常重要，你必須要告訴客人，但你並沒有，等到上菜的時候也沒有講，然後我們問的時候，才說噢那是要先預訂的誒怎樣怎樣的真的那能超級傻眼的，然後還說要看師父當天怎樣，我覺得超級無言，因為其實位子根本就是硬擠出來超級的兩個位子在門口，我相信那兩個位子本來是不應該有的，所以你當場不應該接我們這兩位客人，應接下來想賺錢那你就應該要告訴客人什麼東西食材沒有了，特別是我們已經少了一份蝦子，你應該要告知龍蝦沒有了，對應的是什麼？一般這種店都會這樣告知，超無言。 最後更無言的是甜點，看起來像舒芙蕾其實扁他硬梆梆到一個不行不知道到底是什麼甜點？超級無敵扯 重點是搭配的所有的東西的醬汁像什麼芥末什麼蜂蜜什麼醬其實你自己有在做菜的就知道根本就是拿個什麼東西來搭配弄成自己亂挑，然後感覺其實根本就不是有什麼創意搭配的真的我覺得很不OK 根本覺得一整個被騙錢，也沒有1380的價值,本次放棄初魚、樂葵等知名鐵板燒是為了想要嘗試最近知名鐵板燒-吾界，給予食材跟廚師最大的尊重，我認為不應該用客單價來衡量食物的美味以及吾界本身 首先，餐廳屬於精緻15人座位安排，讓客人近距離感受到廚師的用心以及準備食材的即視感，接下來針對每一道料理分享個人感受 餐前 桌上的水杯摸起來是很沒質感的塑料杯，沒有重量，再來這是我第一次沒有提供檸檬片的餐廳，再來餐巾基本上不是用餐禮儀當中的餐巾，無法輕易至於腿上容易飄走，就是一張廚房厚紙！ 用餐 1. 花枝條莎莎醬：炸花枝條見仁見智，但作為前菜的第一道菜覺得稍嫌油膩，但莎莎醬的味道非常好⭐️⭐️ 2. 餐前麵包：不好吃，個人覺得沒有麥味，沒有麵包香味，就是不好吃⭐️ 3. 花椰菜馬鈴薯濃湯：香甜濃郁的花椰菜口感，搭配口感有點厚重的馬鈴薯是個很棒的組合，甚至讓我原本不喜歡的麵包增添一點風味，個人非常喜歡這道濃湯⭐️⭐️⭐️⭐️ 4. 龍蝦：當地新鮮龍蝦，因為過敏的原因沒有吃 5. 牛肋條佐薄荷醬：龍蝦替換成牛肋條，不得不說如果有任何細節成為頂級（因為各大報導都寫頂級鐵板燒）那就是main course用的餐盤跟食物的擺盤，看到除廚師很用心的 用花材跟醬料擺盤，薄荷醬的味道恰恰有中和了牛肉的油膩感，and that’s it，因為牛肉很油，吃起來感覺油花很多，很像花800吃牛肉燒肉⭐️⭐️⭐️ 6. 鮮魚佐剝皮辣椒醬：魚肉很鮮甜沒有任何不適的海鮮味，廚師把魚煎的恰到好處，可以吃到焦脆的外皮同時也可以享受到魚肉的軟Q，但老實說我期待的是剝皮辣椒醬，但一點存在感都沒有，降低了原本的期待值⭐️⭐️⭐️ 7. 鮑魚蝦汁燉飯：鮑魚中規中矩無功無過，但是當中的蘿蔔意外的好吃鮮甜，但鮑魚不應該才是主角嗎？燉飯的口感很紮實就如同正宗的歐式燉飯米粒跟米心分明，雖然因為過敏沒有嘗到，但廚師還是很用心的幫我準備額外的口味相當貼心⭐️⭐️⭐️ 8. 和牛：本次點的是5分熟的和牛，口感軟糯但似乎少了一點勁道，同時如同牛肋條也是過於油膩（對於我本人）旁邊的芝麻醬拌涼菜我個人也是不明所以⭐️⭐️ 9. 沙拉：正常表現但唯一美中不足的是，喔是唯二美中不足，第一醬料的比例，第二風乾培根的存在感太多導致整體沙拉的口感不清爽不高級⭐️⭐️ 10. 干貝（額外單點）：鮮美的干貝，可以吃到食物的原味跟鮮甜，餐廳建議搭配的海膽，但我捨棄原本的海膽我覺得更可以吃到干貝的原味⭐️⭐️⭐️⭐️⭐️ 11. 牛筋炒飯：作為主食，不同於平常的櫻花蝦炒飯更有新意，喜歡廚師處理米粒的口感，不管是喜歡吃軟飯或是硬飯的都可以滿足⭐️⭐️⭐️⭐️ 12. 舒芙蕾：幾乎是能代表吾界的菜單門面⭐️⭐️⭐️⭐️⭐️ 總結整體餐廳還是在台北的基本水平但絕對稱不上頂級無菜單，如果是要嚐鮮體驗跟朋友聚會還是可以試試看，但對於鐵板燒老饕或是熱愛吃美食的朋友，整體菜單食材細節把控到體驗還是有很大的空間改善，僅代表個人想法。,每一道菜品都很特別 精緻 可以感受到主廚的用心 當天只有兩組客人 建議可以隔一個位子 因為不熟的人 並肩而坐 有點小尷尬 餐廳又很安靜 坐的太靠近 反而有點不自在,這家是無菜單鐵板燒，先線上預訂，付$500/1人訂金。店門不大，座位也很少，一個廚師配一個副手+送餐的店員，桌邊結帳，店員態度都蠻好的👌🏻廚師也會為我們講解每道料理和食材。 🍴前菜-鮮蝦酪梨馬鈴薯：先煎好的蝦子（所以放冷了會有點硬），搭配底部酪梨馬鈴薯沙拉醬是千島醬的味道。 🍴大黃瓜蛤蜊雞湯：帶有膠質的清雞湯，蛤蜊味濃厚，黃瓜味蠻重的，我個人是可以接受，但有些人就不喜歡。 🦞活龍蝦：台灣龍蝦上方鋪上起司焗烤配沙拉一起食用，肉質偏紮實，但不會過老。 🐟煎魚：魚肉軟嫩❤️醬汁是🍊醬，蠻特別的搭配。 🍴南非鮑魚野菇燉飯：先講解鮑魚的器官。拆除肝用在燉飯，鮑魚有嚼勁，好吃😋有點酒味。野菇燉飯是松露味，有保留米心，所以口感是硬的。 🥗蜂蜜芥末沙拉：醬不錯，但生菜滿苦的。 🐂宮崎A5和牛：點五分熟，表皮煎的恰恰，肉質軟嫩！搭配昆布鹽，好吃。 牛肉炒飯：調味不錯，蒜頭和洋蔥炒的焦焦，增加口感，但肉很少，沒分配到😅 🥞甜點-舒芙蕾：上方是香草冰淇淋。舒芙蕾很乾不好吃，不過這是鐵板燒店就不用要求這麼多了😂
ChIJtfVyH3SqQjQRdkK2ogdqv04,今年過年期間帶家人去用餐，很好的用餐氛圍，是我喜歡的舊式風格餐廳，我們點了兩份牛排和一份羊排主餐，口味和肉品熟程度不錯，沒有過多調味很好，現場製作的沙拉非常棒，價格也不會貴到嚇人，值得去品嚐看看的店家。,法式料理、牛排真的很好吃..環境清幽、主廚以前是國宴主廚非常厲害。,N訪多次 家人聚餐、公司尾牙、好友慶生等 都會想起這家陪伴多年的法式餐廳 老闆熱情風趣 桌邊料理時會訴說著以前的經歷 當場製作的凱撒沙拉醬非常新鮮美味 與一般餐廳不同 蔬菜棒沾藍莓沙拉醬可解膩 法式麵包烤得皮脆內軟塗上奶油更順口 愈嚼愈香的麵包體非常有咬勁 吃過牛排、魚排、龍蝦 對和羊排印象最深完全沒有羊騷味 搭配薄荷醬可提升肉質的甜味 桌上的煤油燈也是特色之一 將用餐的環境點綴得更溫馨舒適 推薦給想要為自己家人朋友 留下美好用餐經驗的大家,可惜只能評5顆星，不然我要給10顆星了！ 桌邊菜單很有特色，凱撒沙拉很好吃，主廚很幽默，是個很棒的餐廳,搬來木柵4年多，一直想找機會嘗試！ 今天吃了果然名不虛傳，食物非常好吃，搭配著具有年代的裝潢，相當有氣氛。 松露菲力牛排是有桌邊料理的，凱薩沙拉醬也是於桌邊現做，很用心且吃得出師父精湛手藝。是非常值得再訪的寶藏牛排館。推薦！
ChIJtwAEZxSpQjQRBCD2BRSoJvA,避開大稻埕最多人的區域，隱藏在安靜的巷內，結果偶然撞見的驚喜！東西超好吃！沒有一道雷～毛毛蟲壽司料多料好超大份，鮭魚肥美、而且裡面包的蝦非常新鮮，飽滿厚實（老闆說海鮮都是一早親自去挑選採買的） 連壽司旁邊放的哇沙米都不是那種色素化學的，是黃色現磨不死嗆的那種（都比較高級的壽司店才會看到） 今天胃跟味蕾都超滿足😋😋改天一定還要再來,串燒、炸物、炒烏龍麵、壽司及生魚片都很美味、用餐環境舒適、服務人員態度非常親切,「幹嘛」位在大稻程鬧區，是間日式餐酒館，裡面的裝潢很特別也很溫暖，尤其是老闆收藏的手術燈…太特別了！ 食材有很新鮮好吃，刺身都是店家自己殺的，盬烤鮚下巴更是一絕，生啤酒🍻也一定要來一杯，服務人員也很好聊，最重要是不限時，很好聚會的地方！ ✅訂位 ✅Line Pay,朋友宴請的晚宴，食材新鮮又豐盛，每個人都說飽到不行，真的是豐盛的饗宴。,在附近出差，隨機找了一間店，沒想到東西新鮮好吃老闆娘也很熱情🥰🥰毛毛蟲壽司的鮭魚真的很新鮮 也謝謝老闆娘請我們喝汽水🫶 而且不是因為google五星評論才請，是我們點單的時候老闆娘就自己說要請我們，所以我們才自主五星好評🫶
ChIJtyBB3GepQjQRwXoHDB1wr7Y,這次來吃 京鼎樓 真的是一場「小籠包控的天堂之旅」，每次想到皮薄多汁的小籠包，就會忍不住想來報到～而且店內氛圍舒服、出餐速度也很穩，聚餐或想好好吃一頓都很適合！ 😋經典小籠包一上桌熱氣直接撲臉！外皮薄而不破，咬下去湯汁瞬間爆出來，肉餡鮮甜又不膩，真的就是那種「吃完會想再加點一籠」的基本款。 😋烏龍茶小籠包第一次吃到這種口味超驚喜～ 淡淡茶香很清爽，搭配肉汁反而更解膩，屬於越吃越順口的類型，很適合想換口味的人！ 😋蝦仁絲瓜小籠包 這款我超愛❤️絲瓜的清甜加上蝦仁的彈嫩，整體吃起來非常清爽，口感又多層次，完全是「夏天也會想吃的小籠包」。 😋芋泥小籠包 甜口的小籠包真的太犯規！芋泥香濃綿密，甜度剛好不會膩，當作收尾甜點超可以，一口一顆超療癒🥹 😋鮮魚蒸餃外皮Q彈，內餡魚肉細緻又鮮甜，完全沒有腥味，吃起來很乾淨、很耐吃，搭配一點醬料更提味。 😋排骨炒飯這道真的有夠香！炒飯粒粒分明，蛋香很明顯，配上排骨外酥內嫩，鹹香剛剛好，完全是那種「會默默吃到見底」的主食選擇。 😋酸辣湯酸度很舒服，不會嗆辣，料也給得很有誠意，喝起來濃郁又開胃，搭配小籠包真的很加分！ 最喜歡這種可以一直續的熱茶🫖吃小籠包配熱茶真的太搭，解膩又舒服，整餐吃下來更有「被照顧到」的感覺。 京鼎樓真的是那種 每次來都不會失望 的店！ 小籠包系列口味選擇多，鹹甜都能滿足，搭配炒飯和酸辣湯直接一套完美收編👏如果你也是小籠包控，真的可以放心衝！,餐點：小籠包皮薄餡多又多汁 魚肉蒸餃飽滿鮮甜 服務：服務人員很親切有禮貌、收空盤很快、會主動加茶。 環境：舒適乾淨明亮 CP值很高、完全可以取代鼎泰豐了😂 5成以上都是日本客。,皮薄汁多的小籠包、蒸餃，配上熱騰騰的酸辣湯和熱茶，一口下去，暖胃又暖心，超級滿足！ 店內裝潢溫馨舒適，服務細膩貼心，家庭朋友聚餐都適合。 當天造訪幾乎都是日本、韓國饕客 真的是外國人慕名而來的海外名店啊～,提醒自己下次不要再來 小籠包：好吃不驚豔 蝦仁燒賣：皮太厚，蝦仁偏硬，不夠鹹 排骨炒飯：炒飯非常非常難吃，排骨也很乾 乾拌麵：$60很便宜，但很普通，不要點 可以不用來沒關係,小籠包不錯吃 粉味較重 炒飯很大份 說不上來 麻婆豆腐 有辣 有麻 有甜 但味道是分開的…. 有點怪怪的 可能是叫外送的原因吧…..
ChIJu-P6-H2rQjQRWseKixF7B-Y,————-肋眼牛排佐奶油芥末醬————— 牛排滿嫩的，原本吃牛排都只撒鹽不習慣沾醬的我，這個醬意外的蠻搭的（因為發現時醬已經在牛排上了🤣🤣） ————-蜂蜜醬烤豬肋排佐雙色地瓜————— 中規中矩，不柴好吃，有碎骨，吃的時候要注意⚠️ ————-雞翅————— 每次來必點🥴😍 ————-鱈魚條————— 每次來地點🥴😍 兩個大菜是因為生日優惠主餐第二份半價才點點看（優惠最大化嘛😆） 心中第一名是「雞肉丸」😆😆😍😍😍😍😍😍,樓下的自助外帶美食小站，冰淇淋$20的雪花鹽巴冰可以，那個雞肉丸超級垃圾 那個肉桂捲，越難吃吃起來很像保麗龍 真的是小人國吃了瑞典人真的吃這麼小的嗎？,逛得很累，想直接選的直接衝到後階段，自然有燈具區，各種區，前面有擺設的都在後面…,期待蘆筍鮭魚濃湯裡有料的我顯得很蕭貪。 豬牌起司醬筆管麵中規中矩囉,金沙蝦炒飯超雷 整個飯爛到不行 蝦子很臭不新鮮 做活動 拿消費卷吃這種東西 不如直接丟廚餘
ChIJu0lVxvmvQjQRzGeexldsNEQ,蔦燒的烤功真的很厲害！ 難得看到雞心會切開來烤， 除此之外，牛肋條把肉汁鎖滿在裡面， 雞腿肉的份量更是令人滿足， 各種調味我覺得都可以嘗試看看！ 另外，主食的部分， 鮭魚炒飯主打一個鍋氣十足， 鮭魚的大小，可以炒到融入在飯之中， 又不會覺得口感上很突兀， 在粒粒分明的飯粒之中， 又可以吃到鮭魚的鮮味，相當飽足！ 最後是酒水的部分， Highball的比例抓得剛剛好， 首衝口腔的是足夠的酒感， 尾韻又能帶來氣泡和檸檬兩者的結合， 不論是要買醉還是喝氣氛都很適合！,五點半過來吃，沒有訂位、坐了吧台的位置。烏龍麵上的明太子非常豪邁，喜歡明太子的朋友不要錯過，烏龍麵的本體稍軟，沒有嚼勁。 雞軟骨不推，雞心和雞腿肉都好吃。 生日壽星送松露薯條，粉讚。,吃過很多烤魚，第一次吃到這麼好吃的午仔魚一夜干！魚皮烤得脆到不可思議，筷子輕輕一夾就破，還會發出像戳破玻璃紙一樣的「ㄘ~ㄘ~」聲，重點是裡面的魚肉既細嫩又多汁，完全不用沾胡椒鹽，就是人間美味！ 還有塩烤雞翅也值得一提，先不說有多美味，光是師傅在備料時願意多花一些時間將雞翅剖開，讓骨頭部分完全裸露出來的這份貼心，就值得喝采。這是我第一次這麼優雅的吃雞翅，少了與骨頭奮戰的狼狽，只須專心品嚐手羽先的美味，不必水沾油膩、不必啃得滿嘴流油，簡直太貼心了！,每次經過都超多人的，這次終於有機會來吃了～🎉 每一樣東西都很有水準，而且我覺得份量也都蠻夠的，所以也不會很貴～酒也算便宜！超讚的👍🏻 服務態度也很好～推薦大家喔！💯,整體好吃，氣氛熱鬧歡樂，很適合和朋友相約！ 會來士林店是因為他們有生魚片（一直想去試試） 驚艷菜色： No. 1 蒜味牛肉串燒 （牛肉超嫩，大概三分熟的熟度，超級好吃） No. 2炙燒比目魚鰭邊肉握壽司 （魚肉超大片，油脂滿滿超幸福） 可惜我們那天的桌子有點小，我們先被一位女店員帶位到四人座，坐下後又被一位男店員請起立到兩人座。 如果他知道我們兩個有多餓…送單時有近$2500，就該讓我們留在桌子大一點的位子，吃得也比較舒服😌
ChIJu98loqipQjQRF3IXpB6aGI8,十一點半到，排了半個小時。排隊指示清晰，人多也不怕。愛恨椒芝麵真的很好吃，麻椒和芝麻香氣十足，麵條口感也很棒。干貝雞湯湯頭非常鮮甜，干貝超多。湯裡頭有三大塊雞肉，也有很多高麗菜，脆甜。吻仔魚飯超濃郁，滷肉飯的豬皮入口即化。兩個飯都是滿滿的油蔥香氣。沒有一樣不好吃，一定會再回來！,規矩很多。愛恨椒之麵還可，喜歡麻醬麵的人可考慮。雞湯還不錯。滷味很鹹，海帶很軟，菜市場麵攤的都還比較好吃。蚵仔不錯。松露麵蠻膩的。孩子吃了一直找水，店家沒提供水也沒賣水。這家店的口味真的鹹又重，建議至少可賣礦泉水，不然孩子快崩潰。 規矩超多，首先抽號碼牌，可理解。然後人要到才能進場，也理解。但人到了才讓我點餐，然後也不能先坐進去再點，還得現在外面機器點，然後陽光那麼大一直反光站在機台前根本無法好好閱讀菜單，一開始整個用餐心情就很煩躁了。用餐的氛圍跟process能否顧及一下。。。到底是為了要吃到什麼得帶著一家老小過那麼多關才能坐到位子上。以後不會再來了。,稍微排了一下隊伍，大約20分鐘 干貝燉雞腿湯$250 很多干貝，雞肉是Q的肉質很讚 湯超級好喝，滿滿的料和青菜 超愛! 紅燒金鮮鱸魚(少刺)$130 真的沒有什麼刺，很好入口，一下子就吃完了 雙月乾蚵$150 蚵仔大部分都很肥美，吃下去塞滿嘴巴 100%的滿足感 愛恨椒芝麵(請拌開)$80 這個麵是會讓我想要，現場買調理包回家煮的那種 我喜歡! 油飯$35 比較普通一點，配一下甜辣醬好吃一點 下一次我會想要點阿甘剝皮辣椒雞腿湯試試看 滷味，不知道為什麼看起來比較不吸引我 位子比較擁擠，但料理很實在!,​✨✨✨ 雙月食品社 濟南店 ✨✨✨ ​📍 位置｜台北市中正區 ​這間連續多年蟬聯米其林必比登推薦的名店，CP 值真的非常高，價格平實卻能享用到星級水準。店內環境明亮且服務專業，雖然排隊人潮眾多，但流動速度算快。整體給人一種對食材非常有堅持的感覺，是台北市內想要進補、喝好湯的首選餐廳，專業度與美味程度都令人相當滿意。 ​星級肯定的湯頭與誠意滿滿的份量，讓每一次用餐都覺得既划算又暖心。 ​🅿️ 停車資訊：俥亭時代寓所 uTagGo、台大醫院國際會議中心停車場、附近路邊停車格。 ​💳 付款方式：LINE Pay、信用卡、現金付款。 ​ 🥣 干貝燉雞腿湯 小干貝的份量多到驚人，雞腿肉給得大方且肉質大多很嫩，整盅湯多到滿出來。最誇張的是裡面的高麗菜，多到像是丟了半顆進去一樣，湯頭吸滿了蔬菜的鮮甜與枸杞的香氣，喝起來非常過癮！ ​🍜 黑松露拌麵 超級迷人的黑松露香氣，是目前心目中的第一名首選！麵條 Q 彈可口，均勻裹上濃郁的松露醬汁，每一口都是高級感十足的美味。 ​🐟 富士吻仔山拌飯 滿到真的像一座山的吻仔魚，誠意十足！雖然拌勻後味道稍微偏鹹一點，但搭配飯裡的靈魂醬油真的十分美味，是吻仔魚愛好者的天堂。 ​🥗 台灣高麗菜 高麗菜本身超級甜，讓人非常喜歡，不過有時候會吃到比較粗壯的菜根，如果能更多一點鮮嫩的葉子部分就更完美了。 ​🥣 紅燒金鮮鱸魚 半片鱸魚的呈現方式很有特色，肉質新鮮紮實，搭配一旁的紅燒醬汁鹹甜適中，味道還不錯。 ​🦴 月亮骨肉 帶有脆骨與肉的口感，能補充足夠的蛋白質，吃起來十分美味且有嚼勁。 ​🩹 米血糕 口感非常 Q 嫩，調味適中，會讓人忍不住想再多點一份來享用。 ​🐷 豬耳朵 滷味的味道表現較為中規中矩，雖然也不錯吃，但相對其他驚豔的菜色來說，記憶點比較一般。,干貝雞湯 湯頭非常清甜鮮美 干貝放了不少 會為了湯頭回訪 雞肉相對普通 沒有特別的味道 雞汁飯記得攪拌均勻 上層都是酥 醬在比較下面 也是美味噴香 朋友點的蒜頭雞湯 蒜味剛剛好 帶點清甜 仙草雲飲真的有在喝雲的感覺 加上仙草顆粒 真的愛上這個口感 酸梅汁冰鎮後更好喝
ChIJuQA5ptitQjQRygxCSKc2xg4,漢堡排相對普通，可以感受到鐵板的炙熱，導致醬料濃縮過快，並未與漢堡排充分的融合，炸物的部分相對過於蓬鬆，應該炸完有一段時間，高麗菜絲與鐵板接觸黏底，套餐整體來說一般,2號餐日光蛋漢堡排，蛋可以選全熟或半熟 號碼牌震動後去取餐，用完餐後放置回收區 蛋黃很香濃，漢堡排鹹甜，厚切帶皮薯條鹹香，高麗菜絲、醃漬小菜、飯不錯，味噌湯一小碗 整體都偏油偏焦,吃起來是還不錯，但口感上不知為何明明點的是日本和牛，卻沒有像之前在忠孝復興那裡點的純牛漢堡排好吃,店家都要排隊～所以就選擇這間不用排隊，等不到10分鐘就拿到餐點超棒。 牛排$450有軟有鮮不錯吃，但是份量小。 漢堡排$499 ，不用太期待原汁原味的肉香，取而代之的是很重的迷迭香(?)和黑胡椒⋯ 如果想像成一般路邊的家庭料理，就會覺得吃漢堡排肉肉蠻爽的🥹但是如果想像成專業餐廳期待太高會失望🤣 內用湯無限續可以喝到飽。 吃慣日式豬排店有白飯和味噌湯、生高麗菜可以續 ，一時之間煮餐換成牛排還是有點不習慣呢🤔,在lalaport的五樓，是純日式料理簡餐廳，以烤日式漢堡為主，漢堡可選擇要幾個，3人一起吃了仟元出頭，平均一人350元，很合理！也很好吃！
ChIJuTv1NLuuQjQRgFqC2vVgK1E,氛圍佳、調酒佳、貓貓可愛的酒吧，菜單以動漫為主題，並有附註酒感、酸度、甜度。室內裝潢設計獨特，主題調酒裝飾亦富有巧思，且本次遇到的調酒師講解詳細並友善，值得再訪！ 260213-14 10252524,大家都是第一次來到這家餐酒館，搶頭香成為店裡第一批客人😏 一翻開菜單瞬間吸引大家眼球，是漫畫，而且好多可愛擺飾，也都介紹得好詳細，店內有兩層樓，二樓主要是吸水煙，尤其是燈光設計我非常愛，手機一直拍拍拍，每組酒都有乾冰，拍照起來更仙更美，也是我們這群人最吵鬧😆 殊不知過了多久意外發生，我把酒打翻了，好在沒波及到其他客人，酒杯沒破，工作人員迅速處理好，貼心的是老闆又補給我，還多送一杯Shot說是懲罰，但很好喝啦！！ 今天朋友生日還有生日禮，香檳紅一組或蛋糕，我們都選香檳紅，一上來也是不得了，很像花束，還有唱歌這趴儀式感，所有店內客人都很開心，老闆很會帶動氣氛也很大方有趣，餐點也是超級好吃，情緒價值有拉滿，剛好這天有四組客人都有壽星，我們這群有六人，我們最後要離開時，老闆又送我們一人一杯Shot ，很會做人也很會做生意，五顆星都是給老闆的，謝謝老闆給我們這麼愉快的夜晚😁😚,擁有復古又chill 的氛圍，讓人能輕鬆的享用風味獨特的創意調酒、美味餐點，服務人員都很親切、貼心的服務，讓我們感到很開心，真心推薦是情侶約會、閨蜜聚會、慶生包場、續攤宵夜必來的水煙餐酒館！,三人用餐消費約2.8K。 假日低消每人600元，限時三小時，服務沒話說耐心熱情。 點餐， 酥炸椒鹽美人魚120元（好吃配酒涮嘴）， 鮭魚明太子麵 350元（好吃濃郁會飽足，大推）， 醬爆牛肉塊300元（牛肉有點老醬也不喜，略油） 香料雞腿塊300元（好吃下酒酥脆調味好）。 酒類選， 2號／5號／8號／環遊世界。 覺得調酒普通，層次不足， 不驚艷， 雖有儀式感但不深刻（因為是組裝的簡單擺飾）， 不過，整體體驗還是好的， 大致上餐點好吃， 用餐三小時，可以聊好聊滿～,一進去店面 以為桌次很少 後來發現還有二樓 可以帶狗狗來 真得超級寵物友善的那種 不是不落地 關籠的那種喔 十二種酒都很可愛 挑了很久當第一杯 但選的二號竟然說沒有 可惡 但喝到的六號龍貓當第一杯超開心的啦 好好喝 下次想試試看特調 我們喝的 四號霍爾的移動城堡 七號魔女宅急便 九號天空之城 都很好喝 但我還是最喜歡六號龍貓了 食物大致上都好吃 點了 肯瓊辣味炸雞沙拉 生鮭魚明太子麵 金沙小卷？（有點忘記名稱） 炸物拼盤 牛排 除了拼盤的薯條不大滿意 其他都不錯 而且三個人點這些份量有點太多了 哈哈哈 然後好奇別桌有很美很特別的酒 就詢問了一下 說是 生日當月的招待 是氣泡特調加一點紅酒 超美又超好喝 這種免費招待也太好了！！！ 然後還給了壽星一個氣球 上面還有 特製畫畫 超可愛 最後的美中不足就是 有些服務生收東西有點太快... 盤子裡面還有食物 或是酒杯還有一些酒 就要收走 是那種拿了才說要收走（某一位 大部分還是先詢問 才會拿） 拿起了我還有一點酒的杯子說：這可以收了嗎？ 我立馬伸手把酒杯拿回來 說：還沒喝完！ 但真得蠻喜歡這間店的 只是有時候音樂聲音有點大到聽不到另一邊的人說話 哈哈哈哈 但Bar似乎就是這樣 還有機會會想去各個不同系列的放感情餐廳 謝謝你們 目前吃了四家，最喜歡的還是這家放感情系列。
ChIJuyhfTVmvQjQRqS9NO23JTKY,下午茶時間是14:30開始到17:00 今天預定的是雙人下午茶套餐，餐點內容是固定的，只需選擇飲品。 菜單內容大致如下，及不專業評論 咖央吐司：吃起來有點像冰火菠蘿包。 椰香雪花糕：有一層白巧克力，搭配藍莓，整體口味不會分散，也不會太甜。 脆球搭配羅惹沙拉：沙拉本身微辣，有酸豆，不喜歡的記得避開。 娘惹蝦米辣椒糯米糕：香氣很足，比沙拉再辣一點，以沙拉為基準的話，大概接近小辣，意外的好吃。 印尼牛文水：與客家牛汶水不同，不甜，香氣是有，但吃起來除了糯米外，其他味道有點帶不上來的樣子。 艷陽馬卡龍：馬卡龍對我來說還是太甜，不過中間夾的芒果不會太甜，味道算是有點中和。 鳳梨金沙達克瓦茲：不甜，內餡類似鳳梨酥那種。 紫芋舞曲：外觀有點像巧克力，但其實是紫芋，本身不太甜，口感有點像布朗尼。 南洋香蘭豬：妥妥的南洋風，不過有點overcook的感覺，有些部位吃起來稍柴。 ps. 用餐時剛好遇到攝影團隊，各人覺得若會拍到用餐的路人，還是要先告知，而非直接把用餐的人當背景，並非所有人都想上電視…不然以下午茶但用餐感覺，氣氛是可以給到5🌟的。,大地西餐廳的套餐前菜表現還不錯，油質與食材都很用心，口感也不錯，給人好的第一印象。但主餐的雞排表現普通，整體餐點沒有特別亮點，如果對餐飲品質有較高期待的人，可能會覺得一般。服務方面，若服務人員能多留意客人是否需要加水或茶飲回沖，整體用餐體驗會更完整。 用餐環境舒適安靜，座位安排合理，適合想找一個安靜空間吃飯或簡單聚餐的人。總體而言，餐點表現一般，但環境與服務還算可接受。,室內環境，衛生整潔，溫馨的氛圍氣氛，美味可口的迷人餐點，愛吃牛肉的我們連續選了同樣的餐點兩天，接待人員及桌邊服務，超級無敵好，整個Fu直線上升，加分了用餐的好心情。,泡完溫泉來喜歡廳吃下午茶，茶點都很不錯，而且服務人員Tina和Candy很親切，還會主動幫忙拍照，整體飯店的接待氛圍都很親切溫暖。,訂購湯屋+晚餐的組合，要預約時間，泡完溫泉後即可接著，走上二樓用餐。原本吃過下午茶，印象非常好，第一次試晚餐則覺得普通。 晚間套餐是奇岩套餐，開胃菜碳烤香料松阪豬是個人最喜歡的，口感軟嫩佐檸檬油醋，微甜好吃。義式鮮蝦濃湯正常發揮，海膽風味義式燉飯，奶油有點太濃，壓過其他食材的味道。主菜選擇需要加價300元的舒肥牛小排，熟度還ok，嫩度方面，可能對舒肥作法的期望值比較高，反而是另一份碳烤梅花豬肉排，調理的很是不錯。甜點相當好，不愧是下午茶好吃的餐廳。 服務人員態度算親切，可能是因為全滿比較忙碌，有上錯餐點的情況，加水也不頻繁要自己，上菜速度慢，一套吃了兩個小時。
ChIJuzkbVDCrQjQRWoRNQjpCKgw,2025/9/29去吃的，第一次吃這家，點了這些，因為沒有實際吃過九州的店面，所以沒有辦法做比較，但我覺得吃起來就是中規中矩，還可以，因為也是家庭用餐，環境就是在一樓賣場裡，舒適度也是可以，不會不好吃，也不會難吃，但如果有機會我還是想去九州實際吃看看，才能比較來台灣展店的究竟差別在哪,餐點種類多元，而且是非常多元的那種。 重點是餐點味道不錯，還有飲料吧可以喝到飽。 白飯跟味噌湯也是自助吃到飽。 非常適合全家人或小朋友一起來吃。 他的漢堡排我蠻推薦的，比很多挽肉都好吃。,第一次吃到可以用筷子整片夾起來的”歐姆蛋”….餐點跟服務品質（20:20進來時沒介紹餐點、環境，且發現味增湯已見底）有待加強,賣場內的美食街，內用空間超級多，裝潢色系偏向明亮。餐點則以日式洋食為主，賣些咖哩或漢堡排之類的，內用點餐的話有免費的汽水吧可以自己加。 點餐後有提醒店員說飯半碗即可，但是出餐的時候還是忘記了，沙拉跟鐵板雞腿肉滿好吃的，但醬汁略甜應該是照燒醬之類，小菜跟湯就比較普通。店員滿有禮貌的，飲料機要清潔之前會逐桌詢問客人還有沒有需要。 因為是線上QRcode點餐，用餐後線下結帳，有點麻煩。線上點餐流程的最後，如果可以直接串金流付款應該會更方便，客人吃完就可以直接離開店內，結帳也需要一個人力而且人多的時候客人還要排隊。,一家吃粗飽的店，價格算便宜，整體就是味道及份量普通，然後可以白飯味噌湯無限使用的店，但高麗菜絲不能續加。午間套餐送的霜淇淋冰晶感有點重。會收10%服務費
ChIJv-25mDirQjQRRgkQjMffEO4,點了麻辣雙人鍋、土豆絲 優點：鍋底好吃，油條吸湯後再吃也很讚，內容物可以含肉片更讚， 缺點：自助區的水杯跟碗都有抹布的味道，實在太可怕…換了好幾個…建議用乾淨的布擦拭吧 湯裡豆腐煮焦,炒手香辣夠味，一份有10顆，份量還挺足夠的 巴蜀麻婆豆腐飯吃起來香辣順口，尤其又加了一些新鮮的蒜蓉在上面，整個味道又提升一個層次，絞肉有一點豬味，但豆腐是相當的好吃，也許之後可以有機會出素食版？ 醋溜土豆絲就是一個好吃的土豆絲😆 老火蔬菜雞湯選了舒肥雞，整個是清爽好吃的口感，而且可以把火鍋料換成蔬菜，這一點真的相當棒 還有一點，其實是我最喜歡最喜歡的，就是他用的餐具是陶瓷的鍋子、陶瓷或者鐵製的湯匙以及玻璃的杯子，看得出店家真的很用心 有一點可惜的地方是，店裡面有一點點油發酵的味道，如果少了這個味道就太棒了,• 豆撈蝦醬麵：味道算順，但沒有蝦醬該有的那種衝擊感。 • 皮蛋紹子麵：香氣夠，可惜整體偏平淡，沒什麼記憶點。 • 口水雞中間直接結冰，吃到那口我瞬間傻眼，完全破壞口感。 • 黑白無常（豆腐＋鴨血）：味道正常，豆腐跟鴨血都有入味，但沒有特別驚豔。,最新菜單。 龍膽石斑酸菜魚-正常的湯頭稍微偏酸，不會辣。火鍋料換菜感覺CP值很高，滿滿一盆各種菜。魚口感紮實，魚好吃但感覺跟酸菜湯稍微不搭，不知道為什麼加麻也完全不麻。 皮蛋哨子麵-醬料的味道偏淡，看似豐富卻沒什麼味道，稍微可惜。 黑白無常-店家主打麻辣，但這道也不麻不辣，就一般鴨血豆腐。,11點整走進去，店員還在擦地，菜單給我就繼續擦，整個都是很重漂白水味，連個放包包外套的地方都沒有，QR code點餐，餐具自己拿，水自己倒，只能說很普，我限動都懶的發了
ChIJv8ymJnmsQjQRRRJ4b0I9LDw,多久沒來金泰了? 還好水準仍然維持著新鮮，美味。 「大豆苗」好大一盤，才160好吃，又划算。,位在內湖的金泰日式料理，鮮甜超值的海鮮料理，內湖金泰日式料理的前身為海鮮批發商，營業至今約有15年了，用餐時間依舊大排長龍一直是很有人氣的店家。出餐很快，不用等很久。 質樸的日式餐廳，供應海鮮料理、生魚片、蓋飯和甜點，並設有戶外座位。 食材用料新鮮，生魚片口感Q彈，丼飯份量足，很有飽足感，CP值高。蓋飯附贈的味噌湯調味清甜。 醋飯酸甜度掌握的非常好搭配鮮甜的海鮮，讓整體口感更加滑順 用餐環境簡約乾淨，吵雜但仍可交談。很適合小家庭用餐。,週間午後到舊宗路辦事，近中午步行繞了點路來這間有名的金泰日式料理。運氣很好，與朋友兩人剛好遇到最後一張空桌。 餐廳環境乾淨整潔，桌椅、碗盤、餐具都很有質感。服務人員親切細心，對菜單也十分熟悉，能耐心地推薦與解說。 我們點了 鮭魚片套餐 和 魚肚丼飯。我不太吃生食，魚肚丼原本附的生蛋黃，店家還能貼心地幫忙煮熟。整體用餐體驗非常舒服，份量剛好、口味滿意。 是一間值得再訪的餐廳，只是生意真的很好，用餐時段來訪要有排隊等候的心理準備。,海膽蟹肉蟹膏蓋飯很新鮮 鰻魚飯賣完只剩白燒鰻魚飯店員有說會比較清淡（不過真的好清淡 飯吃不完,生魚片 海膽 蝦都非常新鮮非常好吃 完全沒有腥味 味噌湯也是滿滿的料 肚子敏感的我，吃完完全沒事！
ChIJvU5mgSmqQjQR0WhA_Zruk5E,沙拉好吃！酪梨香氣十足；洋蔥圈外酥內軟，搭配兩種醬提供不同的口感；義大利麵中規中矩，燉飯松露味道不明顯，有點可惜，但整體的體驗還是好的。,口袋餐廳N次回訪，環境乾淨舒適，氣氛放鬆又不失質感，讓人一坐下來就覺得心情很好。服務人員態度非常友善，從入座到點餐都相當貼心，速度也很快。 每一道料理都讓人驚喜： 食材新鮮，味道很有層次不會過重。 份量剛好，吃起來不會負擔又很滿足。 特別喜歡 香菜堡 布朗尼冰淇淋 酪梨超人，味道真的好到必點！ 餐點品質、環境與服務都讓人覺得物超所值。已經開始期待下次再訪,服務5星： 不論訂位、送餐或桌邊服務都有高品質，忘拿桌上的保溫瓶，男服務員在門外以大動作，讓人很難忽略的方式，尋找我們，騎機車經過看到，這種溫暖體貼的服務，走到哪裡都會成功吧！ 松露蘑菇漢堡3.5星 漢堡麵包可換成生菜，非常加分。加點的蔬食還算豐富可口。 松露菇菇燉飯3星 點完後，不到3分端上，溫溫的，米心沒保留硬度，整粒米飯熟透，台灣口味吧。菇菇一樣豐富多樣好吃，但松露味不濃厚。偶爾會聞到淡淡松露味啦！ 可惜燉飯的飯粒像電鍋保溫拿出來的。,樂子瑞安店。 在車水馬龍的台北街頭，總有個角落能讓你放慢腳步，那就是位於大安區的樂子瑞安店。 樂子不只是一間餐廳，它更像一個承載著無數美好時光的小天地。當你踏入店內，暖色調的燈光、帶著美式懷舊感的裝潢，以及空氣中瀰漫的咖啡與現做餐點的香氣，瞬間就能讓你感受到一股溫馨且放鬆的氣氛。這裡沒有都市的喧囂，只有輕柔的背景音樂和人們愉快的交談聲。 樂子，那份份量十足、真材實料的美式早午餐。無論是堆滿炒蛋、香腸、培根的「班尼迪克蛋」，還是淋上楓糖漿、口感鬆軟的「法式吐司」，每一道都充滿經典的美式風味，讓你一早就能活力滿滿。 但樂子的美味不僅限於早午餐。他們家的「漢堡」也絕對值得一試。厚實多汁的漢堡排、搭配新鮮生菜和濃郁起司，每一口都是大大的滿足。此外，還有各式沙拉、開胃菜，以及特調飲品，從早到晚，都能滿足你對美味的所有想像。自在愜意的用餐體驗樂子瑞安店的環境氛圍，是它最大的魅力之一。這裡的座位配置寬敞舒適，無論是和朋友家人聚餐，或是獨自一人享受片刻寧靜，都能找到最適合你的角落。 服務人員的親切與專業，也為整體用餐體驗大大加分。他們總是帶著微笑，細心介紹菜色，並在你需要時給予協助，讓你感到備受照顧。在這裡用餐，你是在享受一種悠閒、自在的生活態度。 大家有空不妨來樂子瑞安店，安排一場美食饗宴，感受專屬於你的快樂吧！,是好吃😋 可能當天太冷了⋯⋯又或許聊天聊太久 覺得食物不夠熱😂
ChIJvWPH_xOtQjQRpWFAqhbQiCw,春節期間南港lalaport人潮洶湧，每間餐廳都大排長龍，只好轉戰對面人潮較少的中信園區覓食，選了這間也是連鎖的日式餐廳 套餐價格算平價，店內提供小菜，味噌湯，霜淇淋無限享用，小菜口味都還行，套餐釜飯採高溫處理，久不攪動底下就會有鍋巴，套餐的主菜內容物有點少，所幸口味還能接受,串燒類 、尤其很雞皮好吃～但份量都略少！還好有✨五星好評送娃娃菜，增加飽足。,謝謝各位服務人員的用心，小菜都不錯吃，外加上現在還有霜淇淋吃到飽，真的太讚👍👍了,餐點主要為釜飯，有多樣串燒可選擇 內用小菜、白飯、味噌湯、高麗菜絲可續 CP值不錯,在中信南港C棟3F，可能因為隔壁Lala port 開幕又或是週六人潮較多，預約已經是用張紙寫人數叫號碼。 ✅可line pay✅5星🌟評論送娃娃菜✅裝飾有氣氛✅湯飯、飲料可續✅手機點餐 ⚠️有低消成人需268元⚠️10%清潔費⚠️用餐時間90分鐘⚠️餐點現做會需要等待一段時間（我們等了快40分鐘） 人手明顯不足，客人走了但桌子會比較晚收拾。現場叫人也比較緩慢跟凌亂。如果很餓千萬不要等，因為剛好是有拿到優惠券才前往嘗試。 感覺店員已經很努力了💪 上菜幾乎等了快40分鐘，喝了3碗味增湯止餓才上菜。 超激安牛肉丼，上面有秋葵切片。 莎朗牛排感覺蠻普通不過算大塊，會付一些紅蘿蔔跟花椰菜。 串燒類只點明太子玉子燒，尚可。 5星的娃娃菜是同行的人填寫贈送的。 應該是先抹奶油烤過在直接放入味增湯再加糊椒粉的感覺。 整體來說很豐盛，但論CP值算普通。 店內裝潢很有在地的感覺。
ChIJvWWkxO6rQjQRHf_zc9VTcAE,早午餐有多種選擇，日式、西式、中式餐點都有。假日早上人潮蠻多的，10點多都陸續坐滿。 餐點口味還不錯、份量不多，飲料機可以無限續杯，喜歡喝咖啡、喝茶的，都可以坐著聊天享用，早餐的均消300元左右。 餐廳外面有個小公園，適合小朋友跑跳。,"2025 年 11 月 23 日星期日 Ubereat第一次訂購 買一送一 和風照燒牛排御膳 Steak with Teriyaki Sauce Ozen$580.00 無須加購, 無須加購, 5 分熟 Medium Rare 山型麵包 ($60.00) 和風照燒牛排御膳 Steak with Teriyaki Sauce Ozen $520.00 無須加購, 無須加購, 7 分熟 Medium Well 還不錯唷！",民生社區巷弄內的餐廳，早餐選項頗豐，CP值不錯，可以很悠閒地吃一頓早餐！,實在太難吃了，蔬菜都是冷凍蔬菜做的。照燒雞也沒入味，干貝鱸魚也像白水燙的沒味道，包裝也不行，還都灑出來了，後悔沒先上來看評論就直接點了。,服務人員感覺都待很久了，態度都非常好，用餐環境寬敞及舒適。我們點了日式御膳牛排/鹽烤牛肉套餐，價格約在460-480之間，套餐有附小菜、豆腐生菜沙拉、味增湯、飲品自助吧。炸蝦跟炸魚都好吃。整體吃起來蠻飽足的，牛排肉質也不錯。加入會員還可以兌換禮物。
ChIJvYcdrlOvQjQRZ_5wNZRyEA0,加入會員可以兌換飲料～ 天堂鳥冰茶味道比較特別，不像一般的水果茶或是純茶，喜不喜歡蠻看人的😌 google評論也能送咖喱可麗餅 送的蠻有誠意的，可麗餅不會太小塊，是好吃的打卡禮 1. 冷漬番茄鮮奶油 $109 如果只有兩個人只能點一樣前菜，這道絕對必點，有用梅粉醃過非常開胃，鮮奶油也不會膩！ 2. 明太子焗洋芋 $169 喜歡明太子的人可以點，但有一點點辣，不吃辣的人可能要注意一下～ 3. 明太子鮭魚義大利麵 $288 第一口吃到覺得非常驚豔，但友人覺得吃到後面還是有點膩，適合跟朋友一起分食 4. 紅酒牛肉咖哩飯（加購歐姆蛋） $328 牛肉嚼勁十足，醬汁微酸非常開胃，是四道主餐裡最喜歡的😻 5. 厚切豬排咖哩飯 $288 安全牌料理，正常發揮沒有特別驚豔但也能順順的吃完😆 6. 多蜜純牛漢堡排飯 $328 牛漢堡非常嫩非常多汁，而且薯泥可以稍微解膩，但牛的味道還是比較重，如果不喜歡肉味的感覺還是先pass,難吃到有令人嚇到 說不定調理包都更好吃 點了菜單上的一二名 都很驚艷的不好吃 燉菠菜還加了肉桂？奶油吃多了很膩 奶油味噌湯也不好吃湯上面浮一層類似油水分離 炸雞是咖喱口味也很微妙 漢堡排很軟吃一口就知道不合口味 章魚腥味也蠻重 飯偏乾硬 但餐具擺盤都很可愛、好看 哈蜜瓜蘇打真的很好看～ 店內感覺不是很乾淨 吧檯裡面的飲料壺上面很髒 旁邊擺設的桌布上面也很髒 一進門看到女店員可愛的白圍裙 像是從沒洗過的灰黑色 真的觀感不是很好⋯ 公司提供一下送洗吧⋯⋯ 只能說可惜了裝潢跟餐具營造氛圍的用心⋯ 想吃美食千萬不要來踩雷雖然單價並不高 服務也不錯～不過調理包可能都更好吃 大概就是一次性店家吧～,現場候位要等蠻久的，後來店內陸陸續續有空位但也沒有帶位進去不知道是有什麼特殊考量🧐 食物的部分唐揚雞塊很好吃！！醃料味道跟麵衣都很棒⋯ 漢堡排普通，可能是因為全牛所以內部汁水不太多，多蜜醬有點膩（太鹹太甜🥵 柚子胡椒松阪豬義大利麵很不怎麼樣，不知道為什麼清炒的麵會那麼膩那麼油吃到最後盤子裡面都是油⋯麵的口感也很不怎麼樣 應該點三明治的💔,偶爾找到日式風格餐廳，開門前已有多組客人排隊，店內位置不多狹長型，只能現金付款。 點了奶油雞肉咖哩＆拿波里義大利麵，餐點有一定鹹度，以個人口感來說算重口味了，但算好吃～ 咖哩類可以加一次飯與咖哩醬，這次品嚐起來飯偏硬。喜歡顆粒明顯，硬飯的人可以試試。 加入會員有贈飲品。,第二次來訪，拿玻里義大利麵依舊好吃，想當初是因為日劇初恋來朝聖，適合約會的地方。沒想到過了一段時間，人潮依舊很多，生意一樣旺，建議先盡早訂位。
ChIJvZ52YQmpQjQR4l-ag3QE3ms,我的鹹蛋黃醬義大利麵升級套餐，其餘為單點，唐揚杏鮑菇是包豆皮下去炸，裡面杏鮑菇很鮮嫩多汁，豆皮炸得也非常好吃，三項餐點調味都很好，副餐是比較稀的味增蔬菜湯，茶凍沒吃出特色，水果也還好。布丁很不錯😌👍🏻上菜速度快哦👍🏻👍🏻👍🏻,副餐是我吃過最用心不馬虎的～ 湯非常好喝，是燕麥熬的蔬菜！茶凍軟嫩恰好，有濃濃的茶香。 我們的主餐豆腐、咖喱都很好吃，若咖喱醬能多一些就完美了🙏 PS：餐後我們去逛迪化街，走了不少路，後來老人家想上廁所，卻整條迪化街沒看到友善廁所。當時已逛回到餐館附近，只能硬著頭皮再到無所洋食借廁所，正值你們空班打烊，還是樂意給老人家方便。非常謝謝你們的佛心，祝福你們！,是個很有特色風格的素食料理店！ 有好吃的炸杏鮑菇，真的有雞肉的感覺 有濃郁的炸豆包飯，柚子胡椒香氣貫穿整碗 有辛香料充滿的蓋飯，有可口的豆腐小菜（推）豆腐配醃製鳳梨醬、素鬆、帶點辣感 這是我個人最愛的風味呈現方式。 （冷氣偏強，室內外的溫差感很強烈） 入口處能看到十連棟的歷史故事 是個很有歷史意涵，百年價值的古蹟 補充，服務人員很熱情也很親切！,"位在迪化街巷弄內的素食餐廳,餐點選項約20項都會寫明是否有辣,飲料是另外單點,我們點了照燒蛋黃醬義大利麵/翠綠麻婆豆腐飯/野菜綠咖啡飯/東京醬油乾拌麵,都蠻不錯吃的,翠綠麻婆豆腐飯比較沒辦法像一般麻婆豆腐的味覺口感,但也是有辣度的;另外單點 唐揚杏鮑菇/炸新牡蠣,蠻好吃的口感也很棒,沾醬也搭菜餚,紅茶的口感跟摩斯一樣,也讓人驚艷,如果想要嚐不一樣的素食餐點,可以來到這樣品嚐看看",裝潢五星 創意五星 清淡五星 短頭髮的外場服務五星 料理勾芡一塊一塊的 對乳糖不耐症友好、素食友好 麻婆豆腐是湯湯的不是勾芡濃的，單獨喝湯很像麻辣燙、臭臭鍋。 茄子豆醬味很濃。沒有鍋香或是嗆出香味。 套餐蠻貴的，但是豆乳醬和茶凍挺好吃；水果也新鮮；湯也好喝。 餐點份量大小差距很大。 推薦： 布丁有淡淡的植物奶味道，超嫩！焦糖香很足。是我吃過的前三名布丁！ 炸杏鮑菇；豆皮+杏鮑菇吃法新穎、配醬和高麗菜絲搭配吃很讚！
ChIJvZks39avQjQR3Vo7qkc23zY,記得先訂位如果要吃的話 我臨時起意現場等了六組客人 但我覺得不好吃 醬油雞腿義大利麵的雞腿有肉腥味 甜豆大概只有2根切三段 炸雞也普通偏上 不會回訪,今日二訪餐點如下 辣魷魚義大利麵很夠味蠻好吃的 海鮮煎餅今天運氣蠻好的 趁熱吃並不會感到太過油膩 表皮脆脆的口感還不錯 青醬菠菜義大利麵味道搭配素肉丁一起吃味道頗特別如果喜歡這種味道的人會蠻喜歡的 雪濃湯在冷冷的天氣喝還蠻好喝的 但可惜裡面肉片感覺比較碎 如果有完整的肉片口感可能會更好 附贈的兩塊米餅可以稍微泡一下湯 不要泡太久就可以吃囉 可以有點脆感但又可以有點湯汁的味道歐 雪濃湯是上次跟這次都有點的滿意推推👍 還有點一道許多網友推薦的蜂蜜炸雞沒拍到 可能甜味的韓式炸雞還是吃不大習慣 所以覺得以後還是吃原味就好 否則甜口味的感覺一下就吃膩了 但我相信愛甜口味炸雞的人應該會超愛😊 所以喜歡甜炸雞的人還是可以點點看,整體普普，沒有驚艷。 海鮮煎餅，海鮮餡料不多，麵粉很厚，且辣味真的很辣，要斟酌，另外義大利麵條偏硬。,餐點好吃～ 但當天用餐時有黑色的小飛蟲飛到我的麵上 跟店員反應 剛好我的麵裡有黑胡椒 店員馬上就說「應該是黑胡椒」 我回應：是小飛蟲🥲 當下我沒有拍到照片 整盤就讓店員先拿走了 後面店員又再回來告知「是黑胡椒」 我：那真的是蟲⋯ 我看到他飛下去的⋯⋯ 店員才說「那要換餐點？」 我當下覺得感覺店員覺得我在奧 （但我發誓真的是蟲🫠 後來重新上了一份麵給我 雪濃湯好喝👍🏿 結果換我男友喝到一半發現裡面有蟲^^ 這次我不敢講了 就默默撈出來：） 真的不想被當奧客^^ 但何德何能能在一餐裡遇見兩隻蟲,音樂很吵.... 餐點份量偏少.... （結帳後往外走時，看了下別桌，同去的家人們說似乎我們的份量比別桌還少?!） 海鮮煎餅很油.... 服務生完全沒笑容.... 除了青醬口味義大利麵 韓式肉丸義大利麵和檸檬起司義大利麵 這兩道吃起來蠻像微波食品.... 炸雞還不錯 雪濃湯普通 沒有部落客介紹的那麼驚豔
ChIJvdWMGY2rQjQRjF3SNuha2Tw,松果院子位於民生社區富錦街，是一家從外觀就散發溫馨氣息的小餐廳。推門而入，木質的裝潢搭配暖色系的燈光，營造出一種非常有情調又舒適的氛圍，很適合朋友聚會或情侶約會。 這次我點了三道餐點：招牌泰式海鮮手工麵、唐揚雞沙拉，以及干貝烏魚子燉飯。泰式海鮮手工麵其實沒有特別強烈的泰式風味，但整體融合得非常舒服，帶一點微辣和番茄的清爽感，配上能完整包裹醬汁的寬麵，口感相當討喜。唐揚雞則是本次用餐的驚喜，外皮酥脆、內裡多汁，味道偏甜但完全不膩，甚至讓人忍不住想像，若是開一個專門賣唐揚雞的小攤位，肯定會大排長龍。至於干貝烏魚子燉飯，烏魚子的存在感稍弱，必須細嚼才能在口腔中釋放出香氣，不過整體味道溫潤，不會過鹹，搭配干貝的鮮味，仍然相當和諧。 整體來說，松果院子帶來的是一種恰到好處的舒適與美味，沒有過分張揚，卻讓人吃得安心愉快。這是一家讓人想再訪的小餐館，下次一定會再來試試其他菜色。,是個好聊天的地方~ 炸雞沙拉好吃但炸雞也太少了吧😂 味道是不錯的，但份量太小吃不飽所以先給三星,手工麵真的口感很好吃 餐廳環境很棒，非常適合2-4人的聚餐 炸雞沙拉是最推薦的一道，炸雞調味跟一般不同，肉質也軟嫩，搭配沙拉吃很不錯。 泰式海鮮麵，味道不會很重，醬汁巴著麵條，因此味道很濃郁。 南瓜鮮蔬麵味道就比較淡了，也有可能是因為先吃了炸雞沙拉跟泰式，所以會覺得比較淡😅 整體用餐感覺是不錯的，所以會推薦2-4人的聚餐,很舒服的一家咖啡廳 植物系裝潢 上餐速度滿快的 假日有限時 但沒客滿不會趕客人 這點很不錯 點餐+飲料可以折30 餐點有加10% 可以linepay結帳,唐揚雞沙拉很好吃！非常喜歡❤️ 但松露燉飯感覺沒有鹹味… 松露味很濃 但少了鹹度有點水水的感覺 另外有一位服務生的口氣偏微妙 臉有點兇口氣沒有那麼好 其他都很好👍🏻👍🏻👍🏻
ChIJvfRr2NWrQjQRZSTAyJ3KtLE,在空軍總部對面 小小的一間飯館 不能定位 生意很好 上菜的速度很快 有蓬萊米跟在來米兩種飯可以選擇 也不能說不好吃 但是沒有什麼記憶點 總覺得缺點什麼 應該是不會想再訪的店家,星期六中午十二點前到，不用等。 上菜很快 菜色就是家的味道 最喜歡泡菜牛肉 黃豆蹄花很入味，豬腳皮很q彈，又做得到入口即化。唯一的問題是，黃豆很多，裝滿了整個碗🤣,忠南飯館是我長久以來的愛店，已經算不清來吃多少次了，以前就算是住在國外時，想到回台灣要吃的餐廳首選也是這家，但現在價格越來越貴，CP值變得很低。 以前來都要排隊，今天假日中午12點半完全沒人排，感覺來吃的人也變少很多。 最扯的是這次吃到一半發現芥藍臘肉還有報紙黏在上面，老闆說可能是洗菜沒洗乾淨，要不要再炒一盤，都吃下去了耶，雖然最後結帳時老闆沒算這盤的錢，但是希望店家要加強衛生。,很久以前就知道這家餐館，最近因緣際會下，終於來這裡吃飯，整體來說飯館給人感覺很不錯，員工親切，小飯館的氣氛讓人舒服、自在，前後來了二次，點過五道不同的菜色 豆乾炒肉絲-豆乾和肉絲炒得都很嫩，味道也不錯。 酸菜回鍋肉-肉嫩，酸菜酸的夠味，很棒的組合，推薦的一道菜。 紅燒獅子頭-獅子頭的調味很不錯，也很細緻，白菜燉煮入味，卻又不會過爛，這道菜也很推薦。 麻婆豆腐-是一道清爽版的麻婆豆腐，如果是喜愛麻婆豆腐的人，可能會覺得不夠味。 韭黃炒蛋-蛋炒的有些過老了，但味道還是不錯的。 這裡的飯是免費取用，飯有二種-軟Q或鬆軟，十分貼心。 這是一家可以再訪的家常眷村菜飯館。,好滋味老店，口味偏重，泡菜牛肉是中式泡菜，有很香很香的發酵味，很爽口，帶一點酒香～ 點菜會附豆芽湯跟可免費續的茶和飯，飯還很貼心的準備蓬萊米跟在來米兩種的選擇，假日生意非常好，很多外帶也很多內用的，需要等一陣子，但上菜算蠻快的 主餐價位有190、220、250三種，也有不同的餐和大菜（紅燒魚、滷牛腱）可以點，選擇算蠻多的 雖然是老店，但服務很好，桌子也非常乾淨不會黏黏的，很推薦可以帶家人來吃～
ChIJvw4JL-GpQjQR06sfBHzlFSw,1.隱藏在巷弄裡的日式料理，有數桌內用座位，假日尖峰時段也有位子，是 planB 好選擇。 2.唐揚雞丼 170 元，表現中規中矩，雞肉份量足，口感OK，有配菜 3.味噌湯自取，主要就是湯 4.限現金支付,店家佈置的很用心～肉不錯吃，免費的味增湯很真材實料！洋蔥很多，湯整體喝起來很清甜～ 但丼飯上的配菜都是冷的，口感也都沒有很好，整體吃起來有點怪🥹,燒肉（牛肉）丼鹹甜醬汁還不錯吃，搭配花椰菜、玉米粒還行，套餐唐揚雞4塊+煙燻鮭魚2片+可爾必思1杯 $120，或許不要套餐，可以考慮單點唐揚雞就好。 另外，單點鹽烤鯖魚味道還不錯，味噌湯鹹甜適中，算還不錯喝！,好吃？別被評論騙到了== 要什麼沒什麼，點來點去最後乾脆說沒有烏龍麵。 紅茶喝起來像水龍頭裡的生水，噁心的味道揮之不去。 味增湯甜的跟加了一整包糖沒兩樣⋯ 燒肉丼飯？那也是很懂做了，這個湯跟燴飯沒兩樣，又鹹又甜，菜是冰的？ 好奇整家店是有第三個人嗎？在等餐的時候，頻頻看到廚師跑出來跟櫃檯聊天，所以誰在顧火？我的飯不會是微波食品自己完成的吧⋯,其實食物蠻一般的，我的炸豬排油耗味說實在有點重，價格在中山去還不錯！但是食物真的還好，尤其是海帶絲有不新鮮的味道 然後我朋友吃炸蝦，他覺得還麵粉太多了吧⋯咬下去不是肉味，是麵粉味⋯ 抱歉☹️剛剛飢腸轆轆看評價來的，結果有點失望，就算餓也沒覺得很好吃，但是店內音樂滿好聽的，服務很都很ok!
ChIJw-RrmtKvQjQRsXrpHF7qSCQ,先說結論是推薦 不過如果是想吃飽的話就不推 整體我願意給四星 但單純以飽度來說是2星 以下說明給四星的原因 首先整家店是單點無套餐的消費模式，在這個前提下，就大概知道價格不會太便宜，所以我吃完並沒有覺得有什麼不合適。 員工走一個親友路線，他是把你當朋友，不是客人，所以如果你是想要非常規矩的服務的，這裡不適合你，但如果你是個喜歡互動的E人，這裡超適合你。 今天是來幫朋友慶生，剛好我中午來的時候只有我們兩個，所以我們做吧檯，我個人是非常喜歡吧檯的位置，因為我個人很喜歡看料理的方式！ 來說說食物，今天基本上算是店員推薦給我們的菜單，首先有四種和牛，分別是肋條、五花、牛小排跟一個我忘了什麼😂 價格1400左右 但每一份肉大概是4-5塊左右，牛小排切完有8塊，老實說肉量確實算偏少，但全程代客燒烤的情況下，我覺得價格合理。 肉的部分每一份都有調味過了，個人建議是不需要沾醬，但如果你口味重，加了絕對還是有加分。至於肉本身個人是覺得中規中矩，好吃，但就是沒有驚艷。 再來是松阪豬（這才是第一道）因為我不吃豬，所以不評論，但友人說很好吃，大概是6片。 接著是滿貼心的蔬菜，有很多節瓜、山藥、香菇及杏鮑菇，貼心的部分就是，他並不會一次全部烤給你，他分成好幾次，交叉在不同的肉之間，除了調整口味外，也會讓你有一種吃到很多菜的錯覺，這個我超加分。 再來是薄切牛舌，我印象是4片300上下？也是好吃但沒有驚艷。 吃到這邊我其實已經知道一定不會太飽，所以立馬加點了牛五花跟鹽味雞肉，結果這兩個完全MVP，因為這兩份肉品相對其他的，大一點也厚一點，老實說吃起來爽度更勝和牛四吃，建議點一下。 剩下其實都小東西，沒有特別想說的，會給四星，主要是全程代烤，可以跟朋友聊的開心，吃到的食物熟度也是烤的很剛好，如果沒有這個服務的話，我應該就是給個3星或低一點，這餐價格約是3200，飽度50%，所以如果是想要吃到很飽的這家不適合你，但如果你需要跟朋友好好聊天，或是你是一個人來，我覺得非常適合你！,我特別喜歡這裡的生蠔🦪 好幸福 真的是回到京都吃生蠔的感覺！又鮮又大又肥美！認真超推 ！居然在台灣也能吃到這種等級的 絕對榮登我的生蠔前三！ 我男友長期住葡萄牙，他說這是他在葡萄牙&台灣吃過最好吃的第一名牛肉（我們點生牛肉跟三種和牛組合）！他最愛生牛肉，這家是他的第一名。 伊比利亞豬肉他也超愛！開始一直滔滔不絕跟我講豬肉故事(^_^)v 感謝老闆烤的這麼恰到好處！真喜歡這樣現場烤現吃❤️太幸福了！想去日本吃生蠔跟和牛烤肉的，還不快點去！😎 對了 忘記說 他也很愛這家的黑啤酒🍻 開心的還跟老闆碰杯🍻🤣,店員服務很親切，坐在吧台有師父師傅幫忙烤唷！非常專業，牛肉品質也非常棒，很好吃！！,臨時選擇的店家 食材吃起來還可以 但不會到很驚艷 個人覺得烤蔬菜的部分比肉好吃～～（牛頰用烤的很韌 不建議點） 店員點餐時有不小心點錯 直接變成招待這點很加分 且服務態度都很不錯 一個人平均下來會到1000以上 都是單點（有酒類無限喝的方案） 且份量都比較小一點,沒有套餐可以選擇，食材都是單點的，第一次去店員會很詳細的介紹，我們最後兩個人吃了$2000 ，還是有一點沒有吃飽的感覺，肉質的部分算台北地區中好吃的燒肉，店員會在座位前面烤給你吃，烤的手法非常的熟練，而且肉質很軟嫩非常非常好吃。 唯一的缺點就是份量真的太少了，尤其蔬菜的部分幾片櫛瓜和杏鮑菇就要150，真的是偏貴，所以兩個人吃下來真的是要1000多塊才能吃飽，如果能夠推出有前菜沙拉肉品海鮮蔬菜以及甜點飲飲料的套餐，我覺得會更吸引人，整體的用餐體驗還是很不錯的
ChIJwQPcmc-rQjQRtXDQA__PPwg,大年初五下午剛好經過附近，沒訂位的狀況下很幸運的有位置可以用餐。 三個人點了小羊膝套餐（含拿坡里超簡單炸海鮮、自製香腸肉末炒普利亞貓耳朵麵、提拉米蘇）、另外又加點特大綠蘆筒溫泉蛋與36月帕瑪森老起司。 綠蘆筍新鮮脆嫩，跟溫泉蛋和起司味道很搭； 貓耳朵麵的口感超棒的，一朵朵Q彈有嚼勁又不會太硬，香腸肉末有著微微辣味，花椰菜切碎碎保留脆脆口感，麵跟肉末蔬菜完美融合，味道夠又不會太重。 炸海鮮裡面有一個鰻魚花椰菜球，口感非常神奇，有著芋泥般的口感；炸海鮮不會有油膩的感覺；主菜羊膝的肉一撥就骨肉分離了，肉一點都不會乾柴，帶著一點膠質，旁邊的馬鈴薯泥非常好吃，有種說不出的香氣，總覺得有股橘子香氣。 原本還點了一個燻鴨胸義大利麵，不過被漏掉了，因為也蠻飽的就沒有請店家補上，貓耳朵麵口感很好，原本蠻期待另一款麵，沒嚐到覺得有點可惜，不過也是下次再訪的理由。 套餐附的提拉米蘇很好吃，沒有過重的酒味；另外因為漏了一道麵，店家補送了一個老奶奶檸檬派，兩個甜點都很棒，檸檬派酸甜夠味又不會太膩，搭配一杯熱咖啡剛剛好。 餐廳整體很舒適、氣氛也很好，另外服務人員也都很親切，餐點口味沒話說，每道都好吃。,總結來說是絕對不會再二訪的一間餐廳，跟朋友點了煙花女義大利麵，還有鴨胸義大利麵一致都覺得麵心很硬，而且調味超級重鹹，尤其是鴨胸整個感覺是泡在鹽裡面嗎？超級超級鹹，最好吃的真的就是全台最好吃的奶酪，其他我們都覺得很一般，也不懂為什麼生意這麼好，而且低消還有限制500$/人，然後送上來的義大利麵也不是那種捲的很漂亮的狀態，一道330$，至少擺盤要美觀吧！不過，服務人員服務很貼心。 然後桌子跟桌子桌距很近，不太適合聊天,1.牛尾麵很好吃，份量很大自己吃完會有點膩！但調味很棒，牛尾非常軟嫩，輕輕切就肉骨剝離，還有黑巧克力🍫粉跟牛肉原來那麼搭配欸！ 2.肉醬義大利麵的肉醬，是我目前看過最大塊的肉了🤣，應該要改叫肉塊義大利麵，很好吃😋 3.提拉米蘇是酒味很重，底部的麵包體很濕潤的那種。 4.炸海鮮也很好吃，我朋友超愛。 5.章魚🐙腳我好喜歡欸！很有嚼勁搭配鷹嘴豆泥，更好吃了😋,2026/3/1第2還是第3次回訪，位置好，離忠孝敦化捷運站近，義大利麵一樣好吃，義大利麵是有麵心(偏硬)的口感 個人非常喜歡； 但份量 、擺拍都不如從前， 還想要補充「位置、座位」也越來越擠了，沒有以前用餐的享受感，會想回訪的感覺降很低。 備註： 1）一定要訂位 2）裡面比較黑暗昏暗 3）低消，1人$500,跟朋友臨時的飯局，卻沒想到有如此大的驚喜收穫。在餐後尾聲來了個超完美的乳酪蛋糕做結束。但前面大餐真的吃得太飽了，不然我會再加點一次蛋糕的。 每一道菜我都很滿意，貓耳朵微微辣度帶出爽口味覺跟黃金酥脆的馬鈴薯餅也推薦必點。可以再訪n次的店請好好收口袋。
ChIJwQvTceOpQjQRhxBKSCWjU6A,"饗賓集團的「真珠台灣佳味」，本次是點春節四人套餐，配置相當完整，從冷盤、熱食到湯品，涵蓋了許多台式手路菜的精髓。 【春節四人套餐 $3,368 】 如意小菜：開胃菜，通常包含清爽的醃製時蔬（如黃金泡菜或醃蘿蔔），酸甜開胃。 蒜蓉鮮蝦板條：蝦子新鮮度佳，蒜蓉醬汁調得濃厚而不嗆。底部的板條，吸滿了蝦鮮與蒜香，口感軟 Q 。 化口梅干肉：真珠的招牌，五花肉滷得「化口」，油脂部分入口即化，梅干菜的鹹香，適合配白飯。 蔥油鹽焗雞：雞肉質地紮實且皮 Q，淋上蔥油後香氣提昇了一個檔次，鹹度適中。 麻油蛋松阪豬：麻油味厚實卻不苦澀。松阪豬脆口有彈性，麻油煎蛋吸飽湯汁精華，口感濕潤溫潤，是很有誠意的補氣料理。 金湯海鮮豆腐煲：色澤金黃，湯底濃郁。豆腐滑嫩，內含多種海鮮配料，口感綿密，大人小孩都會喜歡。 蛋酥白菜魯：充滿古早味的代表作。白菜燉得軟爛吸汁，上層撒上的蛋酥增加了香氣與層次感，很有古早風道。 清甜白玉排骨湯：作為結尾的湯品非常稱職。白蘿蔔燉出清甜，與排骨的清肉香交織成清爽的湯頭。 【加點】 金旺鳳梨蝦球盅 ($480)：整顆鳳梨上桌視覺感極強！蝦球個頭很大，外皮乾爽酥脆，配上果肉酸甜，比一般餐廳的鳳梨蝦球更有層次。 鮮菇炒水蓮 ($280)：水蓮炒得翠綠清脆，沒有過多的油感，鮮菇的加入增添了多層次的蔬食香氣。 這一大桌菜算下來平均一人約 $1,000 出頭（含服務費），四個人吃實在吃不完。",年初家庭聚餐，包廂有低消，八位大人一位小孩（友善提供兒童座椅及餐具），點了十人份的套餐，共十二道菜一湯，兩樣招待小菜，十份茶水及甜點。 最後剩下一些湯及滷肉，其餘餐點清空，份量適中，飯可無限續加，鹹淡調味中規中矩，沒有特別驚艷的菜色，僅有玉米蘿蔔排骨湯十分清甜解膩，是吃完後腦海中唯一留香的菜餚。椒鹽排骨肉非常少，幾乎是外層裹粉的口感而已。 每一位服務人員的態度都十分親切熱情，會觀察客人進食進度調控上菜速度，但滷肉壓在最後才上來，大家都快要沒有肚子可容納，近乎是一上桌就可以整鍋打包的節奏，建議調整一下順序。,"到真珠聚餐，點了8道菜，不過一開始上菜因為太餓只顧吃沒有拍照，最後只拍了三道菜。 塔香茄子大腸很下飯，胡椒蝦很辣也很下飯，櫻花蝦高麗菜雖然很家常，但是炒得很好吃。蜜棗炸排骨鹹甜入味，要預約的砂鍋魚很大一鍋，人多的時候很值得點。炸鱸魚也是酸甜口味，大家都很喜歡。金沙中卷和炸湯圓每樣都好吃😋 除了砂鍋魚分量比較大之外，其他的菜色分量還可以，不過8個人還是可以靠砂鍋魚吃飽。 服務人員態度非常親切，給👍 Ps,我們坐的圓桌低消3600元。",這次來到位於京站的「真珠台灣家味」用餐，原本是衝著他們主打的經典台菜而來，沒想到最後卻被一道甜點徹底圈粉。餐廳整體的氛圍相當不錯，裝潢帶有時髦的復古感，非常適合家庭或朋友聚餐。 菜色部分走的是「阿嬤的手路菜」路線，幾道招牌像是鹽焗雙醬雞、五花魷魚小炒都相當下飯，調味濃厚卻不死鹹，吃得到食材的鍋氣與用心，確實讓人有種回到老家吃飯的溫馨感。 然而，整頓飯最讓我驚豔的，絕對是收尾的「鳳梨冰」。這道甜點非常特別，與一般外面常見的化學糖水冰完全不同。它的鳳梨果肉熬煮得恰到好處，保留了鳳梨天然的酸香與纖維口感，吃起來既有古早味的純樸，又帶有一種精緻的清爽感。在吃完口味較重的台菜後，這碗鳳梨冰簡直是解膩的神器，酸甜交織的滋味在口中化開，瞬間讓味蕾重新甦醒。 總結來說，真珠的台菜水準在線，但那道畫龍點睛的鳳梨冰，才是讓我想再次回訪的關鍵理由。強烈推薦給喜歡台式料理的朋友，記得一定要留點胃給甜點！,之前都是吃旗下其他品牌，第一次嘗試真珠，蠻意外的很好吃，非常家鄉的味道，回家吃飯的感覺，整間店的服務氛圍也很好，常常注意顧客的需求，態度，笑容，禮貌都非常的到位，感受很不錯，可惜胃不大，期待下次來點別道菜吃！ 今天吃水蓮、塔香茄腸煲（推推）、香煎季節魚（不錯）、米粉（推推）糖醋雞（也好吃）
ChIJwUS0HmmpQjQR5BB-NYezal8,海鮮炒飯、蠔油芥藍、蟹黃豆腐煲是必點！ 尤其是把豆腐蓋在炒飯上有夠好吃,華主任是全台灣第一名服務人員🙎 每次來都很開心🥳享用美食又有超級好服務,慶祝生日的好地方，服務人員很熱情，幫我們佈菜，照相，切蛋糕。菜也有一定水準，吃得賓主盡歡。很推薦一再光顧的餐廳。,在過去這間餐廳之前，比比有查看了其他在地響導的評論所以並不帶太大的期待，但是整體吃下來的感覺其實並不錯，況且餐廳環境十分的舒適，服務也很到位，比比很喜歡，烤鴨的部份也很不錯，不過港點的部份說實在的就平常了些。炒鴨架子這裡選擇的是高麗炒在這裡使用的是甜麵醬下去炒和一般的香辣口感不同，不能說不好吃但是從片皮，和鴨腿吃到最後會有點膩口下次應該用醬爆或椒鹽，蔥燒鯽魚還是會有不份骨頭不夠軟爛需要自行挑出吃的時候要小心。整體上價格偏高但是配合場地與服務其實還好。,整體菜色 口味偏淡 東坡肉 顏色、味道不夠入味 肉味些微重。 乾癟四季 ，也不夠乾癟 片鴨餅皮蠻不錯 ，薄 容易入口 。 片鴨尚可。 服務有待加強，上菜速度慢
ChIJwySZTampQjQRjDgDXnuZRHY,👉 兩喜號 - 總店 👈 一定有些人不知道🔹廣州街🔹這間 是📍兩喜號📍的總店？？💬💬💬 我是都在🔹西園店🔹買比較多就是 了，多年前也只在總店買過一次而已 ，停車方便性問題，在📍兩喜號📍 店家的招牌焿有吃的是一定都知道 不可錯過呀！！此次只略單點了： 💫 兩喜魷魚焿 /小 70。大 100。 這是目前的價位，因為只想喝店家 的湯，也沒加點店家主食，不然加 個麵之類的🍜，大碗也才加5元， 小碗加10元，其它單點的主食基本 上提供的都水準也不會太差的。 大碗的湯量與料🥣就如圖，算是 非常的豐盛，好喝👍✨️有推推。 有些人覺得偏甜我是覺得還好。 ⭕️生魷魚，條狀旗魚丸，好吃⭕️ ⭐️⭐️⭐️⭐️⭐️ 五星評價很值得一 再嘗試的老店，老店底子好呀！ ，祝生意興隆，感恩感謝。 🌍2026.01,兩喜號必點古早味米粉炒和魷魚羹。 米粉炒以蒜香加一點醋、超美味、油蔥酥炸的恰恰好。 魷魚羹則以豐富的配料（如生魷魚、旗魚丸等）點綴香菜和清甜的湯頭很滑順。 而滷肉飯不死鹹肥瘦剛好超級下飯、 推薦綜合羹來一次品嚐多種口味， 現炸牛蒡天婦羅、現炸鮮蝦捲炸物超酥脆,魚肉塊，應該是土魠魚吧吃起來先點好吃。蝦仁跟蝦子有看到了經典好吃水準足夠價格在觀光區算是合理可以再。,百年知名老店。 樣貌與環境新穎，空間明亮舒適，菜品樣貌也誘人，無數名人到訪，沒來吃過還真不好意思說出去。 產品堅持古味，希望能繼續100年。,兩喜號多年來持續上門，即使新一代接班仍是喜歡 品質也保持良好，不過今天還是第一次在總店 自己的感覺是炸物稍微過了一點 也許是心理作用 未知 😆
ChIJx1oTFV6pQjQRUtZAGCMtB1I,2/2 晚上七點左右入座用餐， 因為當天有在國外的姨丈難得來台灣玩， 想吃有特色的餐點 於是吃素的家人就推薦這一家 禪風茶樓的裝潢設計很古風，空氣間也是清新的木質調香 餐點很好吃，而且這一天用餐的最大亮點是，有一位男生服務員，因為注意到我們點了兩個麵食加上有一大碗湯，提醒我們這樣光這三道的湯量會很多，建議可以改別道，否則會喝湯喝太飽 後面我們就聽建議把其中的一樣改成另外兩道菜 而吃到最後也的確光是吃兩道的湯品就超級飽足了，很謝謝這位細心的男服務員 有你的講解、菜品的介紹，讓我們在那天晚上的用餐是吃得非常開心的體驗 有聚餐的話會再來消費～ 祝福你一切順遂，保持這樣的服務熱忱～,在寸土寸金的台北鬧區，餐館裡面的佈置非常的讓人覺得可以淡定下來，而且不會為了追求桌數而犧牲顧客行走的舒適，行走的動線上面，留了許多餘裕，享受美食之餘，不會為了走動或者座位空間而覺得憋屈，很難得。 整個用餐的體驗裡面，服務人員臉上有笑容，不浮誇、不市儈，就是那種讓人覺得很體貼、很溫暖的狀況。這麼繁忙的都市裡面，相信內部企業文化讓服務人員可以保持這樣的狀況工作、服務顧客，也很不簡單。 而回歸到最原始的狀況，這裡畢竟是餐館，不提飲食是不可能的。每一道餐點，吃起來，從視覺、味覺、嗅覺，通通都是舒服的。跟不要提吃下肚之後，一直到隔天，都有身心安定的感覺。 謝謝禪風茶樓！,2025/10/5 餐廳氛圍不錯 裝潢古色古香 每一道菜都不錯 只是單價都較高 讓肉食主義者吃起來一點都不痛苦 推薦蘿蔔絲餅 蘿蔔絲很甜！還有銀芽腐皮卷、豆花 南泥豆腦很特別 可能因為坐包廂 所以要找服務人員不是很方便 另外送餐速度不太一致 有時候會間隔很久才上 ▫️風味粉皮$160 ▫️烏龍燻干$160 ▫️松露長青$300 ▫️銀芽腐皮卷$240 ▫️紫藷南泥豆腦$320/4個 ▫️老皮嫩肉$320 ▫️皮蛋臭豆腐$300 ▫️月見芙蓉$380 ▫️梅干苦瓜$420 ▫️乾煸四季豆$360 ▫️浦燒曼荷葉飯$600 ▫️黑松露炒飯$380 ▫️蜜汁叉燒酥餅$108/2個 ▫️蘿蔔絲酥餅$118/2個 ▫️酥炸三絲春捲$138/3個 ▫️蜜汁叉燒包$108/2個 ▫️招牌蘿蔔糕$128/3個 ▫️鹽滷木桶豆花$320/桶 ▫️桂花銀耳露$200,20251016我妹跟她日本老公，希望我們家人和她老公的阿嬤、媽媽和弟弟吃一頓飯，我妹上網查了一下，覺得交通方便、每一道菜份量都算足夠、評價還不錯的餐廳，就選了禪風茶樓。我就幫忙先訂位8個大人，到了10／16晚上，我們點了6人合菜跟幾道單點的菜---芝麻球、炸春捲、湯包之類的。月見芙蓉蛋和牛蒡飯很合日本人的胃，我們家是比較喜歡芋頭米粉和芝麻球，熱湯和梅乾苦瓜大家也覺得不錯吃 苦瓜處理的很好，沒有苦味。我們8個人，花了7千多元，CP值蠻高，還能加會員湊點數，下次來有優惠。不過我們是訂8個人，包廂內還有另一桌的人，就包廂內有兩個圓桌的意思。如果人數不多，不介意跟別人同包廂的話，這裡也是不錯的選擇。怕當天沒位子的人，也可用網路訂位，比打電話訂位方便，因為我是早上七點多在公車上網路訂位的，打電話要確認一下訂位有無成功，但是覺得電話不太好打，所以建議網路訂位。而且網路訂位，在要吃飯的前一天，會傳e-mail確認客人要不要保留訂位，然後預約當天的位子會幫忙保留10～15分鐘左右。,中高價位的素食餐廳 口味是都還不錯，份量我覺得是偏少 毋知影彼工是按怎，上菜實在較慢 大概攏是一項菜欲食完矣另外一道才來 其中一項菜內底有發現著thâu-m一支 店員來看了是隨共阮會失禮，共菜捀走 上尾感覺等傷久ah，彼項菜是紮轉去 付錢ê時敢若是無收阮茶水ê費用 （總是頭家是攏無講啥，是感覺小寡gāi-gio̍h)
ChIJx21xK_urQjQRJ0n6URaDN5k,感覺松山這家添好運比北車的好吃，主食份量偏少，不確定用的是什麼米偏細長，比較不是我喜歡的口感，但味道還是不錯的 海鮮韭菜煎餅蠻不錯的，炸的酥脆，餡料也好吃😋 蠔皇鮮竹捲 味道很入味，唰嘴，黑糖蛋塔也還不錯，不油，就是可惜有點冷掉了！ 感覺店員想呈現有在認真做事的態度，但帶位入座時發現桌子沒擦乾淨，用餐時，我上一秒才剛吃完一道菜，下一秒盤子已被收走⋯⋯整體觀感沒有太好😅,知名連鎖港式餐廳，用QRcode點餐，上菜時都有蓋塑膠上蓋，乾淨又衛生，用餐空間就是一般的連鎖餐廳，桌距不會太小但也要小心，服務員都很親切。 🥢酥皮焗叉燒包：好吃！必點！外皮的酥皮很脆裡面的叉燒肉很嫩，很好吃。 🥢好運咖喱鹹水餃：很特別的鹹水餃，咖喱味很重很像在吃咖哩魚蛋，鹹水餃外皮蠻Q的，很特別，可以嘗試看看。 🥢豉油皇叉燒炒麵：最普通最失望的一道，是主食但超小一份，麵很乾硬，炒的也不是很好吃，十分不推薦。 🥢鮮蝦腐皮卷：很推薦很好吃，單吃沒有沾醬也不錯，外面的腐皮卷十分酥脆，裡面的蝦子也很不錯，而且吃起來不會很油膩，一個人就可以吃完三個，大推！ 🥢香煎蘿蔔糕：很好吃，不是煎的很脆的那種，但蘿蔔糕本身很好吃，很推薦。 🥢醬皇蒸鳳爪：沒有很辣，鳳爪很軟很好脫骨，還不錯，可以點。 🥢晶瑩鮮蝦餃：很普通，皮很厚也沒有透，裡面的蝦子也沒有滿出來，外皮和內餡也都不Q，其他港式餐廳的更優，不推薦。 整體來說還不錯，一半以上的餐點都好吃，只有少數的很雷不推薦，價格也是相較其他港式比較便宜一些，突然想吃港式但又不想花大錢可以考慮吃這家。,來松山火車站辦事，想說順道吃個午餐。看見有港式茶餐廳，就叫了些茶點來吃。午餐時間，客人滿滿。偶爾吃點不一樣的，放鬆心情！,添好運的餐點品質一直都很好，松山車站二樓的添好運人流不大，不用等太久就有位置了。而且上菜速度很快，如果要趕火車，其實一個小時的用餐空檔就夠了。,銷魂飯真的是有夠銷，但是是消錢包的消 一碗320大洋驚呆人 還是乖乖點臘味炒飯就好哦
ChIJx5ETtLquQjQRAMnE00uPGtc,這家被海內外許多媒體介紹過的名店，谷歌上的評分只有3.8，我開始還覺得奇怪，怎麼這麼低？但吃過以後，不得不承認是有點道理的。 首先先說說食物內容。我點的是肋排排骨湯。湯頭是清甜甘美的，中藥味恰到好處，不至於寡淡，也不會濃烈到讓人受不了。肉質偏柴，也不鬆軟。至於所謂的肋排就真的只有骨頭上附著一層薄薄的肉，說真的還不如吃便宜10元的排骨湯來得有滿足感。 網上所垢病的服務差，要拼桌，這些都可以諒解。畢竟減少排隊候位，增加客流量，是店家與消費者雙贏。然而在我結賬後，看到門口地上就這麼大剌剌的擺了四口大鍋，其中一口還打開露出肋排和肉湯，任憑風吹塵揚時，我實在沒法給四分，如果純就衛生面來說，恐怕三分都嫌多。傳統老店，傳統思維，「垃圾吃垃圾肥」的价值觀到底還有多少消費者能接受呢？我懷疑。,.很賺錢的店家，服務態度有點消極。 .就是喝排骨湯，品嚐藥膳味，沒有甚麼肉。滷肉飯乏善可陳。 .店家非常強調排骨湯不另加湯，滷肉飯不另加滷汁，宣稱是維護品質。其實排骨湯偏少，滷肉飯滷汁不香濃，只是顏色深。店家這麼說，無所謂啦，就是錢賺太多，怕加湯麻煩。 .我很納悶，那些可以加湯加麵的加飯的店家，難到就是不顧品質？ .前面爬文看到，男店員會對男女客人口語性騷擾，我倒是真的很想看看。 .士林夜市是年輕時的美好回憶，數十年來社會進步許多，在品質、衛生、服務等方面，海友似乎步伐前進緩慢，至於價格則是絕對跟上並超前。 .恭喜店家賺大錢。,藉到台北市遊玩之際，早上到各景點去走馬看花，走了一天之後，除了感覺有點累之外，肚子也有點餓了！網路介紹這一家藥膳排骨店，於是搭捷運紅線到士林站，然後步行約10分鐘左右到達這家店。 我們到這家店的時候是下午四點多，雖然離晚餐時間還有一段時間，可是客人已經相當多了！但是我們很幸運馬上就有了座位，只是坐下來點餐。店裡沒有點餐的單子，所有的餐點就寫在牆壁上，因為項目沒有很多，所以直接告知服務人員即可。這邊知名的就是藥膳排骨！有藥膳豬排也有羊排另外還有提供麵線和滷肉飯。我們點了一個豬肋排和羊排及兩碗麵線。上菜速度非常的快，幾乎不用什麼等待，一兩分鐘菜就上來了。藥膳的排骨燉的非常的透，藥膳湯也非常的好喝！麵線加上滷汁也很好吃，整個吃下來非常的滿意！兩個人吃的兩種藥膳湯和兩碗麵線共計$360元，個人覺得相當的合理！難怪這家店經營得這麼成功，因為東西好吃，價格又合理，除了慕名而來的客人之外，而且回頭客應該是相當的多！,麵線很好吃，推薦要點！ 排骨和雞腿相較起來，雞腿比較嫩，排骨碎肉則偏老。湯頭喝完暖胃，無躁熱感。 但建議店家桌上給客人裝的骨頭盒，要定期洗辣～,"排了10分鐘，點了羊排180+肋排120,都好吃，肉很軟爛，湯頭鮮美，可以再來"
ChIJxT54hmKvQjQRyEf7KYJIkS8,餐點非常好吃，雖然價格偏高，但是值得。 推薦鮭魚炒飯和茶泡飯，山藥蓬鬆燒也很推，明太子雞腿卷的明太子超厚很過癮，務必要搭配炒飯。 醃漬番茄可以解膩，抹茶蜂蜜啤酒讓我這個不喝啤酒的人也能喝完。,還不錯吃，份量比一般的日式餐廳多～會吃很飽！ 唯一比較硬的規定是「低消，一定要點一杯飲料或水酒」，其中雖然也有供應熱茶，但對於不喜歡喝茶的我來說，即便是在9度寒流來襲時⋯為了不浪費80元的低消可樂，還是把它灌完了,"20251115 我們大約在晚上十點抵達，進門才得知已接近打烊。結果一入座就得立刻把餐點全部點完。兩個又餓又慌的2人隨便點了菜，最後結帳金額為 NT$3,487（無酒精飲品，僅兩杯飲料）。 這次用餐體驗，我認為並不符合每人 NT$1,800 的消費水平，主要是出在服務、耐心與細心度上。 ⸻ 原因如下： 1）整體用餐過於匆促 因為店家即將打烊，我們又是最後一桌點餐，上菜速度快到完全來不及應對。 前一道熱菜還沒吃完，下一道又接著上，導致炸物、烤物一下子全部放涼。 主食還沒結束，甜點又緊接上桌，甜鹹混著吃，體驗大打折扣。 我們兩人既不是喝酒聊天，也不是滑手機吃很慢，就是正常用餐而已。 以我們這種「專心吃飯、翻桌率也高」的客群，上菜節奏完全不顧客人體驗，確實欠缺最基本的服務禮貌。 ⸻ 2）抹茶啤酒詢問時的態度不佳 因為好奇想試，但又怕一大杯踩雷喝不完，所以只是詢問是否能試喝一小口。 無論店家想堅持規定，或願意破例，都應以好的語氣來說明，而不是用明顯不耐的態度來回應。 若不是我想早點回飯店休息，光是當下的語氣，以我的個性可能直接轉頭離場。 ⸻ 3）清酒蛤蠣湯的溝通落差 我一開始有明確表達「想要薑絲多的蛤蠣湯」。師傅只說若加薑絲味道會不同，但並未多做提醒，導致我沒意識到你們的「清酒蛤蠣湯」與一般居酒屋的版本不同。 實際上桌後才知道，你們的是「清酒味極濃、類似清酒湯底」的版本，而不是我心中一般的蛤蠣湯。 身為第一次來訪的客人，自然不會知道這道湯的風味落差如此大，這部分以師傅的專業應主動提醒。 ⸻ 4）我沒注意到 22:00 最後點餐時間固然是我的疏忽，但既然仍願意收客，就應維持專業與用心 尤其是： A）兩人點了這麼多，一開始為何沒有提醒「份量是否過量」？ B）若真的需要準時在 00:00 關店，也應先告知「上菜會一次全部出齊」以及客人可能會遇到的用餐壓力與體驗落差。 ⸻ 結論： 餐點本身並不差，味道與口感都有一定的水準。 但這次的整體感受，與你們「關於」頁面裡所強調的「溫度」與「用心」並不相符。 很可惜，食物不錯，但服務細節完全破壞了體驗。 Nov,15,2025 We arrived at the restaurant at around 10 PM and only learned upon entering that it was close to closing time. As soon as we sat down, we were told to place our entire order immediately. Two hungry and flustered people ended up ordering quickly, and the final bill came to NT$3,487 (no alcohol, just two drinks). Based on this experience, I do not think it matched the NT$1,800-per-person level of service, mainly due to issues with service attitude, patience, and attention to detail. * The details may refer to the above Mandarin version for translation. ⸻ Conclusion: The food itself was not bad—both the flavor and texture were at a certain standard. However, the overall experience did not match the “warmth” and “attention to detail” described in your “About” page. It’s a pity that the food was good, but the service details completely undermined the dining experience.","有5星評論送蕨餅活動所以才有這種高評分，整體會只給4星。 服務親切良好，收10%服務費，低消一杯飲料，用餐時間2小時，吧台位前面就是料理區，會有點油煙感，不知道是沒擦乾淨還是材質問題，桌子整個超級黏，然後盤子邊邊也都黏黏的，用餐全程整個覺得手一直很黏，還好是有濕紙巾可以用。星期五晚上滿座，最好先訂位。 食物整體還行，烏龍麵份量蠻大的，鱈魚肝調味好吃。烤雞肉串很乾、豬肉硬柴，明太子醬美乃滋的比例偏高有點太膩，烤串水準需加強。水蓮有點苦，脆度OK，可能是清洗前處理沒弄好。 特別的抹茶啤酒的苦味平衡的恰到好處，Highball好喝。 餐後有附紅豆紫米西米露招待甜點。 ------------------------------- 如果有認真看到這裡底下的朋友們，強烈建議可以去看看其他沒有給五星的評論喔～店家回覆很喜歡詭辯🙂 1.桌子黏就是黏，回覆打說客人很多想趕快請人入桌是想表達什麼呢？表達你們為了想要快而不用顧慮清潔度的意思嗎？況且，我們有訂位且進去的時候還沒到尖峰期，人也還沒滿，請問是要快什麼？ 2.可以發現，只要評論一打出""五星評論送禮""，店家就會回覆什麼是要回饋給好評客人的，不喜歡可以不用硬要給五星。店員是在菜上桌後，主動說有拍照評論送小禮的活動，事實就是一般人聽到就會去按個五星拿小點心，而這家店有上千則五星也是這樣拿到的，請問這樣到底跟五星評論送禮的差別在哪？如果你今天沒送禮的誘惑，會有這麼高的評分嗎？是承認五星送禮很可恥嗎？真的不知道店家在強辯什麼…… 3.我們很確定上菜時沒有被告知豬肉要先食用喔～如果是真的忘記說了沒關係。 4.我沒有說這家店很糟糕，它整體還是算不錯的，只是店家的回覆實在很……，總之從來沒遇過這種回覆的店家，不再說明一下對不起自己🙂",打算去泡湯，所以先吃點美食，附近晚上要找到能吃的宵夜還不少，這家評價看起來不錯，所以先電話訂了位，還好有位子！吧台座位也不算太舒服，店內的空間不大，但還可以！從整體上菜的速度還不錯，但吃到最後一直在等牛肉上桌，感覺花蠻多時間的，但不枉費我們等這麼久口感非常的棒，有像和牛的感覺，是一家會想要再去的店，可惜蟹肉可樂餅沒有覺得有吃到螃蟹的感覺
ChIJxTLhpyg9aTQRecXNly6631M,本次晚餐的低消為每人 NT$800，在此價格帶下，原先對餐點品質與整體用餐體驗抱有一定期待，但實際體驗與預期存在明顯落差。 首先，點用的鴨胸料理在口感與熟度表現上並不理想（店員未尋問熟度）。外層帶有明顯焦味，肉質過熟，整體口感偏乾，甚至呈現接近灰色的狀態，與一般鴨胸應有的粉嫩熟度大相徑庭。當店員詢問熟度是否需要調整時，因外層已有焦味，實際上較難再進一步調整，因此當下也不知如何回應。 干貝燉飯部分則是奶味比例較重，整體風味略顯單一且膩口。 麵包的質地偏硬，看似廚房剩餘的邊角料，擺盤略顯粗糙。 此外，魚料理的熟度偏乾，口感略顯柴硬。 在擺盤呈現方面，也略顯隨意，與目前市場上同價位餐廳相比，視覺呈現仍有優化空間。 值得一提的是，瓶裝水需額外收費 NT$180，在整體餐點表現未達預期的情況下，也進一步影響整體用餐感受。 整體而言，以此價位區間而言，餐點品質、細節處理與呈現仍有相當的改善空間。希望未來在料理熟度控制、風味平衡以及餐點品質穩定度上能有所提升。,餐點都滿足我們喜歡的口味， 牛排三分熟恰恰好的口感，醬汁綿密特殊口味很喜歡 前傳燉牛舌也推喔！ 環境舒適安靜，適合朋友聊天、約會,氣氛不錯食物看起來美觀 用餐下來普通沒有覺得特別美味的 口味都偏鹹牛排有點柴 單價不便宜低消要1000/人 但最令人傻眼的是 服務生倒水的時候直接順著旁邊裝飾的鼠尾草一起倒進水杯，看到我在看她了，講了一句對不起人就跑掉了？？！！也沒有幫我換一杯 這服務我也真的是無語了。,餐點很美味，會詢問餐點要一次上還是一道一道上，一個年輕的服務生逐項的介紹餐點而且很仔細，目前點的每一道沒有雷的！當天的湯品（玉米湯）味道濃郁超推！其他餐點也不用多說，就是好吃,"最喜歡的是布拉塔沙拉的茴香油⋯ 吃到後面淡淡的香氣時不時會從鼻子跑出來 好愛布拉塔跟橘子的搭配😫 主菜的伊比利豬表現的很剛好~底下的醬沒有搶掉肉本身的甜味反而是增添了清爽的色彩,而且沒有豬騷味！給過🙌🏻 燉飯的話調味蠻適中的,但唯一不太滿意的點是米飯可能是用台灣米⋯口感比較軟爛一些,個人不太喜歡但味道還是好的！魚卵搭配一起吃增添了不少鮮味~干貝也是好吃,,>᎑"
ChIJx_wX4virQjQRX2J2swlasUo,餐廳裝潢氣氛好，服務人員接待親切。 招牌嫩煎干貝海膽燉飯好吃，帶一點米心硬度的口感很好，干貝尺寸大有煎上色，還有一些鮭魚卵增加鮮味。 另一道喜歡爐烤戰斧豬排搭配奶油蘑菇醬，豬排很大又給到4支分量足夠三人分食，口感軟嫩味道也很好❤️ 義大利麵還好 飲料、甜點正常發揮 焦糖烤布蕾很好吃，當日壽星可選擇送焦糖烤布蕾或摩卡巧克力蛋糕（無冰淇淋）,📌Ombré -法式北海道干貝濃湯🥣NT290 -日本九州大生蠔🦪NT210 -蒜味香辣炭烤海鮮燉飯🦐NT480 -香料煎烤雞腿義大利麵🍗NT450 -荔枝茉莉白桃冰沙🍑NT190 -鐵觀音厚奶冰沙🍵NT190 干貝濃湯有絲瓜的味道 裡面有干貝蛤蠣很濃郁鮮甜💕 大生蠔真的很大很新鮮 上面鮭魚卵給的很大方 海鮮燉飯不會太辣 中卷和蝦子用烤的有碳香味 蝦子還有先剝好一半超貼心 燉飯本身還保有米心好吃～ 雞腿義大利麵味道很特別 不曾在別家店吃過 一入口就很驚艷 大蒜、剝皮辣椒和糯米椒炒出來的醬汁搭配的恰到好處 不會有誰特別搶戲 吃到最後都想舔盤子🤣 飲料部分 也是第一次喝到茶冰沙 身為奶茶愛好者 真的也好喜歡 茶味很濃❤️ 前一天才和朋友匆匆決定要吃這家也訂位了 一直在口袋名單但一直沒機會來 這次為了慶生 終於可以來吃吃看 沒想到比想像中還要更好更驚艷😍 2026.01.30,20260213中午 11:30與友人一行共三人來用餐，店家準時營業。使用gomaji券，有預先訂位。 以下為用餐食後心得，個人主觀感受，純分享，僅供參考。 壞境：含吧台約有50個位子，2人桌、4人桌都有。 桌距不會很近，座位很舒服。 服務：員工會主動來收空盤，很不錯。 結帳可刷卡。 用餐時間2小時，坐滿時間，空位蠻多，沒有趕我走，棒棒😀 餐點：東區地段，價位相對高一點實屬合理，但份量就有點奇妙了。 爐烤6oz牛排：牛排厚度約1cm，薄薄的，口感略硬。 松露炒蛋還行。 此餐有附飲料和奶酪。 蘭姆酒焦糖法式吐司：吐司內裡鬆軟，邊邊微酥，口感極佳。 沾點糖霜味道層次更豐富，香甜好滋味。 但就是兩塊而已，不夠吃呀。 嫩煎干貝海膽燉飯：調味好吃，奶香creamy稠稠，米心微硬，很優質的一道，大推。 飲品部分，就正常發揮😀,"On Monday, January 12, 2026, at 13:00. 主廚🧑‍🍳特製海陸🦞🥩大餐(𝐍𝐓$720+10%服務費) ✯✯✯✯✯ 鮭魚新鮮無腥味，外酥內軟、鮮嫩多汁，一口咬下滿滿Omega-3！每一口都滑順Q彈！ 牛排品質也非常好，外層微脆、內裡肉質鮮嫩Q彈，滿滿湯汁都鎖在裡頭，主廚精湛的廚藝將食材的品質與美味展現的一覽無遺！ 搭配香料烤鮮蔬與生菜🥬與濃郁歐姆蛋🥞，讓整道菜的層次分明，也平衡了主菜的濃郁口感，健康與美味兼具！ 爐烤戰斧豬排🥩(𝐍𝐓$960+10%服務費) ✯✯✯✯✯ 爐烤香氣十足、肉品一樣高規格！豬排肉質扎實彈嫩、肉香醇厚迷人，又不會咬不動，讓人一口接一口、味蕾全開！並且搭配主廚特製奶油蘑菇醬又增添了舌尖不一樣的風味，完完全全把豬排的美味推上更高一層樓！🤩😍 紅絲絨蛋糕🍰(𝐍𝐓$190+10%服務費) ✯✯✯✯✯ 好愛！！꒰(͏ʻัꈊʻั)꒱ 光看外表如天鵝絨般的紅色貂皮大衣 是冬季❄️的顏色、也是滿滿的聖誕感🤶🎄 蛋糕的口感濕潤鬆軟、吃起來很有層次，並且不會太甜，紅白相間的配色，既好看又美味！ 這次帶長輩來用餐，連長輩都讚嘆肉質的品質，無論鮭魚、牛排到豬排都鮮嫩Q彈、不會咬不動！兩名年輕男服務生親切有禮、收空盤跟上菜的節奏都很好！餐廳裝潢走歐美風、大氣又帶有一點復古老靈魂，一進門宛若走入歷史悠久的歐風古堡！",餐點上基本都偏鹹 尤其黑松露蘑菇蝦調味很鹹☹️ 義大利麵份量算蠻多兩個女生可以一起分食
ChIJxaIcSp6rQjQRhc47ZASYmn0,占元府香菇雞湯整體給人的感覺相當樸實，但越喝越順口，是那種會讓人想再回訪的店。主打的香菇雞湯一上桌香氣就很明顯，香菇味濃而不刺，湯頭清澈卻不單薄，入口溫潤，喝得到雞肉慢慢熬出的自然甜味，不會過鹹，也沒有多餘的油膩感，屬於耐喝型的湯。 雞肉份量給得不小氣，肉質扎實卻不乾柴，咬起來仍保有彈性，搭配吸飽湯汁的香菇一起吃特別對味。香菇本身處理得不錯，口感柔軟，帶著淡淡的甘甜，讓整碗湯的層次更加完整。桌上還有辣椒可以自行添加，辣椒香氣足、辣度明確，加一點進湯裡，風味立刻變得更立體，既暖胃又過癮。 值得一提的是紅茶可以一直喝，對於喜歡邊吃邊配飲料的人來說相當加分。紅茶味道不會過甜，清爽解膩，搭配香菇雞湯剛剛好。整體而言，占元府香菇雞湯走的是實在路線，沒有過多花樣，但湯頭表現穩定、調味到位，是會讓人喝完覺得舒服、滿足的一餐。,松山機場第二航廈二樓設有美食廣場，有提供很多品牌的餐飲選擇，用餐環境寬敞明亮。聚集了多家知名餐飲品牌，方便旅客及民眾在候機用餐。 建議可在松山機場半日遊，除了觀看飛機起落的觀景台外，也可順道來美食街用餐休息，而且在松山機場第二航廈二樓的美食街，長榮航空還設有飛機模擬器，以及引擎模型，可以實地體驗，是很難得的設施。 除了松山機場第二航廈二樓有美食街，在第一航廈的二樓，也就是國際線的出境處，也是設有美食街，所以無論在一航或二航，都可以上去逛逛。,價錢跟桃機差不多，不過裝潢很新很舒適，還有我喜歡的摩斯漢堡,每年都會來松機報到3-5次 此次吃到占元府的燒酒麻油雞 真心覺得第一次在機場吃到好吃的 必須給他們鼓勵 這碗我真心覺得可以,重新裝璜整理過，乾凈寬敞，雖然店家不多，但整體而言還是ok的，有一些台灣意象表現的不錯
ChIJxcYXoSWrQjQRk0UEolx-iGM,整理相簿時翻到之前來這家餐廳用餐的照片，突然想起當時的美好味道，忍不住上來補個評論。那天的餐點真的讓人印象深刻，食材新鮮、調味恰到好處，每一道菜都吃得出用心與細節。無論是主菜的層次口感，還是配菜與擺盤的精緻度，都讓整體用餐體驗加分不少。服務人員態度親切，環境舒適乾淨，很適合和朋友或家人聚餐。能在整理回憶時再次想起這份美味，也是一種幸福。下次有機會一定會再訪。,都還行，沒有什麼驚艷的感覺，還有點一杯飲料，這樣兩個人要五千四。 菜單選項沒有很多，兩個人吃感覺三道就可以了，我們有點點太多最後都吃不完。,​這次來 The Tavernist 用餐，整體的餐飲體驗充滿了驚喜與創意，氣氛也維持得很好。 ​前菜的酸種麵包表現非常優秀，外皮酥脆、內裡濕潤帶有嚼勁，越嚼越香，讓人印象深刻。主餐的肋眼牛排熟度掌握得恰到好處，保留了肉質的鮮嫩與肉汁，每一口都很滿足。 ​最特別的莫過於甜點的創意——「肉桂捲包起司」，這種將傳統甜點結合壽司概念的作法非常新穎，鹹甜交織的口感意外地搭，既有肉桂的香氣又有起司的濃郁，為這頓飯畫下了完美的句點。如果你喜歡嘗試帶有創意巧思的精緻料理，這裡絕對不會讓你失望。,雞湯像喝剩下的，生菜沙拉感覺像被吃過，菜很難吃，牛排吃三口就沒了，多一顆星是給牛排不錯吃，服務人員還說麵包不能續是因為時間不夠了，三點要打烊，12:50左右開始上菜，說時間不夠？？？態度也很差,從一開始被前菜蚵仔麵線 以及烤白花椰菜驚艷 後面的餐點也都是水準之上 沙拉也超好吃！ 反倒是主餐的肋眼滿普通的⋯覺得沒有驚艷感就是一般普通牛排餐廳的肋眼，且很小塊 威靈頓牛排則是大雷⋯ 整體酥皮很鹹之外，皮肉分離也很像兩道菜 肉的部份雖然夠嫩，但沒啥麼肉汁，也不香 紙包魚很好吃！滿厲害的味道很有層次 甜點部份東坡肉那倒就是外型有趣 味道跟工廠出的大量甜點差不多 另一道火燒的很不錯，吃起來各種口感跟味道又不衝突，很有趣味 整體來說是好吃的 但感覺服務員沒有高級餐廳的感覺，對菜品介紹推薦好像不太知道能說什麼，就是照著菜品念內容⋯ 然後上菜時也希望在這樣的餐廳花人均6000是可以至少聽到一些關於調理部份的介紹，或者或食材的介紹，還是這道菜有什麼特殊之處，但都沒有聽到⋯可惜了
ChIJy4Zxx_WpQjQRfU5kuDH_EaA,基本是個餐敘放鬆的好地方，位置不多，但也不會有壓力，生魚片偶爾有筋，其他味道偏鹹點，,好吃，餐點味道都好鮮美，份量比較多很適合我，前一天晚上第一次來吃之後，隔天中午又再來吃。 牛丼的肉和醬不會很油，我平常沒有特別喜歡牛丼，但好喜歡這家的牛丼！ 生魚片好吃，這間店有很多彈性的吃法，跟其他日本料理店不太一樣，每天會公告有季節限定和當天的魚種、生魚片，價格公開透明，可以額外加點醋飯。平常生魚片寫一斤對於我來說很容易沒概念可以看得出來老闆有儘量文字呈現讓客人對生魚片的份量有概念。 老闆年輕有活力，人很親切客氣，因為人手不多，有時人多可能會需要稍微等待一下子，周四晚上和中午中午來都有人流，很不錯的店，希望老闆生意興隆。,座位很寬敞，只是環境燈光有點暗。 前面的照明是沒問題， 後面自助吧的區域真的太暗。 會讓客人不易分清楚飲用的杯子， 和裝味噌湯的碗，因為兩個都長有點像， 只能從底部的紋路判斷出來🥹 建議自助吧區再補一個燈光就很完美了✨ 餐點的份量給得很多，醋飯也很足夠。 可以吃飽喝飽， 是個適合休息吃飯的好地方👍,老闆一人顧店的美食料理，點餐後稍微有點耐心，食物上桌會覺得特別美味、特別物超所值！自助區供應的味噌湯，絕對是亮點，裡面鮭魚多又太塊，真的太佛心了！,鮭魚生魚片跟牛肉丼飯都不錯 —— 二訪 點了炸豬排，建議醬另外放 焦糖鮭魚握壽司，上面海苔粉不搭，有焦糖但魚本身沒有炙燒的香氣很可惜 感覺只有炙燒到糖沒有炙燒到魚肉，點生魚片比較好，生蠔普通
ChIJyQU1ZgWsQjQR5kN2WtEzKtU,平日中午前往，隱藏在實踐大學旁的小巷弄裡面，從年輕就一直很喜歡母校旁巷弄裡的悠閒感。 和門外閒適氛圍不同，室內空間給人比較多的是朝氣活力感受，入內先看到的是工作烹調區域，再轉入內才是用餐區。店內色調屬於濃重歐風感，不似現下流行的日系清爽色彩，在用餐完也覺得整體氛圍和餐點風味十分相呼應。 一行四人選擇半室外空間入座，一開始帶位人員本想帶位室內，但友人喜歡室外光線，服務人員有主動告知室外空間較小，我覺得很專業，讓顧客在充分了解後，能有所選擇。 整段午餐時光，外場服務人員都充分的表現出他的專業，從餐點介紹到相關問題回應，斟水送餐收拾餐盤的節奏，都十分合宜又不失溫度，要給予高度肯定👍 餐點口味都很不錯，主菜部分讓我們一行人更是留下深刻印象，但燉飯部分可以再考慮一下是否能調整鹹度，至少對我個人來說有比較重一些。 從前菜沙拉的新鮮，到熱前菜淡菜表現優異沒有異味，燉飯米芯熟成度掌握主動權十分剛好，到主餐連盤上的配角蔬菜都烤的恰到好處，甜點提拉米蘇也不會太甜屬於大人口味，一個四人套餐下來，沒有不好吃的部分，份量也讓4位大人飽到不行😅不愧那些張貼在門口的米其林。 最後要特別提一下店內招牌的蒜味薯條，味道十分特別，蒜味濃郁卻又十分滑潤，不是台灣常吃到的薯條風味，我個人覺得不一定能擄獲大部分人的胃可以吃下很多，但一定能讓人留下好的深刻印象 若有機會，一定會再訪。,會想再回訪的餐廳，餐點和酒都不錯，整體用餐體驗很好。 以下是這次覺得值得推薦的幾道菜： **慢慢弄手工布拉塔沙拉** 如果想點個沙拉當開胃菜，這道很不錯，清爽，新鮮，無花果也fresh **燒烤伊比利豬肋眼上蓋** 搭配青蘋果和香草，味道非常清爽，整體風味很balance，也蠻有創意的組合 **薯條** 薯條本身不錯，重點是醬很有台味，很有創意，而且意外地很搭。醬是特製的香蔥雞汁美乃滋 **蘑菇湯** 如果是對湯比較講究的人，這道可以不用特別點。味道不夠濃郁，口感也差 **巿場鮮魚搭** 食材非常新鮮，燉煮的熟度和火候都很perfect 肉類的部分，下次會想點 **燒烤豬肋排**。自製的烤肉醬非常香，chef的烤肉醬很特別，豬肉的肉質is perfect **提拉米蘇** 不是傳統的義式做法，幾乎沒有咖啡味，上面加了 chocolate crumble **Churros** 這道應該不會再點，口感不是我個人喜歡的類型,本來是頁小館的鐵粉，一陣子就來吃一次，但最近可能是換了食材或是廚師，美味度與之前落差非常大，陸續多次都有漲價，個人覺得價位已經配不上食材與美味度，如果你也常來吃一定能感受得到 每次都會點羊排跟鴨胸，但這次明顯都過熟，羊排非常難咬，跟以前的軟嫩多汁完全不同，羊排與鴨胸的佐料也都調整過了，搭配的不是很好，完全無法完食，也是我們最後一次來這邊用餐了，很遺憾口袋名單少了一間美味的餐廳 服務態度也跟過往有一點點差異，並沒有詢問客人的滿意度以及需要改善的地方，非常遺憾,服務有高級餐廳的水準。 料理很用心，牛尾湯燉的軟嫩，入口即化，燉飯味道層次豐富，米是硬的，整體都太棒了。 雖然是意外造訪，本來沒打算平日中午吃這麼豪華，但享用下來覺得很享受，很滿意。,位於大直巷弄，菜色結合西餐手法與台灣本地食材，呈現出既有創意又有熟悉感的料理。餐廳氣氛擺設充滿希臘藍，適合約會、節慶聚餐。這次點無花果/火腿/起司沙拉 食材新鮮且服務人員用心考量兩人食量調整沙拉份量。炸薯條搭配蒜味美乃滋沾醬。薯條金黃酥脆沾醬鹹香，非常合拍會一直吃不停，佐餐必點一道菜。 白蝦大蒜蘑菇 ，白蝦已剝殼處理非常新鮮，橄欖油炒出蒜味濃郁，餐盤底層橄欖油沾著麵包可嚐出濃郁蒜香與橄欖油的鮮甜。 最後主餐我們點了桶仔雞菌菇燉飯，會詢問是否要先拍照，後將雞肉去骨再上桌。 燉飯軟硬適中吸附著雞汁與菌菇，雞腿多汁美味。餐點口味個人蠻喜歡 四道菜兩個人吃得很飽足，服務很好會注意是否位客人加水。 美中不足是座位靠近洗碗區域，清洗聲音影響用餐聊天。
ChIJySwN8durQjQRpe5ndb5Zriw,從台大公館遷徙到國父紀念館的現址 今天與老同事齊聚一堂in筷子 雖說室外空間佈置的 帶有婚禮的氛圍和度假模式氣氛 但⋯桌椅擺放凌亂又停靠一堆摩托 踩著破舊下雨積水的木地板進入店內 座位規劃靈活，有適合家庭聚餐的大圓桌 也有小團體可以輕鬆聊天的區域 還有獨立的包廂空間 室內就是燈光較昏暗顯得老舊些 主辦同事點的都是江浙家常菜 其中砂鍋獅子頭必點 但⋯獅子頭還不熟就上桌,每一道菜都吃得到師傅的真功夫！ 白切雞肉質細嫩多汁，沾上特製醬料超加分；清炒蔬菜爽脆清甜、調味恰到好處； 蔥炒牛肉鑊氣十足、肉片軟嫩不柴；獅子頭湯頭濃郁卻不油膩，入口超滿足；最後再來一道魚片鋪滿香氣四溢的肉燥，香辣鹹甜層層堆疊，完全就是白飯殺手！,這家位於台北的「筷子」餐廳，是我從 10 年前就開始光顧的老朋友，即使搬到新地點後，我還是持續上門報到。讓我欣慰的是，味道幾乎沒有改變，依舊保持著記憶中的美味。最愛的菜色是泡菜豬肉，他們使用的是偏酸的台式泡菜，爽口又開胃，搭配豬肉的香氣剛剛好。另一道必點的叢林雞也讓我印象深刻，外皮彈牙有嚼勁，雞肉鮮嫩多汁，調味恰到好處，不會過重，反而帶出肉質的甜味。用餐最後，餐廳會提供四款甜點選擇，其中我特別推薦咖啡冰淇淋，香濃的咖啡香氣與冰淇淋的滑順口感完美融合，是一個很棒的結尾。這家餐廳不僅是味覺上的享受，更承載了我多年來的回憶與喜愛。,脆皮雞 皮沒有很脆 肉質也不彈 不推 獅子頭 粉粉的 都是瘦肉 沒有肥肉跟荸薺 不推 腰果蝦子 有點醋味 味道還不錯 豆酥鱈魚 普普 豆酥沒有特別香 飯後有送甜點,第二次來訪，怎麼覺得吃起來還好，沒有第一次的驚艷，獅子頭很好吃，叢林雞也還算可以，豆酥魚也不錯，豆乾肉絲很優，服務也還不錯，感覺店長有在要求，都還蠻積極的，再來不太好的，芥蘭牛肉，有嫩有粗，吃起來口感不好，筷子豆腐，吃起來滿滿的臘肉味，不太懂，這個有點雷，炒高麗菜，中規矩中矩，吃起來太普通，沒有鍋氣，太家常了，跟這個價格拼不起來，整體還可以，但是要再訪可能意願不高。
ChIJyWRT3mWrQjQRFOM_DSk68CE,最後再補充一下用碗吃漢堡，你們真的是我看過的史上第一人了太先進了 對於這家店喔，先講結論了蠻失望的。很久沒有吃2樓了，然後來今天想吃漢堡了附近沒漢堡店結果是點了辣椒漢堡那個搞半天辣椒是我最喜歡的搞什麼鬼，先把這個漢堡拆開來來講肉塊的部分的話上面寫7分熟，然後吃起來我就跟全熟一樣一點肉絲都沒有非常的無聊一點甜味也沒有，而且太鹹了阿薯條的部分造型蠻好看的，但是吃起來再調味也是過鹹呢真的是很不優，然後裡面比較可圈可點的就是他的麵包選的還不錯蠻紮實的，然後他剛剛說的辣椒。我跟服務人員反應說肉羹薯條太鹹，他們說要給我一杯茶，我是說不用啦，後來也會小姐過來跟我說說那個肉可以幫我幫我重新再煎一塊，我說能不能幫我煎5分熟了他意思是不行啊那我就拒絕我說不能不用幫我我煎了煎了也沒用，反正我也不會吃。反正對2樓的漢堡現在直接給的分數真的就是就是30分啊，我又不會不會再來阿彌陀佛，好險沒有請別人吃。不然就太丟臉了。這種價位這種水準啊唉阿彌陀佛。,Menu換了，餐點變貴很多，義大利麵的麵條可能換品牌了，麵體變不好吃了（$460吧…我家附近的義大利麵$160-$180還比較好吃），我跟朋友都覺得變不好吃了，兩個人都吃不完…蠻失望的。麵的醬汁也沒有沾滿的感覺，沒辦法巴滿麵條、不夠味。 無限續的麵包好吃、醬也好吃（但續一次差不多了）。飲料也好喝。 服務超好，平日下午讓我們可以坐著一直聊天。,時隔許久再到貳樓用餐，非常驚艷餐點品質大幅提升，燉飯和義大利麵的調味也有水準，服務人員態度親切積極，壽星招待的四吋小蛋糕也很好吃，之後會定期回訪了！,香辣唐揚雞麵主要就是蕃茄味加辣，雞肉很多塊蠻嫩的，但口味有點單一；鮮蝦雞肉麵感覺有點檸檬，有櫛瓜，料蠻多的，還行；白酒蛤蠣墨魚麵裡面滿多蒜片，蛤蠣也不少，有點酒味，整體屬於比較清爽的口味；最喜歡苦瓜鹹蛋麵，雖然我不太敢吃苦瓜，苦瓜有的有一點點苦感，看運氣有的還好，但這道麵加上鹹蛋調味很好吃；麵的份量不少，我們又加點其他點心，麵都吃不完；水牛城雞翅的雞腿有點柴，雞翅還行，飲料奶茶聽說可以續杯，我們只先點一杯，就蠻大杯了，根本不用續；整體還行，座位蠻舒服,別的貳樓有寵物友善，但這間位在購物中心裡面，可能就沒有了。 回想上次吃二樓，帶著四個毛孩（全認養）+一家伙子，真的幸福滿滿的。時過境遷，兩個辛苦的毛孩已經去天堂了，實在是很思念那份美好的回憶。🥹🥹🥹 今天其實不餓，等等還要晚餐的約要赴，但中午實在吃的不夠，所以嘴饞先來找個食物墊胃。所以只有跟伴侶共用一份餐點，另外再加點一壺熱薑茶。因為有最低消費，但個人覺得，店家的最低消費規定真的有點麻煩不易理解，所以還特別招呼了服務人員詢問。建議可以簡單一點，例如：每人不限餐點數，總額低消200元。（這樣是否容易理解的多了？） 今天吃了西班牙辣炒海路飯+番茄蔬菜湯，覺得很好吃，但是偏鹹。如果飯的顆粒感可以再調整一點點（約15%），我認為會更令人驚喜。 湯也濃郁、內料紮實。但是服務生端來時有搖晃到，所以碗周有湯體遺漬，拍照起來不甚美感，有點可惜。當然食物本身沒有問題的。 熱檸檬草迷迭香甜薑 在這個氣溫偏低的傍晚，暖胃又好喝。也是屬於喝一口就會眼睛亮一下的熱茶呢！
ChIJyZbq2WWtQjQRyfvDoL6CN6Q,台式拉麵，價錢很友善，180就可以吃到，還可以加麵，沒服務費，態度親切。 麵體很特別，有點像意麵，但看得到顆粒，有嚼勁給過。 牛白湯湯頭溫順好喝，可惜算清湯，不夠濃稠。亮點是調味的洋蔥碎，可惜給的有點少。 豬排就可惜了，一般般，放一陣子皮就軟了，架起來是最好的處理方法。 嚴格來說接近滿分，但餐點還有可以進步的空間。,用餐環境乾淨、舒適、空間大，重點是剛好今天吃素，老闆也很親切的幫我做成素烏醋麵，就已經很好吃了！丼飯咖喱飯拉麵很多選擇喔🤗評論還送可樂餅😇,我點 唐揚雞丼飯，好吃！ 唐揚雞好吃！🐔皮脆多汁 白米飯好吃～ 🍚粒粒分明不軟爛 菜菜好吃！ 燙青菜 熟度剛剛好 還有 榤瓜、香菇的天婦羅 吃得滿足～讚讚👍🏻,餐點好吃，小朋友和大人都吃得很高興，有機會一定會再回來吃，拉麵還可加麵，內用還有免費的飲料，Google評價還送可麗餅，真的是太棒了😊,點了咖喱飯跟新品剝皮辣椒蛤蜊 蛤蜊很大顆非常好吃 但湯超級少 把麵放下去後就跟照片一樣🥲 整體口味不錯 但這個價格份量卻很少 吃完需要再吃泡麵才會飽 很可惜
ChIJyyNcAlypQjQR9eK2YpdBP44,坐落於西園的小巷內，附近有傳統小市場，逛累了可來此用餐。 店內空間溫馨而舒適，很適合1-4人用餐小聚，餐點類型除了正餐外，也有甜點與特色酒品。 本次嘗試的是較新推出的蔥燒牛腱義大利麵，很適合偏好中式口味的食客，牛肉入味軟嫩，整體口感略帶微辣提香。 套餐形式為主食+$50/+$80/+$120，可從油醋沙拉、甜點、今日例湯中自選一/二/三項。 雖然目前尚未體驗到店中的特色酒品，但套餐所搭配的甜點也頗有特色，這次嘗試的為高山茶乳酪蛋糕，清香的茶味與微澀口感降低了乳酪蛋糕本身的甜膩，值得推薦。,"114.11.19.入座後，即可點餐。 💕建議可點💕 ⭐️紐奧良烤雞翅附薯條～烤雞翅是辣味口感，薯條很好吃，涼了也都不會影響口感🥰👍 ⭐️海鮮青龍椒義大利麵～海鮮內的蝦、墨魚新鮮、 調料很入味,寬麵有勁道🥰👍 📍喜歡沙拉的可點 經典凱蕯沙拉或香柚舒肥雞沙拉。 ❤️吃完不會有負擔感🥰👍",墨魚鴨胸燉飯過軟，每日例湯的洋蔥湯口味適中，香柚雞胸沙拉的醬汁偏多，可以另外放會更好，魷魚螺肉蒜的品項很特別，湯料中的菇新鮮厚實，店員友善親切。,新菜色都好喜歡😍 尤其是花蛤義大利麵 花蛤好鮮～蒜香酒香都很美味👍👍,小小的店，氣氛很好。就是座位間很近。 假日建議要先訂位。 份量算中等偏少。加大份量+50元。 義大利麵很美味好吃😋 沒有提供兒童座椅💺，有嬰幼兒的話，建議先打電話詢問店家。
ChIJyytYucyrQjQRuUWbJ0VOrko,當天和太太同一天生日，特別選了 Divino Taipei 慶祝，真的覺得這個決定非常值得，必須給 五星好評 ⭐⭐⭐⭐⭐。 餐廳整體氛圍非常迷人，低調卻有質感，帶點歐洲小酒館的浪漫感，不論是室內空間、燈光還是桌椅配置，都讓人一坐下來就很放鬆，很適合情侶或重要紀念日。開放式廚房也讓用餐過程多了一份安心與趣味。 餐點部分完全沒有失望，從前菜到主餐、甜點都能感受到主廚對細節的用心。牛排熟度掌握得非常好，肉質多汁、調味真的讓我非常驚艷；章魚料理口感彈嫩又有層次；甜點不僅好吃，擺盤也非常精緻，替生日畫下完美句點。服務人員也超會推薦酒品去給我們搭配非常有水準，和餐點相當契合。 最讓人印象深刻的是服務，服務人員親切又專業，會細心介紹餐點，讓人感受到真心的款待！ 整體來說，Divino Taipei 無論是環境、餐點還是服務都在高水準之上，非常適合慶生、紀念日或想好好犒賞自己的一餐，下次一定會再訪。,存了好幾年的口袋餐廳終於來吃了！ Carbonara✨必點推薦！越吃越涮嘴！蛋奶醬偏鹹但很爽，尤其搭配烤豬頰培根的香氣跟油脂味真的超棒😍 煙燻薯泥✨今日第二名～絲滑口感停不下來～～ 炙燒牛舌✨牛舌軟爛偏普通，比起牛舌更喜歡旁邊的炸玉米糕 碳烤章魚✨章魚新鮮但有點韌偏難切，醬汁和蕃茄非常清爽美味 乾式熟成肋眼牛排✨這個沒有get到 Baklava✨只有上下層酥皮，優點是中間內餡很豐富，不過口感就沒有那麼多層次🥲 服務專業親切，坐吧台欣賞主廚們料理十分有趣,紮根於歐洲米其林星級廚房的 Enrico 主廚，在台北安家落戶於2016年誕生了Divino Taipe餐廳；近十年來忠實客戶的支持，到2018年擴張FoCoSo，再到2020年Divino Enoteca天母，都是無數老饕的口袋名單🥰 🌟 小桌高質品味，改裝後也能提供可以容納10個人的包廂空間；最常聽到身邊懂吃的朋友品嚐過後，這就是在義大利吃到的味道～當然價格一直攀高，身邊朋友頗有微詞！ ✔️新鮮布拉塔乳酪、自製佛卡夏麵包 ✔️炭烤章魚·辣味蛋黃醬·番茄莎莎 ✔️炙燒牛舌·慢煮牛骨醬汁可取代昂貴牛排 ✔️手工鯷魚蛋黃醬、煎烤義大利紅菊苣、橄欖油生鰤魚薄片，菜色會變再留意一下 🌟主菜必點 ✔️DIVINO CARBONARA水管麵，自製鹽清豬頰肉，佩可利諾起司，一直是我心中第一名！ ✔️很貴的丁骨牛排一定要點，不知道為什麼就是特別好吃，最後以開心果千層派香草冰淇淋 、提拉米蘇做ending 😋,看網路上很多人推的餐酒館，有事前預約，店內燈光昏暗，座位擁擠。 今天來用餐點了雙人饗宴。 選了限定的A4和牛肋眼當主餐，金額4480，水一瓶120，服務費460，總共5060。 🥢炙燒牛舌.自製青醬.炸玉米糕(Beef Tongue)：看很多人推薦，牛舌很軟嫩，搭配自製青醬也很讚，青醬沾店家贈送的佛卡夏也不錯，這道蠻推薦的，這是我最喜歡的一道。 🥢慢燉肉醬手工寬扁麵(Pappardelle)：麵有點太硬了吃不太慣，肉醬比較像是肉塊和肉末，肉配上起司是還蠻不錯的，只是有點偏鹹。 🥢A4和牛肋眼(Wagyu A4)：店員強力推薦我們點的限定主餐，也有說這主餐比較有油脂，吃起來比較油，實際吃起來是超級油，主廚有出來用英文介紹這道菜，但每一塊都吃起來超油，配上旁邊的菜更油膩了，最後硬是吃完，超級不推薦… 🥢煙燻馬鈴薯泥(Mashed Potatoes)：這是我第二個喜歡的菜點，馬鈴薯泥真的是泥的感覺，到了口中就會化掉，味道也是蠻重的，但我覺得還不錯吃。 🥢提拉米蘇(Tiramisu)：是冰淇淋版本的，不太符合我的口味，就是很甜的那種，偏雷… 以上是我對餐點的想法，當天是提前來慶生的，入店後覺得很嘈雜，又暗位子又小，然後女服務生會介紹餐點，但男服務生上菜也沒有介紹，就說這是什麼人就走掉了，食物快吃完的時候就會來收拾桌子，吃了很壓迫，感覺很想敢人走，主餐超雷…然後原本要選的主餐是丁骨牛排，但看旁邊兩桌點丁骨的都沒吃完或是吃超慢，我猜應該也是一樣很雷吧！還有水是要錢的也不是無限暢飲，一瓶120台幣，然後水杯空了服務生也不會馬上來補，只有水瓶空了才會馬上來…，整體來說就是一次店，建議各位情侶或是夫妻不要來這裡慶生，很沒fu又不怎麼樣。,朋友會晚到我先點餐，但人還沒到齊就直接上餐讓我有點堂皇；跟桌距很近以外其他都是很好的體驗。 章魚跟義大利麵好吃到想一個人吃完，到牛排真的已經吃不下了，還有點薯泥也是好吃到不行。相比起來牛排稍微迅速一點，原本想點丁骨牛排，但真的太大份吃不完只好放棄。 老闆還招待兩個甜點給我們，兩個真的都超級好吃！知道我們是慶生還有招待Limoncello，真的是有夠刺激！ *兩人用餐共8734。甜點、香烤蔬菜是招待，還點兩瓶酒。沒有點酒應該兩人五千以內。
ChIJz2Nt86ypQjQR2Q53B_FEtOA,熱炒都行，蝦仁粉絲煲有入味，高麗菜的櫻花蝦多到爆，牛小排都嫩嫩~ 嗯…點心部份…上菜很快。 所以是蒸了很久？一直在蒸籠上？ 鳳爪不是我愛的口感，也不是我想像的口味。如果可以的話，我會希望不要那麼像冷凍食品的口感就太好了。,已經來訪多次，服務人員以及櫃檯小姐親切，包廂隔音還需加強，否則用餐時感覺難免有點吵,北車京站附近的老字號港式餐廳 料理每一道都超級美味 鮮蝦腸粉蝦子彈牙皮薄軟嫩 醬料道地 腐皮捲酥脆外皮內餡紮實好吃 鹹水餃第一次吃有點像大顆的水晶餃 XO醬炒蘿蔔糕極推 微微辣味又不會太鹹 蘿蔔糕炒蛋及豆芽菜炒得入味🤤 珍珠丸有點沒印象但是好吃的記憶 干炒豬河肉不少 河粉口感不會太軟爛 醬料鹹淡適中帶一點點甜味 讓人一口接一口 鳳爪蒸到非常軟很好啃 櫻花蝦高麗菜炒得脆脆的 標準臺灣好吃的高麗菜 奶黃流沙包內餡會爆汁而且很燙要小心燙口 奶黃香氣十足 海鮮豆腐煲料多 大部分是魷魚及豆腐 餐廳一入座服務生就馬上送茶 座位是婚禮場地的圓桌 裝潢有年代感又舒適明亮 適合約4～8人聚餐 人多可以吃到多種類的港點 均分下來便宜 唯一可惜的是沒有港式飲料如凍檸茶等 但料理真的非常好吃道地有回到香港的感覺,入口在長安西路上 從重慶北路一定會錯過它的老店 空間很大 位置很多 東西都蠻好吃的 而且不會太貴 明明是老店 而且就是在市中心 但google map居然不太會跳出這家 害我錯過這麼久 推薦大家可以去試試 腸粉和蝦鬆 拼盤都很好吃,員工很勤快補充茶水，上菜也蠻快的。食物都不錯，特別喜歡杏仁豆腐、腸粉、叉燒包，覺得比較普通的是蔬菜和乾麵。另外店裡裝潢本身是不錯的，但很多簡體字海報破壞了店裡的質感，有點可惜。
ChIJz4guBbSpQjQRqmvmBKzcVVY,無數回訪的寶藏愛店❤️❤️ 大概一個月到訪一次 每次跟朋友小聚的好地方！餐點非常美味 無一雷！！每次上桌就迅速光盤🫶🏻🫶🏻🫶🏻推薦明太子山藥 跟外面的烤山藥不同、是涼拌清爽的小菜😍最愛烤內臟 非常的強 烤雞肝是我的炙愛🥰愛到男友會專程去幫我買雞肝 明太子山藥外帶的程度🥹,氣氛很不錯，大家來這用餐都很放鬆，東西蠻好吃，還有小服務生會幫忙送餐，除了人多時餐會等久一點，酒類的選擇也很多，菜品也很多，這種一直來也吃不膩，會再回訪。,非常舒服，讓人放鬆享用美食的地方,東西很好吃耶，且每份的份量不會太少，吃的很盡興～,炸蝦好吃，烤串也很不錯，玉米筍有點沒味道就是了，是吃個飯的好地方
ChIJz8_rGbyrQjQRD1-qfRm5C1M,嚴格來說我不是很確定他們算不算法餐 算是有運用些手法，但私以為不算很到位 是兩三年前吃的，口味上沒有特別的記憶點 不過餐廳整體氛圍是頗讚的，印象服務人員也很親切 當然整體價格就是偏高，就是套餐我不會覺得是餐酒館，很適合想花錢在氣氛上的人,週六晚上臨時要吃飯，這邊還有位子就來了，整體的體驗真的不太行，先說食物：兩樣主菜都非常的鹹，最後沒有辦法吃完，再說服務：服務生打破了玻璃杯碎片四射，雖然有馬上清理地板，但我離開時發現我兒子腳旁還有一些碎片，只能慶幸還好沒踩到，除此外，我也不明白為什麼送完主餐一陣子之後就先送來了帳單？雖然服務生有說不需要要馬上付錢，但我們想要加點甜點都覺得不好意思就沒點了😑,氣氛服務很好 環境乾淨優雅安靜 -鄉村麵包/1片（套） 🔹現烤麵包 很好吃 -當日主廚沙拉（套） 🔹好吃 推薦👍🏻 -當日主廚濃湯 可+100升級酥皮主廚濃湯 🔹湯品 普通 味道很清淡 不推薦 -蟹肉餅/1顆（套） 🔹餐點最好的 非常推薦 - 油封鴨腿與芥末籽醬 🔹外皮很酥脆 但 肉有點乾 - Coffee 🔹尚可,"先說結論：服務滿分、氣氛不錯，食物調味我覺得不太適合台灣人的口味，但沒說不好吃，可是稱不上美味，以這個價格的餐點我內心會覺得應該要覺得好吃才對。（RAW也是法餐，但就是每一口都覺得調味適宜、食物美味）動輒六七百的餐點，加上前菜跟套餐後，每個人大概都要1,200元up，對於餐點我覺得應該要有如同客人期望中的品質一樣，可惜並沒有達到我的預期，所以總分的三顆星是服務跟餐廳氣氛加回來的。 地點：鄰近市政府捷運站，松山高中地下停車場步行6分鐘左右，捷運站步行約8分鐘，不算遠，但現在這種夏日炎炎的天氣，十字路口沒有遮蔽處，大太陽下等紅燈非常煎熬，如果夏天到這裡吃中餐，建議搭計程車到門口下車比較不曬。 服務：服務生非常客氣有禮，而且介紹菜色的時候算是挺詳細的，給的建議還有搭配也很到位，因為慶生所以幫我們拍照、洗拍立得照片，整個服務都覺得非常舒適，服務、加水的節奏都蠻適宜的，覺得服務真的很不錯。 食物：我們一行四人，食量都不算大，但說真的每一個餐點的份量都偏少，只有諾曼第豬排覺得份量比較正常，以下逐一說明。 1.板煎小卷與青醬：單說小卷是煎的很不錯，青醬也很香，但是搭配在一起覺得有點怪，不知道是不是小卷的水分跟橄欖油太多，青醬好像沒辦法完整包在小卷上面，吃進去的時候會有小卷跟醬汁分離的口感，再加上鹽巴可能不太夠，青醬微微的苦感也吃得出來，我自己是覺得這道前菜可能用烤的口感會更好。 2.藍紋乳酪孢子甘藍與煙燻鴨胸：鴨胸是丁狀，一上桌其實不仔細看是看不出來的（我們大家還一職找鴨胸= =+），這道菜的重點是炒甘藍，鴨胸充其量只是佐醬中的肉丁而已，一上桌的時候鑊氣十足非常香，但甘藍真的有點苦（我個人不太喜歡），肉很少的情況下吃起來覺得有夠可惜，但這道菜應該是今天香氣最足的菜了。 以上兩道前菜，如果不說的話，我以為是熱炒店的菜，因為上面蓋了滿滿生菜，都把主要的料理蓋住了，兩盤放在一起照相不仔細看還以為都是炒青菜。(如果從上往下拍，大概只看的到滿滿兩坨生菜) 3.板腱牛排：因為我不吃牛，所以本菜餚無法評論。 4.諾曼地豬排：豬排煎得很好，但說真的吃不出醬料的優劣，覺得味道並沒有什麼層次感，上面的蘋果燒得很好，反而是蘋果的酸味及果糖有被熬出來，變成這道菜的特色。旁邊的馬鈴薯泥也是做得非常細滑綿密，搭配烤蔬菜也相得益彰，主菜的醬汁完全沒有技藝感。 5.加價的半隻龍蝦：龍蝦料理的非常好吃，肉質彈牙，我覺得應該是本日最佳料理，可惜才一開店營業就只剩下一份，我們也是蠻傻眼的。 6.黑松露蕈菇燉飯：上桌的時候我們大家心照不宣地尷尬（因為好小一盤），米心保有一些硬硬的口感，我蠻喜歡的，但是調味真的也不太出色，甚至連黑松露獨有的香味都不是很明顯，不知道是不是整份菜餚水分稍微有點多，所以湯汁並沒有很好的附著在米粒上。 由於菜色的份量其實都蠻少的，所以我們後來加點的套餐： 7.主廚湯品：味道蠻普通的說真的我都寫不太出來是什麼濃湯（蕈菇？） 8.鄉村麵包：麵包外皮烤得很酥脆，表面的顆粒邊吃邊掉，但麵包本身沒有什麼嚼勁，覺得跟教父牛排的楓糖麵包相比（也是歐風麵包），真的遜色很多，奶油也吃不太出來奶油香，整個隨餐麵包的搭配蠻普通的。 9.蟹肉餅：可能我的期待太高了，整體蟹肉餅我實在說不上太喜歡，蟹肉味道很明顯，口感有點彈牙，但跟我預期的不太一樣（我預期會炸的外酥內嫩），結果是用煎的，蟹肉的配菜又是有一點點苦味，上面又放了前菜的那種生菜，實在不是讓人吃的很愉悅。 整份套餐吃下來，我自己是覺得沒有達到這個價格應該帶給我的食物體驗，主餐的味道並沒有很突出的情況下，醬汁也沒有層次感（鹹甜辣酸都不太明顯，我有種吃健康餐的錯覺），再加上從頭到尾隱隱約約的苦味，這餐我吃的不太愉悅，但因為是幫朋友慶生，所以就也沒表現太過明顯，沒意外應該也不會再回訪。",服務非常貼心細緻，餐酒的搭配也都是用心給出的經過思考的建議。 *尼斯沙拉 沙拉的油醋汁調的香氣事宜。生菜、四季豆、小番茄都很新鮮爽脆，看起來就非常水靈，但選用的蔬菜本身沒有太多獨特風味，有一些可惜，讓人印象最深刻的是橄欖。水煮蛋、馬鈴薯和鮪魚給的大方，是一道蛋白質豐富豐富又清爽的前菜。 *烤田螺 爽滑的田螺上鋪滿香草奶油、青葱與大量的蒜，一上桌就好香好濃鬱。田螺火候正好，不乾不韌，沾滿融化的香草奶油，guilty pressure。這個醬汁真是好適合拿來配麵包，忍不住想要把他們刮乾净。 *諾曼底豬排 建議一定要搭配上油邊一起食用，不然純瘦肉的部分會有一些乾柴，很需要油邊豐厚的油脂來滋潤一下，而蘋果和豬排搭配又正好可以解油膩。并且蘋果和芥末籽奶醬都是酸甜的風味，味形上得到統一。 *法式羔羊排與波特酒梅子醬 7分熟對我而言還有一些老，或許5分更適合。羊排有很重的羊肉風味，這味道只能説見仁見智，不吃羊怕膻味的應該無法接受，但是鄙人就是喜歡這種風味突出的肉。波特酒醬汁偏酸，個人認爲正好適合發配主餐，給羊排增添了一抹果香和清新的層次感。
ChIJz_UT0p-pQjQRrpA4MLmPo-A,我們點了水果冰淇淋鬆餅、清燉牛肉麵、雞肉腐乳義大利麵，以及青醬雞腿義大利麵。 餐點擺盤相當用心，視覺上精緻漂亮，很適合拍照。整體口味則偏普通。網路上特別推薦的清燉牛肉麵，實際品嚐後覺得湯頭略顯稀薄，風味不夠濃郁；牛肉份量不少，但油脂香氣不足，少了入口後慢慢化開的層次感。 另外點的 Lilly 咖啡，表現似乎也不如過往印象。風味層次較為單薄，香氣與厚度不足，少了現煮咖啡應有的深度與細緻感，整體喝起來的感受偏平淡。 其他餐點表現穩定，但沒有留下特別深刻的印象。以整體價格來說，感受上偏高。 整體而言，是一家環境與擺盤勝於風味的餐廳，適合重視空間氛圍與聚會感的人。,可以在圖書館吃到這種簡餐 我覺得餐點比家常餐廳好吃 但如果以跟其他餐廳比 就稍嫌平凡 豆芽菜松板豬 口味清爽不會膩口 豆芽菜炒的很好吃 好吃度☀️☀️☀️ 再訪度☀️🌤️,從台中北上看舞台劇順便先解決晚餐，原本只是圖方便，牛肉麵真的頂👍，麵Q肉嫩湯頭也好喝，印象裡台中真的沒有勝過這裡的。,9:30營業，多元支付。 主廚曾在晶華酒店服務，手藝不錯~ 餐點不雷。 紅燒牛肉麵ok，有鍋邊素，燉飯普通。 清蒸魚，長輩吃得很開心🥳,喜樂和諧的用餐氛圍充滿笑聲，美味健康的佳餚以及貼心的服務，現場有詩歌和音樂演唱。 黑板上的經文、素描畫，以及牆壁上的十字架很能安定人心！ 入口處有一大片的留言牆及不定期的畫作展覽，頗具巧思！ 總之，這是一位虔敬的基督徒開的好餐廳 ~
ChIJz_s4rJ6pQjQR6rNclhlf3JU,很久沒吃到每樣菜都不太好吃的和菜店 北平烤鴨的一鴨兩吃$2080 但真的比享鴨、宋廚、龍都酒樓、櫥窗港點吃的飽的烤鴨都還普通…… 完全無法覺得好吃 炒的鴨架是真的不好吃了，台中美村路炒的北平烤鴨大勝。就算不跟任何餐廳比，也不會覺得好吃的那種。 炒青菜的芥蘭菜竟然超級老，老的令人真的很失望也訝異…… 炒酸菜白肉也不好吃……豆乾肉絲也是失望到不行……. 完全不知道今天點的有什麼菜是正常的（可能是餅皮吧、餅皮是正常的） 之前看評分低還想可能大家口味不一，恩、但真的，就是評分那樣的口味吧,久未至真北平，重新裝修煥然一新。預訂北平烤鴨加酸白菜火鍋再加點羊肚絲、鍋塌豆腐和涼拌白菜心，六人就吃得很满足了。希望老味道不要消失。,現場用餐的人不少 今天餐點的不多 炒菜部分味道較鹹 若吃的較清淡 可問問不那麼鹹 服務也還行,和家人聚餐來吃酸白菜火鍋，所有料理整體味道偏清淡，最喜歡的是牛肉蒸餃，整顆一口咬的時候肉汁在嘴中爆發，牛肉的鮮與紮實的肉感，非常Q彈的皮，超好吃😋,台北真北平餐廳餐點上有涼拌類、麵食甜點類、湯類、火鍋類、海鮮、熱炒類等，菜色口味多元，還有北平烤鴨，滿足所有想要一品中國北方菜的饕客需求。
ChIJzf1Z-L-rQjQRJJ2JbvfGubs,一樣的連鎖店，該店份量真的小很多！！！ 那個雞胸肉小到我認為這隻雞營養不良🙃 看到臉都綠了… 麵體超乾硬…🤢 原本只想給1⭐️，1⭐️是看在飲料有買一送一的份上🙂,用APP點餐外帶，訂單包含鮪魚握蛋捲餅和德腸握蛋捲餅， 回家才發現做成兩份鮪魚握蛋捲餅，很傷心🥲，這不是我期待的口味呀。 然後捲餅餅皮真的太油，豆皮蛋餅又太溼太水了... APP上也找不到地方反應...,我是叫uber eat，訂單餐點裡有一份豬里肌捲餅，送來的東西裡面的豬肉完全沒熟，店家給的反應是剛剛太忙，忙沒差我可以接受店家不接我訂單，肉一整片熟沒熟難道看不出來嗎?我真的覺得太誇張了!,打開餐盒這樣賣$190我簡直不敢相信⋯ 那個沙拉的種類跟份量跟圖片差異未免太大 我可以接受ubereat點餐價格會比較高 但是也不能差的那麼離譜啊～～～,2025.9 時蔬豆皮蛋餅60 豆皮蛋餅一打開 滿滿黑胡椒鹽 上面那一層非常鹹 吃了應該會口渴 鈉含量爆表 索性不吃 裡面是玉米粒跟花椰菜碎 整體不難吃 但這胡椒沒辦法接受
ChIJzxNdESWpQjQR3fTbZzBvgF4,假日早上10點半到，已經排了30幾個人，11點開始登記預約席，到我的時候雙人只剩下快3點到5點前的時間，當然人越多選擇性越少。11點50的時候看了一下現場後位表，大約已經有10組客人填表了。 預約席在一樓，一個時段有8個位置，預約時間前15分鐘左右再回餐廳即可。後位席在2樓，時間上很難抓，因為後位主要參考一樓出餐狀況再看可以接待多少客人，比方說這梯次1樓的客人都只點牛肉麵，沒有多點其他菜，廚師完成餐點時間較快，就可以多招待點現場後位客人，反之亦然。再加上也不知道前面會不會有登記不來的人，所以服務人員都會建議大約多久就要回來等，時間比較不準，等的時間可能會很長。入店時用點餐機點餐，只收現金。 小菜盒很有儀式感，充分利用煙燻來彌補香氣，並消磨一些等餐時間，其中芥末是拿來搭配牛肉，酸菜則是加到湯中的。 紅燒牛肉麵，上桌前會現磨胡椒在上面，湯頭微辣花椒味十足，不過像我不吃辣的一下吸太大口會有點嗆到。麵條可以續一次，個人覺得寬麵表現較好，除了吸附湯汁的能力外，嚼勁也較好，細麵的話稍微硬了點。牛肉軟嫩大塊，而且意外與芥末很搭。 下次有機會會想試試清燉的。,2026-02-28(六) 中午12:20左右到店，門口已經排滿人，候位登記預約席一路排到下午五點多，只好改登記候補(二樓座位區)。於是很隨性地先去附近逛逛、吃個午餐，約下午4點回來碰碰運氣，沒想到不到半小時就等到位子！ 二樓座位其實不少：1桌大圓桌(約6-7人)、2桌四人座、3桌兩人座。候補沒有想像中困難，畢竟牛肉麵翻桌蠻快的。感覺比較是場控流程需要優化（也或許店家不想接太多單？），因為二樓一度有不少空位(至少我上樓到吃完期間大概有一半的座位是空的），但上樓的客人不多，門口卻始終擠滿人；候補叫號似乎也需要主動再向店家確認，整體流程安排略顯不順。 入店左側以機器點餐並付現金，之後上樓入座後，服務員送上配菜的小木盒，打開瞬間煙霧瀰漫，視覺效果十足，情緒價值滿滿。 牛肉麵湯是醬油紅燒風味，入口很清爽，不是黏膩濃稠的類型，吃到後來會有點偏鹹口。牛肉是最棒的部分，口感幾乎入口即化，非常的軟嫩；麵體我是點細麵大概就是一般拉麵的口感，普普通通。整體而言，算是好吃且有用心設計的一碗精緻牛肉麵。但如果要花很長時間排隊的話，我可能不會再訪😅,這輩子吃過過最好吃牛肉麵，其實牛肉麵我最擔心的是肉太大塊又沒有煮到軟，筋很硬很難吞嚥，但是江牛樓的完全不會，真的是餐具一碰就斷掉，非常厲害！湯不要看他是深色的，以為是重口味的醬油味，結果一吞不得了，是很清甜的洋蔥胡椒大骨湯味，整碗喝光光完全沒問題，細麵粗麵可都來一份各有各的風味，都非常有嚼勁好吃好咬。小菜像是加分提，我沒有覺得小菜有太多驚艷的地方但是就中規中矩，配菜鴨胸肉以及牛排非常軟嫩多汁，很推！ *平日早上10:30到，預約到12:40的位子。,很特別的體驗，在老宅裡吃牛肉麵 需要排隊預約，一個人可以約六個位子 生意真的很好，11點才開始登記，但9點就有人在排隊了….很誇張 有自助點餐機，店員是日本人但是可以中文溝通 牛肉麵有紅燒跟清燉 這次是吃紅燒的，味道不會太重，反而是清爽的醬油底，也有紅燒的香，比較特別是麻感稍微比較重 但還是很好吃 像是拉麵🍜 牛肉有兩大塊，非常爛，筷子一用力就可以分開，第一次吃到這種牛肉！ 麵體有兩種，粗細可以選擇，並且可以免費加麵，可以加半球 一開始會上前菜，煙燻味道的蔬菜 店員推薦山葵沾牛肉吃 小菜鴨胸，4片 150 鴨胸蠻好吃的，皮有脆肉也嫩 整體來說評價很好，很特別的牛肉麵 推薦！,現場跟調理包都吃過 煙燻的前菜富有儀式感 入口即化的牛腱肉 彈牙的麵條 湯頭細節層次足夠 一入口從微油辣的花椒香氣再到底蘊深厚的紅燒湯頭 讓人上癮 服務很好 人也很好 調理包跟現場味道大概90趴相似 畢竟冷凍過一定有差 清湯跟紅燒醬汁是分開包裝的 如果下次不想排隊可以帶個幾包 一組320元
